{
  "description": "Hyper-parameter optimization for ppo1 on a low frequency environment",
  "method": "ppo1",
  "environment": "drop_leg_100hz",
  "total_timesteps": 4000000,
  "rng_seed": [
    0,
    1000,
    2000
  ],
  "policy_kwargs": {
    "net_arch": [
      {
        "vf": [
          64,
          64
        ],
        "pi": [
          64,
          64
        ]
      }
    ]
  },
  "gamma": [
    0.36,
    0.36,
    0.36,
    0.36,
    0.36,
    0.36,
    0.36,
    0.36,
    0.36,
    0.36
  ],
  "lam": [
    0.6439231765085487,
    0.6682205474683733,
    0.7821916590147163,
    0.4811788978539602,
    0.701295878624258,
    0.5228764613617563,
    0.7323139085247465,
    0.8014907042589323,
    0.7457589713359483,
    0.6038189458651686
  ],
  "timesteps_per_actorbatch": [
    1472,
    1482,
    1449,
    1414,
    1533,
    1373,
    1435,
    1430,
    1453,
    1481
  ],
  "clip_param": [
    0.1512551317959168,
    0.1426198098139711,
    0.1488411780465171,
    0.1352573302587155,
    0.13651535966079992,
    0.17073679327721322,
    0.1379265072783773,
    0.1363345492107536,
    0.13726381701772958,
    0.14400048952577155
  ],
  "entcoeff": [
    2.5501055951915422e-05,
    1.0415500938825556e-05,
    0.00017316355568713815,
    0.0008024073941803685,
    0.0003831633800270977,
    4.504204634936846e-05,
    5.343414277099741e-06,
    0.0005186105584552798,
    0.00011955706129697748,
    0.00011250598444946766
  ],
  "optim_epochs": [
    58,
    57,
    61,
    58,
    56,
    57,
    57,
    57,
    56,
    57
  ],
  "optim_stepsize": [
    7.216667035689409e-05,
    7.286391795474855e-05,
    7.327185769889273e-05,
    7.339700657544107e-05,
    7.243969321998034e-05,
    7.169075462448238e-05,
    7.382511052112953e-05,
    7.400241057145899e-05,
    7.172922292785341e-05,
    7.285834030053586e-05
  ],
  "optim_minibatches": [
    26,
    26,
    25,
    26,
    26,
    27,
    26,
    26,
    26,
    26
  ],
  "adam_epsilon": [
    0.00010000000000000009,
    0.00010000000000000009,
    0.00010000000000000009,
    7.809982587042736e-05,
    8.218071738542694e-05,
    0.00010000000000000009,
    0.00010000000000000009,
    0.00010000000000000009,
    0.00010000000000000009,
    0.00010000000000000009
  ],
  "schedule": [
    "linear",
    "linear",
    "linear",
    "linear",
    "linear",
    "linear",
    "linear",
    "linear",
    "linear",
    "linear"
  ],
  "num_envs": 4,
  "results_dir_name": "results",
  "storage_dir_name": "storage",
  "train_set": "remaining",
  "eval_set": "remaining",
  "OPENAI_LOG_FORMAT": "csv",
  "walltime_hrs": 0.3,
  "num_checkpoints": 100,
  "eval_ntrajs": 10,
  "eval_nsteps": 200,
  "eval_seed": 12345,
  "looping_tree": {
    "method": "fixed",
    "environment": "fixed",
    "total_timesteps": "fixed",
    "rng_seed": "cartesian",
    "policy_kwargs": "fixed",
    "gamma": "zip",
    "lam": "zip",
    "timesteps_per_actorbatch": "zip",
    "clip_param": "zip",
    "entcoeff": "zip",
    "optim_epochs": "zip",
    "optim_stepsize": "zip",
    "optim_minibatches": "zip",
    "adam_epsilon": "zip",
    "schedule": "zip"
  }
}