{
  "description": "Hyper-parameter optimization for ppo1 on a low frequency environment",
  "method": "ppo1",
  "environment": "drop_leg_100hz",
  "total_timesteps": 4000000,
  "rng_seed": [
    0,
    1000,
    2000
  ],
  "policy_kwargs": {
    "net_arch": [
      {
        "vf": [
          64,
          64
        ],
        "pi": [
          64,
          64
        ]
      }
    ]
  },
  "gamma": [
    0.40280381834317636,
    0.44857888937890233,
    0.4404545930826078,
    0.41222915274286165,
    0.36991977657537733,
    0.38488470865255753,
    0.3846618190990002,
    0.408071808442808,
    0.36,
    0.36
  ],
  "lam": [
    0.9994348075441709,
    0.9989090405826173,
    0.9995349826647729,
    0.999546371735864,
    0.9993552751795797,
    0.9996968429184152,
    0.9996531016021933,
    0.9997638243141785,
    0.9989845668705702,
    0.9994027663808569
  ],
  "timesteps_per_actorbatch": [
    2294,
    2261,
    2379,
    2272,
    2039,
    2249,
    2126,
    2274,
    2177,
    2197
  ],
  "clip_param": [
    0.02,
    0.02,
    0.02,
    0.02,
    0.02,
    0.02,
    0.02,
    0.02,
    0.02,
    0.02
  ],
  "entcoeff": [
    5.827954901668837e-05,
    0.00019338233829303337,
    4.646987847179751e-05,
    0.001,
    0.0002587994885730209,
    0.0001661234092090785,
    0.00020821028818233343,
    0.000118400341597069,
    7.697375476488215e-05,
    0.0009552540632003475
  ],
  "optim_epochs": [
    48,
    47,
    51,
    51,
    43,
    47,
    50,
    48,
    48,
    52
  ],
  "optim_stepsize": [
    0.0005451367291156347,
    0.0005730320989511999,
    0.0005462238909969754,
    0.0005401480482223645,
    0.0005671972202015264,
    0.0005639706983323506,
    0.0005461729499583539,
    0.0005480131775829542,
    0.0005558217536842936,
    0.000523912892202671
  ],
  "optim_minibatches": [
    1,
    1,
    1,
    1,
    1,
    1,
    1,
    1,
    1,
    1
  ],
  "adam_epsilon": [
    0.00010000000000000009,
    0.00010000000000000009,
    0.00010000000000000009,
    0.00010000000000000009,
    0.00010000000000000009,
    0.00010000000000000009,
    0.00010000000000000009,
    0.00010000000000000009,
    0.00010000000000000009,
    0.00010000000000000009
  ],
  "schedule": [
    "linear",
    "linear",
    "linear",
    "linear",
    "linear",
    "linear",
    "linear",
    "linear",
    "linear",
    "linear"
  ],
  "num_envs": 4,
  "results_dir_name": "results",
  "storage_dir_name": "storage",
  "train_set": "remaining",
  "eval_set": "remaining",
  "OPENAI_LOG_FORMAT": "csv",
  "walltime_hrs": 0.3,
  "num_checkpoints": 100,
  "eval_ntrajs": 10,
  "eval_nsteps": 200,
  "eval_seed": 12345,
  "looping_tree": {
    "method": "fixed",
    "environment": "fixed",
    "total_timesteps": "fixed",
    "rng_seed": "cartesian",
    "policy_kwargs": "fixed",
    "gamma": "zip",
    "lam": "zip",
    "timesteps_per_actorbatch": "zip",
    "clip_param": "zip",
    "entcoeff": "zip",
    "optim_epochs": "zip",
    "optim_stepsize": "zip",
    "optim_minibatches": "zip",
    "adam_epsilon": "zip",
    "schedule": "zip"
  }
}