{
  "description": "Hyper-parameter optimization for ppo1 on a low frequency environment",
  "method": "ppo1",
  "environment": "drop_leg_100hz",
  "total_timesteps": 4000000,
  "rng_seed": [
    0,
    1000,
    2000
  ],
  "policy_kwargs": {
    "net_arch": [
      {
        "vf": [
          64,
          64
        ],
        "pi": [
          64,
          64
        ]
      }
    ]
  },
  "gamma": [
    0.7796926438517784,
    0.7972368494873227,
    0.7927499334267916,
    0.7884551123826358,
    0.7841600738459458,
    0.7761412438999935,
    0.7823426812731649,
    0.8146497992954524,
    0.7827573100785845,
    0.7679265122828086
  ],
  "lam": [
    0.8940821189023337,
    0.8554111704618125,
    0.8206882972347099,
    0.8763550445763783,
    0.9120829173155988,
    0.8309104571821964,
    0.8936877576992694,
    0.8643639509709244,
    0.8884907446992761,
    0.8821138765327442
  ],
  "timesteps_per_actorbatch": [
    4249,
    4682,
    4690,
    4931,
    4731,
    4744,
    4557,
    4852,
    4552,
    4876
  ],
  "clip_param": [
    0.1507936926932257,
    0.14457279706313567,
    0.14246786037501832,
    0.14869728077648411,
    0.15693666150087232,
    0.1400532304131463,
    0.1461919031577186,
    0.13737085467126023,
    0.1441699595341583,
    0.14102389764659765
  ],
  "entcoeff": [
    0.001,
    0.001,
    0.00010548416051020762,
    0.001,
    0.0002543673693025278,
    0.0007141093621594174,
    0.00025555705572551975,
    9.194842779809015e-05,
    0.001,
    0.0008301744403629798
  ],
  "optim_epochs": [
    128,
    128,
    128,
    128,
    128,
    128,
    128,
    128,
    128,
    128
  ],
  "optim_stepsize": [
    1.605746811111616e-05,
    1.498040509636934e-05,
    1.445571771930902e-05,
    1.5969406010191825e-05,
    1.6691935892368e-05,
    1.4523647560464301e-05,
    1.6980790876103827e-05,
    1.5182468419606654e-05,
    1.6819369921221587e-05,
    1.6227011766531555e-05
  ],
  "optim_minibatches": [
    64,
    64,
    64,
    64,
    59,
    64,
    58,
    63,
    58,
    61
  ],
  "adam_epsilon": [
    9.999999999999982e-09,
    8.461781229008264e-08,
    1.4153932124117538e-07,
    4.1603951526694513e-07,
    1.8240222791120368e-07,
    4.642103554865475e-05,
    1.186533278259529e-07,
    8.32043268365297e-05,
    4.698385323956108e-08,
    3.618564213535571e-08
  ],
  "schedule": [
    "linear",
    "linear",
    "linear",
    "linear",
    "linear",
    "linear",
    "linear",
    "linear",
    "linear",
    "linear"
  ],
  "num_envs": 4,
  "results_dir_name": "results",
  "storage_dir_name": "storage",
  "train_set": "remaining",
  "eval_set": "remaining",
  "OPENAI_LOG_FORMAT": "csv",
  "walltime_hrs": 0.3,
  "num_checkpoints": 100,
  "eval_ntrajs": 10,
  "eval_nsteps": 200,
  "eval_seed": 12345,
  "looping_tree": {
    "method": "fixed",
    "environment": "fixed",
    "total_timesteps": "fixed",
    "rng_seed": "cartesian",
    "policy_kwargs": "fixed",
    "gamma": "zip",
    "lam": "zip",
    "timesteps_per_actorbatch": "zip",
    "clip_param": "zip",
    "entcoeff": "zip",
    "optim_epochs": "zip",
    "optim_stepsize": "zip",
    "optim_minibatches": "zip",
    "adam_epsilon": "zip",
    "schedule": "zip"
  }
}