{
  "description": "Hyper-parameter optimization for ppo1 on a low frequency environment",
  "method": "ppo1",
  "environment": "drop_leg_100hz",
  "total_timesteps": 4000000,
  "rng_seed": [
    0,
    1000,
    2000
  ],
  "policy_kwargs": {
    "net_arch": [
      {
        "vf": [
          64,
          64
        ],
        "pi": [
          64,
          64
        ]
      }
    ]
  },
  "gamma": [
    0.7939344977202396,
    0.7675903973356195,
    0.7366714141946697,
    0.7321389402716778,
    0.7529275665589781,
    0.749484407618737,
    0.74554931150141,
    0.7289887005012364,
    0.745881415031786,
    0.7365365904237725
  ],
  "lam": [
    0.99984375,
    0.99984375,
    0.99984375,
    0.99984375,
    0.99984375,
    0.99984375,
    0.99984375,
    0.99984375,
    0.99984375,
    0.99984375
  ],
  "timesteps_per_actorbatch": [
    2065,
    2153,
    2031,
    2089,
    2190,
    2179,
    2177,
    2184,
    2168,
    2205
  ],
  "clip_param": [
    0.1424617340612493,
    0.16039276109183787,
    0.15686101164208324,
    0.17301959924168547,
    0.1663977147275779,
    0.16697032376039084,
    0.1686904401414519,
    0.1731837670264521,
    0.1830671427039561,
    0.17205440451302098
  ],
  "entcoeff": [
    0.0004520236636151782,
    0.00047832889120725944,
    0.0007050804007039564,
    0.0009741211089990909,
    1.7946290901255735e-05,
    0.001,
    0.001,
    0.00023687154155333832,
    0.001,
    0.00026855024947607564
  ],
  "optim_epochs": [
    128,
    128,
    128,
    128,
    128,
    128,
    128,
    128,
    128,
    128
  ],
  "optim_stepsize": [
    9.095743101281661e-05,
    8.764561003489847e-05,
    9.350256624871523e-05,
    8.680074648613869e-05,
    8.509540344060834e-05,
    8.596229372922928e-05,
    8.627879126071525e-05,
    8.445218096028063e-05,
    9.647400561396449e-05,
    7.842616351800206e-05
  ],
  "optim_minibatches": [
    3,
    3,
    3,
    3,
    3,
    3,
    3,
    3,
    3,
    3
  ],
  "adam_epsilon": [
    0.00010000000000000009,
    0.00010000000000000009,
    0.00010000000000000009,
    0.00010000000000000009,
    0.00010000000000000009,
    0.00010000000000000009,
    0.00010000000000000009,
    0.00010000000000000009,
    0.00010000000000000009,
    8.135080969883059e-07
  ],
  "schedule": [
    "linear",
    "linear",
    "linear",
    "linear",
    "linear",
    "linear",
    "linear",
    "linear",
    "linear",
    "linear"
  ],
  "num_envs": 4,
  "results_dir_name": "results",
  "storage_dir_name": "storage",
  "train_set": "remaining",
  "eval_set": "remaining",
  "OPENAI_LOG_FORMAT": "csv",
  "walltime_hrs": 0.3,
  "num_checkpoints": 100,
  "eval_ntrajs": 10,
  "eval_nsteps": 200,
  "eval_seed": 12345,
  "looping_tree": {
    "method": "fixed",
    "environment": "fixed",
    "total_timesteps": "fixed",
    "rng_seed": "cartesian",
    "policy_kwargs": "fixed",
    "gamma": "zip",
    "lam": "zip",
    "timesteps_per_actorbatch": "zip",
    "clip_param": "zip",
    "entcoeff": "zip",
    "optim_epochs": "zip",
    "optim_stepsize": "zip",
    "optim_minibatches": "zip",
    "adam_epsilon": "zip",
    "schedule": "zip"
  }
}