{
  "description": "Hyper-parameter optimization for ppo1 on a low frequency environment",
  "method": "ppo1",
  "environment": "drop_leg_100hz",
  "total_timesteps": 4000000,
  "rng_seed": [
    0,
    1000,
    2000
  ],
  "policy_kwargs": {
    "net_arch": [
      {
        "vf": [
          64,
          64
        ],
        "pi": [
          64,
          64
        ]
      }
    ]
  },
  "gamma": [
    0.7823346486412377,
    0.7873153144066527,
    0.7871939498839732,
    0.7861919594706593,
    0.7885732016357089,
    0.781193250197964,
    0.785231189901608,
    0.7903608298165151,
    0.7735084493054596,
    0.7987686726814862
  ],
  "lam": [
    0.99984375,
    0.99984375,
    0.99984375,
    0.99984375,
    0.99984375,
    0.99984375,
    0.99984375,
    0.99984375,
    0.99984375,
    0.99984375
  ],
  "timesteps_per_actorbatch": [
    7177,
    7187,
    6961,
    7220,
    7520,
    7209,
    7460,
    7681,
    6740,
    8080
  ],
  "clip_param": [
    0.14124185588790558,
    0.13776916300560524,
    0.1269784121963508,
    0.13237647280550163,
    0.1491475721732966,
    0.13919605007721997,
    0.1506234447066553,
    0.14833997763166712,
    0.1364581848405141,
    0.15881951327974547
  ],
  "entcoeff": [
    0.0007339096476574052,
    0.00032270628559620247,
    7.50229034738095e-06,
    3.6989670281480955e-05,
    7.46835624403227e-05,
    0.0003840617733800223,
    0.0004057766266541063,
    0.0006656404683976376,
    0.001,
    0.0005019453046767051
  ],
  "optim_epochs": [
    101,
    99,
    97,
    98,
    101,
    101,
    101,
    102,
    100,
    106
  ],
  "optim_stepsize": [
    0.00018577799626040757,
    0.00018958404132561287,
    0.00018853740836668843,
    0.00018826958904803701,
    0.00018060120787751274,
    0.00018163176708521365,
    0.00017758096037267764,
    0.0001767991972283082,
    0.0001804060419275863,
    0.00017862813784458239
  ],
  "optim_minibatches": [
    5,
    5,
    5,
    5,
    5,
    5,
    5,
    5,
    5,
    5
  ],
  "adam_epsilon": [
    0.00010000000000000009,
    0.00010000000000000009,
    0.00010000000000000009,
    0.00010000000000000009,
    0.00010000000000000009,
    0.00010000000000000009,
    0.00010000000000000009,
    0.00010000000000000009,
    0.00010000000000000009,
    0.00010000000000000009
  ],
  "schedule": [
    "linear",
    "linear",
    "linear",
    "linear",
    "linear",
    "linear",
    "linear",
    "linear",
    "linear",
    "linear"
  ],
  "num_envs": 4,
  "results_dir_name": "results",
  "storage_dir_name": "storage",
  "train_set": "remaining",
  "eval_set": "remaining",
  "OPENAI_LOG_FORMAT": "csv",
  "walltime_hrs": 0.3,
  "num_checkpoints": 100,
  "eval_ntrajs": 10,
  "eval_nsteps": 200,
  "eval_seed": 12345,
  "looping_tree": {
    "method": "fixed",
    "environment": "fixed",
    "total_timesteps": "fixed",
    "rng_seed": "cartesian",
    "policy_kwargs": "fixed",
    "gamma": "zip",
    "lam": "zip",
    "timesteps_per_actorbatch": "zip",
    "clip_param": "zip",
    "entcoeff": "zip",
    "optim_epochs": "zip",
    "optim_stepsize": "zip",
    "optim_minibatches": "zip",
    "adam_epsilon": "zip",
    "schedule": "zip"
  }
}