{
  "description": "Hyper-parameter optimization for ppo1 on a low frequency environment",
  "method": "ppo1",
  "environment": "drop_leg_100hz",
  "total_timesteps": 4000000,
  "rng_seed": [
    0,
    1000,
    2000
  ],
  "policy_kwargs": {
    "net_arch": [
      {
        "vf": [
          64,
          64
        ],
        "pi": [
          64,
          64
        ]
      }
    ]
  },
  "gamma": [
    0.8470005264578,
    0.8572303712876248,
    0.8504606388814255,
    0.8510427834943612,
    0.8485839203311663,
    0.8448331231637716,
    0.8621711261870575,
    0.8538204086097563,
    0.8599920550634312,
    0.8502973011126296
  ],
  "lam": [
    0.36,
    0.36,
    0.36,
    0.36,
    0.36,
    0.36,
    0.36,
    0.36,
    0.36,
    0.36
  ],
  "timesteps_per_actorbatch": [
    525,
    544,
    531,
    561,
    521,
    508,
    570,
    555,
    592,
    542
  ],
  "clip_param": [
    0.06423459790987184,
    0.059898425175801025,
    0.05827423278333583,
    0.05959568732801182,
    0.05723337228611075,
    0.05612395188876707,
    0.0642174673052209,
    0.06100504271592851,
    0.06310787520014434,
    0.05864761516085134
  ],
  "entcoeff": [
    0.00016114077300966457,
    0.000923955462418017,
    2.2075290436402184e-05,
    0.0007259751320279745,
    0.00030045204742724696,
    4.5361157880596815e-05,
    0.00018118926134690012,
    8.48752627615754e-05,
    0.0008118212945554623,
    0.000512277448737707
  ],
  "optim_epochs": [
    6,
    7,
    7,
    7,
    7,
    7,
    6,
    7,
    7,
    7
  ],
  "optim_stepsize": [
    0.0014965422557621673,
    0.0014399148844801415,
    0.001419282145714068,
    0.001435007466870297,
    0.001408788371994311,
    0.0013843967298244556,
    0.001498265729875973,
    0.0014339358211808984,
    0.0015176009281806617,
    0.0014338977207591066
  ],
  "optim_minibatches": [
    9,
    8,
    8,
    8,
    9,
    9,
    9,
    8,
    8,
    8
  ],
  "adam_epsilon": [
    6.945679807534021e-08,
    1.7966095344391107e-08,
    0.00010000000000000009,
    7.090071236832081e-07,
    1.3621647829244409e-05,
    3.3321492332126085e-05,
    2.2924077372874468e-05,
    5.630657093570196e-07,
    9.401171154582358e-05,
    6.88417368269837e-05
  ],
  "schedule": [
    "linear",
    "linear",
    "linear",
    "linear",
    "linear",
    "linear",
    "linear",
    "linear",
    "linear",
    "linear"
  ],
  "num_envs": 4,
  "results_dir_name": "results",
  "storage_dir_name": "storage",
  "train_set": "remaining",
  "eval_set": "remaining",
  "OPENAI_LOG_FORMAT": "csv",
  "walltime_hrs": 0.3,
  "num_checkpoints": 100,
  "eval_ntrajs": 10,
  "eval_nsteps": 200,
  "eval_seed": 12345,
  "looping_tree": {
    "method": "fixed",
    "environment": "fixed",
    "total_timesteps": "fixed",
    "rng_seed": "cartesian",
    "policy_kwargs": "fixed",
    "gamma": "zip",
    "lam": "zip",
    "timesteps_per_actorbatch": "zip",
    "clip_param": "zip",
    "entcoeff": "zip",
    "optim_epochs": "zip",
    "optim_stepsize": "zip",
    "optim_minibatches": "zip",
    "adam_epsilon": "zip",
    "schedule": "zip"
  }
}