{
  "description": "Hyper-parameter optimization for ppo1 on a low frequency environment",
  "method": "ppo1",
  "environment": "drop_leg_100hz",
  "total_timesteps": 4000000,
  "rng_seed": [
    0,
    1000,
    2000
  ],
  "policy_kwargs": {
    "net_arch": [
      {
        "vf": [
          64,
          64
        ],
        "pi": [
          64,
          64
        ]
      }
    ]
  },
  "gamma": [
    0.36,
    0.36,
    0.36,
    0.36,
    0.36,
    0.36,
    0.36,
    0.36,
    0.36,
    0.36
  ],
  "lam": [
    0.99984375,
    0.99984375,
    0.99984375,
    0.9998416143765517,
    0.9997953903110897,
    0.9996734621257405,
    0.999617166855285,
    0.9995334951482872,
    0.999521651077402,
    0.9994385359634583
  ],
  "timesteps_per_actorbatch": [
    971,
    1045,
    1064,
    1076,
    1075,
    1056,
    1061,
    1078,
    1075,
    1078
  ],
  "clip_param": [
    0.06957533203167092,
    0.07861565821228889,
    0.08109857252594868,
    0.08239065322016448,
    0.08375586855023291,
    0.08467617596575085,
    0.0851801483680792,
    0.08654216813930615,
    0.08523694784751477,
    0.08657941416087299
  ],
  "entcoeff": [
    8.087353847179087e-06,
    9.536686791718622e-05,
    9.948952717590165e-06,
    0.00038224373741028197,
    0.00018141127014474346,
    1.7464774691666093e-06,
    0.0004147827430646421,
    4.621679448936489e-06,
    6.557585245943675e-05,
    0.00037363710091439204
  ],
  "optim_epochs": [
    67,
    68,
    68,
    68,
    67,
    67,
    67,
    67,
    67,
    67
  ],
  "optim_stepsize": [
    5.207394745780687e-05,
    5.1047729280977487e-05,
    5.057594850014805e-05,
    5.0353000102033776e-05,
    5.047815863215013e-05,
    5.0487031975965535e-05,
    5.052101408539787e-05,
    5.10053182363222e-05,
    5.108184963841578e-05,
    5.151914623133661e-05
  ],
  "optim_minibatches": [
    64,
    64,
    64,
    64,
    64,
    64,
    64,
    64,
    64,
    64
  ],
  "adam_epsilon": [
    0.00010000000000000009,
    0.00010000000000000009,
    0.00010000000000000009,
    0.00010000000000000009,
    0.00010000000000000009,
    0.00010000000000000009,
    0.00010000000000000009,
    0.00010000000000000009,
    0.00010000000000000009,
    0.00010000000000000009
  ],
  "schedule": [
    "linear",
    "linear",
    "linear",
    "linear",
    "linear",
    "linear",
    "linear",
    "linear",
    "linear",
    "linear"
  ],
  "num_envs": 4,
  "results_dir_name": "results",
  "storage_dir_name": "storage",
  "train_set": "remaining",
  "eval_set": "remaining",
  "OPENAI_LOG_FORMAT": "csv",
  "walltime_hrs": 0.3,
  "num_checkpoints": 100,
  "eval_ntrajs": 10,
  "eval_nsteps": 200,
  "eval_seed": 12345,
  "looping_tree": {
    "method": "fixed",
    "environment": "fixed",
    "total_timesteps": "fixed",
    "rng_seed": "cartesian",
    "policy_kwargs": "fixed",
    "gamma": "zip",
    "lam": "zip",
    "timesteps_per_actorbatch": "zip",
    "clip_param": "zip",
    "entcoeff": "zip",
    "optim_epochs": "zip",
    "optim_stepsize": "zip",
    "optim_minibatches": "zip",
    "adam_epsilon": "zip",
    "schedule": "zip"
  }
}