{
  "description": "Hyper-parameter optimization for ppo1 on a low frequency environment",
  "method": "ppo1",
  "environment": "drop_leg_100hz",
  "total_timesteps": 4000000,
  "rng_seed": [
    0,
    1000,
    2000
  ],
  "policy_kwargs": {
    "net_arch": [
      {
        "vf": [
          64,
          64
        ],
        "pi": [
          64,
          64
        ]
      }
    ]
  },
  "gamma": [
    0.4173136126438667,
    0.41787675104784705,
    0.4425338215204423,
    0.4150007960088581,
    0.4119338267099,
    0.41107026722676565,
    0.41032367345763343,
    0.4254579846242903,
    0.40558353027604144,
    0.41283362957517444
  ],
  "lam": [
    0.9997717644631385,
    0.9997562413158151,
    0.9997931861559671,
    0.9998019825704415,
    0.9997620363334923,
    0.9997663381246269,
    0.9997718743412983,
    0.9997833605330783,
    0.9997869455648482,
    0.9997836005781104
  ],
  "timesteps_per_actorbatch": [
    14942,
    14957,
    14891,
    15054,
    15031,
    15058,
    15079,
    14779,
    15212,
    15161
  ],
  "clip_param": [
    1.923668547849119,
    1.896611659796871,
    1.8577574529185634,
    1.9469737748404246,
    1.9717260620223915,
    2.002740984280762,
    2.0344662667582,
    1.987106350151706,
    2.1102437418693265,
    2.100408248695445
  ],
  "entcoeff": [
    0.0008224351148919824,
    0.00021190735415049515,
    0.00018035309426962464,
    0.0007673129925707297,
    0.00012065814668863617,
    3.458098426716986e-05,
    5.731306979339868e-06,
    0.0003907283906693014,
    8.799894834224537e-06,
    5.902376985185561e-05
  ],
  "optim_epochs": [
    128,
    128,
    128,
    128,
    128,
    128,
    128,
    128,
    128,
    128
  ],
  "optim_stepsize": [
    8.091457715123832e-05,
    8.115697158021311e-05,
    8.187693512223269e-05,
    8.085720317937349e-05,
    8.091108627356002e-05,
    8.075683445992268e-05,
    8.053863562190063e-05,
    8.017406662338192e-05,
    8.016031221432067e-05,
    8.04122102697107e-05
  ],
  "optim_minibatches": [
    6,
    7,
    6,
    6,
    6,
    6,
    6,
    6,
    6,
    6
  ],
  "adam_epsilon": [
    0.00010000000000000009,
    0.00010000000000000009,
    0.00010000000000000009,
    0.00010000000000000009,
    0.00010000000000000009,
    0.00010000000000000009,
    0.00010000000000000009,
    0.00010000000000000009,
    0.00010000000000000009,
    0.00010000000000000009
  ],
  "schedule": [
    "linear",
    "linear",
    "linear",
    "linear",
    "linear",
    "linear",
    "linear",
    "linear",
    "linear",
    "linear"
  ],
  "num_envs": 4,
  "results_dir_name": "results",
  "storage_dir_name": "storage",
  "train_set": "remaining",
  "eval_set": "remaining",
  "OPENAI_LOG_FORMAT": "csv",
  "walltime_hrs": 0.3,
  "num_checkpoints": 100,
  "eval_ntrajs": 10,
  "eval_nsteps": 200,
  "eval_seed": 12345,
  "looping_tree": {
    "method": "fixed",
    "environment": "fixed",
    "total_timesteps": "fixed",
    "rng_seed": "cartesian",
    "policy_kwargs": "fixed",
    "gamma": "zip",
    "lam": "zip",
    "timesteps_per_actorbatch": "zip",
    "clip_param": "zip",
    "entcoeff": "zip",
    "optim_epochs": "zip",
    "optim_stepsize": "zip",
    "optim_minibatches": "zip",
    "adam_epsilon": "zip",
    "schedule": "zip"
  }
}