{
  "description": "Hyper-parameter optimization for ppo1 on a low frequency environment",
  "method": "ppo1",
  "environment": "drop_leg_100hz",
  "total_timesteps": 4000000,
  "rng_seed": [
    0,
    1000,
    2000
  ],
  "policy_kwargs": {
    "net_arch": [
      {
        "vf": [
          64,
          64
        ],
        "pi": [
          64,
          64
        ]
      }
    ]
  },
  "gamma": [
    0.36,
    0.36,
    0.36,
    0.36,
    0.36,
    0.36,
    0.36,
    0.36,
    0.36,
    0.36
  ],
  "lam": [
    0.36,
    0.36,
    0.36,
    0.36,
    0.8282643954067282,
    0.8280825286511128,
    0.36,
    0.8214569610709842,
    0.36,
    0.847991869982909
  ],
  "timesteps_per_actorbatch": [
    64,
    64,
    64,
    64,
    64,
    64,
    64,
    64,
    64,
    64
  ],
  "clip_param": [
    199.99999999999974,
    199.99999999999974,
    199.99999999999974,
    199.99999999999974,
    199.99999999999974,
    199.99999999999974,
    199.99999999999974,
    199.99999999999974,
    199.99999999999974,
    199.99999999999974
  ],
  "entcoeff": [
    0.001,
    0.001,
    0.001,
    -3.3881317890172014e-21,
    1.0414978677023683e-05,
    0.001,
    -3.3881317890172014e-21,
    0.001,
    0.001,
    0.001
  ],
  "optim_epochs": [
    1,
    1,
    1,
    1,
    1,
    1,
    1,
    1,
    1,
    1
  ],
  "optim_stepsize": [
    9.999999999999997e-06,
    9.999999999999997e-06,
    9.999999999999997e-06,
    9.999999999999997e-06,
    9.999999999999997e-06,
    9.999999999999997e-06,
    9.999999999999997e-06,
    9.999999999999997e-06,
    9.999999999999997e-06,
    9.999999999999997e-06
  ],
  "optim_minibatches": [
    64,
    64,
    64,
    64,
    64,
    64,
    64,
    64,
    64,
    64
  ],
  "adam_epsilon": [
    2.126249430915571e-05,
    0.00010000000000000009,
    9.999999999999982e-09,
    0.00010000000000000009,
    5.759948935406869e-07,
    9.999999999999982e-09,
    9.999999999999982e-09,
    0.00010000000000000009,
    0.00010000000000000009,
    5.485372709225233e-07
  ],
  "schedule": [
    "constant",
    "linear",
    "constant",
    "constant",
    "linear",
    "linear",
    "linear",
    "linear",
    "constant",
    "linear"
  ],
  "num_envs": 4,
  "results_dir_name": "results",
  "storage_dir_name": "storage",
  "train_set": "remaining",
  "eval_set": "remaining",
  "OPENAI_LOG_FORMAT": "csv",
  "walltime_hrs": 0.3,
  "num_checkpoints": 100,
  "eval_ntrajs": 10,
  "eval_nsteps": 200,
  "eval_seed": 12345,
  "looping_tree": {
    "method": "fixed",
    "environment": "fixed",
    "total_timesteps": "fixed",
    "rng_seed": "cartesian",
    "policy_kwargs": "fixed",
    "gamma": "zip",
    "lam": "zip",
    "timesteps_per_actorbatch": "zip",
    "clip_param": "zip",
    "entcoeff": "zip",
    "optim_epochs": "zip",
    "optim_stepsize": "zip",
    "optim_minibatches": "zip",
    "adam_epsilon": "zip",
    "schedule": "zip"
  }
}