{
  "description": "Hyper-parameter optimization for ppo1 on a low frequency environment",
  "method": "ppo1",
  "environment": "drop_leg_100hz",
  "total_timesteps": 4000000,
  "rng_seed": [
    0,
    1000,
    2000
  ],
  "policy_kwargs": {
    "net_arch": [
      {
        "vf": [
          64,
          64
        ],
        "pi": [
          64,
          64
        ]
      }
    ]
  },
  "gamma": [
    0.5064046706465222,
    0.49507621981835837,
    0.4323278308666162,
    0.5517601102390155,
    0.4381421561280947,
    0.43078972938903426,
    0.4604630417807579,
    0.42264561903648046,
    0.5328904983889795,
    0.49637028587308074
  ],
  "lam": [
    0.99984375,
    0.99984375,
    0.99984375,
    0.99984375,
    0.99984375,
    0.99984375,
    0.99984375,
    0.99984375,
    0.99984375,
    0.99984375
  ],
  "timesteps_per_actorbatch": [
    3560,
    3702,
    3663,
    3834,
    3716,
    3813,
    3746,
    3527,
    4083,
    3760
  ],
  "clip_param": [
    0.2088827116442605,
    0.20072865377724286,
    0.20341821058869292,
    0.18910360494971398,
    0.20339094053630424,
    0.20810006167448059,
    0.19919796181340105,
    0.19931011909522806,
    0.20074391914958517,
    0.19537416991797493
  ],
  "entcoeff": [
    0.001,
    0.001,
    0.001,
    0.00014306403341261047,
    0.001,
    0.0008615094270295196,
    0.001,
    0.001,
    0.001,
    0.001
  ],
  "optim_epochs": [
    128,
    128,
    128,
    128,
    128,
    128,
    128,
    128,
    128,
    128
  ],
  "optim_stepsize": [
    2.2735334500360877e-05,
    2.327847664483983e-05,
    2.475595698766552e-05,
    2.3973166130160178e-05,
    2.4931397529522994e-05,
    2.516368468643751e-05,
    2.5436054227939862e-05,
    2.4273523281963983e-05,
    2.610581392104456e-05,
    2.5444941514080813e-05
  ],
  "optim_minibatches": [
    6,
    5,
    5,
    5,
    5,
    5,
    5,
    5,
    5,
    5
  ],
  "adam_epsilon": [
    0.00010000000000000009,
    3.0319738274462437e-05,
    8.2357993048772e-05,
    9.999999999999982e-09,
    1.1435194369076525e-05,
    1.2589906531769448e-07,
    1.1989100869656459e-07,
    1.5968266906205028e-06,
    1.3208836946617569e-08,
    1.2138839722951322e-07
  ],
  "schedule": [
    "linear",
    "linear",
    "linear",
    "linear",
    "linear",
    "linear",
    "linear",
    "linear",
    "linear",
    "linear"
  ],
  "num_envs": 4,
  "results_dir_name": "results",
  "storage_dir_name": "storage",
  "train_set": "remaining",
  "eval_set": "remaining",
  "OPENAI_LOG_FORMAT": "csv",
  "walltime_hrs": 0.3,
  "num_checkpoints": 100,
  "eval_ntrajs": 10,
  "eval_nsteps": 200,
  "eval_seed": 12345,
  "looping_tree": {
    "method": "fixed",
    "environment": "fixed",
    "total_timesteps": "fixed",
    "rng_seed": "cartesian",
    "policy_kwargs": "fixed",
    "gamma": "zip",
    "lam": "zip",
    "timesteps_per_actorbatch": "zip",
    "clip_param": "zip",
    "entcoeff": "zip",
    "optim_epochs": "zip",
    "optim_stepsize": "zip",
    "optim_minibatches": "zip",
    "adam_epsilon": "zip",
    "schedule": "zip"
  }
}