{
  "description": "Hyper-parameter optimization for ppo1 on a low frequency environment",
  "method": "ppo1",
  "environment": "drop_leg_100hz",
  "total_timesteps": 4000000,
  "rng_seed": [
    0,
    1000,
    2000
  ],
  "policy_kwargs": {
    "net_arch": [
      {
        "vf": [
          64,
          64
        ],
        "pi": [
          64,
          64
        ]
      }
    ]
  },
  "gamma": [
    0.36,
    0.36,
    0.36,
    0.36,
    0.36,
    0.36,
    0.36,
    0.36,
    0.36,
    0.36
  ],
  "lam": [
    0.99984375,
    0.99984375,
    0.99984375,
    0.99984375,
    0.99984375,
    0.99984375,
    0.99984375,
    0.99984375,
    0.99984375,
    0.99984375
  ],
  "timesteps_per_actorbatch": [
    16384,
    16384,
    16384,
    16384,
    16384,
    16384,
    16384,
    16384,
    16384,
    16384
  ],
  "clip_param": [
    9.901068620444867,
    7.019189398658018,
    6.739448390933918,
    7.024029914698368,
    7.084334775639153,
    7.335743634119271,
    8.060967527147156,
    6.84712415920036,
    7.297885830253846,
    7.4201796318363105
  ],
  "entcoeff": [
    0.0006296370230655162,
    0.0009226962842672669,
    0.00013020381007523385,
    0.001,
    0.001,
    0.001,
    0.00042772965779280434,
    0.001,
    0.001,
    0.001
  ],
  "optim_epochs": [
    128,
    128,
    128,
    128,
    128,
    128,
    128,
    128,
    128,
    128
  ],
  "optim_stepsize": [
    0.00016559588671652428,
    0.00014435702634385856,
    0.00015028218662334233,
    0.0001409813627195374,
    0.0001412467506690035,
    0.0001424305850008574,
    0.00014468049740816094,
    0.0001451265516580066,
    0.00014287725004566602,
    0.00014390934310862938
  ],
  "optim_minibatches": [
    28,
    37,
    37,
    36,
    36,
    38,
    36,
    37,
    35,
    35
  ],
  "adam_epsilon": [
    3.354398168834932e-05,
    2.1837858553345487e-05,
    6.356763992834338e-08,
    0.00010000000000000009,
    0.00010000000000000009,
    0.00010000000000000009,
    2.0564756154551735e-05,
    0.00010000000000000009,
    5.159097926717061e-07,
    2.3348053046752416e-05
  ],
  "schedule": [
    "constant",
    "constant",
    "constant",
    "constant",
    "constant",
    "constant",
    "linear",
    "constant",
    "linear",
    "linear"
  ],
  "num_envs": 4,
  "results_dir_name": "results",
  "storage_dir_name": "storage",
  "train_set": "remaining",
  "eval_set": "remaining",
  "OPENAI_LOG_FORMAT": "csv",
  "walltime_hrs": 0.3,
  "num_checkpoints": 100,
  "eval_ntrajs": 10,
  "eval_nsteps": 200,
  "eval_seed": 12345,
  "looping_tree": {
    "method": "fixed",
    "environment": "fixed",
    "total_timesteps": "fixed",
    "rng_seed": "cartesian",
    "policy_kwargs": "fixed",
    "gamma": "zip",
    "lam": "zip",
    "timesteps_per_actorbatch": "zip",
    "clip_param": "zip",
    "entcoeff": "zip",
    "optim_epochs": "zip",
    "optim_stepsize": "zip",
    "optim_minibatches": "zip",
    "adam_epsilon": "zip",
    "schedule": "zip"
  }
}