{
  "description": "Hyper-parameter optimization for ppo1 on a low frequency environment",
  "method": "ppo1",
  "environment": "drop_leg_100hz",
  "total_timesteps": 4000000,
  "rng_seed": [
    0,
    1000,
    2000
  ],
  "policy_kwargs": {
    "net_arch": [
      {
        "vf": [
          64,
          64
        ],
        "pi": [
          64,
          64
        ]
      }
    ]
  },
  "gamma": [
    0.36,
    0.36,
    0.36,
    0.36,
    0.36,
    0.36,
    0.36,
    0.36,
    0.36,
    0.36
  ],
  "lam": [
    0.36,
    0.36,
    0.36,
    0.36,
    0.36,
    0.36,
    0.36,
    0.36,
    0.36,
    0.36
  ],
  "timesteps_per_actorbatch": [
    16384,
    16384,
    16384,
    16384,
    16384,
    16384,
    16384,
    16384,
    16384,
    16384
  ],
  "clip_param": [
    199.99999999999974,
    199.99999999999974,
    199.99999999999974,
    199.99999999999974,
    199.99999999999974,
    199.99999999999974,
    199.99999999999974,
    199.99999999999974,
    199.99999999999974,
    199.99999999999974
  ],
  "entcoeff": [
    0.0003818198946795651,
    0.0007849734294065314,
    0.001,
    0.0005551861098281988,
    0.00025263382811892016,
    0.00017610965371139313,
    2.5840564738469594e-05,
    0.001,
    0.0005413240880440395,
    0.00010029413962036452
  ],
  "optim_epochs": [
    1,
    1,
    1,
    1,
    1,
    1,
    1,
    1,
    1,
    1
  ],
  "optim_stepsize": [
    0.0011142381973128861,
    0.0010959313650639997,
    0.0010274926088875164,
    0.0011938343925652864,
    0.0010099714314073043,
    0.0012115439745593068,
    0.001009458517000068,
    0.001211509869382392,
    0.0011032753995459373,
    0.001209404678511473
  ],
  "optim_minibatches": [
    64,
    64,
    64,
    64,
    64,
    64,
    64,
    64,
    64,
    64
  ],
  "adam_epsilon": [
    8.943241625901554e-08,
    8.767559247547583e-06,
    2.1797907159802563e-07,
    1.2692201361394654e-08,
    9.20151209830108e-05,
    7.420720119379702e-05,
    4.6954428807594714e-06,
    2.894868859762307e-05,
    1.2932209296552019e-08,
    1.7231266990937293e-08
  ],
  "schedule": [
    "constant",
    "constant",
    "constant",
    "constant",
    "constant",
    "constant",
    "constant",
    "linear",
    "linear",
    "constant"
  ],
  "num_envs": 4,
  "results_dir_name": "results",
  "storage_dir_name": "storage",
  "train_set": "remaining",
  "eval_set": "remaining",
  "OPENAI_LOG_FORMAT": "csv",
  "walltime_hrs": 0.3,
  "num_checkpoints": 100,
  "eval_ntrajs": 10,
  "eval_nsteps": 200,
  "eval_seed": 12345,
  "looping_tree": {
    "method": "fixed",
    "environment": "fixed",
    "total_timesteps": "fixed",
    "rng_seed": "cartesian",
    "policy_kwargs": "fixed",
    "gamma": "zip",
    "lam": "zip",
    "timesteps_per_actorbatch": "zip",
    "clip_param": "zip",
    "entcoeff": "zip",
    "optim_epochs": "zip",
    "optim_stepsize": "zip",
    "optim_minibatches": "zip",
    "adam_epsilon": "zip",
    "schedule": "zip"
  }
}