{
  "description": "Hyper-parameter optimization for ppo1 on a low frequency environment",
  "method": "ppo1",
  "environment": "drop_leg_100hz",
  "total_timesteps": 4000000,
  "rng_seed": [
    0,
    1000,
    2000
  ],
  "policy_kwargs": {
    "net_arch": [
      {
        "vf": [
          64,
          64
        ],
        "pi": [
          64,
          64
        ]
      }
    ]
  },
  "gamma": [
    0.978490519198736,
    0.5068378906808155,
    0.9964390717060683,
    0.9518375573776421,
    0.9942229430505423,
    0.9992993752997611,
    0.9996484524860066,
    0.8433505749013799,
    0.38811591521341016,
    0.8442160156021282
  ],
  "lam": [
    0.9998286576329138,
    0.7268024127821093,
    0.9997371800177408,
    0.9931666158225654,
    0.994263105351379,
    0.9501481883174778,
    0.9972257496818904,
    0.46252050515548626,
    0.9961928270395777,
    0.9977297578507505
  ],
  "timesteps_per_actorbatch": [
    1739,
    16158,
    541,
    1682,
    447,
    123,
    202,
    2261,
    7118,
    999
  ],
  "clip_param": [
    0.7655192885377434,
    9.421083289817586,
    0.02771474317081911,
    0.02671128850049191,
    1.8615354441739853,
    15.61727991846854,
    0.43561132715761736,
    12.903551689887182,
    141.6934540201907,
    6.6393022526307215
  ],
  "entcoeff": [
    0.0003749292974310197,
    1.9359274346270665e-05,
    0.0003220606118309461,
    2.3750065192971753e-06,
    8.257007042725463e-06,
    0.00029763999196509783,
    3.423744801979979e-06,
    0.0007548528473083297,
    7.103139125143493e-05,
    1.3705912698338585e-05
  ],
  "optim_epochs": [
    53,
    23,
    1,
    127,
    2,
    15,
    4,
    2,
    6,
    2
  ],
  "optim_stepsize": [
    0.00026008321500294187,
    8.20103744990031e-05,
    0.002880266865363922,
    0.007587205392881048,
    0.00012553457365942151,
    0.0014145221201549078,
    0.029185083347487508,
    0.014145503951771969,
    0.0015805268186356292,
    0.08705747600139531
  ],
  "optim_minibatches": [
    12,
    18,
    23,
    25,
    4,
    30,
    20,
    7,
    50,
    2
  ],
  "adam_epsilon": [
    4.1715305117504534e-08,
    6.98016534539204e-07,
    1.0038693080635393e-07,
    2.6105933169037722e-06,
    1.744246812452955e-06,
    1.0971330484423692e-06,
    2.753084013228098e-05,
    1.186519700382511e-06,
    8.686511450960006e-05,
    3.130780154852497e-05
  ],
  "schedule": [
    "linear",
    "linear",
    "linear",
    "linear",
    "linear",
    "linear",
    "linear",
    "linear",
    "linear",
    "linear"
  ],
  "num_envs": 4,
  "results_dir_name": "results",
  "storage_dir_name": "storage",
  "train_set": "remaining",
  "eval_set": "remaining",
  "OPENAI_LOG_FORMAT": "csv",
  "walltime_hrs": 0.3,
  "num_checkpoints": 100,
  "eval_ntrajs": 10,
  "eval_nsteps": 200,
  "eval_seed": 12345,
  "looping_tree": {
    "method": "fixed",
    "environment": "fixed",
    "total_timesteps": "fixed",
    "rng_seed": "cartesian",
    "policy_kwargs": "fixed",
    "gamma": "zip",
    "lam": "zip",
    "timesteps_per_actorbatch": "zip",
    "clip_param": "zip",
    "entcoeff": "zip",
    "optim_epochs": "zip",
    "optim_stepsize": "zip",
    "optim_minibatches": "zip",
    "adam_epsilon": "zip",
    "schedule": "zip"
  }
}