{
  "description": "Hyper-parameter optimization for ppo1 on a low frequency environment",
  "method": "ppo1",
  "environment": "drop_leg_100hz",
  "total_timesteps": 4000000,
  "rng_seed": [
    0,
    1000,
    2000
  ],
  "policy_kwargs": {
    "net_arch": [
      {
        "vf": [
          64,
          64
        ],
        "pi": [
          64,
          64
        ]
      }
    ]
  },
  "gamma": [
    0.9326145810342293,
    0.9331993037693835,
    0.9300445873839782,
    0.9336995352344929,
    0.9351750211977053,
    0.9284242446852403,
    0.9271937100289562,
    0.9307550778275333,
    0.9379503930229718,
    0.9298259125435842
  ],
  "lam": [
    0.36,
    0.36,
    0.36,
    0.36,
    0.36,
    0.36,
    0.36,
    0.36,
    0.36,
    0.36
  ],
  "timesteps_per_actorbatch": [
    16384,
    16384,
    16384,
    16384,
    16384,
    16384,
    16384,
    16384,
    16384,
    16384
  ],
  "clip_param": [
    0.02,
    0.02,
    0.02,
    0.02,
    0.02,
    0.02,
    0.02,
    0.02,
    0.02,
    0.02
  ],
  "entcoeff": [
    0.001,
    0.001,
    0.001,
    0.001,
    0.001,
    0.001,
    0.0004137914124514071,
    0.000648877509718015,
    0.0008815058644961928,
    0.001
  ],
  "optim_epochs": [
    14,
    14,
    15,
    14,
    16,
    15,
    16,
    15,
    16,
    16
  ],
  "optim_stepsize": [
    0.01275045754533101,
    0.012341234491168855,
    0.011587982771976788,
    0.012772058201938089,
    0.012561605991645327,
    0.011324386551135547,
    0.011625707856965156,
    0.011379134276664824,
    0.01285095298935462,
    0.011785007938374935
  ],
  "optim_minibatches": [
    1,
    1,
    1,
    1,
    1,
    1,
    1,
    1,
    1,
    1
  ],
  "adam_epsilon": [
    7.278914208100323e-08,
    2.1154062069562197e-06,
    2.0596784121146828e-05,
    4.505157946476675e-05,
    2.763122714588016e-07,
    2.1074378753729484e-06,
    2.0002373292851466e-08,
    4.198773991226794e-05,
    6.98933634864693e-06,
    9.999999999999982e-09
  ],
  "schedule": [
    "constant",
    "constant",
    "linear",
    "linear",
    "linear",
    "linear",
    "linear",
    "linear",
    "linear",
    "constant"
  ],
  "num_envs": 4,
  "results_dir_name": "results",
  "storage_dir_name": "storage",
  "train_set": "remaining",
  "eval_set": "remaining",
  "OPENAI_LOG_FORMAT": "csv",
  "walltime_hrs": 0.3,
  "num_checkpoints": 100,
  "eval_ntrajs": 10,
  "eval_nsteps": 200,
  "eval_seed": 12345,
  "looping_tree": {
    "method": "fixed",
    "environment": "fixed",
    "total_timesteps": "fixed",
    "rng_seed": "cartesian",
    "policy_kwargs": "fixed",
    "gamma": "zip",
    "lam": "zip",
    "timesteps_per_actorbatch": "zip",
    "clip_param": "zip",
    "entcoeff": "zip",
    "optim_epochs": "zip",
    "optim_stepsize": "zip",
    "optim_minibatches": "zip",
    "adam_epsilon": "zip",
    "schedule": "zip"
  }
}