{
  "description": "Hyper-parameter optimization for ppo1 on a low frequency environment",
  "method": "ppo1",
  "environment": "drop_leg_100hz",
  "total_timesteps": 4000000,
  "rng_seed": [
    0,
    1000,
    2000
  ],
  "policy_kwargs": {
    "net_arch": [
      {
        "vf": [
          64,
          64
        ],
        "pi": [
          64,
          64
        ]
      }
    ]
  },
  "gamma": [
    0.36,
    0.36,
    0.36,
    0.36,
    0.36,
    0.36,
    0.36,
    0.36,
    0.36,
    0.36
  ],
  "lam": [
    0.36,
    0.36,
    0.4718867161483916,
    0.44414979996536874,
    0.5207080158090096,
    0.5415205906560376,
    0.5742312994118413,
    0.48471236072842927,
    0.9908752860400535,
    0.9799737998328251
  ],
  "timesteps_per_actorbatch": [
    1164,
    1167,
    1167,
    1173,
    1226,
    1156,
    1190,
    1160,
    8715,
    8804
  ],
  "clip_param": [
    0.18203547659376004,
    0.17055512961971414,
    0.1657147620427547,
    0.16867306629837092,
    0.1756845391168967,
    0.1631309668331862,
    0.1678284979607867,
    0.163684302652088,
    199.99999999999974,
    199.99999999999974
  ],
  "entcoeff": [
    3.370820825199726e-05,
    0.0008407551209161293,
    8.115397247993008e-05,
    8.399416814350518e-06,
    2.8052059421434666e-06,
    2.030164157371643e-05,
    0.0002333496582506754,
    5.922226311294716e-05,
    0.0007678235669192471,
    0.0007454703936350085
  ],
  "optim_epochs": [
    62,
    62,
    61,
    62,
    62,
    63,
    62,
    63,
    27,
    29
  ],
  "optim_stepsize": [
    4.474478754839102e-05,
    4.6448521041173464e-05,
    4.7734893601692975e-05,
    4.770304301043517e-05,
    4.6685029884641695e-05,
    4.997759265105119e-05,
    4.935395570160744e-05,
    5.101092704402034e-05,
    0.00013786111595643518,
    0.00012997849139484622
  ],
  "optim_minibatches": [
    7,
    6,
    5,
    6,
    6,
    6,
    6,
    6,
    64,
    64
  ],
  "adam_epsilon": [
    6.249033340306952e-05,
    5.9568872096694694e-05,
    8.996685067116564e-06,
    8.8756006928029e-06,
    5.909169321961674e-05,
    3.1990315307884047e-06,
    5.4756930120811604e-05,
    1.3920526168529712e-05,
    2.3937846771448723e-05,
    2.4189034055144116e-05
  ],
  "schedule": [
    "linear",
    "linear",
    "linear",
    "linear",
    "linear",
    "linear",
    "linear",
    "linear",
    "linear",
    "linear"
  ],
  "num_envs": 4,
  "results_dir_name": "results",
  "storage_dir_name": "storage",
  "train_set": "remaining",
  "eval_set": "remaining",
  "OPENAI_LOG_FORMAT": "csv",
  "walltime_hrs": 0.3,
  "num_checkpoints": 100,
  "eval_ntrajs": 10,
  "eval_nsteps": 200,
  "eval_seed": 12345,
  "looping_tree": {
    "method": "fixed",
    "environment": "fixed",
    "total_timesteps": "fixed",
    "rng_seed": "cartesian",
    "policy_kwargs": "fixed",
    "gamma": "zip",
    "lam": "zip",
    "timesteps_per_actorbatch": "zip",
    "clip_param": "zip",
    "entcoeff": "zip",
    "optim_epochs": "zip",
    "optim_stepsize": "zip",
    "optim_minibatches": "zip",
    "adam_epsilon": "zip",
    "schedule": "zip"
  }
}