{
  "description": "Hyper-parameter optimization for ppo1 on a low frequency environment",
  "method": "ppo1",
  "environment": "drop_leg_100hz",
  "total_timesteps": 4000000,
  "rng_seed": [
    0,
    1000,
    2000
  ],
  "policy_kwargs": {
    "net_arch": [
      {
        "vf": [
          64,
          64
        ],
        "pi": [
          64,
          64
        ]
      }
    ]
  },
  "gamma": [
    0.7837543148603966,
    0.7806413576494463,
    0.7763971164431958,
    0.7633653502061587,
    0.7692324089680928,
    0.7643936806633362,
    0.7487602919154646,
    0.752757031159706,
    0.7505587917980641,
    0.753053076459129
  ],
  "lam": [
    0.998561041726549,
    0.9984738689648558,
    0.9982839292902697,
    0.9982129704678926,
    0.9979085903745666,
    0.9978799628419355,
    0.9975447678947542,
    0.9976239195555519,
    0.997214668225214,
    0.9975588544413124
  ],
  "timesteps_per_actorbatch": [
    3363,
    3100,
    3014,
    3006,
    2905,
    2865,
    2896,
    2824,
    2827,
    2776
  ],
  "clip_param": [
    0.1546892565591122,
    0.1383424499312436,
    0.13694724036846653,
    0.13860158327637775,
    0.13653770876993893,
    0.13471694834049966,
    0.14343599888633143,
    0.13694906540162097,
    0.14236515519547718,
    0.13181325658294366
  ],
  "entcoeff": [
    0.0007544228068900504,
    0.001,
    0.0008613365747750542,
    0.00021856431078590323,
    0.001,
    0.0009720625528581498,
    0.000359457162915832,
    0.0006084309402338153,
    0.0004097565426378814,
    0.0007923466567557296
  ],
  "optim_epochs": [
    111,
    109,
    109,
    109,
    109,
    107,
    110,
    108,
    104,
    106
  ],
  "optim_stepsize": [
    6.910175377244201e-05,
    7.383804840890778e-05,
    7.38937925484487e-05,
    7.329979605208584e-05,
    7.37600881684568e-05,
    7.440619558029254e-05,
    7.161571846761259e-05,
    7.358113675511384e-05,
    7.137267512793836e-05,
    7.564617033325851e-05
  ],
  "optim_minibatches": [
    13,
    11,
    12,
    12,
    12,
    12,
    14,
    13,
    15,
    12
  ],
  "adam_epsilon": [
    4.169194499402485e-06,
    1.102349852243994e-06,
    9.096820132492347e-06,
    6.56666165426032e-05,
    4.0178306721305854e-07,
    7.029124809303333e-06,
    3.5858628933898626e-07,
    3.22016439009665e-06,
    1.0368786064965545e-05,
    4.858486034722257e-06
  ],
  "schedule": [
    "linear",
    "linear",
    "linear",
    "linear",
    "linear",
    "linear",
    "linear",
    "linear",
    "linear",
    "linear"
  ],
  "num_envs": 4,
  "results_dir_name": "results",
  "storage_dir_name": "storage",
  "train_set": "remaining",
  "eval_set": "remaining",
  "OPENAI_LOG_FORMAT": "csv",
  "walltime_hrs": 0.3,
  "num_checkpoints": 100,
  "eval_ntrajs": 10,
  "eval_nsteps": 200,
  "eval_seed": 12345,
  "looping_tree": {
    "method": "fixed",
    "environment": "fixed",
    "total_timesteps": "fixed",
    "rng_seed": "cartesian",
    "policy_kwargs": "fixed",
    "gamma": "zip",
    "lam": "zip",
    "timesteps_per_actorbatch": "zip",
    "clip_param": "zip",
    "entcoeff": "zip",
    "optim_epochs": "zip",
    "optim_stepsize": "zip",
    "optim_minibatches": "zip",
    "adam_epsilon": "zip",
    "schedule": "zip"
  }
}