{
  "description": "Hyper-parameter optimization for ppo1 on a low frequency environment",
  "method": "ppo1",
  "environment": "drop_leg_100hz",
  "total_timesteps": 4000000,
  "rng_seed": [
    0,
    1000,
    2000
  ],
  "policy_kwargs": {
    "net_arch": [
      {
        "vf": [
          64,
          64
        ],
        "pi": [
          64,
          64
        ]
      }
    ]
  },
  "gamma": [
    0.9911030305824932,
    0.7002209797263267,
    0.9497290382380563,
    0.9974781795537939,
    0.9996097916225486,
    0.9533737328882211,
    0.8919237099599696,
    0.9917497198677442,
    0.9685729090730014,
    0.4472372156673414
  ],
  "lam": [
    0.9547499375813253,
    0.8876487659061014,
    0.9961096359068375,
    0.7279380935059395,
    0.9997713854949971,
    0.9067832618558815,
    0.9960291250799536,
    0.8326797498924297,
    0.9645810210967913,
    0.9724292169632412
  ],
  "timesteps_per_actorbatch": [
    293,
    1288,
    4595,
    8555,
    500,
    3035,
    3832,
    8263,
    154,
    766
  ],
  "clip_param": [
    0.0692202166055075,
    0.07593126237347725,
    0.17871852766997967,
    0.022226371665265927,
    0.02657049421534768,
    0.11294141070181414,
    8.729765657005938,
    0.16347639706904285,
    0.15950240514467892,
    2.754890359281011
  ],
  "entcoeff": [
    1.0435990620987288e-05,
    0.00019506302909619666,
    0.0001749677469213288,
    0.0002172532711748131,
    0.0009362150743909756,
    0.00011494748383038909,
    2.3293097498294583e-05,
    9.582688471701335e-05,
    0.0005626869667219814,
    3.878455366075477e-06
  ],
  "optim_epochs": [
    2,
    74,
    2,
    2,
    24,
    2,
    15,
    11,
    4,
    9
  ],
  "optim_stepsize": [
    4.179067760256233e-05,
    4.5358149672145895e-05,
    0.04978862302746107,
    0.0008231324623545946,
    0.0017549358771956438,
    0.011225667295364795,
    0.005828789004641036,
    0.03385423511424381,
    2.0946874328502362e-05,
    0.02443516313102916
  ],
  "optim_minibatches": [
    5,
    31,
    2,
    6,
    3,
    8,
    51,
    2,
    1,
    11
  ],
  "adam_epsilon": [
    1.0195387347774254e-08,
    1.4048358503301491e-08,
    5.842076354913274e-06,
    6.361431270705292e-05,
    1.0708647169749881e-07,
    1.5797783484269695e-07,
    2.8518535272442075e-07,
    4.485449422380449e-06,
    2.7167926116531317e-08,
    2.268352011077379e-05
  ],
  "schedule": [
    "linear",
    "linear",
    "linear",
    "linear",
    "linear",
    "linear",
    "linear",
    "linear",
    "linear",
    "linear"
  ],
  "num_envs": 4,
  "results_dir_name": "results",
  "storage_dir_name": "storage",
  "train_set": "remaining",
  "eval_set": "remaining",
  "OPENAI_LOG_FORMAT": "csv",
  "walltime_hrs": 0.3,
  "num_checkpoints": 100,
  "eval_ntrajs": 10,
  "eval_nsteps": 200,
  "eval_seed": 12345,
  "looping_tree": {
    "method": "fixed",
    "environment": "fixed",
    "total_timesteps": "fixed",
    "rng_seed": "cartesian",
    "policy_kwargs": "fixed",
    "gamma": "zip",
    "lam": "zip",
    "timesteps_per_actorbatch": "zip",
    "clip_param": "zip",
    "entcoeff": "zip",
    "optim_epochs": "zip",
    "optim_stepsize": "zip",
    "optim_minibatches": "zip",
    "adam_epsilon": "zip",
    "schedule": "zip"
  }
}