{
  "description": "Hyper-parameter optimization for ppo1 on a low frequency environment",
  "method": "ppo1",
  "environment": "drop_leg_100hz",
  "total_timesteps": 4000000,
  "rng_seed": [
    0,
    1000,
    2000
  ],
  "policy_kwargs": {
    "net_arch": [
      {
        "vf": [
          64,
          64
        ],
        "pi": [
          64,
          64
        ]
      }
    ]
  },
  "gamma": [
    0.8504838289817934,
    0.8381187532909808,
    0.8326413350365887,
    0.8296459503603154,
    0.8275935473675764,
    0.8223580596320286,
    0.8246197900517865,
    0.8198890391769669,
    0.81233373642232,
    0.816095883821599
  ],
  "lam": [
    0.9974086208905614,
    0.997576970290664,
    0.9974723108549711,
    0.9975644160014763,
    0.9975612703611744,
    0.9974992063046344,
    0.9975206960000248,
    0.9975287913824855,
    0.9973727558400346,
    0.9973978997129792
  ],
  "timesteps_per_actorbatch": [
    2571,
    2628,
    2520,
    2616,
    2549,
    2612,
    2426,
    2496,
    2609,
    2464
  ],
  "clip_param": [
    0.0758593634536915,
    0.07573337051775834,
    0.07097168616056322,
    0.07360117447885448,
    0.0728867237093851,
    0.07288031087663473,
    0.07117593640895505,
    0.0708850112727156,
    0.07137233488882974,
    0.07054428865626923
  ],
  "entcoeff": [
    2.1296451715670336e-05,
    0.00021199501002217442,
    8.720932062230297e-05,
    0.00014236702040745889,
    0.0009755778844948884,
    0.0007215818249755342,
    0.00010128892186520082,
    0.0003670672819738371,
    4.083465237341287e-05,
    0.00016691009325458644
  ],
  "optim_epochs": [
    54,
    55,
    55,
    55,
    55,
    55,
    55,
    55,
    56,
    56
  ],
  "optim_stepsize": [
    7.16085281826362e-05,
    7.47789472852052e-05,
    7.783282442275516e-05,
    7.633297970339741e-05,
    7.756440276032797e-05,
    7.554256920151176e-05,
    8.067589523957771e-05,
    7.859252418232435e-05,
    7.528157083623553e-05,
    7.919679897520868e-05
  ],
  "optim_minibatches": [
    25,
    27,
    27,
    27,
    27,
    28,
    27,
    28,
    28,
    28
  ],
  "adam_epsilon": [
    0.00010000000000000009,
    0.00010000000000000009,
    0.00010000000000000009,
    0.00010000000000000009,
    0.00010000000000000009,
    0.00010000000000000009,
    0.00010000000000000009,
    7.843085837538328e-05,
    0.00010000000000000009,
    7.424780870027325e-05
  ],
  "schedule": [
    "linear",
    "linear",
    "linear",
    "linear",
    "linear",
    "linear",
    "linear",
    "linear",
    "linear",
    "linear"
  ],
  "num_envs": 4,
  "results_dir_name": "results",
  "storage_dir_name": "storage",
  "train_set": "remaining",
  "eval_set": "remaining",
  "OPENAI_LOG_FORMAT": "csv",
  "walltime_hrs": 0.3,
  "num_checkpoints": 100,
  "eval_ntrajs": 10,
  "eval_nsteps": 200,
  "eval_seed": 12345,
  "looping_tree": {
    "method": "fixed",
    "environment": "fixed",
    "total_timesteps": "fixed",
    "rng_seed": "cartesian",
    "policy_kwargs": "fixed",
    "gamma": "zip",
    "lam": "zip",
    "timesteps_per_actorbatch": "zip",
    "clip_param": "zip",
    "entcoeff": "zip",
    "optim_epochs": "zip",
    "optim_stepsize": "zip",
    "optim_minibatches": "zip",
    "adam_epsilon": "zip",
    "schedule": "zip"
  }
}