{
  "description": "Hyper-parameter optimization for ppo1 on a low frequency environment",
  "method": "ppo1",
  "environment": "drop_leg_100hz",
  "total_timesteps": 4000000,
  "rng_seed": [
    0,
    1000,
    2000
  ],
  "policy_kwargs": {
    "net_arch": [
      {
        "vf": [
          64,
          64
        ],
        "pi": [
          64,
          64
        ]
      }
    ]
  },
  "gamma": [
    0.6854335480763558,
    0.671125936779074,
    0.6467608559660795,
    0.6576935230846526,
    0.6496339043616837,
    0.6405317762053884,
    0.6252245569329953,
    0.6310431779856172,
    0.6195638832379976,
    0.6183788196447481
  ],
  "lam": [
    0.36,
    0.36,
    0.36,
    0.36,
    0.36,
    0.36,
    0.36,
    0.36,
    0.36,
    0.36
  ],
  "timesteps_per_actorbatch": [
    2293,
    2271,
    2246,
    2232,
    2206,
    2161,
    2244,
    2123,
    2118,
    2099
  ],
  "clip_param": [
    0.09568395021743266,
    0.0946575957038986,
    0.0937483366339924,
    0.09595491999359654,
    0.099161285641039,
    0.09854167212435704,
    0.10280143434866018,
    0.09706328534409102,
    0.09927204028567962,
    0.09894537512570639
  ],
  "entcoeff": [
    0.00023605436307659884,
    1.2995602664957327e-06,
    0.00010183077369276242,
    4.43287926848749e-05,
    0.0002703829741589077,
    1.5759557948546403e-06,
    1.9488421029010843e-05,
    4.662190609218149e-06,
    1.9318417676382433e-05,
    0.0004547872680716131
  ],
  "optim_epochs": [
    66,
    65,
    66,
    65,
    65,
    65,
    66,
    66,
    65,
    65
  ],
  "optim_stepsize": [
    9.92044267510186e-05,
    9.825752733971387e-05,
    9.781344101581723e-05,
    9.673922287200336e-05,
    9.637185905505204e-05,
    9.564767949322433e-05,
    9.108431394570297e-05,
    9.582879394276138e-05,
    9.354869276814653e-05,
    9.347387305830514e-05
  ],
  "optim_minibatches": [
    64,
    64,
    64,
    64,
    64,
    64,
    64,
    57,
    63,
    60
  ],
  "adam_epsilon": [
    0.00010000000000000009,
    0.00010000000000000009,
    0.00010000000000000009,
    1.2424782077220158e-05,
    0.00010000000000000009,
    6.850021767415427e-05,
    1.2113929501534017e-06,
    0.00010000000000000009,
    7.506834117173411e-05,
    5.80729088098556e-05
  ],
  "schedule": [
    "linear",
    "linear",
    "linear",
    "linear",
    "linear",
    "linear",
    "linear",
    "linear",
    "linear",
    "linear"
  ],
  "num_envs": 4,
  "results_dir_name": "results",
  "storage_dir_name": "storage",
  "train_set": "remaining",
  "eval_set": "remaining",
  "OPENAI_LOG_FORMAT": "csv",
  "walltime_hrs": 0.3,
  "num_checkpoints": 100,
  "eval_ntrajs": 10,
  "eval_nsteps": 200,
  "eval_seed": 12345,
  "looping_tree": {
    "method": "fixed",
    "environment": "fixed",
    "total_timesteps": "fixed",
    "rng_seed": "cartesian",
    "policy_kwargs": "fixed",
    "gamma": "zip",
    "lam": "zip",
    "timesteps_per_actorbatch": "zip",
    "clip_param": "zip",
    "entcoeff": "zip",
    "optim_epochs": "zip",
    "optim_stepsize": "zip",
    "optim_minibatches": "zip",
    "adam_epsilon": "zip",
    "schedule": "zip"
  }
}