{
  "description": "Hyper-parameter optimization for ppo1 on a low frequency environment",
  "method": "ppo1",
  "environment": "drop_leg_100hz",
  "total_timesteps": 4000000,
  "rng_seed": [
    0,
    1000,
    2000
  ],
  "policy_kwargs": {
    "net_arch": [
      {
        "vf": [
          64,
          64
        ],
        "pi": [
          64,
          64
        ]
      }
    ]
  },
  "gamma": [
    0.5016092975688251,
    0.4943932172033205,
    0.36,
    0.36,
    0.36,
    0.8000305115276628,
    0.36,
    0.36,
    0.36,
    0.36
  ],
  "lam": [
    0.9448802003299198,
    0.9462268640008771,
    0.36,
    0.9997192712236685,
    0.36,
    0.36,
    0.9996299790759152,
    0.982572147598869,
    0.9827797341669839,
    0.36
  ],
  "timesteps_per_actorbatch": [
    1665,
    1673,
    1146,
    2156,
    3542,
    813,
    1665,
    1995,
    1996,
    4070
  ],
  "clip_param": [
    0.11801226335211708,
    0.1183582589332633,
    0.1551834415760305,
    0.6046601248432507,
    0.3621838581688402,
    0.03971176737766818,
    0.07146692607678526,
    0.18247757674992338,
    0.1747055728241479,
    0.02
  ],
  "entcoeff": [
    0.0004557056834590607,
    0.0007340618493118838,
    0.001,
    0.0009086965272189795,
    0.00038386576765619507,
    0.001,
    0.0006862386078786512,
    0.0007420931428873616,
    0.001,
    0.0003562284919868759
  ],
  "optim_epochs": [
    66,
    65,
    25,
    40,
    69,
    5,
    55,
    53,
    54,
    128
  ],
  "optim_stepsize": [
    6.768785696095533e-05,
    6.813893734453493e-05,
    0.000282994545642638,
    0.00017630162346654246,
    0.0001396874083543973,
    0.0020845293587394694,
    0.00014625004734714398,
    0.00013507741144930003,
    0.00013120337676879548,
    3.857400760055624e-05
  ],
  "optim_minibatches": [
    34,
    34,
    12,
    31,
    2,
    2,
    2,
    8,
    8,
    5
  ],
  "adam_epsilon": [
    1.6947122716290244e-08,
    3.3118685947512193e-06,
    4.708019870044579e-06,
    1.8963107942660813e-08,
    4.690820491629565e-06,
    1.2716952981653563e-05,
    1.9382657346850104e-07,
    6.985237321623785e-07,
    4.754986061850717e-07,
    9.402752380059438e-08
  ],
  "schedule": [
    "linear",
    "linear",
    "linear",
    "linear",
    "linear",
    "linear",
    "linear",
    "linear",
    "linear",
    "linear"
  ],
  "num_envs": 4,
  "results_dir_name": "results",
  "storage_dir_name": "storage",
  "train_set": "remaining",
  "eval_set": "remaining",
  "OPENAI_LOG_FORMAT": "csv",
  "walltime_hrs": 0.3,
  "num_checkpoints": 100,
  "eval_ntrajs": 10,
  "eval_nsteps": 200,
  "eval_seed": 12345,
  "looping_tree": {
    "method": "fixed",
    "environment": "fixed",
    "total_timesteps": "fixed",
    "rng_seed": "cartesian",
    "policy_kwargs": "fixed",
    "gamma": "zip",
    "lam": "zip",
    "timesteps_per_actorbatch": "zip",
    "clip_param": "zip",
    "entcoeff": "zip",
    "optim_epochs": "zip",
    "optim_stepsize": "zip",
    "optim_minibatches": "zip",
    "adam_epsilon": "zip",
    "schedule": "zip"
  }
}