{
  "description": "Hyper-parameter optimization for ppo1 on a low frequency environment",
  "method": "ppo1",
  "environment": "drop_leg_100hz",
  "total_timesteps": 4000000,
  "rng_seed": [
    0,
    1000,
    2000
  ],
  "policy_kwargs": {
    "net_arch": [
      {
        "vf": [
          64,
          64
        ],
        "pi": [
          64,
          64
        ]
      }
    ]
  },
  "gamma": [
    0.5639103798396424,
    0.6220632285860576,
    0.918900062487886,
    0.9847082987407076,
    0.9361119389076529,
    0.9997476690896532,
    0.9993504898852367,
    0.970588411004352,
    0.9747195327809731,
    0.9118920943374295
  ],
  "lam": [
    0.9986713481901599,
    0.9997677881174726,
    0.9988614770088732,
    0.9959593938456534,
    0.9941739307799065,
    0.9796523550770956,
    0.9770299663584764,
    0.9981888400244369,
    0.9965636606393317,
    0.9917898598952339
  ],
  "timesteps_per_actorbatch": [
    11566,
    707,
    200,
    307,
    426,
    2467,
    4179,
    1237,
    403,
    505
  ],
  "clip_param": [
    2.7547365403003825,
    9.258110055695228,
    48.85256450905991,
    3.448198246262073,
    2.050166164421261,
    2.0506539678726132,
    2.9177608717753474,
    0.39819160962759714,
    4.25362904806757,
    1.865771034402395
  ],
  "entcoeff": [
    5.940752903501963e-05,
    1.928325270939292e-05,
    0.00013588070790603612,
    7.789506212194876e-05,
    7.889160199405815e-05,
    7.247387571740894e-05,
    0.00045860837724211217,
    0.000269410077794509,
    0.0003365686384254468,
    8.109344677177376e-05
  ],
  "optim_epochs": [
    4,
    10,
    5,
    17,
    116,
    18,
    27,
    32,
    25,
    79
  ],
  "optim_stepsize": [
    2.886890775556507e-05,
    0.00010347123476217312,
    0.0025705750540305143,
    7.018900797079465e-05,
    0.00010092641373876379,
    3.75041899792555e-05,
    3.293188983116102e-05,
    0.0019031244418289813,
    6.706059841465398e-05,
    7.962900696852726e-05
  ],
  "optim_minibatches": [
    25,
    52,
    9,
    13,
    37,
    11,
    1,
    15,
    21,
    39
  ],
  "adam_epsilon": [
    3.889025406285597e-05,
    1.970853564416451e-08,
    1.9756366664597435e-08,
    5.883394994891013e-07,
    6.641482938217925e-08,
    2.2599732087048095e-08,
    6.686039394941055e-06,
    1.3119868499298633e-07,
    6.052198156553632e-07,
    7.170205103987088e-08
  ],
  "schedule": [
    "linear",
    "linear",
    "linear",
    "linear",
    "linear",
    "linear",
    "linear",
    "linear",
    "linear",
    "linear"
  ],
  "num_envs": 4,
  "results_dir_name": "results",
  "storage_dir_name": "storage",
  "train_set": "remaining",
  "eval_set": "remaining",
  "OPENAI_LOG_FORMAT": "csv",
  "walltime_hrs": 0.3,
  "num_checkpoints": 100,
  "eval_ntrajs": 10,
  "eval_nsteps": 200,
  "eval_seed": 12345,
  "looping_tree": {
    "method": "fixed",
    "environment": "fixed",
    "total_timesteps": "fixed",
    "rng_seed": "cartesian",
    "policy_kwargs": "fixed",
    "gamma": "zip",
    "lam": "zip",
    "timesteps_per_actorbatch": "zip",
    "clip_param": "zip",
    "entcoeff": "zip",
    "optim_epochs": "zip",
    "optim_stepsize": "zip",
    "optim_minibatches": "zip",
    "adam_epsilon": "zip",
    "schedule": "zip"
  }
}