{
  "description": "Hyper-parameter optimization for ppo1 on a low frequency environment",
  "method": "ppo1",
  "environment": "drop_leg_100hz",
  "total_timesteps": 4000000,
  "rng_seed": [
    0,
    1000,
    2000
  ],
  "policy_kwargs": {
    "net_arch": [
      {
        "vf": [
          64,
          64
        ],
        "pi": [
          64,
          64
        ]
      }
    ]
  },
  "gamma": [
    0.42224494529763823,
    0.4391885950296477,
    0.43218343143577165,
    0.4289971690829788,
    0.3699116549333574,
    0.45457032860098845,
    0.398573944879938,
    0.36,
    0.4673045961186548,
    0.37800665969098424
  ],
  "lam": [
    0.36,
    0.36,
    0.36,
    0.36,
    0.36,
    0.36,
    0.36,
    0.36,
    0.36,
    0.36
  ],
  "timesteps_per_actorbatch": [
    3811,
    4183,
    4162,
    4280,
    4564,
    4563,
    4465,
    4168,
    4398,
    4738
  ],
  "clip_param": [
    0.02,
    0.02,
    0.02,
    0.02,
    0.02,
    0.02,
    0.02,
    0.02,
    0.02,
    0.02
  ],
  "entcoeff": [
    2.6128857174198935e-06,
    2.53509137959021e-05,
    0.0008090399654477882,
    0.000583882169006443,
    0.0002566369728007815,
    0.0009874730618836002,
    9.956243250970808e-05,
    0.0005340023135748567,
    0.00040265597879123814,
    0.00044640850522703764
  ],
  "optim_epochs": [
    2,
    2,
    2,
    2,
    2,
    2,
    2,
    2,
    2,
    2
  ],
  "optim_stepsize": [
    0.00674039107389445,
    0.0070903353909055,
    0.007118760079270761,
    0.0071018356295547745,
    0.007391913779432267,
    0.007493910596773654,
    0.007324214515467078,
    0.0069526986544055334,
    0.007576349600831319,
    0.007317968295152034
  ],
  "optim_minibatches": [
    5,
    4,
    5,
    4,
    6,
    5,
    4,
    4,
    5,
    4
  ],
  "adam_epsilon": [
    5.343049951367191e-05,
    2.5100552443349107e-05,
    0.00010000000000000009,
    9.164515404757349e-05,
    3.040322976954616e-05,
    2.4989177536588854e-07,
    4.7541882088717983e-07,
    6.91246422425458e-07,
    9.297525509267522e-05,
    3.5902375157610673e-06
  ],
  "schedule": [
    "linear",
    "linear",
    "linear",
    "linear",
    "linear",
    "linear",
    "linear",
    "linear",
    "linear",
    "linear"
  ],
  "num_envs": 4,
  "results_dir_name": "results",
  "storage_dir_name": "storage",
  "train_set": "remaining",
  "eval_set": "remaining",
  "OPENAI_LOG_FORMAT": "csv",
  "walltime_hrs": 0.3,
  "num_checkpoints": 100,
  "eval_ntrajs": 10,
  "eval_nsteps": 200,
  "eval_seed": 12345,
  "looping_tree": {
    "method": "fixed",
    "environment": "fixed",
    "total_timesteps": "fixed",
    "rng_seed": "cartesian",
    "policy_kwargs": "fixed",
    "gamma": "zip",
    "lam": "zip",
    "timesteps_per_actorbatch": "zip",
    "clip_param": "zip",
    "entcoeff": "zip",
    "optim_epochs": "zip",
    "optim_stepsize": "zip",
    "optim_minibatches": "zip",
    "adam_epsilon": "zip",
    "schedule": "zip"
  }
}