{
  "description": "Hyper-parameter optimization for ppo1 on a low frequency environment",
  "method": "ppo1",
  "environment": "drop_leg_100hz",
  "total_timesteps": 4000000,
  "rng_seed": [
    0,
    1000,
    2000
  ],
  "policy_kwargs": {
    "net_arch": [
      {
        "vf": [
          64,
          64
        ],
        "pi": [
          64,
          64
        ]
      }
    ]
  },
  "gamma": [
    0.8477395309789136,
    0.849356736931862,
    0.8432000909358999,
    0.8502795100511973,
    0.8499651125101064,
    0.8424454736949436,
    0.8467061471312067,
    0.847810230636805,
    0.8338745160529801,
    0.8332292731457749
  ],
  "lam": [
    0.99984375,
    0.99984375,
    0.99984375,
    0.99984375,
    0.99984375,
    0.99984375,
    0.99984375,
    0.99984375,
    0.99984375,
    0.99984375
  ],
  "timesteps_per_actorbatch": [
    6828,
    7041,
    7769,
    6870,
    6851,
    7816,
    7143,
    7013,
    6322,
    6964
  ],
  "clip_param": [
    0.10246353745594891,
    0.09728276943664434,
    0.10687575700988297,
    0.09078081747408495,
    0.08920617063582778,
    0.10024378814760294,
    0.08597429682915808,
    0.09519653485419297,
    0.09989186125509646,
    0.08960723590790327
  ],
  "entcoeff": [
    0.001,
    0.001,
    0.001,
    0.001,
    0.001,
    0.001,
    0.001,
    0.001,
    0.000797204663753028,
    0.001
  ],
  "optim_epochs": [
    96,
    91,
    95,
    89,
    90,
    96,
    93,
    90,
    82,
    91
  ],
  "optim_stepsize": [
    0.00017225836178263033,
    0.0001680906573125537,
    0.00016712593015748154,
    0.00016714840617714172,
    0.00016683521583069096,
    0.0001650428297859347,
    0.00016256588808609228,
    0.00015659406448837547,
    0.00016982337379419716,
    0.00017605080789124603
  ],
  "optim_minibatches": [
    1,
    1,
    1,
    1,
    1,
    1,
    1,
    1,
    1,
    1
  ],
  "adam_epsilon": [
    6.752715841774056e-05,
    1.465470626615628e-08,
    1.0148833741861457e-08,
    5.47450723982613e-06,
    1.6816477080271193e-05,
    4.068102611183778e-05,
    1.4938216796854838e-07,
    4.467921530754409e-07,
    1.1353521209292237e-06,
    8.290925647499268e-06
  ],
  "schedule": [
    "linear",
    "linear",
    "linear",
    "linear",
    "linear",
    "linear",
    "linear",
    "linear",
    "linear",
    "linear"
  ],
  "num_envs": 4,
  "results_dir_name": "results",
  "storage_dir_name": "storage",
  "train_set": "remaining",
  "eval_set": "remaining",
  "OPENAI_LOG_FORMAT": "csv",
  "walltime_hrs": 0.3,
  "num_checkpoints": 100,
  "eval_ntrajs": 10,
  "eval_nsteps": 200,
  "eval_seed": 12345,
  "looping_tree": {
    "method": "fixed",
    "environment": "fixed",
    "total_timesteps": "fixed",
    "rng_seed": "cartesian",
    "policy_kwargs": "fixed",
    "gamma": "zip",
    "lam": "zip",
    "timesteps_per_actorbatch": "zip",
    "clip_param": "zip",
    "entcoeff": "zip",
    "optim_epochs": "zip",
    "optim_stepsize": "zip",
    "optim_minibatches": "zip",
    "adam_epsilon": "zip",
    "schedule": "zip"
  }
}