{
  "description": "Hyper-parameter optimization for ppo1 on a low frequency environment",
  "method": "ppo1",
  "environment": "drop_leg_100hz",
  "total_timesteps": 4000000,
  "rng_seed": [
    0,
    1000,
    2000
  ],
  "policy_kwargs": {
    "net_arch": [
      {
        "vf": [
          64,
          64
        ],
        "pi": [
          64,
          64
        ]
      }
    ]
  },
  "gamma": [
    0.36,
    0.36,
    0.36,
    0.36,
    0.36,
    0.36,
    0.36,
    0.36,
    0.36,
    0.36
  ],
  "lam": [
    0.36,
    0.36,
    0.36,
    0.36,
    0.36,
    0.36,
    0.36,
    0.36,
    0.36,
    0.36
  ],
  "timesteps_per_actorbatch": [
    16384,
    16384,
    16384,
    16384,
    16384,
    16384,
    16384,
    16384,
    16384,
    16384
  ],
  "clip_param": [
    17.10027188965523,
    13.825099186859845,
    13.572833334582672,
    14.929267679829097,
    13.258561503950482,
    13.978983409861861,
    16.364547204599766,
    17.860174297825285,
    13.407846237022401,
    16.69388103199252
  ],
  "entcoeff": [
    0.001,
    0.001,
    0.0009706693195783837,
    0.001,
    0.001,
    0.001,
    0.0009986446289136142,
    0.0006586724610024203,
    0.001,
    0.001
  ],
  "optim_epochs": [
    128,
    128,
    128,
    128,
    128,
    128,
    128,
    128,
    128,
    128
  ],
  "optim_stepsize": [
    9.999999999999997e-06,
    1.3101946792334688e-05,
    1.3385216675341851e-05,
    1.2873236276324288e-05,
    1.1230826332826703e-05,
    1.0616775598294177e-05,
    1.0865467423079855e-05,
    1.0832798081412101e-05,
    9.999999999999997e-06,
    9.999999999999997e-06
  ],
  "optim_minibatches": [
    64,
    64,
    64,
    64,
    64,
    64,
    64,
    64,
    64,
    64
  ],
  "adam_epsilon": [
    9.999999999999982e-09,
    1.3702112112457627e-07,
    9.999999999999982e-09,
    0.00010000000000000009,
    2.2321936256954782e-08,
    5.930075726397067e-07,
    9.159655824407851e-08,
    6.506911976212896e-05,
    9.999999999999982e-09,
    2.959742190848317e-05
  ],
  "schedule": [
    "linear",
    "linear",
    "linear",
    "linear",
    "linear",
    "linear",
    "linear",
    "linear",
    "linear",
    "linear"
  ],
  "num_envs": 4,
  "results_dir_name": "results",
  "storage_dir_name": "storage",
  "train_set": "remaining",
  "eval_set": "remaining",
  "OPENAI_LOG_FORMAT": "csv",
  "walltime_hrs": 0.3,
  "num_checkpoints": 100,
  "eval_ntrajs": 10,
  "eval_nsteps": 200,
  "eval_seed": 12345,
  "looping_tree": {
    "method": "fixed",
    "environment": "fixed",
    "total_timesteps": "fixed",
    "rng_seed": "cartesian",
    "policy_kwargs": "fixed",
    "gamma": "zip",
    "lam": "zip",
    "timesteps_per_actorbatch": "zip",
    "clip_param": "zip",
    "entcoeff": "zip",
    "optim_epochs": "zip",
    "optim_stepsize": "zip",
    "optim_minibatches": "zip",
    "adam_epsilon": "zip",
    "schedule": "zip"
  }
}