{
  "description": "Hyper-parameter optimization for ppo1 on a low frequency environment",
  "method": "ppo1",
  "environment": "drop_leg_100hz",
  "total_timesteps": 4000000,
  "rng_seed": [
    19000,
    75000,
    65000,
    66000,
    41000,
    15000,
    19000,
    80000,
    24000,
    81000,
    7000,
    55000,
    49000,
    93000,
    82000,
    18000,
    37000,
    65000,
    51000,
    51000,
    62000,
    4000,
    91000,
    10000,
    17000,
    64000,
    16000,
    2000,
    84000,
    26000
  ],
  "policy_kwargs": {
    "net_arch": [
      {
        "vf": [
          64,
          64
        ],
        "pi": [
          64,
          64
        ]
      }
    ]
  },
  "gamma": [
    0.7036978715343116,
    0.7780547828799462,
    0.6799137786277443,
    0.9722368379818221,
    0.9760086575774217,
    0.943790013161574,
    0.7026923970840999,
    0.7352175952720015,
    0.7042390894226962,
    0.9841536052594365,
    0.6683612721878195,
    0.9287076445544095,
    0.9737519662751141,
    0.8725587813487823,
    0.9511160963836492,
    0.9610230779111636,
    0.9116940933897231,
    0.9254447785747335,
    0.8930187386607771,
    0.9630187780806175,
    0.9108203803030867,
    0.9458040442181777,
    0.9379338407402619,
    0.919915681174359,
    0.9341828463543433,
    0.9494069006129827,
    0.9435455765490575,
    0.9331437990597434,
    0.9251219972108057,
    0.9480759579695859
  ],
  "lam": [
    0.39766925381502694,
    0.8313451999203004,
    0.4503380973072135,
    0.9766572610326705,
    0.4875982213072524,
    0.44692714340065076,
    0.585589988564964,
    0.7833342467308042,
    0.9162259894018372,
    0.9633110600564494,
    0.5985073806887029,
    0.5869334417011343,
    0.8486764616272944,
    0.7896258583541877,
    0.8642316554668886,
    0.758018271377355,
    0.6897960975158293,
    0.8034348556838462,
    0.8469707923867322,
    0.8768841401336567,
    0.7412064239458037,
    0.806622721363633,
    0.775818911152948,
    0.8240748181272614,
    0.8578729729288991,
    0.7932208488145756,
    0.8621021996365914,
    0.8465664272113848,
    0.7831797962670519,
    0.8290547720690913
  ],
  "timesteps_per_actorbatch": [
    163,
    69,
    77,
    283,
    99,
    68,
    89,
    165,
    230,
    151,
    187,
    90,
    136,
    129,
    143,
    129,
    96,
    110,
    125,
    112,
    129,
    124,
    144,
    130,
    119,
    128,
    121,
    118,
    115,
    117
  ],
  "clip_param": [
    0.31218148207284135,
    0.2951573825821191,
    0.5078731897931852,
    0.2617433411940018,
    0.2616182651081679,
    0.3383592098590215,
    2.2877525453484338,
    5.432064296129197,
    0.2923740823504963,
    0.2654636892747832,
    0.29265147186200285,
    0.3540904891594652,
    0.25575962595255697,
    0.25575962595255697,
    0.2911579345106238,
    0.32620188801916544,
    0.4666519483722843,
    0.26280195675650503,
    0.25575962595255697,
    0.3835484253408313,
    0.4168166038910793,
    0.25575962595255697,
    0.4924121257449944,
    0.25575962595255697,
    0.4423212600616168,
    0.36551647038364954,
    0.2937507017174314,
    0.25591461183457354,
    0.44157275249589595,
    0.44489830944071224
  ],
  "entcoeff": [
    1.361701588830863e-05,
    3.117802415805454e-05,
    6.232859702040594e-05,
    1.0512772037207881e-05,
    3.7675080863533494e-05,
    3.5495859497809626e-05,
    6.532377676655793e-05,
    1.2225069536401997e-05,
    2.394680327011016e-05,
    1.9934028549717728e-05,
    1.625121502365027e-05,
    2.1058206163107623e-05,
    2.287705733166116e-05,
    2.4899012665622342e-05,
    3.403727559050111e-05,
    3.766027810914332e-05,
    2.4262209899072697e-05,
    3.134669811854527e-05,
    2.370725561173395e-05,
    2.5426520102603987e-05,
    3.207636935554275e-05,
    3.403203619738989e-05,
    2.6359597084683545e-05,
    3.0088118392353627e-05,
    3.3859477640925213e-05,
    2.857497979910449e-05,
    2.791624714337761e-05,
    2.934632364221608e-05,
    2.9390512692173073e-05,
    3.0320436542843928e-05
  ],
  "optim_epochs": [
    6,
    3,
    3,
    3,
    2,
    4,
    6,
    5,
    2,
    3,
    1,
    2,
    1,
    1,
    2,
    2,
    2,
    2,
    2,
    2,
    2,
    2,
    2,
    2,
    2,
    2,
    2,
    2,
    2,
    2
  ],
  "optim_stepsize": [
    0.00723145289454877,
    0.009113017996858269,
    0.006040507595426439,
    0.004593027332830946,
    0.009524784970563612,
    0.007493880954476461,
    0.008706500216916855,
    0.004917400346069878,
    0.0056444561113071215,
    0.0011341637390869241,
    0.0019183261155087145,
    0.00034007553713961427,
    0.0007628228050844679,
    0.0030931029307626977,
    0.00043275323263879546,
    0.0011626680733273103,
    0.0016815009911724504,
    0.0017663389421439376,
    0.0006047619127628461,
    0.0009742459850496895,
    0.0009189892836997715,
    0.0006723335857382998,
    0.002313111757591335,
    0.0009595965648374617,
    0.0009084841853300729,
    0.0013440046220584913,
    0.001146239974129662,
    0.0015889695116052362,
    0.0011784872779653842,
    0.0012205391640373016
  ],
  "optim_minibatches": [
    1,
    2,
    2,
    2,
    1,
    1,
    2,
    2,
    1,
    2,
    2,
    1,
    1,
    1,
    1,
    1,
    1,
    1,
    1,
    1,
    1,
    1,
    1,
    1,
    1,
    1,
    1,
    1,
    1,
    1
  ],
  "adam_epsilon": [
    1.260374620063723e-05,
    7.953136987770151e-05,
    2.571169903764224e-06,
    1.0410777011480695e-05,
    7.008032681702057e-05,
    5.780516580276161e-06,
    6.877403266689128e-05,
    2.6087153924779418e-06,
    5.745550166932911e-06,
    3.623258123086928e-05,
    1.2094664392639847e-05,
    3.2369450503420993e-06,
    8.642620759441693e-06,
    7.783401083077237e-06,
    5.200634923593687e-06,
    6.784293949820793e-06,
    6.205325916588191e-06,
    8.585191218260108e-06,
    4.373577652811706e-06,
    5.7969355022533405e-06,
    5.0031924170433144e-06,
    6.711518844734344e-06,
    5.284412817580756e-06,
    5.746284023936365e-06,
    6.207148101096804e-06,
    5.762436373522678e-06,
    8.398605801794312e-06,
    7.195509021768536e-06,
    3.7301111816297257e-06,
    5.248005053162583e-06
  ],
  "schedule": [
    "linear",
    "linear",
    "linear",
    "linear",
    "linear",
    "linear",
    "linear",
    "linear",
    "linear",
    "linear",
    "linear",
    "linear",
    "linear",
    "linear",
    "linear",
    "linear",
    "linear",
    "linear",
    "linear",
    "linear",
    "linear",
    "linear",
    "linear",
    "linear",
    "linear",
    "linear",
    "linear",
    "linear",
    "linear",
    "linear"
  ],
  "num_envs": 4,
  "results_dir_name": "results",
  "storage_dir_name": "storage",
  "train_set": "remaining",
  "eval_set": "remaining",
  "OPENAI_LOG_FORMAT": "csv",
  "walltime_hrs": 0.3,
  "num_checkpoints": 100,
  "eval_ntrajs": 10,
  "eval_nsteps": 200,
  "eval_seed": 12345,
  "looping_tree": {
    "method": "fixed",
    "environment": "fixed",
    "total_timesteps": "fixed",
    "rng_seed": "zip",
    "policy_kwargs": "fixed",
    "gamma": "zip",
    "lam": "zip",
    "timesteps_per_actorbatch": "zip",
    "clip_param": "zip",
    "entcoeff": "zip",
    "optim_epochs": "zip",
    "optim_stepsize": "zip",
    "optim_minibatches": "zip",
    "adam_epsilon": "zip",
    "schedule": "zip"
  }
}