{
  "description": "Hyper-parameter optimization for ppo1 on a low frequency environment",
  "method": "ppo1",
  "environment": "drop_leg_100hz",
  "total_timesteps": 4000000,
  "rng_seed": [
    54000,
    72000,
    78000,
    77000,
    54000,
    28000,
    28000,
    50000,
    55000,
    14000,
    15000,
    91000,
    66000,
    43000,
    1000,
    12000,
    94000,
    23000,
    39000,
    89000,
    45000,
    28000,
    96000,
    42000,
    54000,
    97000,
    71000,
    41000,
    4000,
    16000
  ],
  "policy_kwargs": {
    "net_arch": [
      {
        "vf": [
          64,
          64
        ],
        "pi": [
          64,
          64
        ]
      }
    ]
  },
  "gamma": [
    0.9992231396103756,
    0.3694662816689911,
    0.9998230462535499,
    0.9399088057938577,
    0.999836486510468,
    0.839338705974921,
    0.7550952906423147,
    0.8680087622536693,
    0.6066065469638511,
    0.36,
    0.36,
    0.982732939142195,
    0.6365436697686403,
    0.4897785315823212,
    0.9440702081488564,
    0.9515698284824435,
    0.8770783927764596,
    0.8264621218906896,
    0.9542948851751729,
    0.8469702169502541,
    0.9535711009371737,
    0.9388236806634386,
    0.9050751204193985,
    0.8759804276548337,
    0.9323592988716063,
    0.8486026692014658,
    0.8466443120039012,
    0.9222237931285522,
    0.9098556109941065,
    0.8867597716492654
  ],
  "lam": [
    0.8513991858414218,
    0.7924357101134931,
    0.9998336909788597,
    0.9970971404240793,
    0.9897632304958119,
    0.6445421467875063,
    0.9564304157671247,
    0.9948186793225317,
    0.36,
    0.36,
    0.8748665911366236,
    0.36,
    0.7546309694350251,
    0.8808602776367385,
    0.36,
    0.36,
    0.7167553966349083,
    0.36,
    0.5922972743455861,
    0.7061965445569429,
    0.6714736717528051,
    0.7640719048581525,
    0.8074181485782506,
    0.7295560818830156,
    0.4826361518068646,
    0.7134664523312543,
    0.6928950355934047,
    0.765151643514983,
    0.4944644530357385,
    0.7248515464408956
  ],
  "timesteps_per_actorbatch": [
    4762,
    12454,
    443,
    72,
    101,
    112,
    165,
    9569,
    64,
    97,
    90,
    67,
    64,
    64,
    64,
    64,
    64,
    64,
    73,
    64,
    64,
    64,
    64,
    64,
    64,
    66,
    67,
    75,
    65,
    64
  ],
  "clip_param": [
    7.026846241652764,
    35.552446617182845,
    33.90633767436688,
    175.43673591034053,
    0.3874650703909577,
    0.07704426206089386,
    105.45795304469887,
    0.038692414942102585,
    1.3949413878072374,
    3.996281360211791,
    0.10088502875181167,
    0.18904541662929994,
    2.6987828900668704,
    0.42584839831830823,
    0.12600748770193443,
    1.6149540265605942,
    0.250446037519668,
    1.105623198162672,
    0.5901980386600232,
    0.4866127635383298,
    0.5141886055613661,
    0.5456663259053635,
    0.3543342853387157,
    0.6715072632295208,
    0.5757359112313581,
    0.5620136220668731,
    0.5296506789804714,
    0.8911629687250057,
    0.8469665834481978,
    0.5754808103579944
  ],
  "entcoeff": [
    0.0007714363197503682,
    2.1201149735669606e-05,
    1.7559871584470272e-05,
    8.207924489013593e-05,
    0.00011273718464723472,
    6.966359788307837e-05,
    2.13197260991454e-06,
    0.00013994267229047524,
    1.8623710720832407e-05,
    4.5004147792119076e-05,
    3.275687820153236e-05,
    4.300710825255813e-05,
    1.230820620503457e-05,
    2.4821156536998348e-05,
    6.252462441309675e-05,
    3.646248792598177e-05,
    2.8344066222585465e-05,
    3.537173070390838e-05,
    2.512089440125206e-05,
    3.340668240325916e-05,
    2.5793644629495266e-05,
    3.461265712963222e-05,
    2.8822448139531387e-05,
    3.574207100430642e-05,
    2.714239619767093e-05,
    3.244959455391426e-05,
    3.657015136294973e-05,
    3.536413767274535e-05,
    2.5917288123798436e-05,
    1.9992917043902568e-05
  ],
  "optim_epochs": [
    3,
    3,
    1,
    108,
    1,
    36,
    1,
    59,
    1,
    1,
    1,
    2,
    1,
    1,
    1,
    2,
    1,
    1,
    1,
    1,
    1,
    1,
    2,
    1,
    1,
    1,
    1,
    2,
    1,
    2
  ],
  "optim_stepsize": [
    0.025703977584827783,
    0.0002122855196648941,
    6.24143268983909e-05,
    0.005548062994165064,
    1.1422664588132343e-05,
    1.0902691306914442e-05,
    8.898521102490625e-05,
    0.052547407793738996,
    3.964551768488128e-05,
    0.004591899672522947,
    0.0002501456528054001,
    0.00022014669328383293,
    0.0003167817204541759,
    0.0010946276914287382,
    0.00047396552734240826,
    0.0007578665942636169,
    0.0006371202754451618,
    0.001478081436652332,
    0.00042880285358914093,
    0.0011135875986902205,
    0.0016312556420935943,
    0.0010606285578210286,
    0.0008262673513434498,
    0.0011967771445801799,
    0.0011518022141448145,
    0.0007821008088830521,
    0.000995140617072654,
    0.0006622006863569857,
    0.0012288749701730105,
    0.0012719275214444162
  ],
  "optim_minibatches": [
    27,
    2,
    15,
    16,
    6,
    46,
    54,
    42,
    2,
    2,
    1,
    1,
    1,
    1,
    1,
    1,
    1,
    1,
    1,
    1,
    1,
    2,
    1,
    1,
    1,
    1,
    1,
    1,
    1,
    2
  ],
  "adam_epsilon": [
    1.245643870385527e-08,
    1.2380425769895591e-08,
    8.631933541696399e-07,
    7.721884074760164e-07,
    3.28224688822814e-05,
    8.452419056808354e-08,
    4.807735095162868e-05,
    6.786372725653594e-05,
    0.00010000000000000009,
    9.769774586176455e-05,
    0.00010000000000000009,
    0.00010000000000000009,
    0.00010000000000000009,
    0.00010000000000000009,
    2.572471357483137e-05,
    0.00010000000000000009,
    4.529593294900506e-05,
    0.00010000000000000009,
    5.475833025362758e-05,
    0.00010000000000000009,
    8.818130823947889e-05,
    4.953170605035076e-05,
    5.9509811948023446e-05,
    4.805031280279057e-05,
    5.1722990045189294e-05,
    3.591715559320397e-05,
    5.135226074422585e-05,
    4.4643892671930427e-05,
    4.338798347408243e-05,
    5.2054021078588426e-05
  ],
  "schedule": [
    "linear",
    "linear",
    "linear",
    "linear",
    "linear",
    "linear",
    "linear",
    "linear",
    "linear",
    "linear",
    "linear",
    "linear",
    "linear",
    "linear",
    "linear",
    "linear",
    "linear",
    "linear",
    "linear",
    "linear",
    "linear",
    "linear",
    "linear",
    "linear",
    "linear",
    "linear",
    "linear",
    "linear",
    "linear",
    "linear"
  ],
  "num_envs": 4,
  "results_dir_name": "results",
  "storage_dir_name": "storage",
  "train_set": "remaining",
  "eval_set": "remaining",
  "OPENAI_LOG_FORMAT": "csv",
  "walltime_hrs": 0.3,
  "num_checkpoints": 100,
  "eval_ntrajs": 10,
  "eval_nsteps": 200,
  "eval_seed": 12345,
  "looping_tree": {
    "method": "fixed",
    "environment": "fixed",
    "total_timesteps": "fixed",
    "rng_seed": "zip",
    "policy_kwargs": "fixed",
    "gamma": "zip",
    "lam": "zip",
    "timesteps_per_actorbatch": "zip",
    "clip_param": "zip",
    "entcoeff": "zip",
    "optim_epochs": "zip",
    "optim_stepsize": "zip",
    "optim_minibatches": "zip",
    "adam_epsilon": "zip",
    "schedule": "zip"
  }
}