{
  "description": "Hyper-parameter optimization for ppo1 on a low frequency environment",
  "method": "ppo1",
  "environment": "drop_leg_100hz",
  "total_timesteps": 4000000,
  "rng_seed": [
    26000,
    16000,
    68000,
    42000,
    55000,
    76000,
    79000,
    89000,
    14000,
    91000,
    57000,
    89000,
    11000,
    6000,
    42000,
    56000,
    1000,
    7000,
    51000,
    27000,
    73000,
    15000,
    1000,
    23000,
    85000,
    24000,
    7000,
    22000,
    54000,
    77000
  ],
  "policy_kwargs": {
    "net_arch": [
      {
        "vf": [
          64,
          64
        ],
        "pi": [
          64,
          64
        ]
      }
    ]
  },
  "gamma": [
    0.8214103893789817,
    0.9989664540638703,
    0.5586118712123608,
    0.9298147423957613,
    0.9990270637971244,
    0.9917405271564614,
    0.9957622798433426,
    0.9049991419989352,
    0.8713218444555043,
    0.8931762766841985,
    0.9901189350369957,
    0.9945734862138779,
    0.9500753363728318,
    0.5624217915128016,
    0.5296930277828554,
    0.8224119650261169,
    0.9592827590603049,
    0.9012237423730796,
    0.6309373336835943,
    0.9273420302757407,
    0.8935226519954136,
    0.9326239585145054,
    0.8661277599746295,
    0.7715704180226011,
    0.9100956432835818,
    0.8729015350572062,
    0.869310726054686,
    0.9090292771005434,
    0.8750627709120549,
    0.882096726854334
  ],
  "lam": [
    0.9997507992556632,
    0.9579765300312992,
    0.9997818643917623,
    0.9924944577720116,
    0.9997312071842014,
    0.9807838721385485,
    0.9994382800333663,
    0.6736165465742072,
    0.9996506788212949,
    0.9828577596348733,
    0.9764133275596567,
    0.9774464642742412,
    0.965956956856028,
    0.9449076367641848,
    0.9892162235519242,
    0.9784357903552502,
    0.9819276563197661,
    0.9920632287137802,
    0.9806253187315367,
    0.8926417621446607,
    0.9731629556776498,
    0.977138851178345,
    0.9437413497759272,
    0.966086116125372,
    0.9628311424501351,
    0.9876962930503818,
    0.9507568181105943,
    0.9879970295005728,
    0.9808220156819597,
    0.9744200043567631
  ],
  "timesteps_per_actorbatch": [
    680,
    3821,
    5044,
    5001,
    2388,
    7871,
    1448,
    6717,
    950,
    700,
    7107,
    1107,
    1698,
    2550,
    752,
    851,
    861,
    486,
    1120,
    1098,
    857,
    883,
    542,
    517,
    783,
    749,
    865,
    876,
    662,
    610
  ],
  "clip_param": [
    178.11694247304732,
    0.03616478578492831,
    0.27504981997801253,
    1.9113835726246762,
    0.23960464779105206,
    41.042747314013745,
    0.03413380685656997,
    0.14822269668763371,
    0.9247408880394085,
    0.0365870235598163,
    0.041410961140132305,
    0.06616049469094328,
    0.9526930450224393,
    0.04412331977740004,
    0.037744015515692016,
    0.389723677032658,
    0.03545462362220861,
    0.10203595827397026,
    0.08213288969424071,
    0.10612051973366861,
    0.18113001148246702,
    0.14933934137899704,
    0.046392535374037876,
    0.1032599098341019,
    0.08798470708198106,
    0.10946233078490676,
    0.09053681583795033,
    0.19820450700684106,
    0.13875317992254707,
    0.12794759101042366
  ],
  "entcoeff": [
    0.0004266639353483927,
    0.0006926110949010811,
    0.0007156924914878004,
    2.374389768024405e-05,
    4.574769490663747e-05,
    0.00023663572304205943,
    0.00011014062254683624,
    4.995821807268208e-05,
    0.00016689737152205742,
    2.756670894465532e-05,
    0.0003397173421327922,
    0.00014710868426025928,
    3.569006177105295e-05,
    6.830028048164527e-05,
    5.174641760578233e-05,
    2.251199388038518e-05,
    5.543482523834025e-05,
    5.585489621449121e-05,
    2.0238095850719375e-05,
    2.5692599333675425e-05,
    3.281810193081261e-05,
    2.404122900997998e-05,
    2.2380281218692294e-05,
    2.753474257561265e-05,
    2.304361157039566e-05,
    1.953943381466973e-05,
    2.582049055438207e-05,
    4.0470570811370525e-05,
    3.9308259559863576e-05,
    6.124794251991703e-05
  ],
  "optim_epochs": [
    11,
    2,
    13,
    48,
    6,
    8,
    18,
    10,
    20,
    118,
    34,
    37,
    15,
    17,
    18,
    10,
    6,
    9,
    8,
    6,
    18,
    10,
    10,
    7,
    12,
    7,
    10,
    7,
    10,
    9
  ],
  "optim_stepsize": [
    0.007056703123498945,
    4.245585722992277e-05,
    1.2833909921530363e-05,
    2.11830019774159e-05,
    0.046834885167273216,
    0.000993258012135545,
    1.1892499685940585e-05,
    2.08521590537188e-05,
    0.000788833966119616,
    1.172258400836385e-05,
    0.004799731808653154,
    0.0001085147682629621,
    1.449369705497111e-05,
    0.00040785235396937714,
    6.976811448756748e-05,
    8.848884087068605e-05,
    7.537956496132338e-05,
    0.0004773976109650177,
    0.0002186409837652391,
    0.00029991172125005245,
    0.0008063306855500248,
    0.0002612296697618939,
    0.0003438217163917819,
    0.00023114311914892416,
    0.0003754404245193463,
    0.0005556232636865243,
    0.0006189310201709509,
    0.00037100751985781995,
    0.000747478611561733,
    0.00038237894560814745
  ],
  "optim_minibatches": [
    31,
    13,
    3,
    51,
    11,
    15,
    11,
    5,
    12,
    3,
    5,
    8,
    4,
    8,
    3,
    4,
    4,
    3,
    4,
    4,
    3,
    3,
    4,
    3,
    3,
    4,
    4,
    3,
    3,
    2
  ],
  "adam_epsilon": [
    6.707311550569355e-05,
    5.068686401001782e-08,
    6.235078084736813e-05,
    1.0989177019342392e-07,
    3.7788085907901477e-07,
    7.603036347883124e-07,
    5.458357893944328e-06,
    9.289257929342781e-07,
    9.743243270414406e-07,
    4.517321782027492e-06,
    9.150734622400313e-08,
    9.854505793896774e-07,
    3.2616465700865926e-05,
    3.876024624977622e-07,
    4.838083352399541e-06,
    4.290138399507551e-06,
    2.326340408430151e-05,
    3.7432192926029e-06,
    7.13240675173031e-06,
    1.1590300961662947e-06,
    1.8431781109620257e-06,
    3.082311952904462e-06,
    2.470837030942378e-06,
    4.415106744805486e-06,
    5.113934330594252e-06,
    4.770902113613854e-06,
    5.104377083923994e-06,
    2.1363299549843046e-06,
    6.011065109465419e-06,
    4.166369841925444e-06
  ],
  "schedule": [
    "linear",
    "linear",
    "linear",
    "linear",
    "linear",
    "linear",
    "linear",
    "linear",
    "linear",
    "linear",
    "linear",
    "linear",
    "linear",
    "linear",
    "linear",
    "linear",
    "linear",
    "linear",
    "linear",
    "linear",
    "linear",
    "linear",
    "linear",
    "linear",
    "linear",
    "linear",
    "linear",
    "linear",
    "linear",
    "linear"
  ],
  "num_envs": 4,
  "results_dir_name": "results",
  "storage_dir_name": "storage",
  "train_set": "remaining",
  "eval_set": "remaining",
  "OPENAI_LOG_FORMAT": "csv",
  "walltime_hrs": 0.3,
  "num_checkpoints": 100,
  "eval_ntrajs": 10,
  "eval_nsteps": 200,
  "eval_seed": 12345,
  "looping_tree": {
    "method": "fixed",
    "environment": "fixed",
    "total_timesteps": "fixed",
    "rng_seed": "zip",
    "policy_kwargs": "fixed",
    "gamma": "zip",
    "lam": "zip",
    "timesteps_per_actorbatch": "zip",
    "clip_param": "zip",
    "entcoeff": "zip",
    "optim_epochs": "zip",
    "optim_stepsize": "zip",
    "optim_minibatches": "zip",
    "adam_epsilon": "zip",
    "schedule": "zip"
  }
}