{
  "description": "Hyper-parameter optimization for ppo1 on a low frequency environment",
  "method": "ppo1",
  "environment": "drop_leg_100hz",
  "total_timesteps": 4000000,
  "rng_seed": [
    18000,
    42000,
    67000,
    59000,
    71000,
    64000,
    17000,
    50000,
    33000,
    44000,
    46000,
    56000,
    4000,
    79000,
    65000,
    68000,
    69000,
    27000,
    38000,
    87000,
    39000,
    65000,
    65000,
    37000,
    14000,
    24000,
    79000,
    64000,
    46000,
    61000
  ],
  "policy_kwargs": {
    "net_arch": [
      {
        "vf": [
          64,
          64
        ],
        "pi": [
          64,
          64
        ]
      }
    ]
  },
  "gamma": [
    0.9643158066154289,
    0.9753478846664176,
    0.7295103916896667,
    0.8636377483426173,
    0.8575600910527642,
    0.6488369789098656,
    0.9946550727144597,
    0.9334821009273514,
    0.903460704257081,
    0.8809021780940941,
    0.8460174884992301,
    0.9700758476142775,
    0.9458294889037737,
    0.813214819767108,
    0.7965436481704059,
    0.916963323003633,
    0.8387592894004462,
    0.8771215305593978,
    0.9137345499321923,
    0.9261934424066232,
    0.9239519329960568,
    0.9243095925517172,
    0.8985118460668251,
    0.951475411279046,
    0.8639303345184999,
    0.8671451890912945,
    0.8611854867513553,
    0.9019033567027822,
    0.8811012052942352,
    0.9101099246092867
  ],
  "lam": [
    0.9461869440999666,
    0.5589769117862944,
    0.9803926537335648,
    0.5076400858636765,
    0.9695619771099742,
    0.8576557187535312,
    0.7808394319927556,
    0.8765469431225013,
    0.9162369400103564,
    0.9293495422650246,
    0.8781620175089223,
    0.7059181080831509,
    0.8857799005381128,
    0.9033287246035079,
    0.7613289995219464,
    0.36,
    0.671010062325075,
    0.515535085017118,
    0.5547280210872658,
    0.6429839883528707,
    0.7133172958193804,
    0.7727403122979557,
    0.776235447213026,
    0.5401841502458519,
    0.7529328264344133,
    0.6767617775773963,
    0.556014576430109,
    0.6777735191167087,
    0.4916140576822192,
    0.36
  ],
  "timesteps_per_actorbatch": [
    65,
    64,
    64,
    64,
    68,
    89,
    81,
    64,
    64,
    75,
    64,
    64,
    64,
    67,
    64,
    64,
    64,
    68,
    64,
    64,
    64,
    64,
    64,
    64,
    64,
    64,
    67,
    64,
    64,
    72
  ],
  "clip_param": [
    9.149209495678083,
    11.805116074575981,
    2.3437658738723672,
    7.268167893026436,
    1.569725196969513,
    1.649658332333983,
    1.0228824465097512,
    2.343077085015279,
    0.0950194080811984,
    1.3715319519798617,
    0.9736772119247834,
    0.915162447164874,
    1.0443984481067905,
    0.48638284049002956,
    1.550626772388136,
    0.5580187990258932,
    0.9499277197871916,
    0.5669593632995841,
    0.9629098578962602,
    0.5284090435328616,
    0.8190126465979518,
    0.6089805199721837,
    0.60669440018361,
    0.5969702846553155,
    0.6905801194870724,
    0.5136558318632856,
    0.9280028240384264,
    0.6556874329227361,
    0.6143787831143267,
    0.7543780937080974
  ],
  "entcoeff": [
    2.8367280119951677e-05,
    5.1869516150465577e-05,
    5.656096039839738e-05,
    4.8621733507545516e-05,
    4.462335217903639e-06,
    6.098021112813451e-05,
    4.8755947368790414e-05,
    1.4901960820978227e-05,
    1.2084187540580626e-05,
    2.537834386603403e-05,
    2.1871996979728586e-05,
    4.540958948753071e-05,
    3.35401696645744e-05,
    5.003155341844386e-05,
    3.17873035033086e-05,
    2.6329392858073477e-05,
    4.130796223763193e-05,
    3.14926483632828e-05,
    4.871256445016256e-05,
    2.969411427628105e-05,
    3.8397339572895077e-05,
    4.7169237950939994e-05,
    5.375104469116191e-05,
    4.100671622621437e-05,
    3.2422114255252316e-05,
    5.381013868431573e-05,
    4.142749619613266e-05,
    4.9214854795142065e-05,
    4.264503799733776e-05,
    3.498935902833516e-05
  ],
  "optim_epochs": [
    1,
    1,
    4,
    1,
    1,
    1,
    1,
    1,
    1,
    1,
    1,
    1,
    1,
    1,
    1,
    1,
    1,
    1,
    1,
    1,
    1,
    1,
    1,
    1,
    1,
    1,
    1,
    1,
    1,
    1
  ],
  "optim_stepsize": [
    0.010691308629803288,
    0.002162594281136503,
    0.0014009674713119492,
    0.0010836658026622359,
    0.0007266925217436287,
    0.0010063993807291054,
    0.0007235074133556953,
    0.0005530198336901072,
    0.0009009834960470977,
    0.003387232661113097,
    0.0004505775530622644,
    0.0006727564466044704,
    0.0011509760769505305,
    0.0010034780661474201,
    0.0013019264094498255,
    0.0009791144953000045,
    0.0008833233108417225,
    0.001644715621890148,
    0.0011436267485174505,
    0.0011483408848575083,
    0.0008658406362331212,
    0.000912903402417849,
    0.0013822422573051545,
    0.0010904835921504575,
    0.0010458094491410292,
    0.0014313972793137768,
    0.001029261839979226,
    0.001239477021287054,
    0.0010454932044412783,
    0.001306978859331133
  ],
  "optim_minibatches": [
    2,
    2,
    2,
    2,
    1,
    3,
    2,
    3,
    2,
    3,
    2,
    2,
    2,
    2,
    2,
    2,
    2,
    2,
    1,
    2,
    2,
    2,
    2,
    2,
    1,
    1,
    2,
    1,
    1,
    2
  ],
  "adam_epsilon": [
    0.00010000000000000009,
    2.372161811507779e-05,
    0.00010000000000000009,
    0.00010000000000000009,
    0.00010000000000000009,
    0.00010000000000000009,
    5.896280101379853e-05,
    0.00010000000000000009,
    2.8919847225769042e-05,
    0.00010000000000000009,
    0.00010000000000000009,
    0.00010000000000000009,
    9.803023208030127e-05,
    0.00010000000000000009,
    0.00010000000000000009,
    0.00010000000000000009,
    0.00010000000000000009,
    0.00010000000000000009,
    0.00010000000000000009,
    6.659631759720498e-05,
    0.00010000000000000009,
    0.00010000000000000009,
    0.00010000000000000009,
    0.00010000000000000009,
    0.00010000000000000009,
    0.00010000000000000009,
    0.00010000000000000009,
    0.00010000000000000009,
    0.00010000000000000009,
    0.00010000000000000009
  ],
  "schedule": [
    "linear",
    "linear",
    "linear",
    "linear",
    "linear",
    "linear",
    "linear",
    "linear",
    "linear",
    "linear",
    "linear",
    "linear",
    "linear",
    "linear",
    "linear",
    "linear",
    "linear",
    "linear",
    "linear",
    "linear",
    "linear",
    "linear",
    "linear",
    "linear",
    "linear",
    "linear",
    "linear",
    "linear",
    "linear",
    "linear"
  ],
  "num_envs": 4,
  "results_dir_name": "results",
  "storage_dir_name": "storage",
  "train_set": "remaining",
  "eval_set": "remaining",
  "OPENAI_LOG_FORMAT": "csv",
  "walltime_hrs": 0.3,
  "num_checkpoints": 100,
  "eval_ntrajs": 10,
  "eval_nsteps": 200,
  "eval_seed": 12345,
  "looping_tree": {
    "method": "fixed",
    "environment": "fixed",
    "total_timesteps": "fixed",
    "rng_seed": "zip",
    "policy_kwargs": "fixed",
    "gamma": "zip",
    "lam": "zip",
    "timesteps_per_actorbatch": "zip",
    "clip_param": "zip",
    "entcoeff": "zip",
    "optim_epochs": "zip",
    "optim_stepsize": "zip",
    "optim_minibatches": "zip",
    "adam_epsilon": "zip",
    "schedule": "zip"
  }
}