{
  "description": "Hyper-parameter optimization for ppo1 on a low frequency environment",
  "method": "ppo1",
  "environment": "drop_leg_100hz",
  "total_timesteps": 4000000,
  "rng_seed": [
    5000,
    95000,
    9000,
    44000,
    70000,
    8000,
    78000,
    24000,
    48000,
    63000,
    67000,
    12000,
    56000,
    8000,
    69000,
    26000,
    6000,
    0,
    72000,
    30000,
    15000,
    74000,
    57000,
    8000,
    37000,
    23000,
    88000,
    80000,
    34000,
    13000
  ],
  "policy_kwargs": {
    "net_arch": [
      {
        "vf": [
          64,
          64
        ],
        "pi": [
          64,
          64
        ]
      }
    ]
  },
  "gamma": [
    0.9996892486997248,
    0.9996468997584201,
    0.9992117852273963,
    0.527993316632686,
    0.45206771061407036,
    0.9976264313287798,
    0.9885789034595893,
    0.9891612300261279,
    0.9466713715607603,
    0.9856093759198926,
    0.5417774717312429,
    0.8259182904056914,
    0.9588675831623031,
    0.8673601472976383,
    0.9654073491389759,
    0.8334314104065853,
    0.6737477561237761,
    0.9179428695123749,
    0.9435233074967145,
    0.8833247616842115,
    0.9007922373103201,
    0.9013336426570899,
    0.89848071046691,
    0.8891966824560253,
    0.9144452064801442,
    0.8952101106528032,
    0.8721720791616363,
    0.9301639975749835,
    0.9161819985637386,
    0.9197708436338878
  ],
  "lam": [
    0.859292553439674,
    0.9996427508113283,
    0.7086898024320365,
    0.9894843725462331,
    0.9993890989068468,
    0.9989428923717159,
    0.9996805686209403,
    0.9925269955774275,
    0.7827571615628259,
    0.9190030538888401,
    0.36,
    0.9667546982682952,
    0.9395276024452015,
    0.36,
    0.7596482543721093,
    0.8688585879581279,
    0.7679949478037689,
    0.8519520534366114,
    0.36,
    0.5974594137829974,
    0.36,
    0.6670919365703001,
    0.5338809549443997,
    0.6716820572515861,
    0.7799338558608243,
    0.7786512619816384,
    0.6976134128939866,
    0.7724426272484441,
    0.7271751045209369,
    0.8276749543496118
  ],
  "timesteps_per_actorbatch": [
    8250,
    188,
    117,
    93,
    213,
    3952,
    2216,
    86,
    81,
    66,
    64,
    91,
    64,
    64,
    64,
    64,
    64,
    64,
    64,
    65,
    64,
    64,
    64,
    64,
    64,
    64,
    64,
    67,
    72,
    64
  ],
  "clip_param": [
    0.025132201434934883,
    0.02597419776127739,
    0.0212996827403946,
    0.109685679462481,
    14.637177792099472,
    14.49282633464698,
    6.651793897777303,
    0.14566356297586747,
    0.042266294489499694,
    0.12925673624746412,
    0.1415135277981785,
    0.14723310898987843,
    0.514909935530177,
    0.10151395224031164,
    0.210130384704698,
    0.14950850479656752,
    0.29241000251856336,
    0.19158677774865004,
    0.3301541998905556,
    0.15032209735525145,
    0.30482945585728966,
    0.273455944509837,
    0.5082542393657421,
    0.35002163852867757,
    0.3807585434636688,
    0.5470050286003131,
    0.5038415173556917,
    0.38673724772805623,
    0.7034987706152801,
    0.41800556791287374
  ],
  "entcoeff": [
    0.0008839301049206657,
    0.00042540251136641744,
    0.000684703841715781,
    0.0008032572265130261,
    1.5119467579642648e-05,
    2.324053225762446e-06,
    0.00016560911361084032,
    0.00021964012258434332,
    5.828903466369929e-05,
    3.2713758484518374e-05,
    5.767843511941416e-05,
    6.534029613277853e-05,
    5.490363353895974e-05,
    4.9382061462690625e-05,
    6.458470115446902e-05,
    4.740122018197462e-05,
    3.666545540041449e-05,
    4.9604102905833534e-05,
    3.967003905947596e-05,
    4.2217632360259214e-05,
    5.114050724228152e-05,
    4.20528926200138e-05,
    5.567622669174494e-05,
    2.6229965649256726e-05,
    3.8608206880888485e-05,
    3.504142290322813e-05,
    3.401768473581983e-05,
    3.763977821686294e-05,
    3.310962663213972e-05,
    3.696371925366441e-05
  ],
  "optim_epochs": [
    6,
    4,
    7,
    84,
    67,
    24,
    2,
    1,
    1,
    1,
    1,
    1,
    1,
    1,
    1,
    1,
    1,
    1,
    1,
    1,
    1,
    1,
    1,
    1,
    1,
    1,
    1,
    1,
    1,
    1
  ],
  "optim_stepsize": [
    0.048268254032729815,
    0.0011484553172996593,
    0.02044966017775747,
    0.00037101344419515126,
    2.222868497344457e-05,
    1.103720785931034e-05,
    2.0234055995418727e-05,
    2.973306734452762e-05,
    0.0003005415484801091,
    0.0006760621577491943,
    0.004427169254186822,
    0.001313135748089344,
    0.0005581252354362781,
    0.0006901518473052129,
    0.0006866679754460575,
    0.0010793850196406177,
    0.0023458652287113094,
    0.0019592485380515953,
    0.0005352895158414656,
    0.0013906113719012703,
    0.0010448546224446583,
    0.0007432336235945011,
    0.0013694168952268747,
    0.0014321800182760347,
    0.001582522431903472,
    0.0024003355987871617,
    0.0012417655731459597,
    0.0008951956051037249,
    0.0013466586123913875,
    0.0017229887057313316
  ],
  "optim_minibatches": [
    12,
    23,
    21,
    23,
    17,
    13,
    10,
    49,
    3,
    1,
    1,
    1,
    2,
    1,
    1,
    1,
    3,
    2,
    2,
    1,
    1,
    2,
    1,
    1,
    1,
    1,
    1,
    1,
    1,
    2
  ],
  "adam_epsilon": [
    7.653767590050072e-05,
    3.564806678811035e-08,
    1.6367346658141926e-06,
    6.226706177601026e-05,
    1.1130654803928876e-08,
    2.1794427799062884e-07,
    7.84075900306531e-06,
    2.2447304090328226e-08,
    0.00010000000000000009,
    0.00010000000000000009,
    0.00010000000000000009,
    0.00010000000000000009,
    0.00010000000000000009,
    0.00010000000000000009,
    0.00010000000000000009,
    0.00010000000000000009,
    0.00010000000000000009,
    9.930166216615814e-05,
    0.00010000000000000009,
    0.00010000000000000009,
    5.5792879020032385e-05,
    8.278456490983557e-05,
    9.319049339489826e-05,
    0.00010000000000000009,
    0.00010000000000000009,
    0.00010000000000000009,
    4.7957369476322606e-05,
    0.00010000000000000009,
    0.00010000000000000009,
    0.00010000000000000009
  ],
  "schedule": [
    "linear",
    "linear",
    "linear",
    "linear",
    "linear",
    "linear",
    "linear",
    "linear",
    "linear",
    "linear",
    "linear",
    "linear",
    "linear",
    "linear",
    "linear",
    "linear",
    "linear",
    "linear",
    "linear",
    "linear",
    "linear",
    "linear",
    "linear",
    "linear",
    "linear",
    "linear",
    "linear",
    "linear",
    "linear",
    "linear"
  ],
  "num_envs": 4,
  "results_dir_name": "results",
  "storage_dir_name": "storage",
  "train_set": "remaining",
  "eval_set": "remaining",
  "OPENAI_LOG_FORMAT": "csv",
  "walltime_hrs": 0.3,
  "num_checkpoints": 100,
  "eval_ntrajs": 10,
  "eval_nsteps": 200,
  "eval_seed": 12345,
  "looping_tree": {
    "method": "fixed",
    "environment": "fixed",
    "total_timesteps": "fixed",
    "rng_seed": "zip",
    "policy_kwargs": "fixed",
    "gamma": "zip",
    "lam": "zip",
    "timesteps_per_actorbatch": "zip",
    "clip_param": "zip",
    "entcoeff": "zip",
    "optim_epochs": "zip",
    "optim_stepsize": "zip",
    "optim_minibatches": "zip",
    "adam_epsilon": "zip",
    "schedule": "zip"
  }
}