{
  "description": "Hyper-parameter optimization for ppo1 on a low frequency environment",
  "method": "ppo1",
  "environment": "drop_leg_100hz",
  "total_timesteps": 4000000,
  "rng_seed": [
    79000,
    58000,
    83000,
    89000,
    31000,
    15000,
    12000,
    31000,
    26000,
    82000,
    34000,
    1000,
    92000,
    16000,
    22000,
    81000,
    31000,
    11000,
    93000,
    70000,
    86000,
    61000,
    53000,
    16000,
    45000,
    12000,
    27000,
    33000,
    63000,
    40000
  ],
  "policy_kwargs": {
    "net_arch": [
      {
        "vf": [
          64,
          64
        ],
        "pi": [
          64,
          64
        ]
      }
    ]
  },
  "gamma": [
    0.9208618407337013,
    0.839337522884193,
    0.9614895473015354,
    0.924234321619764,
    0.7281998890934138,
    0.9642107798088406,
    0.8802527233516281,
    0.9153508471389612,
    0.9460022325959352,
    0.8885285356340756,
    0.9421147759914665,
    0.962019104392322,
    0.9396315888687046,
    0.9176695299745486,
    0.9002253109851802,
    0.93386344518912,
    0.9534102876586228,
    0.8857092059419474,
    0.9107114697720813,
    0.9445852709063659,
    0.9544712902490149,
    0.9002300164278376,
    0.8879369590166268,
    0.9080107140451031,
    0.9286466624089514,
    0.9180462864476081,
    0.9275602910980825,
    0.8977339886248981,
    0.9105110317251951,
    0.909390650978252
  ],
  "lam": [
    0.9188276154999353,
    0.9121382883878759,
    0.7883610766584463,
    0.6049069404934033,
    0.8326996801715029,
    0.7694045750435077,
    0.6545099348052542,
    0.6882112333555619,
    0.8555928560222228,
    0.8606313408144068,
    0.8751682968148796,
    0.8416932889143134,
    0.6536607396040434,
    0.7931945023848429,
    0.8045355061320086,
    0.7913747514040744,
    0.7704551303600609,
    0.8109242298253854,
    0.8955577976414166,
    0.8015106654633211,
    0.8116052826062504,
    0.8077259377429682,
    0.8150158200448353,
    0.835368276069621,
    0.772886707579872,
    0.797840739162329,
    0.7725163738270049,
    0.8248734608178225,
    0.7988661879987087,
    0.8426964195469296
  ],
  "timesteps_per_actorbatch": [
    74,
    149,
    154,
    111,
    245,
    212,
    167,
    193,
    158,
    99,
    118,
    119,
    140,
    111,
    109,
    179,
    142,
    163,
    129,
    105,
    134,
    111,
    100,
    140,
    124,
    120,
    112,
    115,
    108,
    143
  ],
  "clip_param": [
    3.1655143502309615,
    0.5559978619531519,
    1.9398575994985339,
    1.2135707433170067,
    0.9975977661225642,
    0.685554868670679,
    3.473750338404735,
    0.9698125742907129,
    0.43165167284438377,
    1.1182103487808759,
    1.0575905570695918,
    2.433374853825754,
    1.745048693557771,
    1.0427635408116342,
    1.630241312887082,
    0.6315595807018949,
    1.0240063582530827,
    0.5445378865004135,
    0.8665772067428338,
    1.02676280183801,
    1.3780479100859544,
    1.5319209660742104,
    0.8722704881765521,
    1.1054044525587698,
    1.3884628460527029,
    0.9318137661952409,
    0.9864985030946896,
    1.2588949669124534,
    1.7670336259254478,
    1.3493023210352857
  ],
  "entcoeff": [
    4.4537418203847194e-05,
    3.7647085684247885e-05,
    6.312662425913751e-05,
    3.6870218979631565e-05,
    5.7633107129501635e-05,
    3.7255189117827235e-05,
    4.5381087475378034e-05,
    4.417959351321391e-05,
    6.459334662002105e-05,
    4.3151267576453644e-05,
    5.48421851542659e-05,
    4.283788705582973e-05,
    4.3059196637319175e-05,
    3.694052454896446e-05,
    4.5796383033157275e-05,
    4.159464757880575e-05,
    4.884435597107983e-05,
    5.8504903484620974e-05,
    6.071696228010115e-05,
    4.2625903395824706e-05,
    3.686591872337224e-05,
    3.7971912632990236e-05,
    3.632790281002692e-05,
    3.864849484537104e-05,
    3.984832077489325e-05,
    4.5916198657146e-05,
    3.4917198224107e-05,
    4.848846106307065e-05,
    3.984379511522106e-05,
    5.367782867736083e-05
  ],
  "optim_epochs": [
    1,
    1,
    1,
    1,
    1,
    2,
    1,
    1,
    1,
    1,
    1,
    1,
    1,
    1,
    2,
    1,
    1,
    2,
    2,
    1,
    2,
    1,
    1,
    1,
    2,
    1,
    2,
    1,
    1,
    1
  ],
  "optim_stepsize": [
    0.0009126011546177618,
    0.00018286434201817824,
    0.0013361457413817296,
    0.0008325533834277654,
    0.00037401699692549915,
    0.00024701006600890964,
    0.000352316602132981,
    0.0004833687750152838,
    0.0003623004765302064,
    0.0007014479305866766,
    0.00042158559801069065,
    0.0007524304368172893,
    0.00035351864402836236,
    0.000472462692994746,
    0.00041484778935658924,
    0.0006978419551817096,
    0.00040874899500619664,
    0.00035269626416229355,
    0.00044690621050049985,
    0.0006710543933727443,
    0.0005861471168014371,
    0.0005147463366762735,
    0.00043811439499600723,
    0.00029359853901839313,
    0.00048436894212261337,
    0.0004710400932074973,
    0.0005591642458243184,
    0.0003922572079496151,
    0.0004949095239859755,
    0.00040433992298858067
  ],
  "optim_minibatches": [
    2,
    2,
    1,
    1,
    1,
    2,
    1,
    1,
    1,
    1,
    1,
    1,
    1,
    1,
    1,
    1,
    1,
    1,
    1,
    1,
    1,
    1,
    1,
    1,
    1,
    2,
    1,
    1,
    1,
    1
  ],
  "adam_epsilon": [
    3.280492381982581e-05,
    3.965469834291404e-05,
    5.227532618181758e-06,
    1.7825116739301097e-05,
    1.0324703852664217e-05,
    4.04008857628256e-05,
    1.9954057225350763e-05,
    5.4116462510797525e-06,
    1.375507563160546e-05,
    1.0677250675881548e-05,
    3.153763189500516e-05,
    1.5007049887886154e-05,
    1.3206041902467499e-05,
    1.827391986762728e-05,
    8.868922783739416e-06,
    7.405059503348085e-06,
    9.31790676152549e-06,
    1.4614409592899487e-05,
    1.1554797836821382e-05,
    1.1621444147160601e-05,
    2.088786626957088e-05,
    1.3983496884508529e-05,
    9.73822885202876e-06,
    1.4277913143001643e-05,
    1.7844212855090132e-05,
    1.2951279082609272e-05,
    1.4732407611562122e-05,
    1.4597431642184587e-05,
    8.790558463032861e-06,
    1.372165988782952e-05
  ],
  "schedule": [
    "linear",
    "linear",
    "linear",
    "linear",
    "linear",
    "linear",
    "linear",
    "linear",
    "linear",
    "linear",
    "linear",
    "linear",
    "linear",
    "linear",
    "linear",
    "linear",
    "linear",
    "linear",
    "linear",
    "linear",
    "linear",
    "linear",
    "linear",
    "linear",
    "linear",
    "linear",
    "linear",
    "linear",
    "linear",
    "linear"
  ],
  "num_envs": 4,
  "results_dir_name": "results",
  "storage_dir_name": "storage",
  "train_set": "remaining",
  "eval_set": "remaining",
  "OPENAI_LOG_FORMAT": "csv",
  "walltime_hrs": 0.3,
  "num_checkpoints": 100,
  "eval_ntrajs": 10,
  "eval_nsteps": 200,
  "eval_seed": 12345,
  "looping_tree": {
    "method": "fixed",
    "environment": "fixed",
    "total_timesteps": "fixed",
    "rng_seed": "zip",
    "policy_kwargs": "fixed",
    "gamma": "zip",
    "lam": "zip",
    "timesteps_per_actorbatch": "zip",
    "clip_param": "zip",
    "entcoeff": "zip",
    "optim_epochs": "zip",
    "optim_stepsize": "zip",
    "optim_minibatches": "zip",
    "adam_epsilon": "zip",
    "schedule": "zip"
  }
}