{
  "description": "Hyper-parameter optimization for ppo1 on a low frequency environment",
  "method": "ppo1",
  "environment": "drop_leg_100hz",
  "total_timesteps": 4000000,
  "rng_seed": [
    6000,
    45000,
    47000,
    72000,
    14000,
    39000,
    92000,
    58000,
    47000,
    43000,
    92000,
    79000,
    3000,
    28000,
    64000,
    90000,
    55000,
    16000,
    26000,
    48000,
    36000,
    7000,
    40000,
    7000,
    38000,
    81000,
    87000,
    67000,
    38000,
    21000
  ],
  "policy_kwargs": {
    "net_arch": [
      {
        "vf": [
          64,
          64
        ],
        "pi": [
          64,
          64
        ]
      }
    ]
  },
  "gamma": [
    0.905610499150917,
    0.9374264282940394,
    0.9613163216092127,
    0.9545766958830442,
    0.895325765256361,
    0.9481483772947618,
    0.9418428486963416,
    0.8729454766253014,
    0.9465122490373752,
    0.9237497448229416,
    0.9231361546601283,
    0.9075559280463205,
    0.9369348735191462,
    0.9445606940412565,
    0.9428793407287674,
    0.9451973561531644,
    0.9062384708223897,
    0.9224188396108456,
    0.9373167381512383,
    0.9449719273731689,
    0.9340018937034248,
    0.9332040833417741,
    0.9441584752623606,
    0.9258234823630763,
    0.9286627611740037,
    0.9311387152269224,
    0.9330978063056485,
    0.9348239422527685,
    0.939072626795342,
    0.9339607233438303
  ],
  "lam": [
    0.8839533891844643,
    0.9006520642411094,
    0.9272967971472145,
    0.8651578058259959,
    0.8932300593252145,
    0.9111401698348575,
    0.862728156291843,
    0.8635237960626214,
    0.9104106331013013,
    0.8246330571427222,
    0.8806044121729377,
    0.8491565840567681,
    0.8639149852727067,
    0.8647218088797235,
    0.8885054734189066,
    0.896028920630667,
    0.8407512973629517,
    0.8985256467691085,
    0.8852653341671401,
    0.8425879038914654,
    0.8834039991267679,
    0.8907147913779937,
    0.8781909397304535,
    0.8576098217901564,
    0.8664599794446735,
    0.8679475930926808,
    0.864999587744258,
    0.8745053454540554,
    0.8740452410061024,
    0.874245363491131
  ],
  "timesteps_per_actorbatch": [
    84,
    104,
    97,
    100,
    116,
    118,
    122,
    115,
    93,
    82,
    103,
    111,
    79,
    94,
    109,
    108,
    113,
    84,
    110,
    110,
    96,
    98,
    106,
    105,
    96,
    101,
    100,
    102,
    100,
    96
  ],
  "clip_param": [
    1.3479700064304707,
    3.0220466828179315,
    1.1828765969597803,
    1.1021921990362686,
    1.7785540753481368,
    1.1802170094615012,
    1.5540949509151354,
    2.2488652053488916,
    1.550166913938572,
    1.1289028853718366,
    1.6238716019948245,
    1.919208848569984,
    1.0849255903929196,
    1.8376658838364777,
    1.1644078235879676,
    1.6789886172334942,
    1.1772823383822257,
    2.370106593340901,
    1.2716545943382513,
    1.516273003507926,
    1.6137341441627284,
    1.0876569501797486,
    1.595261666088822,
    1.4221425207069531,
    1.3600743563666884,
    1.7015271820128,
    1.3387373680995565,
    1.321785228352501,
    1.7109774297762879,
    1.5033857940874555
  ],
  "entcoeff": [
    3.152591450045406e-05,
    3.3193424599260644e-05,
    3.178158757912461e-05,
    3.587518800795622e-05,
    2.6467318726367275e-05,
    2.3915880032298347e-05,
    3.8654325168621704e-05,
    3.468223486388353e-05,
    3.569346083810988e-05,
    3.3352365664680205e-05,
    2.803076228114838e-05,
    3.745842101980383e-05,
    3.8627970021982756e-05,
    3.032191068542009e-05,
    2.8657872218075008e-05,
    2.596987385509499e-05,
    3.075462070322339e-05,
    3.459125861835462e-05,
    2.84396292117944e-05,
    2.7100088926886018e-05,
    3.222256230049603e-05,
    3.276389363898713e-05,
    3.371204796700305e-05,
    2.9733292568567424e-05,
    2.706481899659094e-05,
    3.058420417177683e-05,
    3.266534399574597e-05,
    2.8572930345933095e-05,
    3.3051046979243865e-05,
    3.152459767423219e-05
  ],
  "optim_epochs": [
    3,
    2,
    2,
    3,
    2,
    3,
    3,
    3,
    2,
    3,
    2,
    2,
    3,
    3,
    3,
    3,
    2,
    3,
    3,
    2,
    3,
    2,
    2,
    2,
    2,
    3,
    2,
    3,
    3,
    2
  ],
  "optim_stepsize": [
    0.0033856478744777735,
    0.0020940504041232224,
    0.0007002542028501484,
    0.0010577861971332288,
    0.0021794725894884823,
    0.002333759206994133,
    0.0027661725384441637,
    0.0016404874933726148,
    0.0017322549140014467,
    0.0019884569170825674,
    0.0022904588973952002,
    0.0016057441075429696,
    0.001950552111673719,
    0.0013916049994936969,
    0.0015647797515337535,
    0.0017968483850292981,
    0.0020242826671931237,
    0.00144966368232038,
    0.0012694600250718233,
    0.0017877015021665536,
    0.0018394778675498646,
    0.0019890729912644027,
    0.0016076191991956958,
    0.00149674379761328,
    0.0020519178659312376,
    0.0015053395462552345,
    0.0017277226131652175,
    0.0016285280520284126,
    0.001906052976602484,
    0.001683860600980696
  ],
  "optim_minibatches": [
    2,
    1,
    1,
    1,
    1,
    1,
    1,
    1,
    1,
    1,
    1,
    1,
    1,
    1,
    1,
    1,
    1,
    1,
    1,
    1,
    1,
    1,
    1,
    1,
    1,
    1,
    1,
    1,
    1,
    1
  ],
  "adam_epsilon": [
    1.349806185191242e-05,
    1.7498446815979995e-05,
    1.5561657791045204e-05,
    9.747831199775045e-06,
    2.458466150937626e-05,
    1.2700301266353063e-05,
    1.9697683845049945e-05,
    1.2435128900751659e-05,
    2.452903529514779e-05,
    1.4328667018948649e-05,
    1.4327140296975882e-05,
    2.142811590319543e-05,
    2.6390195518207737e-05,
    1.2471007196518864e-05,
    1.4015474739378231e-05,
    1.939913218434769e-05,
    2.190082404895786e-05,
    1.9919227369921136e-05,
    2.738758004386062e-05,
    2.1588661923400085e-05,
    1.5096309065873054e-05,
    1.8137704327859906e-05,
    1.9232605573266857e-05,
    1.4846025154403681e-05,
    2.0850935291783958e-05,
    1.540783138386417e-05,
    1.6006940349646165e-05,
    1.4654391380696285e-05,
    1.657152310665724e-05,
    1.7062803623431252e-05
  ],
  "schedule": [
    "linear",
    "linear",
    "linear",
    "linear",
    "linear",
    "linear",
    "linear",
    "linear",
    "linear",
    "linear",
    "linear",
    "linear",
    "linear",
    "linear",
    "linear",
    "linear",
    "linear",
    "linear",
    "linear",
    "linear",
    "linear",
    "linear",
    "linear",
    "linear",
    "linear",
    "linear",
    "linear",
    "linear",
    "linear",
    "linear"
  ],
  "num_envs": 4,
  "results_dir_name": "results",
  "storage_dir_name": "storage",
  "train_set": "remaining",
  "eval_set": "remaining",
  "OPENAI_LOG_FORMAT": "csv",
  "walltime_hrs": 0.3,
  "num_checkpoints": 100,
  "eval_ntrajs": 10,
  "eval_nsteps": 200,
  "eval_seed": 12345,
  "looping_tree": {
    "method": "fixed",
    "environment": "fixed",
    "total_timesteps": "fixed",
    "rng_seed": "zip",
    "policy_kwargs": "fixed",
    "gamma": "zip",
    "lam": "zip",
    "timesteps_per_actorbatch": "zip",
    "clip_param": "zip",
    "entcoeff": "zip",
    "optim_epochs": "zip",
    "optim_stepsize": "zip",
    "optim_minibatches": "zip",
    "adam_epsilon": "zip",
    "schedule": "zip"
  }
}