{
  "description": "Hyper-parameter optimization for ppo1 on a low frequency environment",
  "method": "ppo1",
  "environment": "drop_leg_100hz",
  "total_timesteps": 4000000,
  "rng_seed": [
    92000,
    6000,
    55000,
    75000,
    81000,
    32000,
    55000,
    78000,
    90000,
    63000,
    84000,
    8000,
    40000,
    73000,
    3000,
    14000,
    34000,
    33000,
    42000,
    31000,
    8000,
    46000,
    49000,
    9000,
    63000,
    62000,
    58000,
    42000,
    89000,
    70000
  ],
  "policy_kwargs": {
    "net_arch": [
      {
        "vf": [
          64,
          64
        ],
        "pi": [
          64,
          64
        ]
      }
    ]
  },
  "gamma": [
    0.9998324168471822,
    0.9867065837462418,
    0.9969481802427511,
    0.38510922893241806,
    0.9971339648990221,
    0.9922758191630423,
    0.9997926341404576,
    0.370260647854769,
    0.9285238095656158,
    0.9728539179183466,
    0.980248352597428,
    0.9698088014054795,
    0.8220609736123137,
    0.6347243252017721,
    0.940831250454561,
    0.9720888081420667,
    0.9651352918129035,
    0.9667645481574686,
    0.8990565257777487,
    0.8949678647419191,
    0.9563357280946052,
    0.9932426790488454,
    0.7695767643217375,
    0.969014130479764,
    0.9076423643143717,
    0.9792450269275432,
    0.893895740831353,
    0.9701713382610618,
    0.8636596104992376,
    0.8235849294630152
  ],
  "lam": [
    0.9988857960489095,
    0.9997663026708241,
    0.8663221895873694,
    0.9997835973338002,
    0.9982951194360006,
    0.9996967596176093,
    0.9997873029947256,
    0.9989547907863595,
    0.9995299280706255,
    0.9992816471044496,
    0.9996345835750143,
    0.9990050386164643,
    0.9971114047654631,
    0.9997607534845133,
    0.7456575053067995,
    0.9984586775991563,
    0.9559147742957531,
    0.614580535877118,
    0.9630384063978132,
    0.743626517763398,
    0.9085912707341864,
    0.9509452597789839,
    0.9766886274815967,
    0.8142738456561791,
    0.9939226782841455,
    0.9601625165133838,
    0.49790595200716625,
    0.6623053239912242,
    0.8256258599715622,
    0.7895724273728519
  ],
  "timesteps_per_actorbatch": [
    8084,
    76,
    14411,
    9210,
    134,
    8010,
    187,
    5313,
    15876,
    7774,
    4054,
    8002,
    7171,
    9799,
    143,
    902,
    437,
    205,
    417,
    182,
    328,
    208,
    164,
    110,
    5351,
    82,
    374,
    592,
    132,
    522
  ],
  "clip_param": [
    42.584902012874494,
    0.4092186877931196,
    25.466825111127207,
    0.020115253010598886,
    0.05001650165319128,
    113.95053816726372,
    0.05282531010690219,
    0.28373799522540216,
    0.07608214892351196,
    3.4445953151925433,
    0.46704740652314203,
    0.05652716423982516,
    0.47783622271490933,
    0.34233881553182505,
    0.30898589688017175,
    0.15920719981082865,
    0.19758366791900228,
    4.910204128624743,
    0.7389730522259184,
    0.03373497817610109,
    0.8028482799858095,
    0.4187686216111767,
    0.02083198241384913,
    1.061696858972656,
    0.295946144413367,
    0.8326441628298497,
    0.1363937737615013,
    0.4073751394640597,
    0.4560237682317879,
    0.39959263567078235
  ],
  "entcoeff": [
    9.055695375269836e-06,
    0.0009384907553870336,
    1.5858916996505594e-06,
    7.540628987973513e-05,
    2.0136647181963312e-06,
    4.4470882682031985e-08,
    9.609111288542008e-06,
    0.0001454446884844148,
    0.0007630186814128099,
    5.9071458467112735e-05,
    3.63222689361836e-06,
    2.136455711125907e-05,
    1.295521536830326e-06,
    1.3816012848820376e-05,
    3.888836649126907e-06,
    4.6254551610428105e-05,
    1.2611063654362604e-05,
    1.7723156431974944e-05,
    1.2587263190312475e-05,
    2.6101755349917874e-05,
    2.0340050537116218e-05,
    1.774785386694888e-05,
    4.085788020545225e-05,
    4.110923751867334e-05,
    6.606377165502334e-06,
    7.460521099939429e-05,
    0.00013233393183423984,
    3.473524029771832e-05,
    1.7812905779440938e-05,
    3.6445250167197404e-05
  ],
  "optim_epochs": [
    17,
    97,
    92,
    28,
    82,
    105,
    2,
    60,
    78,
    66,
    121,
    67,
    120,
    16,
    3,
    82,
    5,
    1,
    1,
    4,
    2,
    7,
    2,
    23,
    28,
    1,
    11,
    17,
    8,
    10
  ],
  "optim_stepsize": [
    0.005431909381065928,
    0.09110299565410572,
    0.00013505547885879374,
    0.07250395490121697,
    0.010471828172677097,
    0.000659454486853047,
    1.672389577564987e-05,
    1.1098755894707185e-05,
    0.0001893831946193601,
    0.0005657766804632513,
    1.5102691865758971e-05,
    0.0012146219133475653,
    0.0029841766697726096,
    0.00015678240655136785,
    0.0043598657908461335,
    0.0003870196859340943,
    8.669528709395703e-05,
    0.0007046940964030582,
    0.0009039501200838867,
    0.0001382217663421273,
    0.0003510121160816478,
    0.0002758537667345248,
    0.0007620396102040834,
    0.004997458113213037,
    0.000249820441851382,
    0.0008004722767742408,
    0.0018794689634945314,
    0.0010308528712302855,
    0.023411804304695825,
    0.0005490741574907521
  ],
  "optim_minibatches": [
    42,
    27,
    42,
    19,
    7,
    16,
    1,
    55,
    43,
    5,
    18,
    20,
    46,
    14,
    1,
    29,
    1,
    1,
    1,
    1,
    5,
    2,
    2,
    1,
    12,
    6,
    3,
    2,
    5,
    4
  ],
  "adam_epsilon": [
    2.219836857443756e-05,
    3.7189633721988364e-05,
    3.4695250550823326e-05,
    9.501007096256697e-07,
    1.2703062541331356e-08,
    6.486053201827999e-07,
    1.3156255643957581e-08,
    2.6011083147952062e-06,
    1.0305510662320398e-07,
    3.02743532201114e-08,
    9.793724800420535e-07,
    1.3212477370327071e-06,
    3.026624614030268e-08,
    1.7387858781515926e-07,
    1.8909744056489942e-05,
    9.723505189655945e-08,
    7.778240220120109e-05,
    8.92080158210502e-05,
    2.80365511235674e-05,
    1.5174810375847528e-06,
    4.8487380807166235e-05,
    4.259076913280083e-06,
    5.2550380030509174e-05,
    1.0799445663785316e-05,
    1.3457471288075186e-06,
    1.7796202312819838e-05,
    1.861897521817866e-05,
    5.997919566221965e-06,
    6.625724046980081e-06,
    1.6744618807513244e-05
  ],
  "schedule": [
    "linear",
    "linear",
    "linear",
    "linear",
    "linear",
    "linear",
    "linear",
    "linear",
    "linear",
    "linear",
    "linear",
    "linear",
    "linear",
    "linear",
    "linear",
    "linear",
    "linear",
    "linear",
    "linear",
    "linear",
    "linear",
    "linear",
    "linear",
    "linear",
    "linear",
    "linear",
    "linear",
    "linear",
    "linear",
    "linear"
  ],
  "num_envs": 4,
  "results_dir_name": "results",
  "storage_dir_name": "storage",
  "train_set": "remaining",
  "eval_set": "remaining",
  "OPENAI_LOG_FORMAT": "csv",
  "walltime_hrs": 0.3,
  "num_checkpoints": 100,
  "eval_ntrajs": 10,
  "eval_nsteps": 200,
  "eval_seed": 12345,
  "looping_tree": {
    "method": "fixed",
    "environment": "fixed",
    "total_timesteps": "fixed",
    "rng_seed": "zip",
    "policy_kwargs": "fixed",
    "gamma": "zip",
    "lam": "zip",
    "timesteps_per_actorbatch": "zip",
    "clip_param": "zip",
    "entcoeff": "zip",
    "optim_epochs": "zip",
    "optim_stepsize": "zip",
    "optim_minibatches": "zip",
    "adam_epsilon": "zip",
    "schedule": "zip"
  }
}