{
  "description": "Hyper-parameter optimization for ppo1 on a low frequency environment",
  "method": "ppo1",
  "environment": "drop_leg_100hz",
  "total_timesteps": 4000000,
  "rng_seed": [
    55000,
    7000,
    62000,
    49000,
    50000,
    35000,
    90000,
    61000,
    28000,
    8000,
    80000,
    50000,
    36000,
    81000,
    52000,
    3000,
    66000,
    83000,
    80000,
    15000,
    49000,
    98000,
    72000,
    86000,
    91000,
    48000,
    68000,
    81000,
    75000,
    7000
  ],
  "policy_kwargs": {
    "net_arch": [
      {
        "vf": [
          64,
          64
        ],
        "pi": [
          64,
          64
        ]
      }
    ]
  },
  "gamma": [
    0.925086816589344,
    0.9814133905362276,
    0.8232614585514046,
    0.9872253196813171,
    0.9845061896092404,
    0.9857429090838746,
    0.9191547420089207,
    0.964767214264795,
    0.9709856192665101,
    0.8920208716468153,
    0.9487813848835049,
    0.9652437698923371,
    0.9406237540061942,
    0.9738269405948994,
    0.9665842562164203,
    0.9037032689562111,
    0.9638855886864918,
    0.9382780899741554,
    0.9514534129382336,
    0.9252370758691462,
    0.9319515297704004,
    0.960207640985431,
    0.9397560610258852,
    0.9511298959965798,
    0.9503914653473695,
    0.9384612020551008,
    0.9568993447256827,
    0.932093179821705,
    0.9472373243929865,
    0.9198150244999569
  ],
  "lam": [
    0.603133692983883,
    0.43493443554121647,
    0.36,
    0.911753379883638,
    0.9378245695012747,
    0.8607224280930352,
    0.4327329224025368,
    0.8325190630352661,
    0.8750192366027155,
    0.6862871200398639,
    0.36,
    0.7076222586257759,
    0.6931107419805463,
    0.81449357890919,
    0.8947447250606175,
    0.872984210874883,
    0.8627692805117384,
    0.5227556634925832,
    0.8617943305395155,
    0.7630633477294898,
    0.8073408832428997,
    0.8545350391437341,
    0.7744519902989262,
    0.8051833004301019,
    0.9076180018171951,
    0.8430644186475016,
    0.7817371464722767,
    0.7122382325651977,
    0.8969401273308613,
    0.716033977461227
  ],
  "timesteps_per_actorbatch": [
    240,
    366,
    248,
    451,
    189,
    253,
    329,
    360,
    352,
    310,
    98,
    171,
    240,
    269,
    274,
    172,
    129,
    166,
    152,
    187,
    245,
    168,
    189,
    108,
    148,
    176,
    148,
    174,
    158,
    159
  ],
  "clip_param": [
    4.264265632109658,
    0.02,
    3.5589497560862187,
    0.10387222248257251,
    0.0890298169178272,
    1.0720404867367015,
    0.10828595676324908,
    1.162842359310244,
    0.10949615195800416,
    0.4710312575842942,
    0.17178073591415852,
    0.34900449174983855,
    0.13296341925153776,
    0.140794129264274,
    0.20744918010542077,
    0.1288203168933955,
    0.1027683326458255,
    0.154919723874286,
    0.3150591277259824,
    0.36529106738078887,
    0.36042204082086554,
    0.3088902405190864,
    0.25502201733510427,
    0.26878925826103994,
    0.16310702153285248,
    0.2493381425739335,
    0.22475997157672872,
    0.24826777929889418,
    0.18336241787880456,
    0.15621722154251716
  ],
  "entcoeff": [
    4.50201456109407e-05,
    2.4264883344216848e-05,
    2.2020764800825517e-05,
    3.2858423753502695e-05,
    6.21466456346845e-05,
    3.120081002251258e-05,
    8.758745559579024e-06,
    5.027913081543553e-05,
    3.8318151219366925e-05,
    5.723366367788539e-05,
    3.32078413549942e-05,
    2.8138384294880336e-05,
    2.413436198575691e-05,
    2.8234311471831482e-05,
    3.404276490182871e-05,
    4.7530857119033694e-05,
    3.349054973660043e-05,
    3.0315026042867065e-05,
    3.3211055236674404e-05,
    2.711069477175053e-05,
    3.90336418433418e-05,
    3.3730649875210284e-05,
    4.784269178159784e-05,
    1.909372134911978e-05,
    3.257314571113981e-05,
    3.6015345983294125e-05,
    3.1162164109569105e-05,
    2.2769069773397826e-05,
    2.2989867149168815e-05,
    3.717045464101415e-05
  ],
  "optim_epochs": [
    5,
    4,
    3,
    3,
    3,
    7,
    9,
    4,
    4,
    4,
    4,
    4,
    4,
    4,
    3,
    3,
    3,
    3,
    3,
    2,
    3,
    4,
    3,
    3,
    2,
    2,
    4,
    2,
    2,
    2
  ],
  "optim_stepsize": [
    0.0011132101144812286,
    0.00032740931374201015,
    0.002379334576827155,
    0.002367460432476692,
    9.596688521757625e-05,
    0.0021436488693130995,
    0.0009123602526450044,
    0.000815686984769645,
    0.0009460968087359252,
    0.0051521183753061115,
    0.0007713342863390732,
    0.001171754862839147,
    0.0018911893025674819,
    0.0018339711312169787,
    0.000847050853957949,
    0.0013827561078234585,
    0.0013764964545492872,
    0.0008567127733079129,
    0.0018711593670906492,
    0.0013703461724157385,
    0.003791282138936936,
    0.002235952146356017,
    0.0012772054670629107,
    0.0013903569019965154,
    0.0014906891199169595,
    0.0014651707427634027,
    0.0019369621327097561,
    0.0025141626697233986,
    0.0009619574817405208,
    0.0016571011733881103
  ],
  "optim_minibatches": [
    1,
    2,
    1,
    2,
    1,
    1,
    1,
    1,
    1,
    1,
    1,
    1,
    1,
    1,
    1,
    1,
    1,
    1,
    1,
    1,
    1,
    1,
    1,
    1,
    1,
    1,
    1,
    1,
    1,
    1
  ],
  "adam_epsilon": [
    0.00010000000000000009,
    4.6685797389537376e-06,
    6.642487312328444e-06,
    4.4819342939041265e-05,
    3.0195166380709086e-06,
    2.2955086056515927e-05,
    7.154259900983436e-06,
    1.7617877225550456e-06,
    1.1186019508106633e-06,
    9.269207792291007e-06,
    1.6227900668033948e-06,
    3.821409671311906e-06,
    2.340062843400077e-06,
    1.062949165019124e-05,
    4.727524797052294e-06,
    4.307702190241084e-06,
    3.074509746812758e-06,
    6.000495064008594e-06,
    7.137150766275107e-06,
    3.184331673617817e-06,
    3.715049889451235e-06,
    2.893922075088523e-06,
    6.775286768418107e-06,
    3.470118960544439e-06,
    3.906197681546437e-06,
    7.840463150914897e-06,
    7.936844711376654e-06,
    3.810802599866878e-06,
    6.365883936395461e-06,
    5.0862317446063795e-06
  ],
  "schedule": [
    "linear",
    "linear",
    "linear",
    "linear",
    "linear",
    "linear",
    "linear",
    "linear",
    "linear",
    "linear",
    "linear",
    "linear",
    "linear",
    "linear",
    "linear",
    "linear",
    "linear",
    "linear",
    "linear",
    "linear",
    "linear",
    "linear",
    "linear",
    "linear",
    "linear",
    "linear",
    "linear",
    "linear",
    "linear",
    "linear"
  ],
  "num_envs": 4,
  "results_dir_name": "results",
  "storage_dir_name": "storage",
  "train_set": "remaining",
  "eval_set": "remaining",
  "OPENAI_LOG_FORMAT": "csv",
  "walltime_hrs": 0.3,
  "num_checkpoints": 100,
  "eval_ntrajs": 10,
  "eval_nsteps": 200,
  "eval_seed": 12345,
  "looping_tree": {
    "method": "fixed",
    "environment": "fixed",
    "total_timesteps": "fixed",
    "rng_seed": "zip",
    "policy_kwargs": "fixed",
    "gamma": "zip",
    "lam": "zip",
    "timesteps_per_actorbatch": "zip",
    "clip_param": "zip",
    "entcoeff": "zip",
    "optim_epochs": "zip",
    "optim_stepsize": "zip",
    "optim_minibatches": "zip",
    "adam_epsilon": "zip",
    "schedule": "zip"
  }
}