{
  "description": "Hyper-parameter optimization for ppo1 on a low frequency environment",
  "method": "ppo1",
  "environment": "drop_leg_100hz",
  "total_timesteps": 4000000,
  "rng_seed": [
    92000,
    79000,
    62000,
    57000,
    12000,
    23000,
    6000,
    8000,
    63000,
    70000,
    27000,
    31000,
    34000,
    1000,
    39000,
    14000,
    81000,
    69000,
    50000,
    23000,
    21000,
    78000,
    4000,
    99000,
    49000,
    14000,
    52000,
    49000,
    67000,
    73000
  ],
  "policy_kwargs": {
    "net_arch": [
      {
        "vf": [
          64,
          64
        ],
        "pi": [
          64,
          64
        ]
      }
    ]
  },
  "gamma": [
    0.5082402487835529,
    0.9990460363401578,
    0.8777187017338721,
    0.9211961597758891,
    0.8266209323188303,
    0.6799895032184757,
    0.7134602204707788,
    0.7530357559033665,
    0.36,
    0.6636098478985886,
    0.9014512699993589,
    0.40846321351415715,
    0.9240963604997985,
    0.8602292094490742,
    0.36,
    0.36,
    0.36,
    0.36,
    0.36,
    0.36,
    0.36,
    0.36,
    0.36,
    0.4994642599062705,
    0.4037678074138249,
    0.7664087328491462,
    0.36,
    0.4721932784721906,
    0.36,
    0.36
  ],
  "lam": [
    0.4748180659750947,
    0.999735827436834,
    0.9995263230803593,
    0.9959580037006965,
    0.9689740321475072,
    0.6568796680300016,
    0.9997556072163981,
    0.9997932038222374,
    0.7990695516623546,
    0.9997225968424278,
    0.9971644704626746,
    0.624241576923875,
    0.995857813480637,
    0.950695095478971,
    0.9811758993435542,
    0.9033551720414675,
    0.9799804077933436,
    0.9637009697577195,
    0.9263435605030428,
    0.9382519613634175,
    0.9659868920515665,
    0.9682014938628931,
    0.9549486887822421,
    0.9274035137450821,
    0.9444884954556059,
    0.9588454407509251,
    0.9314629082802537,
    0.9570431388900629,
    0.9476952928675212,
    0.949932617352543
  ],
  "timesteps_per_actorbatch": [
    296,
    4643,
    16297,
    132,
    14317,
    2751,
    362,
    2817,
    64,
    5283,
    5615,
    175,
    745,
    165,
    592,
    321,
    145,
    159,
    163,
    250,
    450,
    180,
    311,
    184,
    129,
    210,
    225,
    179,
    150,
    256
  ],
  "clip_param": [
    0.023918140017539346,
    3.382501836400904,
    12.717387821189536,
    0.029973910597229723,
    13.135370995251302,
    0.2567717823697046,
    1.01644457187514,
    0.21982200807650126,
    0.02,
    0.022449029463563013,
    0.1679247922490461,
    0.02,
    0.025116832177338892,
    0.040277990251896045,
    0.09463443858158592,
    0.05886608708957808,
    0.07221962530797306,
    0.1034444426051551,
    0.1744244050957945,
    0.044441856768109855,
    0.06317641703830985,
    0.06206689005669524,
    0.10288387522890863,
    0.10197071023144703,
    0.11812685719544229,
    0.1755626946909438,
    0.22262384210313477,
    0.07795186376102756,
    0.1340799998219814,
    0.1145077614364125
  ],
  "entcoeff": [
    1.8185806641381846e-05,
    0.00035264699042733907,
    2.3612670617718262e-07,
    3.7469103874596113e-06,
    9.09459827397041e-06,
    9.876119392634856e-07,
    7.040566972842453e-06,
    1.8543962523200827e-06,
    2.783200902536619e-05,
    2.6969296883040523e-06,
    1.1405324829297929e-05,
    7.788218163261544e-06,
    1.3448099775406047e-06,
    1.1681772270763652e-05,
    1.2482259537238789e-05,
    1.3486692900209263e-05,
    1.119019998203217e-05,
    1.4735941112191431e-05,
    3.1672607440831092e-06,
    2.5006507249039427e-05,
    1.1322971944548949e-05,
    6.254195028116415e-06,
    1.1738751758473699e-05,
    1.7016796495450793e-05,
    2.299354295225402e-05,
    1.6741633344217865e-05,
    1.4976449076314226e-05,
    1.782074869335648e-05,
    8.179931287597968e-06,
    1.7879327643657176e-05
  ],
  "optim_epochs": [
    10,
    13,
    27,
    25,
    21,
    76,
    2,
    3,
    5,
    9,
    6,
    5,
    52,
    3,
    6,
    5,
    5,
    5,
    7,
    6,
    8,
    3,
    5,
    7,
    4,
    5,
    3,
    6,
    6,
    4
  ],
  "optim_stepsize": [
    0.0875649895525518,
    2.204368684071978e-05,
    0.028156361495441592,
    6.94625611792017e-05,
    0.0284501153782218,
    0.012408229629172672,
    2.4657754317826407e-05,
    0.004183603169578653,
    0.0013142400593219525,
    0.00014713445391322687,
    0.00011390751325660043,
    0.000417370444376387,
    2.659037216776084e-05,
    0.002206194139077025,
    0.0005777587975831918,
    0.0010865997263401217,
    0.0008191730953790172,
    0.0006585175356066837,
    0.00045810180325360267,
    0.00026969566337220013,
    0.0005326898777584519,
    0.0012035118698354422,
    0.0004809154064305755,
    0.0007824300771869715,
    0.0007266829134565165,
    0.000392915564010764,
    0.000446336264117731,
    0.0007355180822965922,
    0.0007977901170249174,
    0.0004969554198664305
  ],
  "optim_minibatches": [
    2,
    58,
    20,
    21,
    54,
    9,
    54,
    7,
    1,
    20,
    11,
    3,
    11,
    2,
    2,
    3,
    1,
    3,
    3,
    1,
    3,
    2,
    1,
    2,
    2,
    2,
    2,
    3,
    2,
    2
  ],
  "adam_epsilon": [
    9.25510460593324e-05,
    1.0231995479983532e-08,
    1.1097532680867053e-05,
    1.2684903578666115e-08,
    1.6322666520291515e-07,
    1.0512493689743887e-08,
    3.592513264024004e-08,
    3.735998386369283e-08,
    2.1112819723911756e-05,
    3.0981690180950577e-06,
    2.2606312235137346e-08,
    9.952897321594517e-07,
    3.3310982668065657e-07,
    2.7540532365155494e-06,
    1.439545159740224e-07,
    3.306844867567665e-06,
    4.350607481166851e-06,
    1.0163382849421908e-06,
    3.458546184829004e-06,
    2.0286003295950556e-06,
    1.9463830361091398e-06,
    4.258919869894143e-06,
    2.2518456562193585e-06,
    3.6212770220399035e-06,
    2.0287826020272903e-06,
    2.2636345110569818e-06,
    2.9151636129604386e-06,
    1.1100526351896236e-06,
    1.1741353215905861e-06,
    1.9103129593945635e-06
  ],
  "schedule": [
    "linear",
    "linear",
    "linear",
    "linear",
    "linear",
    "linear",
    "linear",
    "linear",
    "linear",
    "linear",
    "linear",
    "linear",
    "linear",
    "linear",
    "linear",
    "linear",
    "linear",
    "linear",
    "linear",
    "linear",
    "linear",
    "linear",
    "linear",
    "linear",
    "linear",
    "linear",
    "linear",
    "linear",
    "linear",
    "linear"
  ],
  "num_envs": 4,
  "results_dir_name": "results",
  "storage_dir_name": "storage",
  "train_set": "remaining",
  "eval_set": "remaining",
  "OPENAI_LOG_FORMAT": "csv",
  "walltime_hrs": 0.3,
  "num_checkpoints": 100,
  "eval_ntrajs": 10,
  "eval_nsteps": 200,
  "eval_seed": 12345,
  "looping_tree": {
    "method": "fixed",
    "environment": "fixed",
    "total_timesteps": "fixed",
    "rng_seed": "zip",
    "policy_kwargs": "fixed",
    "gamma": "zip",
    "lam": "zip",
    "timesteps_per_actorbatch": "zip",
    "clip_param": "zip",
    "entcoeff": "zip",
    "optim_epochs": "zip",
    "optim_stepsize": "zip",
    "optim_minibatches": "zip",
    "adam_epsilon": "zip",
    "schedule": "zip"
  }
}