{
  "description": "Hyper-parameter optimization for ppo1 on a low frequency environment",
  "method": "ppo1",
  "environment": "drop_leg_100hz",
  "total_timesteps": 4000000,
  "rng_seed": [
    83000,
    57000,
    0,
    50000,
    21000,
    77000,
    40000,
    33000,
    90000,
    62000,
    21000,
    19000,
    86000,
    50000,
    30000,
    39000,
    53000,
    68000,
    14000,
    86000,
    4000,
    69000,
    20000,
    54000,
    45000,
    77000,
    74000,
    60000,
    68000,
    67000
  ],
  "policy_kwargs": {
    "net_arch": [
      {
        "vf": [
          64,
          64
        ],
        "pi": [
          64,
          64
        ]
      }
    ]
  },
  "gamma": [
    0.9844849111639846,
    0.7920759329162783,
    0.9827472109541601,
    0.7532532746967855,
    0.9188551062526064,
    0.6806398877648889,
    0.9871369425563575,
    0.985754487506271,
    0.9726556435385545,
    0.7250351650587672,
    0.9860225544920023,
    0.6590827196649196,
    0.9419384513181548,
    0.9861777982909669,
    0.6926014963145091,
    0.9629231060101937,
    0.8390147340559153,
    0.9482000419415137,
    0.9830400700436225,
    0.940701988414231,
    0.9560404333612736,
    0.8634985460852513,
    0.9416290946037522,
    0.9510481929562644,
    0.9385693257212235,
    0.8668754203411717,
    0.9177168189131675,
    0.9588406160798522,
    0.8868746944638594,
    0.941039824225609
  ],
  "lam": [
    0.9776145455532999,
    0.9763460052466364,
    0.9752546517197012,
    0.40581088134520316,
    0.9583767705003612,
    0.9669994221293021,
    0.7711419628121737,
    0.5293843652882582,
    0.8150495401797784,
    0.8102359336576949,
    0.9596276167002927,
    0.8564563947693727,
    0.8545618155342818,
    0.885714806637694,
    0.9241066625259344,
    0.8977125280856273,
    0.8454726126048631,
    0.9069910412096713,
    0.8167714705205408,
    0.8203873564266531,
    0.8646720796428475,
    0.8943491855528196,
    0.8030783918187729,
    0.7793123687169279,
    0.7554922319121702,
    0.8855863991675946,
    0.8046641681592345,
    0.8876923798533262,
    0.7909763002879009,
    0.8636076407672539
  ],
  "timesteps_per_actorbatch": [
    67,
    278,
    151,
    90,
    92,
    106,
    145,
    184,
    75,
    138,
    98,
    98,
    135,
    124,
    146,
    109,
    132,
    88,
    73,
    121,
    165,
    66,
    77,
    96,
    190,
    123,
    101,
    167,
    136,
    162
  ],
  "clip_param": [
    5.672295838901599,
    5.120072226276182,
    8.329638293212799,
    8.107305359807961,
    9.760786075179674,
    2.740176275203057,
    6.085323460178639,
    1.4838170176353145,
    5.354032762878108,
    2.585211283290487,
    1.4203878683925062,
    0.7189098786623528,
    2.077624666076034,
    1.7825494980247079,
    0.9563013415513723,
    0.7970846782607371,
    0.7274282401581077,
    0.5459707071162351,
    0.6196598622645975,
    0.7170366428813371,
    1.7369258463320147,
    1.1316594956289991,
    0.9311480083664077,
    0.6227791352000932,
    0.7638941581590579,
    1.142702047224862,
    1.2364032112801444,
    1.153145565508661,
    2.623698353006669,
    1.1998065431383496
  ],
  "entcoeff": [
    8.456384907095337e-05,
    1.408352005662994e-05,
    3.3258007652310594e-05,
    8.703527336722657e-05,
    5.6869061341076736e-05,
    1.756682492292632e-05,
    1.654224163890457e-05,
    5.8181263791928084e-05,
    4.494668448444249e-05,
    3.161819100437322e-05,
    3.561578892788124e-05,
    3.0236901048940023e-05,
    2.6235475281694516e-05,
    4.788049533929149e-05,
    2.7800982385338575e-05,
    3.25344870721662e-05,
    2.80425880302586e-05,
    2.760769287295379e-05,
    3.0755699677357135e-05,
    4.635000565910906e-05,
    3.852781279891785e-05,
    4.399442053738274e-05,
    4.6908566914802604e-05,
    3.328176307934126e-05,
    2.814636653421741e-05,
    2.6164399247855624e-05,
    5.560465688349217e-05,
    4.74339176319381e-05,
    3.0333518435657687e-05,
    5.233665049174213e-05
  ],
  "optim_epochs": [
    6,
    2,
    2,
    2,
    5,
    1,
    2,
    4,
    6,
    5,
    1,
    5,
    1,
    1,
    3,
    2,
    2,
    2,
    2,
    1,
    2,
    2,
    3,
    2,
    3,
    2,
    2,
    4,
    1,
    4
  ],
  "optim_stepsize": [
    0.00800982597307608,
    0.010194313186565487,
    0.0005537141528116402,
    0.01029570162807978,
    0.000607430958772456,
    0.0005717919170206683,
    0.010917596994374588,
    0.008669792421867982,
    0.00043134218596368345,
    0.00029437285570865,
    0.007585351616846021,
    0.0004888848863496281,
    0.005185320376617032,
    0.0020949634885208184,
    0.0020918084071332257,
    0.00046946778099664956,
    0.0018166589275564063,
    0.00042317619672471095,
    0.001487471834237544,
    0.002047595742022359,
    0.0005266638983890112,
    0.001187534861909913,
    0.0006865441023569743,
    0.0012295234245747536,
    0.0015071556601864355,
    0.00038749642498382567,
    0.005128466663727753,
    0.0016949826602782115,
    0.0007349361198342197,
    0.001129218273389921
  ],
  "optim_minibatches": [
    2,
    2,
    1,
    2,
    1,
    1,
    1,
    1,
    1,
    1,
    1,
    1,
    1,
    1,
    1,
    1,
    1,
    1,
    1,
    1,
    1,
    1,
    1,
    1,
    1,
    1,
    1,
    1,
    1,
    1
  ],
  "adam_epsilon": [
    2.4759615624584348e-06,
    3.1792455780851085e-06,
    8.051472783532617e-05,
    3.215326187352261e-06,
    2.449821847014191e-06,
    9.268228371473158e-05,
    2.5168743249277232e-05,
    4.861534250044019e-06,
    9.137180014923999e-05,
    7.964004549977687e-05,
    6.039992058207029e-06,
    1.437661294865319e-05,
    4.633210301163369e-06,
    1.8302975647822337e-05,
    1.0224725575432789e-05,
    3.6132044446451676e-06,
    3.991256937816392e-06,
    1.2132443900652327e-05,
    7.342267852439067e-06,
    1.5045101407505264e-05,
    7.983773114171123e-06,
    9.24780915831203e-06,
    8.328442576373968e-06,
    2.3171431697074585e-05,
    2.3564182968449887e-05,
    2.512824635241521e-05,
    1.2614239913465964e-05,
    8.960947310187752e-06,
    1.4750973679182983e-05,
    1.100007113729856e-05
  ],
  "schedule": [
    "linear",
    "linear",
    "linear",
    "linear",
    "linear",
    "linear",
    "linear",
    "linear",
    "linear",
    "linear",
    "linear",
    "linear",
    "linear",
    "linear",
    "linear",
    "linear",
    "linear",
    "linear",
    "linear",
    "linear",
    "linear",
    "linear",
    "linear",
    "linear",
    "linear",
    "linear",
    "linear",
    "linear",
    "linear",
    "linear"
  ],
  "num_envs": 4,
  "results_dir_name": "results",
  "storage_dir_name": "storage",
  "train_set": "remaining",
  "eval_set": "remaining",
  "OPENAI_LOG_FORMAT": "csv",
  "walltime_hrs": 0.3,
  "num_checkpoints": 100,
  "eval_ntrajs": 10,
  "eval_nsteps": 200,
  "eval_seed": 12345,
  "looping_tree": {
    "method": "fixed",
    "environment": "fixed",
    "total_timesteps": "fixed",
    "rng_seed": "zip",
    "policy_kwargs": "fixed",
    "gamma": "zip",
    "lam": "zip",
    "timesteps_per_actorbatch": "zip",
    "clip_param": "zip",
    "entcoeff": "zip",
    "optim_epochs": "zip",
    "optim_stepsize": "zip",
    "optim_minibatches": "zip",
    "adam_epsilon": "zip",
    "schedule": "zip"
  }
}