{
  "description": "Hyper-parameter optimization for ppo1 on a low frequency environment",
  "method": "ppo1",
  "environment": "drop_leg_100hz",
  "total_timesteps": 4000000,
  "rng_seed": [
    51000,
    87000,
    71000,
    64000,
    94000,
    92000,
    1000,
    61000,
    0,
    89000,
    45000,
    40000,
    92000,
    91000,
    36000,
    60000,
    42000,
    58000,
    41000,
    20000,
    30000,
    88000,
    30000,
    28000,
    30000,
    77000,
    82000,
    28000,
    85000,
    93000
  ],
  "policy_kwargs": {
    "net_arch": [
      {
        "vf": [
          64,
          64
        ],
        "pi": [
          64,
          64
        ]
      }
    ]
  },
  "gamma": [
    0.9570522893637836,
    0.8901549660292872,
    0.9451788190673085,
    0.9411476359447407,
    0.9277571686032228,
    0.9310829897217973,
    0.8673319199085814,
    0.9607036668392483,
    0.9400012982045891,
    0.9248936854303507,
    0.8855827990287288,
    0.9354425722667522,
    0.9319408128676824,
    0.9566591227153821,
    0.9285952244346163,
    0.9141695159714731,
    0.912204771620901,
    0.9405106891573939,
    0.9390518223361467,
    0.9149454050379836,
    0.9400207721021714,
    0.9402697560778187,
    0.9194454786776859,
    0.9329230236328596,
    0.9216001506829655,
    0.9354473656700244,
    0.9243648996359713,
    0.9429447891934699,
    0.9334375972288371,
    0.9324017546798219
  ],
  "lam": [
    0.734693328858257,
    0.7040555986048745,
    0.8577866887430965,
    0.7710174124930844,
    0.7435120281997063,
    0.7186342591090764,
    0.8087050440210602,
    0.8344475843738364,
    0.8283754391775818,
    0.8762788042289598,
    0.7335441479236614,
    0.6786346195956318,
    0.7941531756606799,
    0.7775119556110548,
    0.770420058224928,
    0.8078473649620409,
    0.7530259105364361,
    0.8051703605338982,
    0.8456935914596426,
    0.7472473284459832,
    0.7923141030917834,
    0.7506189542423084,
    0.7906060638148151,
    0.7988560274814397,
    0.7638204299613955,
    0.8165808961254925,
    0.7766748926127697,
    0.8176843354520582,
    0.8058395479851767,
    0.8059414263179208
  ],
  "timesteps_per_actorbatch": [
    117,
    96,
    79,
    87,
    86,
    89,
    104,
    150,
    112,
    107,
    109,
    93,
    127,
    127,
    95,
    79,
    132,
    89,
    119,
    96,
    95,
    128,
    88,
    104,
    89,
    81,
    90,
    104,
    108,
    82
  ],
  "clip_param": [
    1.3056704683534264,
    1.916199736729572,
    1.7537139163411477,
    1.8129660486872403,
    0.4383045315483257,
    1.3895756937407862,
    0.6825706793432018,
    1.4269596348228988,
    1.0383126992047678,
    1.3817929575366834,
    1.596305602625177,
    0.7570374086992867,
    1.4581673745449184,
    1.7335405680604687,
    0.7490331265714654,
    1.1248717768107557,
    0.8580551704741384,
    1.14582140431396,
    0.8694751728329231,
    1.1400505088127546,
    1.2881763038167426,
    0.8925716466539136,
    1.2109125103034406,
    1.3451224258717256,
    0.8928183145340878,
    1.0754911269721092,
    1.0542605724355665,
    1.1165169716882573,
    1.005510266238887,
    1.2222445817157512
  ],
  "entcoeff": [
    4.629115532918204e-05,
    3.134637578286293e-05,
    3.5405836103471496e-05,
    3.889933385523234e-05,
    3.807417244981845e-05,
    3.2677529794664145e-05,
    3.4575459769089215e-05,
    3.139752024714016e-05,
    4.0804886609404814e-05,
    3.3932642349372254e-05,
    3.538469825163899e-05,
    4.366157623427575e-05,
    3.632219988984523e-05,
    3.4027676512081257e-05,
    3.200795936668461e-05,
    4.157428330836894e-05,
    3.204160197950736e-05,
    3.792794031170323e-05,
    3.792252994565972e-05,
    3.055765917539593e-05,
    3.0077990050503172e-05,
    3.786272162099571e-05,
    3.4115620041813494e-05,
    3.899774674256656e-05,
    3.343164880060152e-05,
    3.773558218170145e-05,
    3.4623814356609616e-05,
    3.91912062479973e-05,
    3.219796448109969e-05,
    3.8067976169402534e-05
  ],
  "optim_epochs": [
    2,
    2,
    2,
    2,
    2,
    2,
    2,
    2,
    2,
    2,
    2,
    2,
    2,
    2,
    2,
    2,
    2,
    2,
    2,
    2,
    2,
    2,
    2,
    2,
    2,
    2,
    2,
    2,
    2,
    2
  ],
  "optim_stepsize": [
    0.0018076591524407663,
    0.0020511064417788705,
    0.0012590684493940193,
    0.001560802285779857,
    0.0011624925696507834,
    0.001283299001673729,
    0.0012002487597210175,
    0.0013300224410481426,
    0.0011863567369105568,
    0.0012543823688484477,
    0.0010312827382116282,
    0.001620372766405568,
    0.0020208775473504244,
    0.0012710482265477906,
    0.0010534233282894223,
    0.0013325736835549903,
    0.001594286675644863,
    0.0012034223608768384,
    0.0018944765573254238,
    0.0017507921488694224,
    0.0012947244634374721,
    0.0014254433475239087,
    0.0014406214594851697,
    0.0014654505741489834,
    0.0013829966905783832,
    0.0012384922021653685,
    0.0010804801332779594,
    0.0014554286541709816,
    0.0014105626643950422,
    0.0012255360931710249
  ],
  "optim_minibatches": [
    1,
    1,
    1,
    1,
    2,
    2,
    2,
    2,
    1,
    1,
    1,
    2,
    2,
    2,
    1,
    2,
    2,
    2,
    2,
    2,
    1,
    2,
    2,
    1,
    2,
    2,
    2,
    2,
    2,
    1
  ],
  "adam_epsilon": [
    3.209152337492231e-05,
    2.3907005685467972e-05,
    2.547525793041083e-05,
    1.3791204921846685e-05,
    1.97641808355965e-05,
    2.5264669110101013e-05,
    2.924321267074293e-05,
    8.741334904743906e-06,
    3.6187967695872765e-05,
    1.7032546861043623e-05,
    1.3824605101854145e-05,
    1.9857685570488383e-05,
    3.3252434571153e-05,
    2.2485539178795367e-05,
    2.4503675090120947e-05,
    2.0685613863116856e-05,
    2.1467586783955053e-05,
    1.8570918332897292e-05,
    2.9212588914690327e-05,
    2.8835635710473382e-05,
    3.3463322970842326e-05,
    1.700648022360589e-05,
    2.5991240843911115e-05,
    2.3280501595197107e-05,
    2.123022147342652e-05,
    2.3333217173983124e-05,
    1.9318312943432544e-05,
    2.4211373365934526e-05,
    1.8268618597096353e-05,
    2.9098073724659303e-05
  ],
  "schedule": [
    "linear",
    "linear",
    "linear",
    "linear",
    "linear",
    "linear",
    "linear",
    "linear",
    "linear",
    "linear",
    "linear",
    "linear",
    "linear",
    "linear",
    "linear",
    "linear",
    "linear",
    "linear",
    "linear",
    "linear",
    "linear",
    "linear",
    "linear",
    "linear",
    "linear",
    "linear",
    "linear",
    "linear",
    "linear",
    "linear"
  ],
  "num_envs": 4,
  "results_dir_name": "results",
  "storage_dir_name": "storage",
  "train_set": "remaining",
  "eval_set": "remaining",
  "OPENAI_LOG_FORMAT": "csv",
  "walltime_hrs": 0.3,
  "num_checkpoints": 100,
  "eval_ntrajs": 10,
  "eval_nsteps": 200,
  "eval_seed": 12345,
  "looping_tree": {
    "method": "fixed",
    "environment": "fixed",
    "total_timesteps": "fixed",
    "rng_seed": "zip",
    "policy_kwargs": "fixed",
    "gamma": "zip",
    "lam": "zip",
    "timesteps_per_actorbatch": "zip",
    "clip_param": "zip",
    "entcoeff": "zip",
    "optim_epochs": "zip",
    "optim_stepsize": "zip",
    "optim_minibatches": "zip",
    "adam_epsilon": "zip",
    "schedule": "zip"
  }
}