{
  "description": "Hyper-parameter optimization for ppo1 on a low frequency environment",
  "method": "ppo1",
  "environment": "drop_leg_100hz",
  "total_timesteps": 4000000,
  "rng_seed": [
    15000,
    61000,
    47000,
    50000,
    19000,
    37000,
    22000,
    99000,
    70000,
    36000,
    65000,
    85000,
    51000,
    32000,
    85000,
    93000,
    58000,
    90000,
    41000,
    88000,
    41000,
    23000,
    59000,
    32000,
    63000,
    23000,
    14000,
    1000,
    23000,
    63000
  ],
  "policy_kwargs": {
    "net_arch": [
      {
        "vf": [
          64,
          64
        ],
        "pi": [
          64,
          64
        ]
      }
    ]
  },
  "gamma": [
    0.9990266278344214,
    0.9997836738891935,
    0.7682071609319088,
    0.694428569829387,
    0.9979023367143112,
    0.9953476139274252,
    0.8254622983455129,
    0.9475356703222353,
    0.38090301869124144,
    0.9881028090349064,
    0.8717635143885578,
    0.9472604117980983,
    0.41239899912933353,
    0.8754109399429894,
    0.8223041070263132,
    0.7515932578533208,
    0.9121854161775206,
    0.8812961880400911,
    0.956343269384391,
    0.9064222719556146,
    0.9401640908804554,
    0.9091078500783286,
    0.8871900820378326,
    0.904479740828028,
    0.9271921834165169,
    0.9619225156383977,
    0.9169787074738345,
    0.927827387462963,
    0.9355000892539596,
    0.9007674201664982
  ],
  "lam": [
    0.9997356419962999,
    0.8000060253005896,
    0.43513845967449083,
    0.9996429196368161,
    0.9986930264006424,
    0.8240385195872116,
    0.9989115010673065,
    0.9996024627985518,
    0.9826357016655421,
    0.9577345954694697,
    0.7885498383646485,
    0.36,
    0.542977395999072,
    0.5589792168153661,
    0.8433808429887962,
    0.36,
    0.8221476268108396,
    0.5536427863741911,
    0.6682708184506848,
    0.8213502598952845,
    0.6676969605251835,
    0.8078960999271294,
    0.7793878557723628,
    0.6461608393085261,
    0.8792597258748445,
    0.7743795586641196,
    0.7379772151070909,
    0.8938912242054634,
    0.8284843752716067,
    0.6943673413144862
  ],
  "timesteps_per_actorbatch": [
    84,
    180,
    16323,
    89,
    1563,
    120,
    74,
    73,
    180,
    81,
    64,
    80,
    64,
    66,
    64,
    70,
    73,
    64,
    64,
    77,
    64,
    64,
    73,
    97,
    74,
    70,
    94,
    75,
    65,
    64
  ],
  "clip_param": [
    114.84532481159316,
    37.11676176345865,
    110.866423763647,
    0.024904461417422245,
    18.95159234758954,
    8.144625699427602,
    0.28323759758949785,
    6.701214702252318,
    24.803141154004386,
    8.26052933383382,
    0.062436395082415067,
    0.22747807011699145,
    0.14352828653803862,
    0.5560323048608552,
    0.37255669075569414,
    0.23983707109727054,
    0.15548750243350637,
    0.5242858444418741,
    0.44686070299679215,
    0.6884902672557336,
    0.5568268680688205,
    0.45822968358382876,
    0.8578802616301939,
    0.7447624434446825,
    1.256640790190214,
    0.8386310100062764,
    0.7258415607209735,
    1.0192685483264001,
    0.5252600445273158,
    0.751820988901434
  ],
  "entcoeff": [
    0.000179322379261256,
    2.5005150947678506e-05,
    3.0235768603286523e-05,
    2.4468847841893636e-06,
    0.0006358173045445896,
    5.505145273820516e-07,
    6.695793987650263e-06,
    1.2769389519119664e-05,
    1.1617407784324366e-05,
    0.00013494332194163736,
    6.779195300202941e-05,
    2.644343111756901e-05,
    2.191917869568579e-05,
    4.9089574635187216e-05,
    4.292775630913952e-05,
    2.2720546162064636e-05,
    4.2720479035198726e-05,
    2.454436371617644e-05,
    2.9709274932796625e-05,
    4.050850827488627e-05,
    2.6906518654429852e-05,
    4.674584009883891e-05,
    3.713019806465664e-05,
    2.00790916245276e-05,
    2.967679515485859e-05,
    2.3787821408100894e-05,
    4.412155770443487e-05,
    2.916612955933103e-05,
    4.19986814911431e-05,
    2.2929702517437707e-05
  ],
  "optim_epochs": [
    20,
    2,
    5,
    3,
    95,
    1,
    3,
    7,
    3,
    2,
    1,
    1,
    2,
    1,
    2,
    2,
    2,
    3,
    2,
    2,
    2,
    2,
    1,
    2,
    2,
    2,
    2,
    1,
    2,
    1
  ],
  "optim_stepsize": [
    0.0008024510829448957,
    1.7758312683443006e-05,
    2.2720653620825046e-05,
    0.06961205816230444,
    2.666638191170464e-05,
    5.5906282949715534e-05,
    2.5848602750639856e-05,
    0.0119751856193258,
    1.905886168259808e-05,
    1.844106578433165e-05,
    0.0020648000068777725,
    0.0022539287704143717,
    0.004023855204022142,
    0.00046815423279479416,
    0.008283625804711274,
    0.001004890914894994,
    0.0025409664661687737,
    0.0009931905980574765,
    0.002393927627746707,
    0.0013297002666184591,
    0.0013489325545725393,
    0.001696974136577791,
    0.0011944351711722112,
    0.0011064685735476653,
    0.0013601420205584902,
    0.0017993275013546237,
    0.0013274399628412429,
    0.0010180271519984597,
    0.003135293160611037,
    0.0013353230651149232
  ],
  "optim_minibatches": [
    1,
    61,
    40,
    3,
    28,
    38,
    33,
    2,
    10,
    2,
    1,
    1,
    1,
    2,
    1,
    1,
    1,
    1,
    1,
    1,
    1,
    1,
    1,
    1,
    1,
    1,
    1,
    1,
    1,
    1
  ],
  "adam_epsilon": [
    6.268387185063633e-05,
    2.1417549732169137e-05,
    5.74730098970777e-06,
    1.7967888982048757e-05,
    2.804510479687398e-06,
    2.033005222807536e-08,
    3.554367982599396e-05,
    4.115379588216588e-05,
    2.7052769982614797e-07,
    5.5698046414156e-05,
    9.134940613635187e-05,
    7.43232448198402e-05,
    1.230308182745508e-05,
    0.00010000000000000009,
    0.00010000000000000009,
    2.8241257521921135e-05,
    4.5471658842297564e-05,
    5.360038113793992e-05,
    3.323328479898744e-05,
    7.779480635915128e-05,
    2.079506862425624e-05,
    4.4092232561768146e-05,
    2.030741713552533e-05,
    3.835457954507074e-05,
    3.987198578167213e-05,
    2.2767216686380025e-05,
    2.350563420281485e-05,
    3.269159891711955e-05,
    2.684170340283114e-05,
    3.5577004884722186e-05
  ],
  "schedule": [
    "linear",
    "linear",
    "linear",
    "linear",
    "linear",
    "linear",
    "linear",
    "linear",
    "linear",
    "linear",
    "linear",
    "linear",
    "linear",
    "linear",
    "linear",
    "linear",
    "linear",
    "linear",
    "linear",
    "linear",
    "linear",
    "linear",
    "linear",
    "linear",
    "linear",
    "linear",
    "linear",
    "linear",
    "linear",
    "linear"
  ],
  "num_envs": 4,
  "results_dir_name": "results",
  "storage_dir_name": "storage",
  "train_set": "remaining",
  "eval_set": "remaining",
  "OPENAI_LOG_FORMAT": "csv",
  "walltime_hrs": 0.3,
  "num_checkpoints": 100,
  "eval_ntrajs": 10,
  "eval_nsteps": 200,
  "eval_seed": 12345,
  "looping_tree": {
    "method": "fixed",
    "environment": "fixed",
    "total_timesteps": "fixed",
    "rng_seed": "zip",
    "policy_kwargs": "fixed",
    "gamma": "zip",
    "lam": "zip",
    "timesteps_per_actorbatch": "zip",
    "clip_param": "zip",
    "entcoeff": "zip",
    "optim_epochs": "zip",
    "optim_stepsize": "zip",
    "optim_minibatches": "zip",
    "adam_epsilon": "zip",
    "schedule": "zip"
  }
}