{
  "description": "Hyper-parameter optimization for ppo1 on a low frequency environment",
  "method": "ppo1",
  "environment": "drop_leg_100hz",
  "total_timesteps": 4000000,
  "rng_seed": [
    8000,
    24000,
    67000,
    87000,
    79000,
    48000,
    10000,
    94000,
    52000,
    98000,
    53000,
    66000,
    98000,
    14000,
    34000,
    24000,
    15000,
    60000,
    58000,
    16000,
    9000,
    93000,
    86000,
    2000,
    27000,
    4000,
    31000,
    1000,
    13000,
    83000
  ],
  "policy_kwargs": {
    "net_arch": [
      {
        "vf": [
          64,
          64
        ],
        "pi": [
          64,
          64
        ]
      }
    ]
  },
  "gamma": [
    0.5395953384353966,
    0.729702526900082,
    0.8899306260100691,
    0.7626181115819303,
    0.5263926587441237,
    0.9767004013531302,
    0.7046333764407677,
    0.5041945817381905,
    0.9726158332473888,
    0.9816081539490418,
    0.637843458764504,
    0.4056872293381347,
    0.4482657401478991,
    0.5278679988738619,
    0.7870664505057103,
    0.6383500610440114,
    0.8949983182168284,
    0.8650731995158665,
    0.8654188760686241,
    0.6837529636177437,
    0.6394829122259185,
    0.8690499744508469,
    0.7205419357055642,
    0.8126230071889704,
    0.8043239220443357,
    0.791777217391785,
    0.7661020474182049,
    0.6493144440118215,
    0.8115084142360237,
    0.6657142013159909
  ],
  "lam": [
    0.9966980493075525,
    0.3717597681108432,
    0.9249562734123721,
    0.9997122472188216,
    0.9923110786180284,
    0.9836776626749828,
    0.6083979177525289,
    0.9997167995077334,
    0.9143594096342973,
    0.999704091711856,
    0.9274036292283481,
    0.8817136546832637,
    0.9551044280394441,
    0.9170725032037325,
    0.9752670131379074,
    0.9002352782791994,
    0.9864412829952487,
    0.9506267363100184,
    0.963873597788699,
    0.9778437170531755,
    0.9710030298563397,
    0.9708971055351668,
    0.9782188993954861,
    0.912358532075391,
    0.9362336819726853,
    0.9447238416227663,
    0.9694096067999131,
    0.976933440765314,
    0.9289480826154574,
    0.9624430725129222
  ],
  "timesteps_per_actorbatch": [
    8162,
    491,
    99,
    300,
    2875,
    264,
    65,
    880,
    214,
    116,
    360,
    89,
    150,
    222,
    217,
    294,
    474,
    196,
    175,
    208,
    117,
    188,
    221,
    160,
    211,
    190,
    131,
    153,
    109,
    232
  ],
  "clip_param": [
    155.1605558405276,
    136.5956985139584,
    1.0050147517407315,
    19.737805849309524,
    0.028801238907503884,
    3.7409262319712817,
    0.034150200699396484,
    0.08225716858793991,
    123.19619523602236,
    5.8709176635172,
    0.48006158649027336,
    31.163525630902317,
    0.15640110958645673,
    1.5160229111514012,
    0.13393819249170877,
    0.21546655373693188,
    0.1999683209018169,
    0.8235145996628889,
    0.15559609914558328,
    0.39983173414859025,
    0.515833194773122,
    0.4942095667932039,
    0.21370175260071997,
    0.40753903841974576,
    0.8065383852301299,
    0.5386095054577431,
    0.41872087586135553,
    0.6888816048908508,
    0.9173321377210429,
    0.6867181181188108
  ],
  "entcoeff": [
    0.00036358806804328794,
    0.0005081297505800701,
    5.3222200237844195e-05,
    3.4663075432806086e-06,
    0.00045609794248760194,
    2.286430797492872e-05,
    0.00011652878504589089,
    0.0006892536503554865,
    9.04724067083627e-05,
    2.326682678401815e-05,
    0.00017061365047994344,
    2.5047059916231664e-05,
    1.4208220636486693e-05,
    8.144835331015431e-05,
    1.5879216087288242e-05,
    3.331483934491579e-05,
    2.82488321169244e-05,
    2.199631672085907e-05,
    5.093259371591545e-05,
    4.3787118489504334e-05,
    4.8758551187739896e-05,
    4.0131619252028534e-05,
    5.501949365126801e-05,
    2.9456230216422745e-05,
    2.2636694716352233e-05,
    2.728600362910532e-05,
    1.9107010961300998e-05,
    4.079444414700434e-05,
    2.914657799142733e-05,
    6.0153963110402795e-05
  ],
  "optim_epochs": [
    4,
    8,
    7,
    32,
    3,
    5,
    59,
    11,
    24,
    15,
    11,
    13,
    6,
    7,
    10,
    6,
    6,
    7,
    6,
    6,
    4,
    8,
    3,
    4,
    5,
    3,
    5,
    6,
    9,
    3
  ],
  "optim_stepsize": [
    1.1273803090651586e-05,
    0.015538554364315203,
    1.1293853039662011e-05,
    0.0965666987776533,
    0.08079023477631438,
    0.00361357538139199,
    0.0030406091983569924,
    0.00015984111618514362,
    1.911905891506414e-05,
    5.363312274017476e-05,
    0.0005152668545491141,
    0.008887113898089109,
    0.0001011971607651567,
    0.0003560184605993655,
    0.004628855889416799,
    0.0008266408683604577,
    0.00023439972559777014,
    0.0012937444384737572,
    0.00047897917073672314,
    0.0019063020624736028,
    0.0002918182413532244,
    0.0005234780640144644,
    0.0006394834094051668,
    0.0006968403702107453,
    0.00023470501664164646,
    0.0005138409341010224,
    0.00017613528484335122,
    0.0013009611818405064,
    0.000702729163859719,
    0.0007211935024019404
  ],
  "optim_minibatches": [
    7,
    16,
    1,
    1,
    2,
    2,
    3,
    2,
    1,
    1,
    2,
    1,
    1,
    1,
    2,
    1,
    1,
    1,
    2,
    1,
    1,
    2,
    2,
    2,
    1,
    1,
    1,
    1,
    2,
    1
  ],
  "adam_epsilon": [
    2.352873103532699e-08,
    1.4412856434754235e-08,
    1.0627186007400033e-08,
    1.5178343687176572e-07,
    2.1584443021521832e-08,
    1.122459785229225e-08,
    4.2291173901776134e-08,
    1.388698718159761e-08,
    3.6030003304108844e-06,
    1.3882074328307017e-07,
    8.703532760266094e-08,
    9.735809891424793e-07,
    4.982600016010028e-07,
    9.645349747956412e-07,
    6.357878692149184e-07,
    1.3873894051473817e-06,
    9.038220148438425e-07,
    4.59566591236851e-07,
    7.110431061015772e-07,
    2.093008735814615e-06,
    1.3727121766426798e-06,
    2.010549059545864e-06,
    1.3451237435440203e-06,
    1.1756150993402072e-06,
    1.6050986090426888e-06,
    8.78820222568294e-07,
    1.1262231871867723e-06,
    1.8731321628965847e-06,
    1.2011451461761563e-06,
    2.013029135574184e-06
  ],
  "schedule": [
    "linear",
    "linear",
    "linear",
    "linear",
    "linear",
    "linear",
    "linear",
    "linear",
    "linear",
    "linear",
    "linear",
    "linear",
    "linear",
    "linear",
    "linear",
    "linear",
    "linear",
    "linear",
    "linear",
    "linear",
    "linear",
    "linear",
    "linear",
    "linear",
    "linear",
    "linear",
    "linear",
    "linear",
    "linear",
    "linear"
  ],
  "num_envs": 4,
  "results_dir_name": "results",
  "storage_dir_name": "storage",
  "train_set": "remaining",
  "eval_set": "remaining",
  "OPENAI_LOG_FORMAT": "csv",
  "walltime_hrs": 0.3,
  "num_checkpoints": 100,
  "eval_ntrajs": 10,
  "eval_nsteps": 200,
  "eval_seed": 12345,
  "looping_tree": {
    "method": "fixed",
    "environment": "fixed",
    "total_timesteps": "fixed",
    "rng_seed": "zip",
    "policy_kwargs": "fixed",
    "gamma": "zip",
    "lam": "zip",
    "timesteps_per_actorbatch": "zip",
    "clip_param": "zip",
    "entcoeff": "zip",
    "optim_epochs": "zip",
    "optim_stepsize": "zip",
    "optim_minibatches": "zip",
    "adam_epsilon": "zip",
    "schedule": "zip"
  }
}