{
  "description": "Hyper-parameter optimization for ppo1 on a low frequency environment",
  "method": "ppo1",
  "environment": "drop_leg_100hz",
  "total_timesteps": 4000000,
  "rng_seed": [
    75000,
    85000,
    65000,
    14000,
    11000,
    78000,
    72000,
    90000,
    72000,
    47000,
    65000,
    61000,
    72000,
    51000,
    88000,
    28000,
    57000,
    20000,
    13000,
    36000,
    33000,
    7000,
    51000,
    97000,
    60000,
    51000,
    92000,
    44000,
    68000,
    51000
  ],
  "policy_kwargs": {
    "net_arch": [
      {
        "vf": [
          64,
          64
        ],
        "pi": [
          64,
          64
        ]
      }
    ]
  },
  "gamma": [
    0.9866748063797022,
    0.9854157130781848,
    0.9823399165478892,
    0.9762874285268115,
    0.655549009534296,
    0.762050072955552,
    0.810945643404312,
    0.9438563794843015,
    0.9501367461225827,
    0.9547813824257082,
    0.9669342808277788,
    0.9518500756062346,
    0.9704563590040449,
    0.8883739427774466,
    0.9404663733752262,
    0.9361425511263495,
    0.9230704387225245,
    0.9274296387230988,
    0.9530190203144914,
    0.9389789664559268,
    0.9655294360759319,
    0.947292774223403,
    0.9469563510450654,
    0.9296145944404786,
    0.9430314674356124,
    0.9481207045549077,
    0.9295939083881712,
    0.9505759886727243,
    0.9243290433907644,
    0.9434822017799257
  ],
  "lam": [
    0.4551936231345288,
    0.6883729584808185,
    0.516266744306838,
    0.4915256600448361,
    0.5301230269012351,
    0.521839028795331,
    0.41751994775765977,
    0.48628133719988453,
    0.5782855148406785,
    0.7014405957366117,
    0.6453265643658572,
    0.9086219826000245,
    0.7765392216857194,
    0.8903656486327922,
    0.83928191718149,
    0.8511753237498403,
    0.7549378657107425,
    0.90062049043814,
    0.813419984288928,
    0.8563696848419692,
    0.8890404117407313,
    0.8452836180030135,
    0.8561653818386574,
    0.8108236220767685,
    0.9104822112724095,
    0.8273364273223337,
    0.8773897115795417,
    0.8252969003359181,
    0.8901179060427474,
    0.8334555290690787
  ],
  "timesteps_per_actorbatch": [
    288,
    78,
    281,
    278,
    178,
    196,
    107,
    80,
    80,
    143,
    154,
    142,
    156,
    171,
    110,
    147,
    139,
    136,
    139,
    142,
    138,
    136,
    164,
    143,
    146,
    140,
    118,
    141,
    141,
    125
  ],
  "clip_param": [
    1.3493094689188834,
    6.452723727999092,
    3.1709003535051616,
    0.2685488698584319,
    0.4170328864145689,
    0.26468129440607036,
    0.5669710503062635,
    3.859009330827756,
    2.13683753728338,
    0.2716058177091034,
    0.34579828768108345,
    0.25575962595255697,
    0.25575962595255697,
    0.25575962595255697,
    0.2875084300231021,
    0.6946870616463574,
    0.25575962595255697,
    0.25575962595255697,
    0.25575962595255697,
    0.25575962595255697,
    0.3019877617173983,
    0.25575962595255697,
    0.25575962595255697,
    0.26815351450839825,
    0.2838490082473867,
    0.26027693051092027,
    0.25575962595255697,
    0.25575962595255697,
    0.26077638830436956,
    0.25575962595255697
  ],
  "entcoeff": [
    1.492326415096061e-05,
    4.16819335441388e-05,
    3.895800120009691e-05,
    1.240913092391455e-05,
    3.184295833942016e-05,
    1.6446682881222853e-05,
    4.038202165500066e-05,
    7.24658279233566e-05,
    3.664907617905033e-05,
    5.414873273593529e-05,
    1.82173981695877e-05,
    2.9336376849861604e-05,
    2.999306902815824e-05,
    2.6673572942644032e-05,
    2.9431388585370366e-05,
    3.0341194319110105e-05,
    2.6344947530745364e-05,
    2.224335846960177e-05,
    2.871856710047552e-05,
    2.4870027962283372e-05,
    2.49003166623094e-05,
    2.943534570165537e-05,
    2.1605246097037545e-05,
    2.987901557857414e-05,
    3.095733208234361e-05,
    2.877411101285923e-05,
    3.060628114028189e-05,
    2.932174545063646e-05,
    2.6535820909372687e-05,
    2.746527333452958e-05
  ],
  "optim_epochs": [
    4,
    1,
    7,
    6,
    5,
    3,
    4,
    2,
    6,
    3,
    1,
    2,
    1,
    2,
    2,
    2,
    2,
    2,
    2,
    2,
    1,
    2,
    1,
    2,
    2,
    2,
    2,
    2,
    2,
    2
  ],
  "optim_stepsize": [
    0.0004981882003976733,
    0.0014190992351354127,
    0.00029327868247488813,
    0.0005919022631495418,
    0.0009418890524240771,
    0.0005021697672313429,
    0.001022396069577781,
    0.0013318113085594079,
    0.0005272343089420532,
    0.0003444012547501585,
    0.001980597552866418,
    0.0007442683888149587,
    0.0010430009012918863,
    0.0012119888070519823,
    0.000998973668628451,
    0.001578187459837723,
    0.001451331993627075,
    0.0011418127548818266,
    0.0011740051202860499,
    0.001028322946220683,
    0.0012934204880626114,
    0.0014718486211954612,
    0.001493864760362787,
    0.00133154687476991,
    0.0013159323924872013,
    0.0010584503978456775,
    0.001077345804214728,
    0.001172622978835434,
    0.0013165581425298228,
    0.0011021444930720452
  ],
  "optim_minibatches": [
    1,
    1,
    2,
    1,
    1,
    1,
    1,
    1,
    1,
    1,
    2,
    1,
    1,
    2,
    2,
    2,
    2,
    1,
    1,
    1,
    2,
    1,
    1,
    1,
    2,
    1,
    1,
    1,
    2,
    1
  ],
  "adam_epsilon": [
    8.104505763436963e-05,
    7.827163321567499e-05,
    6.62145207898492e-06,
    1.947981501145253e-05,
    4.092783688379444e-06,
    2.7401280600297996e-05,
    8.91347248046784e-05,
    8.852631810401414e-05,
    3.7526305821669915e-05,
    3.7775296446898615e-05,
    7.329418140076632e-06,
    2.4152394026085654e-06,
    2.3926037469791163e-06,
    2.705868112427647e-06,
    3.408071379851771e-06,
    2.3926037469791163e-06,
    2.3926037469791163e-06,
    2.3926037469791163e-06,
    2.3926037469791163e-06,
    2.3926037469791163e-06,
    2.3926037469791163e-06,
    3.641913112386155e-06,
    2.3926037469791163e-06,
    2.9290605671902875e-06,
    2.4108024806249227e-06,
    2.3966930289024196e-06,
    2.3926037469791163e-06,
    2.3926037469791163e-06,
    2.3926037469791163e-06,
    2.3926037469791163e-06
  ],
  "schedule": [
    "linear",
    "linear",
    "linear",
    "linear",
    "linear",
    "linear",
    "linear",
    "linear",
    "linear",
    "linear",
    "linear",
    "linear",
    "linear",
    "linear",
    "linear",
    "linear",
    "linear",
    "linear",
    "linear",
    "linear",
    "linear",
    "linear",
    "linear",
    "linear",
    "linear",
    "linear",
    "linear",
    "linear",
    "linear",
    "linear"
  ],
  "num_envs": 4,
  "results_dir_name": "results",
  "storage_dir_name": "storage",
  "train_set": "remaining",
  "eval_set": "remaining",
  "OPENAI_LOG_FORMAT": "csv",
  "walltime_hrs": 0.3,
  "num_checkpoints": 100,
  "eval_ntrajs": 10,
  "eval_nsteps": 200,
  "eval_seed": 12345,
  "looping_tree": {
    "method": "fixed",
    "environment": "fixed",
    "total_timesteps": "fixed",
    "rng_seed": "zip",
    "policy_kwargs": "fixed",
    "gamma": "zip",
    "lam": "zip",
    "timesteps_per_actorbatch": "zip",
    "clip_param": "zip",
    "entcoeff": "zip",
    "optim_epochs": "zip",
    "optim_stepsize": "zip",
    "optim_minibatches": "zip",
    "adam_epsilon": "zip",
    "schedule": "zip"
  }
}