{
  "description": "Hyper-parameter optimization for ppo1 on a low frequency environment",
  "method": "ppo1",
  "environment": "drop_leg_100hz",
  "total_timesteps": 4000000,
  "rng_seed": [
    58000,
    1000,
    1000,
    66000,
    51000,
    86000,
    0,
    63000,
    93000,
    30000,
    10000,
    99000,
    42000,
    17000,
    99000,
    61000,
    21000,
    89000,
    2000,
    11000,
    64000,
    75000,
    84000,
    6000,
    57000,
    24000,
    68000,
    96000,
    92000,
    42000
  ],
  "policy_kwargs": {
    "net_arch": [
      {
        "vf": [
          64,
          64
        ],
        "pi": [
          64,
          64
        ]
      }
    ]
  },
  "gamma": [
    0.9872964867432856,
    0.9317996954747548,
    0.9014358544595072,
    0.9829074169015548,
    0.7019894297401438,
    0.6703156102055035,
    0.9826238369939814,
    0.9651924145503029,
    0.9787768283759005,
    0.9077558193835822,
    0.8047860425432168,
    0.9873704216266949,
    0.7174276974005992,
    0.9086999697753584,
    0.8998083829480252,
    0.9111604429597621,
    0.963178790016422,
    0.9277404137668654,
    0.8990106997194167,
    0.92215681084699,
    0.916712884168854,
    0.9500014820031367,
    0.9431721897184706,
    0.9154839584814756,
    0.932699972901077,
    0.9137703902104158,
    0.9327124471100635,
    0.9309228328347713,
    0.935188926805065,
    0.9293054078107058
  ],
  "lam": [
    0.9500592722577249,
    0.9763605312964547,
    0.38753407353290303,
    0.9743265844545858,
    0.9117369838008782,
    0.6491454099741165,
    0.4180147134458394,
    0.6277528250692361,
    0.9607071561368307,
    0.9767184656023862,
    0.9726558898091087,
    0.8757236896028178,
    0.9676065393384874,
    0.9617916984776697,
    0.9002383106549606,
    0.917046259945602,
    0.8283351111198562,
    0.8849062602927544,
    0.7742151067895578,
    0.8218759037402761,
    0.8869284276705499,
    0.8755568895933217,
    0.8391797884579378,
    0.8764293014036579,
    0.8293383977231493,
    0.8786369161725045,
    0.8693617181790694,
    0.8721578192849498,
    0.870469066243003,
    0.8716453813252247
  ],
  "timesteps_per_actorbatch": [
    271,
    166,
    256,
    209,
    68,
    131,
    160,
    73,
    101,
    200,
    159,
    76,
    129,
    95,
    112,
    124,
    96,
    96,
    119,
    122,
    125,
    109,
    113,
    102,
    122,
    103,
    120,
    120,
    119,
    118
  ],
  "clip_param": [
    0.25803482643781533,
    9.456925600019556,
    8.377768302584434,
    0.6913821197037464,
    9.968514557789906,
    10.005381332240418,
    7.969717669500869,
    6.6509487520691275,
    3.2864869036885813,
    0.6108266226755396,
    0.2769239755418558,
    1.0158008307289546,
    3.8324129548405197,
    9.132464973936315,
    1.700585872049558,
    1.33968068457628,
    0.8275644408282329,
    0.6707294457985308,
    1.4965366969960172,
    1.3691644315947817,
    0.8494811210510178,
    1.4860650460443416,
    0.6178455471428129,
    0.7676751987451956,
    1.1773426048816864,
    1.1502483470787632,
    1.0584059270891428,
    1.0220768147040276,
    1.430952238745602,
    1.4911657047159332
  ],
  "entcoeff": [
    4.6900893156881524e-05,
    5.287991349980162e-05,
    1.607686512167198e-05,
    3.452025677064987e-05,
    1.3753976852105621e-05,
    2.1988005879768494e-05,
    5.199770048867356e-05,
    2.395628872189171e-05,
    1.7810229030221634e-05,
    3.652006203244989e-05,
    2.7391757644267137e-05,
    2.5096461818026825e-05,
    5.3898142405466425e-05,
    3.98915480879173e-05,
    3.396088156055587e-05,
    2.620110373203887e-05,
    4.1149108859691154e-05,
    3.389285131861484e-05,
    3.54337735640086e-05,
    3.770752611348951e-05,
    3.361663891319143e-05,
    3.486344395357664e-05,
    3.50771771823936e-05,
    3.93427982452203e-05,
    3.0018346704879774e-05,
    3.6955735584513705e-05,
    3.374257065653995e-05,
    3.754820440133581e-05,
    3.0618441707248066e-05,
    3.9852708149881024e-05
  ],
  "optim_epochs": [
    6,
    4,
    4,
    2,
    1,
    5,
    3,
    5,
    3,
    5,
    2,
    2,
    2,
    2,
    2,
    2,
    2,
    2,
    2,
    2,
    3,
    2,
    2,
    2,
    2,
    2,
    2,
    2,
    2,
    2
  ],
  "optim_stepsize": [
    0.00029778111457041875,
    0.007631990667666687,
    0.009689622747975246,
    0.003268708758272508,
    0.007701839948266691,
    0.0006169182051173975,
    0.0018313952760141388,
    0.0008551565693620402,
    0.0013098407939741838,
    0.009932663270390154,
    0.001965186727359621,
    0.009620856459716384,
    0.0009024509117075,
    0.0029413948734503606,
    0.0012493991746981127,
    0.0006461763824033856,
    0.002413507421349528,
    0.0008369322923889742,
    0.0022256220087485856,
    0.0009686882308952683,
    0.0009632270297603961,
    0.0019152610332514926,
    0.001868674883333009,
    0.0019022169769109328,
    0.0013742252660727916,
    0.0015618093940237658,
    0.0018742797429150237,
    0.0013050851719127441,
    0.0016620319176850128,
    0.0014279998270275121
  ],
  "optim_minibatches": [
    2,
    2,
    1,
    1,
    1,
    2,
    1,
    1,
    1,
    1,
    2,
    1,
    1,
    1,
    1,
    1,
    1,
    1,
    1,
    1,
    1,
    1,
    1,
    1,
    1,
    1,
    1,
    1,
    1,
    1
  ],
  "adam_epsilon": [
    9.099726205716122e-05,
    7.130472677493417e-05,
    6.3246538918105e-05,
    9.141424530351545e-05,
    3.607808039855779e-05,
    4.575918607345693e-06,
    1.4566899358905088e-05,
    2.412873475374799e-06,
    3.3522650207149935e-06,
    3.021267971066703e-06,
    4.981584191861241e-05,
    6.100919711196824e-05,
    7.72244570366215e-06,
    6.617517504724869e-06,
    4.961634230182625e-06,
    1.0000570468761421e-05,
    9.696073586786575e-06,
    1.0219627625154539e-05,
    5.508081329569311e-06,
    1.0998904774417853e-05,
    1.4197201851937322e-05,
    8.912775501578541e-06,
    1.4245337017652035e-05,
    1.2013012077856437e-05,
    9.40851978317062e-06,
    1.5618346104070935e-05,
    1.4943703766731419e-05,
    1.6942285812689994e-05,
    1.1946045105914286e-05,
    1.2937886716905858e-05
  ],
  "schedule": [
    "linear",
    "linear",
    "linear",
    "linear",
    "linear",
    "linear",
    "linear",
    "linear",
    "linear",
    "linear",
    "linear",
    "linear",
    "linear",
    "linear",
    "linear",
    "linear",
    "linear",
    "linear",
    "linear",
    "linear",
    "linear",
    "linear",
    "linear",
    "linear",
    "linear",
    "linear",
    "linear",
    "linear",
    "linear",
    "linear"
  ],
  "num_envs": 4,
  "results_dir_name": "results",
  "storage_dir_name": "storage",
  "train_set": "remaining",
  "eval_set": "remaining",
  "OPENAI_LOG_FORMAT": "csv",
  "walltime_hrs": 0.3,
  "num_checkpoints": 100,
  "eval_ntrajs": 10,
  "eval_nsteps": 200,
  "eval_seed": 12345,
  "looping_tree": {
    "method": "fixed",
    "environment": "fixed",
    "total_timesteps": "fixed",
    "rng_seed": "zip",
    "policy_kwargs": "fixed",
    "gamma": "zip",
    "lam": "zip",
    "timesteps_per_actorbatch": "zip",
    "clip_param": "zip",
    "entcoeff": "zip",
    "optim_epochs": "zip",
    "optim_stepsize": "zip",
    "optim_minibatches": "zip",
    "adam_epsilon": "zip",
    "schedule": "zip"
  }
}