{
  "description": "Hyper-parameter optimization for ppo1 on a low frequency environment",
  "method": "ppo1",
  "environment": "drop_leg_100hz",
  "total_timesteps": 4000000,
  "rng_seed": [
    90000,
    55000,
    65000,
    17000,
    78000,
    61000,
    31000,
    72000,
    71000,
    77000,
    17000,
    17000,
    85000,
    41000,
    34000,
    42000,
    18000,
    19000,
    13000,
    55000,
    47000,
    56000,
    10000,
    46000,
    13000,
    2000,
    59000,
    60000,
    14000,
    60000
  ],
  "policy_kwargs": {
    "net_arch": [
      {
        "vf": [
          64,
          64
        ],
        "pi": [
          64,
          64
        ]
      }
    ]
  },
  "gamma": [
    0.594004367042186,
    0.9998370670297562,
    0.9818934430113595,
    0.7974272559249513,
    0.9996682651686892,
    0.9002441554001702,
    0.9625074567531638,
    0.9983773700298239,
    0.9987404603671145,
    0.9918644822126614,
    0.9498152426413176,
    0.9704954672970769,
    0.9213865123338976,
    0.9366188895889085,
    0.8613650412973051,
    0.835019881094105,
    0.9020665625436057,
    0.9130092523621613,
    0.8752360666226603,
    0.9414861762947366,
    0.9281703515743726,
    0.8618555252069799,
    0.8406933498184505,
    0.926155114450831,
    0.904750541087099,
    0.9398930631912726,
    0.8265886147531256,
    0.8977470621365055,
    0.9188058178621493,
    0.9048393025143306
  ],
  "lam": [
    0.9998247932535396,
    0.9997695145604013,
    0.6588417035704022,
    0.9989698012810724,
    0.9978618283039006,
    0.9997699608013453,
    0.9972774128143377,
    0.9635385618438524,
    0.9982230046146106,
    0.9584510094989007,
    0.9998044224039826,
    0.7811290676853778,
    0.7683282701934913,
    0.8482799849488617,
    0.8710687550975709,
    0.9083900667382134,
    0.8265090322887152,
    0.9733013243520013,
    0.9271848024147256,
    0.8790994746111264,
    0.8586416727412144,
    0.9266466617014016,
    0.9498691910349213,
    0.9136917360240819,
    0.8869893537783407,
    0.9466151978272594,
    0.9403632319746309,
    0.9524734701831306,
    0.9013377267146325,
    0.9630233352018811
  ],
  "timesteps_per_actorbatch": [
    11698,
    10851,
    214,
    9936,
    75,
    70,
    548,
    5226,
    10875,
    260,
    145,
    70,
    119,
    110,
    111,
    77,
    119,
    156,
    145,
    126,
    126,
    131,
    113,
    150,
    139,
    122,
    136,
    120,
    125,
    140
  ],
  "clip_param": [
    22.556141379349896,
    35.67683842735932,
    16.972271606950354,
    17.874892035864224,
    22.35834060248732,
    4.381833221115901,
    78.67490985423092,
    0.4367952469505813,
    0.16055424954857073,
    0.4124182310138971,
    0.023001983930084326,
    0.13559280676353377,
    0.09242301045582116,
    1.5199875462113421,
    0.46287222078079726,
    0.2387617504256359,
    0.2745346480820271,
    0.13540188420114035,
    0.22011031515819018,
    0.28052802932390697,
    0.3334320279589313,
    0.7032162296815943,
    0.4371702037828542,
    0.3246428055345225,
    0.4010439512981171,
    0.5000965011869964,
    0.2650955532302738,
    0.28183156584415325,
    0.4074961876209655,
    0.2361912853282509
  ],
  "entcoeff": [
    0.0008133041643041198,
    6.194298204639371e-06,
    0.00016942796927653123,
    4.9758764763974235e-05,
    4.2363055067785646e-08,
    1.0082786822926777e-05,
    2.933943502745156e-05,
    7.189551000090867e-06,
    8.272315671832088e-06,
    3.5761601642211456e-06,
    1.7320970349295276e-05,
    2.5246428964417856e-05,
    4.1771451173867814e-05,
    4.1565943679948027e-05,
    3.3158057129468626e-05,
    3.58862894413637e-05,
    1.6689033047523257e-05,
    2.6900008515167253e-05,
    2.954265105225682e-05,
    3.0936409005766054e-05,
    2.8730847598238332e-05,
    1.9645187085149617e-05,
    2.6383826720728213e-05,
    2.7087945234527545e-05,
    2.9377761241062726e-05,
    2.0547410726383627e-05,
    1.7999363811759874e-05,
    1.530317881416735e-05,
    2.1465783283562264e-05,
    2.969016375106543e-05
  ],
  "optim_epochs": [
    33,
    1,
    1,
    98,
    105,
    125,
    7,
    59,
    118,
    42,
    84,
    4,
    1,
    1,
    1,
    2,
    2,
    2,
    1,
    2,
    2,
    2,
    1,
    2,
    2,
    1,
    2,
    2,
    2,
    2
  ],
  "optim_stepsize": [
    0.00606387317563045,
    0.0023796269123565923,
    0.003904093035013585,
    1.7060771116095354e-05,
    4.186828953262613e-05,
    1.3607775175886033e-05,
    0.00024780769093669496,
    1.914232699349082e-05,
    0.00019751752890408513,
    2.5775157813298524e-05,
    0.00010824101796924557,
    0.0003970887683398745,
    0.0012888194435749295,
    0.00022943414035828802,
    0.001774962827257367,
    0.00029586865622575307,
    0.0006227545588613397,
    0.0012889022902553054,
    0.0008850815685993292,
    0.0019406606778950156,
    0.0009347765170314459,
    0.0006329708236356662,
    0.0011138320772113928,
    0.001875472505062154,
    0.0009330104750764473,
    0.0012451758443909697,
    0.0006159160461976804,
    0.0008119069994660524,
    0.002061715320302488,
    0.0013365805265838709
  ],
  "optim_minibatches": [
    1,
    31,
    63,
    45,
    20,
    11,
    33,
    16,
    17,
    54,
    2,
    1,
    1,
    1,
    1,
    1,
    1,
    1,
    2,
    1,
    1,
    1,
    1,
    1,
    1,
    1,
    1,
    1,
    1,
    1
  ],
  "adam_epsilon": [
    1.0191075002837447e-08,
    1.1093545560920433e-08,
    1.118252954448292e-05,
    4.2134135670290086e-05,
    6.64870890077952e-08,
    1.711849511353101e-05,
    2.5510507719337216e-08,
    2.9439204872864814e-08,
    2.0318338642511165e-07,
    1.317184182376844e-06,
    2.0905614752983003e-05,
    1.9919420551501294e-05,
    3.882554978838432e-06,
    8.703566377704539e-06,
    1.507323593844425e-05,
    7.499347434237542e-06,
    2.3011339612240454e-06,
    1.3742823170166191e-05,
    5.156138440894882e-06,
    2.682586605619748e-06,
    8.9820987434994e-06,
    6.757681492278408e-06,
    5.118956089763073e-06,
    5.0324858657599744e-06,
    6.900245021934111e-06,
    4.535542916678218e-06,
    5.820633143887462e-06,
    3.014893045984911e-06,
    4.228320296551456e-06,
    2.7484837870268507e-06
  ],
  "schedule": [
    "linear",
    "linear",
    "linear",
    "linear",
    "linear",
    "linear",
    "linear",
    "linear",
    "linear",
    "linear",
    "linear",
    "linear",
    "linear",
    "linear",
    "linear",
    "linear",
    "linear",
    "linear",
    "linear",
    "linear",
    "linear",
    "linear",
    "linear",
    "linear",
    "linear",
    "linear",
    "linear",
    "linear",
    "linear",
    "linear"
  ],
  "num_envs": 4,
  "results_dir_name": "results",
  "storage_dir_name": "storage",
  "train_set": "remaining",
  "eval_set": "remaining",
  "OPENAI_LOG_FORMAT": "csv",
  "walltime_hrs": 0.3,
  "num_checkpoints": 100,
  "eval_ntrajs": 10,
  "eval_nsteps": 200,
  "eval_seed": 12345,
  "looping_tree": {
    "method": "fixed",
    "environment": "fixed",
    "total_timesteps": "fixed",
    "rng_seed": "zip",
    "policy_kwargs": "fixed",
    "gamma": "zip",
    "lam": "zip",
    "timesteps_per_actorbatch": "zip",
    "clip_param": "zip",
    "entcoeff": "zip",
    "optim_epochs": "zip",
    "optim_stepsize": "zip",
    "optim_minibatches": "zip",
    "adam_epsilon": "zip",
    "schedule": "zip"
  }
}