{
  "description": "Hyper-parameter optimization for ppo1 on a low frequency environment",
  "method": "ppo1",
  "environment": "drop_leg_100hz",
  "total_timesteps": 4000000,
  "rng_seed": [
    79000,
    38000,
    12000,
    9000,
    27000,
    78000,
    1000,
    96000,
    57000,
    95000,
    56000,
    72000,
    68000,
    91000,
    82000,
    96000,
    74000,
    24000,
    52000,
    3000,
    3000,
    89000,
    51000,
    86000,
    16000,
    25000,
    64000,
    90000,
    73000,
    73000
  ],
  "policy_kwargs": {
    "net_arch": [
      {
        "vf": [
          64,
          64
        ],
        "pi": [
          64,
          64
        ]
      }
    ]
  },
  "gamma": [
    0.9154594741412825,
    0.972219873087721,
    0.9001465577822457,
    0.9206099695762141,
    0.9884672134993833,
    0.9777979813504003,
    0.9304515814289211,
    0.7087506530059233,
    0.9664962846599662,
    0.9284345453434493,
    0.899564115794569,
    0.9273226615163179,
    0.861811350647919,
    0.952678048176596,
    0.8920541484277872,
    0.8958114946111212,
    0.9207722722545562,
    0.9304833388500446,
    0.9216247955408288,
    0.8875256186247198,
    0.9070791373676513,
    0.9045245657458051,
    0.8820446302505356,
    0.8874574446413185,
    0.9281530182701282,
    0.8789445078297747,
    0.8943703674819689,
    0.940796900130947,
    0.8893734045703081,
    0.9134581281039423
  ],
  "lam": [
    0.6276808892113492,
    0.36,
    0.5083148030693952,
    0.922234801994233,
    0.9404025425167386,
    0.5386506774354103,
    0.8023392680974937,
    0.36,
    0.36833344548156743,
    0.7417779754230147,
    0.36,
    0.7686209203241781,
    0.36,
    0.36,
    0.36,
    0.6128033123908665,
    0.8417875219860587,
    0.5563103480108942,
    0.6270427367529425,
    0.7319466727672819,
    0.4347175473940771,
    0.7238613137594647,
    0.7243178600479219,
    0.36,
    0.36,
    0.6861291532490497,
    0.634463909162811,
    0.7399539921780016,
    0.7161070640466609,
    0.7048094092602315
  ],
  "timesteps_per_actorbatch": [
    90,
    64,
    64,
    783,
    66,
    64,
    72,
    64,
    64,
    64,
    64,
    64,
    64,
    64,
    64,
    64,
    64,
    64,
    64,
    64,
    64,
    64,
    64,
    64,
    64,
    64,
    64,
    64,
    64,
    64
  ],
  "clip_param": [
    5.448643119942635,
    5.3059201962349345,
    0.12587683017739643,
    4.362017430807806,
    16.45028897692672,
    13.628885381669052,
    33.457699309671504,
    2.969698951027426,
    5.408591033991258,
    2.6291019437751975,
    2.920614263819284,
    2.8390993335899117,
    1.9243621278281546,
    4.282562857891875,
    2.7138551947551752,
    1.9175657616796116,
    1.3700777840149705,
    1.4276971059785173,
    1.728729446544334,
    1.009833061114945,
    1.414039565295882,
    0.9433050948356957,
    0.9339428167146181,
    0.8821384952421972,
    2.155866716856722,
    0.8097312585766845,
    0.8015307178940718,
    1.2271969078771636,
    1.2781862433217233,
    0.9862705777246499
  ],
  "entcoeff": [
    0.00010460842069525138,
    0.0003303754169826084,
    2.7169339015701542e-05,
    6.415056631530715e-05,
    7.00177222895226e-05,
    9.1438004095903e-05,
    3.80571131387879e-05,
    0.00016893660460224634,
    5.664312030623941e-05,
    9.739803141476332e-05,
    0.00016503131850070164,
    4.492983007361051e-05,
    5.4294471351499504e-05,
    6.618298946459168e-05,
    4.311465434920999e-05,
    9.803890022600405e-05,
    5.3966077357913455e-05,
    6.0739999704040486e-05,
    5.089244563160718e-05,
    4.653454375924295e-05,
    5.909282912177941e-05,
    6.307831548404534e-05,
    4.369542778112736e-05,
    4.636491998681162e-05,
    4.747382175098841e-05,
    3.6300862474152326e-05,
    4.9581030024529085e-05,
    4.0756836700711856e-05,
    4.042269574529835e-05,
    7.51250682978703e-05
  ],
  "optim_epochs": [
    1,
    1,
    2,
    1,
    1,
    2,
    1,
    2,
    1,
    1,
    2,
    1,
    1,
    1,
    1,
    1,
    1,
    1,
    1,
    1,
    1,
    1,
    1,
    1,
    1,
    1,
    1,
    1,
    1,
    1
  ],
  "optim_stepsize": [
    7.712020107030962e-05,
    0.0007774320472530821,
    3.909008844889823e-05,
    0.002206588645178317,
    0.001077737924367613,
    0.00027954717458414315,
    0.00347135078724263,
    0.00039693396985878587,
    0.0024389346781590027,
    0.0004253650507324137,
    0.0016094984170082073,
    0.001098086933881624,
    0.00039699888915259896,
    0.0007919021687975966,
    0.0008966464754366823,
    0.0008695421355521904,
    0.0009346696421718653,
    0.0007186030024304437,
    0.0011470281480588315,
    0.0005666291795187987,
    0.0008376036496307741,
    0.0008067693479899688,
    0.0011558424305060044,
    0.0008511737731768723,
    0.00120046610930341,
    0.0012063904543537865,
    0.0011418158026197643,
    0.0007514788550325801,
    0.0005465345789315446,
    0.0009162338104350054
  ],
  "optim_minibatches": [
    2,
    2,
    2,
    1,
    1,
    2,
    1,
    1,
    1,
    1,
    1,
    2,
    1,
    2,
    2,
    1,
    1,
    2,
    2,
    2,
    1,
    2,
    1,
    2,
    2,
    1,
    2,
    2,
    2,
    1
  ],
  "adam_epsilon": [
    0.00010000000000000009,
    0.00010000000000000009,
    3.0148742184764103e-05,
    0.00010000000000000009,
    5.741177063926257e-05,
    5.6372901582275317e-05,
    0.00010000000000000009,
    0.00010000000000000009,
    0.00010000000000000009,
    0.00010000000000000009,
    0.00010000000000000009,
    0.00010000000000000009,
    0.00010000000000000009,
    3.0926520077351385e-05,
    0.00010000000000000009,
    0.00010000000000000009,
    0.00010000000000000009,
    0.00010000000000000009,
    8.948199418252921e-05,
    0.00010000000000000009,
    0.00010000000000000009,
    0.00010000000000000009,
    0.00010000000000000009,
    0.00010000000000000009,
    0.00010000000000000009,
    0.00010000000000000009,
    0.00010000000000000009,
    0.00010000000000000009,
    0.00010000000000000009,
    0.00010000000000000009
  ],
  "schedule": [
    "linear",
    "linear",
    "linear",
    "linear",
    "linear",
    "linear",
    "linear",
    "linear",
    "linear",
    "linear",
    "linear",
    "linear",
    "linear",
    "linear",
    "linear",
    "linear",
    "linear",
    "linear",
    "linear",
    "linear",
    "linear",
    "linear",
    "linear",
    "linear",
    "linear",
    "linear",
    "linear",
    "linear",
    "linear",
    "linear"
  ],
  "num_envs": 4,
  "results_dir_name": "results",
  "storage_dir_name": "storage",
  "train_set": "remaining",
  "eval_set": "remaining",
  "OPENAI_LOG_FORMAT": "csv",
  "walltime_hrs": 0.3,
  "num_checkpoints": 100,
  "eval_ntrajs": 10,
  "eval_nsteps": 200,
  "eval_seed": 12345,
  "looping_tree": {
    "method": "fixed",
    "environment": "fixed",
    "total_timesteps": "fixed",
    "rng_seed": "zip",
    "policy_kwargs": "fixed",
    "gamma": "zip",
    "lam": "zip",
    "timesteps_per_actorbatch": "zip",
    "clip_param": "zip",
    "entcoeff": "zip",
    "optim_epochs": "zip",
    "optim_stepsize": "zip",
    "optim_minibatches": "zip",
    "adam_epsilon": "zip",
    "schedule": "zip"
  }
}