{
  "description": "Hyper-parameter optimization for ppo1 on a low frequency environment",
  "method": "ppo1",
  "environment": "drop_leg_100hz",
  "total_timesteps": 4000000,
  "rng_seed": [
    81000,
    97000,
    21000,
    74000,
    9000,
    85000,
    91000,
    22000,
    41000,
    76000,
    94000,
    60000,
    3000,
    94000,
    51000,
    99000,
    84000,
    64000,
    98000,
    19000,
    49000,
    73000,
    71000,
    47000,
    84000,
    57000,
    3000,
    74000,
    16000,
    59000
  ],
  "policy_kwargs": {
    "net_arch": [
      {
        "vf": [
          64,
          64
        ],
        "pi": [
          64,
          64
        ]
      }
    ]
  },
  "gamma": [
    0.5780865434905724,
    0.9997366248810688,
    0.9829623670644241,
    0.8872175882798375,
    0.998410406166639,
    0.999591722434361,
    0.999288427399206,
    0.9957900452993983,
    0.9965901993192782,
    0.97753962482185,
    0.9724712688233499,
    0.9904624507779193,
    0.9929080415013775,
    0.9481837970952035,
    0.9839198128950379,
    0.9682778206552097,
    0.9628964250264131,
    0.9395595090202328,
    0.9089639098646107,
    0.9623306901257388,
    0.9664586886432683,
    0.8937920749343423,
    0.9426190151548467,
    0.9150299706958694,
    0.9232487465889774,
    0.9577578086068051,
    0.937512057454218,
    0.9451161573310974,
    0.9602950106600102,
    0.9379294907210132
  ],
  "lam": [
    0.43007339713342907,
    0.9931382792438959,
    0.9928655704130812,
    0.9981515770769319,
    0.9799083932441146,
    0.47808451388515216,
    0.7466228690944767,
    0.9952710645625149,
    0.45519685645412467,
    0.9939113606146737,
    0.9976001958881001,
    0.9828567190814712,
    0.9596669032910714,
    0.9864275920966068,
    0.9690866655014042,
    0.9877704917740618,
    0.9944563090914812,
    0.970701620066739,
    0.9914024642869101,
    0.9857814880357411,
    0.9868952309226999,
    0.9811817028999402,
    0.959461451241899,
    0.9878504546091901,
    0.9792180706995552,
    0.9814834449806448,
    0.991281481583698,
    0.990492453621159,
    0.9805377281175844,
    0.9689201034396248
  ],
  "timesteps_per_actorbatch": [
    2597,
    529,
    1393,
    562,
    1645,
    152,
    622,
    3713,
    483,
    300,
    641,
    318,
    946,
    870,
    368,
    402,
    761,
    561,
    652,
    791,
    662,
    685,
    820,
    530,
    525,
    589,
    475,
    561,
    769,
    617
  ],
  "clip_param": [
    97.64000459127905,
    173.82194644174092,
    5.682812147715209,
    36.13652279838635,
    5.726069265376332,
    0.3521143627767652,
    25.616028591798486,
    0.5150773590417992,
    0.9085449455452808,
    4.53766648624811,
    0.39861370038998456,
    0.045419313516203104,
    0.5698402530535182,
    2.5461003922008247,
    0.2830596094126907,
    0.9118863429971199,
    0.9526639809039237,
    0.5965586561377336,
    0.5658256739502653,
    0.2926964306870179,
    0.29415266637165344,
    0.801408790273597,
    0.30206661752391445,
    0.6577155067534727,
    0.164927087640273,
    0.30293030909353746,
    0.4394199999864514,
    0.4270340007380034,
    0.6109457494957131,
    0.32143982347621286
  ],
  "entcoeff": [
    0.0005807752328040006,
    4.853349819007518e-07,
    0.00031578039299363307,
    2.6253691349641754e-06,
    4.391942191689366e-05,
    7.946254756851285e-06,
    1.982847966636621e-05,
    1.0080892814819268e-05,
    0.00017879983658092684,
    2.4408074815732786e-05,
    3.200358266658571e-05,
    1.964866598616033e-05,
    2.3038361349243115e-05,
    6.773672534247227e-05,
    4.435420036889333e-05,
    1.5502266772606055e-05,
    2.1671804433691314e-05,
    2.7320779024317266e-05,
    3.6478854308278754e-05,
    2.1345719214491788e-05,
    2.3411080821964013e-05,
    1.5077364807730116e-05,
    3.1407928306901075e-05,
    4.1417884791359144e-05,
    2.8564002762099332e-05,
    2.937823137859251e-05,
    2.4163769360733723e-05,
    1.774669472057011e-05,
    2.3121491360532223e-05,
    3.111551175845247e-05
  ],
  "optim_epochs": [
    2,
    2,
    4,
    5,
    3,
    9,
    23,
    4,
    14,
    5,
    8,
    4,
    10,
    7,
    6,
    8,
    6,
    8,
    8,
    7,
    11,
    7,
    9,
    9,
    10,
    9,
    9,
    6,
    6,
    8
  ],
  "optim_stepsize": [
    0.09376006247842489,
    0.05860773821078833,
    0.0889949965438665,
    7.334393234831245e-05,
    3.700276697930538e-05,
    0.003765804455791927,
    0.009652489299961488,
    0.0013729377167297555,
    0.00022562166466421734,
    0.0007059779900631221,
    0.004286592445737777,
    0.00059436662848397,
    0.00030634870878600197,
    0.0003102500393791747,
    0.001209627392743554,
    0.00015226485447137676,
    0.001019352810917759,
    0.000591210814077679,
    0.0016691795485196468,
    0.0008855204440264884,
    0.00024121417445842038,
    0.0005647721333590081,
    0.0005277673196961192,
    0.0002337608096676377,
    0.000544393196388733,
    0.00046049110467037674,
    0.0003729205302368379,
    0.0008431404732834864,
    0.0004353257420427564,
    0.001143063836803603
  ],
  "optim_minibatches": [
    14,
    6,
    1,
    2,
    2,
    4,
    2,
    23,
    3,
    2,
    4,
    5,
    2,
    3,
    3,
    4,
    4,
    5,
    6,
    4,
    4,
    3,
    3,
    4,
    4,
    3,
    3,
    4,
    4,
    5
  ],
  "adam_epsilon": [
    9.334137870462736e-05,
    2.5046034640150364e-07,
    2.881697336869192e-06,
    9.900636828536092e-06,
    6.155491554561669e-07,
    2.1618802015694696e-08,
    1.2201795476957704e-06,
    2.3659626273937237e-07,
    1.1621466096266939e-06,
    1.043005115928663e-06,
    1.4623670311103975e-06,
    5.047062136377617e-07,
    5.714049401561332e-07,
    1.4538367819427895e-05,
    1.5268516493562972e-06,
    1.8269819275375466e-06,
    3.851181842331804e-06,
    5.091670529875716e-06,
    7.952852771420793e-07,
    2.187615389051222e-06,
    1.4752296448229048e-06,
    1.1889831376123175e-06,
    2.455355165267023e-06,
    2.517673602904834e-06,
    1.8448235077878558e-06,
    1.1791482274291484e-06,
    1.8891735309545843e-06,
    2.2127498395683e-06,
    3.900151166247622e-06,
    4.012880001873293e-06
  ],
  "schedule": [
    "linear",
    "linear",
    "linear",
    "linear",
    "linear",
    "linear",
    "linear",
    "linear",
    "linear",
    "linear",
    "linear",
    "linear",
    "linear",
    "linear",
    "linear",
    "linear",
    "linear",
    "linear",
    "linear",
    "linear",
    "linear",
    "linear",
    "linear",
    "linear",
    "linear",
    "linear",
    "linear",
    "linear",
    "linear",
    "linear"
  ],
  "num_envs": 4,
  "results_dir_name": "results",
  "storage_dir_name": "storage",
  "train_set": "remaining",
  "eval_set": "remaining",
  "OPENAI_LOG_FORMAT": "csv",
  "walltime_hrs": 0.3,
  "num_checkpoints": 100,
  "eval_ntrajs": 10,
  "eval_nsteps": 200,
  "eval_seed": 12345,
  "looping_tree": {
    "method": "fixed",
    "environment": "fixed",
    "total_timesteps": "fixed",
    "rng_seed": "zip",
    "policy_kwargs": "fixed",
    "gamma": "zip",
    "lam": "zip",
    "timesteps_per_actorbatch": "zip",
    "clip_param": "zip",
    "entcoeff": "zip",
    "optim_epochs": "zip",
    "optim_stepsize": "zip",
    "optim_minibatches": "zip",
    "adam_epsilon": "zip",
    "schedule": "zip"
  }
}