{
  "description": "Hyper-parameter optimization for ppo1 on a low frequency environment",
  "method": "ppo1",
  "environment": "drop_leg_100hz",
  "total_timesteps": 4000000,
  "rng_seed": [
    22000,
    30000,
    56000,
    93000,
    41000,
    6000,
    16000,
    28000,
    83000,
    86000,
    27000,
    96000,
    13000,
    40000,
    88000,
    60000,
    65000,
    99000,
    7000,
    81000,
    73000,
    51000,
    46000,
    24000,
    88000,
    80000,
    24000,
    82000,
    67000,
    60000
  ],
  "policy_kwargs": {
    "net_arch": [
      {
        "vf": [
          64,
          64
        ],
        "pi": [
          64,
          64
        ]
      }
    ]
  },
  "gamma": [
    0.8581528418207126,
    0.556849866852553,
    0.9189358469594934,
    0.968444136690714,
    0.9364287184657619,
    0.9644608968217577,
    0.8979772624561784,
    0.9282552090046016,
    0.9196532316571486,
    0.9338101984002815,
    0.9200947152158706,
    0.927048553505095,
    0.9581960161470725,
    0.847597584135295,
    0.9261767615734947,
    0.9015963065629482,
    0.907889243782657,
    0.9267606819658815,
    0.9186333821492942,
    0.9117308137760067,
    0.9241398168182211,
    0.8729546705801723,
    0.9277966391589108,
    0.9353677479600747,
    0.9108628886217379,
    0.8907922711364744,
    0.9044232501268035,
    0.9185003045652798,
    0.9100499032427513,
    0.9168392069553845
  ],
  "lam": [
    0.7627211286276544,
    0.9376335583813672,
    0.941957168569382,
    0.8953729727096705,
    0.7097177093301144,
    0.8767688152612539,
    0.7248751598245979,
    0.8636273534193504,
    0.9381153340421455,
    0.8654563130739412,
    0.8754630557626375,
    0.813858669459864,
    0.8848506549994466,
    0.8172487013647234,
    0.83026376215241,
    0.8598432951821218,
    0.8471717656515168,
    0.8292302572977752,
    0.8771432814379333,
    0.9112194970185037,
    0.7956742891944559,
    0.8880436623715704,
    0.872073679406118,
    0.8250047414748947,
    0.8488358453254206,
    0.8988023800140934,
    0.8439291611319953,
    0.8441003057650271,
    0.8789277112329752,
    0.8402615241933213
  ],
  "timesteps_per_actorbatch": [
    137,
    130,
    99,
    111,
    83,
    88,
    122,
    93,
    116,
    99,
    104,
    82,
    81,
    106,
    119,
    112,
    121,
    118,
    86,
    143,
    77,
    96,
    129,
    100,
    129,
    89,
    114,
    116,
    88,
    94
  ],
  "clip_param": [
    0.896503502644986,
    1.859231754153338,
    1.034505474978379,
    0.2543856795919253,
    1.4175537868914188,
    0.8110177530651084,
    0.793347964910605,
    0.4309045835430337,
    1.1516610959097193,
    0.4699867661844307,
    0.9200457046316687,
    0.619870108816452,
    0.6399998814132433,
    0.9442132756359255,
    0.6492077417602451,
    0.6398957948853491,
    1.4216782624826234,
    0.821794830145849,
    0.7669906807902274,
    0.8333583335363738,
    0.8097084613594883,
    0.71021969603428,
    0.9448269609210201,
    0.8946291613274509,
    0.7096143143572757,
    0.8976716744968969,
    0.9910227255645304,
    0.5377116284605508,
    0.894552739471228,
    0.7280410393172349
  ],
  "entcoeff": [
    2.2512395737747175e-05,
    4.568930180075159e-05,
    2.9260610401409005e-05,
    3.833249878469891e-05,
    3.6668473975392804e-05,
    1.8344057756641245e-05,
    3.976861490581706e-05,
    2.55720322606644e-05,
    4.238945875022242e-05,
    3.319609336071088e-05,
    3.281418496846388e-05,
    5.147053207565089e-05,
    3.672173729605476e-05,
    3.3371801362461255e-05,
    3.069704540637208e-05,
    2.9713010362562626e-05,
    3.935624450797866e-05,
    2.3396723980868424e-05,
    2.4974922264126425e-05,
    3.687570273932168e-05,
    3.711821162951691e-05,
    3.904978357355278e-05,
    2.6507828180508576e-05,
    3.6100496381051344e-05,
    4.124601932345159e-05,
    3.933757449603657e-05,
    4.383812766233822e-05,
    3.0616472296041767e-05,
    3.7520840223372784e-05,
    3.742700793878201e-05
  ],
  "optim_epochs": [
    2,
    1,
    2,
    1,
    1,
    1,
    2,
    2,
    2,
    2,
    2,
    2,
    2,
    2,
    1,
    2,
    1,
    2,
    2,
    2,
    2,
    2,
    2,
    2,
    2,
    2,
    2,
    2,
    2,
    1
  ],
  "optim_stepsize": [
    0.0016257028677138699,
    0.0037957115997990943,
    0.004514503611545266,
    0.0025127657756598464,
    0.004406123935434259,
    0.0020999149870764354,
    0.002240935626012352,
    0.0008851028583201628,
    0.00163857050164395,
    0.004673689837565607,
    0.0015977049354255453,
    0.001556363619701781,
    0.002356000268243493,
    0.002716265891550149,
    0.002696545149101394,
    0.0014421407640959245,
    0.001691404592106111,
    0.0017940917782293465,
    0.0018390240258148824,
    0.0025189221475736645,
    0.0014453019794983008,
    0.002172905663661398,
    0.0018728924690656849,
    0.0015554355693509542,
    0.001339062282329887,
    0.001505226938014702,
    0.0015290632069698896,
    0.0026576631450439853,
    0.0016906637650659878,
    0.002043339088118687
  ],
  "optim_minibatches": [
    1,
    1,
    1,
    1,
    1,
    1,
    1,
    1,
    1,
    1,
    1,
    1,
    1,
    1,
    1,
    1,
    1,
    1,
    1,
    1,
    1,
    1,
    1,
    1,
    1,
    1,
    1,
    1,
    1,
    1
  ],
  "adam_epsilon": [
    9.60638984677812e-05,
    3.801078881324717e-05,
    2.3280753620674953e-05,
    2.83966179453706e-05,
    4.472951140034268e-05,
    1.2660416443818117e-05,
    2.935638396153619e-05,
    3.563291280535838e-05,
    1.1175899025561496e-05,
    1.537706021691893e-05,
    2.62431225856342e-05,
    1.204478843781601e-05,
    2.4951102021243886e-05,
    9.402535211951136e-06,
    1.821749028661528e-05,
    1.650361240139045e-05,
    1.3387139664693206e-05,
    8.824039897513284e-06,
    1.7306984704721917e-05,
    1.3624226018716438e-05,
    2.74194092345283e-05,
    1.6016224978825117e-05,
    2.2974582883896407e-05,
    1.735236787280848e-05,
    1.5997145841999924e-05,
    1.8900815150016133e-05,
    1.1340622817883025e-05,
    1.6339286777025193e-05,
    2.608689800633163e-05,
    2.255117170819512e-05
  ],
  "schedule": [
    "linear",
    "linear",
    "linear",
    "linear",
    "linear",
    "linear",
    "linear",
    "linear",
    "linear",
    "linear",
    "linear",
    "linear",
    "linear",
    "linear",
    "linear",
    "linear",
    "linear",
    "linear",
    "linear",
    "linear",
    "linear",
    "linear",
    "linear",
    "linear",
    "linear",
    "linear",
    "linear",
    "linear",
    "linear",
    "linear"
  ],
  "num_envs": 4,
  "results_dir_name": "results",
  "storage_dir_name": "storage",
  "train_set": "remaining",
  "eval_set": "remaining",
  "OPENAI_LOG_FORMAT": "csv",
  "walltime_hrs": 0.3,
  "num_checkpoints": 100,
  "eval_ntrajs": 10,
  "eval_nsteps": 200,
  "eval_seed": 12345,
  "looping_tree": {
    "method": "fixed",
    "environment": "fixed",
    "total_timesteps": "fixed",
    "rng_seed": "zip",
    "policy_kwargs": "fixed",
    "gamma": "zip",
    "lam": "zip",
    "timesteps_per_actorbatch": "zip",
    "clip_param": "zip",
    "entcoeff": "zip",
    "optim_epochs": "zip",
    "optim_stepsize": "zip",
    "optim_minibatches": "zip",
    "adam_epsilon": "zip",
    "schedule": "zip"
  }
}