{
  "description": "Hyper-parameter optimization for ppo1 on a low frequency environment",
  "method": "ppo1",
  "environment": "drop_leg_100hz",
  "total_timesteps": 4000000,
  "rng_seed": [
    3000,
    13000,
    71000,
    40000,
    2000,
    38000,
    27000,
    89000,
    44000,
    11000,
    91000,
    48000,
    58000,
    88000,
    83000,
    20000,
    73000,
    85000,
    42000,
    14000,
    53000,
    90000,
    83000,
    63000,
    41000,
    77000,
    21000,
    37000,
    61000,
    84000
  ],
  "policy_kwargs": {
    "net_arch": [
      {
        "vf": [
          64,
          64
        ],
        "pi": [
          64,
          64
        ]
      }
    ]
  },
  "gamma": [
    0.9998086954763761,
    0.9337849987243103,
    0.7426636984796864,
    0.9537048685955359,
    0.892120103837867,
    0.8714541235038591,
    0.7882108778359374,
    0.7442208116454336,
    0.856551173513299,
    0.8352134584377165,
    0.9747019356070957,
    0.930353786428525,
    0.8937070024374697,
    0.9042326097419272,
    0.9169594123744679,
    0.9618328741301113,
    0.9223210111479667,
    0.9028355635934878,
    0.915711269454152,
    0.957316055812444,
    0.9489419427898373,
    0.9034497752157524,
    0.9506157642797811,
    0.9207560863947406,
    0.9322948732127313,
    0.8905674943319423,
    0.9435666080611248,
    0.9170277665695503,
    0.9569740762139336,
    0.9285844738312106
  ],
  "lam": [
    0.9968953630144645,
    0.5813293929655581,
    0.9803463178563695,
    0.9977801024259919,
    0.8668180277092747,
    0.9929268171024658,
    0.9889102920974877,
    0.999069353025075,
    0.9998255045440733,
    0.4859639374068063,
    0.9041901184010998,
    0.36,
    0.5090568708207484,
    0.666111220204958,
    0.6450672878331601,
    0.6484895205957036,
    0.7941034359840878,
    0.6472705312132938,
    0.6367529450220996,
    0.36,
    0.6458723694925083,
    0.7830407428590576,
    0.4991959973753063,
    0.7720367389139312,
    0.6620178583704038,
    0.8013399089017158,
    0.7593274749155707,
    0.8614598789631835,
    0.7776654503467331,
    0.6967837950965992
  ],
  "timesteps_per_actorbatch": [
    510,
    15947,
    2542,
    4313,
    11457,
    245,
    10303,
    7177,
    71,
    15043,
    64,
    65,
    64,
    64,
    64,
    64,
    64,
    64,
    64,
    64,
    64,
    64,
    65,
    64,
    64,
    64,
    64,
    64,
    64,
    70
  ],
  "clip_param": [
    69.39166791286279,
    131.183302214497,
    95.31246297221794,
    0.1044009387616903,
    0.1970608337144031,
    1.3402375723188809,
    0.1571604203534488,
    33.598357635008576,
    0.05211866914978529,
    0.11274243784678292,
    0.9778653329379252,
    0.649601101713211,
    0.22772795358829287,
    0.3298628541744528,
    1.0721003914222242,
    0.31823018146168675,
    0.2645444072269615,
    0.6456023028372059,
    0.7296313287567732,
    0.5365023128944499,
    0.8129641804007036,
    0.3006490384796237,
    0.564358531362434,
    0.547782609891278,
    0.41462031683722755,
    0.46246082762251545,
    0.42415422312732726,
    0.5548439306310863,
    0.34281444849718484,
    0.5351390273426244
  ],
  "entcoeff": [
    0.000618794193175241,
    4.758086992636725e-05,
    2.3728288689352948e-05,
    6.577836151111505e-06,
    2.456997821878051e-05,
    0.000981124041485323,
    5.6166494927653416e-05,
    7.21586664665458e-06,
    5.6245276627520086e-05,
    9.400039471269314e-06,
    4.734495953388913e-05,
    3.841705570236337e-05,
    3.638515981115469e-05,
    5.4818972404378105e-05,
    3.790431537907979e-05,
    3.1410333613191996e-05,
    4.607576952067707e-05,
    4.334706428808626e-05,
    4.306076836169634e-05,
    6.094515631824484e-05,
    4.9416097982056844e-05,
    3.283367550297974e-05,
    4.685296996821332e-05,
    3.623446317415221e-05,
    3.604549960991539e-05,
    2.570845616735202e-05,
    2.481920524753695e-05,
    3.907147752389099e-05,
    3.0008675041159114e-05,
    5.2175267131579546e-05
  ],
  "optim_epochs": [
    7,
    106,
    126,
    113,
    102,
    59,
    107,
    4,
    3,
    123,
    1,
    1,
    1,
    1,
    1,
    1,
    1,
    1,
    2,
    2,
    1,
    1,
    1,
    1,
    1,
    1,
    1,
    1,
    1,
    1
  ],
  "optim_stepsize": [
    0.00010761696059345402,
    8.38135054798251e-05,
    0.0009176750519595664,
    4.708492569143299e-05,
    1.3675304850205001e-05,
    1.7233486566182875e-05,
    0.000904005761729492,
    3.063434396538611e-05,
    4.4521689604188914e-05,
    1.7130119810661565e-05,
    0.002683270940420967,
    0.004090772968093033,
    0.0016799148310543367,
    0.0015909360628331153,
    0.0018343484460496165,
    0.001606403501656441,
    0.0014477430500972304,
    0.0022256166705168735,
    0.0022932313690610597,
    0.0016716176764104505,
    0.001481178968518052,
    0.0014034836060456328,
    0.0012006174174139608,
    0.0014372370044028547,
    0.0015330382750232286,
    0.001952896391629635,
    0.0011164054899621637,
    0.001788199435605118,
    0.0020959160790273265,
    0.002166415262009018
  ],
  "optim_minibatches": [
    2,
    62,
    6,
    22,
    3,
    4,
    2,
    32,
    4,
    6,
    2,
    2,
    2,
    2,
    2,
    2,
    1,
    1,
    1,
    2,
    1,
    1,
    1,
    2,
    1,
    2,
    1,
    1,
    1,
    1
  ],
  "adam_epsilon": [
    1.5095070126772122e-08,
    2.2187494344605945e-08,
    6.204969876760979e-05,
    9.907518740196893e-05,
    1.0148004353889481e-08,
    1.7076642458773412e-07,
    3.77422480618195e-08,
    4.2915178942834814e-07,
    9.41654121517738e-07,
    3.8591040115197544e-05,
    0.00010000000000000009,
    8.820246992843467e-05,
    2.648667082434042e-05,
    7.812787067331729e-05,
    0.00010000000000000009,
    4.4430010146916944e-05,
    2.8530303541690023e-05,
    7.47842342905277e-05,
    3.548613848415456e-05,
    8.344194355850053e-05,
    4.566296016965107e-05,
    5.546175042520366e-05,
    3.840015188546067e-05,
    0.00010000000000000009,
    0.00010000000000000009,
    4.2930018668061546e-05,
    8.652537721072867e-05,
    4.7661404361566986e-05,
    4.8602508506503743e-05,
    7.491674278357195e-05
  ],
  "schedule": [
    "linear",
    "linear",
    "linear",
    "linear",
    "linear",
    "linear",
    "linear",
    "linear",
    "linear",
    "linear",
    "linear",
    "linear",
    "linear",
    "linear",
    "linear",
    "linear",
    "linear",
    "linear",
    "linear",
    "linear",
    "linear",
    "linear",
    "linear",
    "linear",
    "linear",
    "linear",
    "linear",
    "linear",
    "linear",
    "linear"
  ],
  "num_envs": 4,
  "results_dir_name": "results",
  "storage_dir_name": "storage",
  "train_set": "remaining",
  "eval_set": "remaining",
  "OPENAI_LOG_FORMAT": "csv",
  "walltime_hrs": 0.3,
  "num_checkpoints": 100,
  "eval_ntrajs": 10,
  "eval_nsteps": 200,
  "eval_seed": 12345,
  "looping_tree": {
    "method": "fixed",
    "environment": "fixed",
    "total_timesteps": "fixed",
    "rng_seed": "zip",
    "policy_kwargs": "fixed",
    "gamma": "zip",
    "lam": "zip",
    "timesteps_per_actorbatch": "zip",
    "clip_param": "zip",
    "entcoeff": "zip",
    "optim_epochs": "zip",
    "optim_stepsize": "zip",
    "optim_minibatches": "zip",
    "adam_epsilon": "zip",
    "schedule": "zip"
  }
}