{
  "description": "Hyper-parameter optimization for ppo1 on a low frequency environment",
  "method": "ppo1",
  "environment": "drop_leg_100hz",
  "total_timesteps": 4000000,
  "rng_seed": [
    68000,
    75000,
    11000,
    91000,
    58000,
    47000,
    74000,
    52000,
    26000,
    33000,
    69000,
    37000,
    36000,
    15000,
    85000,
    44000,
    38000,
    38000,
    75000,
    37000,
    0,
    35000,
    34000,
    84000,
    43000,
    75000,
    20000,
    99000,
    18000,
    88000
  ],
  "policy_kwargs": {
    "net_arch": [
      {
        "vf": [
          64,
          64
        ],
        "pi": [
          64,
          64
        ]
      }
    ]
  },
  "gamma": [
    0.9842847834274996,
    0.9820646977131524,
    0.9413144602832347,
    0.975585538796489,
    0.8497323788965121,
    0.9331969409528957,
    0.9888404101654991,
    0.992297810995029,
    0.9588214460618227,
    0.9262602377088788,
    0.979996630979939,
    0.9556319623998661,
    0.9603488709875618,
    0.9617577326979186,
    0.9106898273507384,
    0.9477844074142058,
    0.9343467531891434,
    0.9709308376093148,
    0.9450461351310014,
    0.9461202927584365,
    0.969078083131988,
    0.9710654342448385,
    0.9283521945834292,
    0.9676165991737453,
    0.9621285442273866,
    0.9529038421960874,
    0.9480921430019867,
    0.951922982610123,
    0.9112071373966747,
    0.9239224689432116
  ],
  "lam": [
    0.5727516270738515,
    0.36,
    0.595930494590889,
    0.7788658585973389,
    0.8914372486095736,
    0.3721489758875708,
    0.597420134734423,
    0.7367652516806724,
    0.9434483867423288,
    0.36,
    0.36,
    0.8776642076597087,
    0.760562266416193,
    0.8067795659379025,
    0.6807110998967869,
    0.8366021300858688,
    0.6472697538034717,
    0.8440324592577597,
    0.8375913436759325,
    0.8456072111335962,
    0.7098915810795182,
    0.9085259361103524,
    0.7568935799062869,
    0.8318708814837096,
    0.8547354968389393,
    0.7890893839048074,
    0.7924014218857234,
    0.8113256155085936,
    0.7547323350767652,
    0.8651389698147769
  ],
  "timesteps_per_actorbatch": [
    73,
    238,
    137,
    87,
    85,
    904,
    147,
    97,
    82,
    105,
    112,
    188,
    66,
    152,
    246,
    148,
    114,
    72,
    111,
    92,
    120,
    110,
    125,
    80,
    128,
    126,
    103,
    162,
    146,
    136
  ],
  "clip_param": [
    0.062867626797626,
    0.08002686915296088,
    1.638708489368626,
    0.07656650551737242,
    0.39923515380961033,
    0.1600946698563924,
    1.0322269171913505,
    0.04777593739822375,
    0.0648788575194529,
    0.11113329680154078,
    0.19907543791703733,
    0.14382524282412923,
    0.1822897027564155,
    0.15802094696078284,
    0.33871052119472517,
    0.06541212539206924,
    0.21769394643913764,
    0.09758414566296206,
    0.15076555517854712,
    0.17454195247770643,
    0.18516393324865874,
    0.28220332374785995,
    0.1831559327816836,
    0.13584288023764896,
    0.2126362969926259,
    0.31300968400709883,
    0.09858567600914878,
    0.10594633617652206,
    0.1780910359779174,
    0.24188020856883163
  ],
  "entcoeff": [
    9.398704793022557e-06,
    4.858631766809803e-05,
    1.7362592169039343e-05,
    3.5080141772686794e-05,
    2.311631545554681e-05,
    2.2118803125015196e-05,
    1.7652548916940113e-05,
    1.5855284240448293e-05,
    2.061410586454773e-05,
    2.2429290827680987e-05,
    1.149303491539609e-05,
    3.336025046315377e-05,
    1.6173447366036152e-05,
    2.177114109173782e-05,
    1.5222393616343739e-05,
    2.1476143348851007e-05,
    1.9289841164179344e-05,
    1.9664052459460577e-05,
    2.6095820554972494e-05,
    2.8401464097816704e-05,
    2.396489014881481e-05,
    2.5185492732889413e-05,
    1.6935704593400917e-05,
    1.903865563113018e-05,
    2.106678163318567e-05,
    3.794318544157412e-05,
    3.155234664459745e-05,
    2.7976960679287454e-05,
    1.920290657619506e-05,
    2.296173905516738e-05
  ],
  "optim_epochs": [
    2,
    1,
    1,
    1,
    1,
    1,
    1,
    1,
    1,
    1,
    2,
    2,
    1,
    1,
    1,
    1,
    1,
    2,
    2,
    2,
    2,
    1,
    2,
    2,
    1,
    1,
    2,
    1,
    1,
    2
  ],
  "optim_stepsize": [
    0.035779943385688316,
    0.0022141843223306354,
    0.02236737921396633,
    0.0172355161124693,
    0.042525037524918256,
    0.012242922378488681,
    0.007115199152857195,
    0.001611424173134393,
    0.005241232842047713,
    0.00850854938563312,
    0.0020106751591396806,
    0.014105667751370938,
    0.005027465900375342,
    0.006932920952085934,
    0.005045418408966499,
    0.003741085599294374,
    0.002258177148032785,
    0.003697322198780811,
    0.0030869368788006848,
    0.0039687282400182895,
    0.003366341148544529,
    0.004207345873266868,
    0.009752253088583122,
    0.002985116657740509,
    0.005452934286208905,
    0.0029938140706553627,
    0.003319421149133674,
    0.004781365285018271,
    0.0028574091563442175,
    0.002298785989187201
  ],
  "optim_minibatches": [
    2,
    1,
    2,
    1,
    1,
    2,
    1,
    1,
    1,
    1,
    1,
    1,
    1,
    1,
    1,
    1,
    1,
    1,
    1,
    1,
    1,
    1,
    1,
    1,
    1,
    1,
    1,
    1,
    1,
    1
  ],
  "adam_epsilon": [
    1.2484369085782817e-06,
    1.3286756937410702e-07,
    3.0908318657068e-07,
    2.1346824655726886e-05,
    2.8142249069685407e-06,
    2.1022377296341947e-06,
    2.3724326659432357e-06,
    1.2396149703509866e-06,
    5.452706244814943e-07,
    3.956775456084316e-06,
    6.562023286599917e-06,
    1.769203367817862e-06,
    1.174541671663886e-06,
    6.084423508884001e-06,
    2.6573873443061363e-06,
    1.7363392942235579e-06,
    3.1091467186240272e-06,
    2.791848585017777e-06,
    2.2932288255833755e-06,
    5.244670680412471e-06,
    1.5417630377241124e-06,
    2.9861534723581582e-06,
    2.12159823118772e-06,
    5.141865693338101e-06,
    4.226437161255092e-06,
    2.4665716894200143e-06,
    3.681437572069601e-06,
    2.0865491461152245e-06,
    3.838183842742477e-06,
    1.8250742857994512e-06
  ],
  "schedule": [
    "linear",
    "linear",
    "linear",
    "linear",
    "linear",
    "linear",
    "linear",
    "linear",
    "linear",
    "linear",
    "linear",
    "linear",
    "linear",
    "linear",
    "linear",
    "linear",
    "linear",
    "linear",
    "linear",
    "linear",
    "linear",
    "linear",
    "linear",
    "linear",
    "linear",
    "linear",
    "linear",
    "linear",
    "linear",
    "linear"
  ],
  "num_envs": 4,
  "results_dir_name": "results",
  "storage_dir_name": "storage",
  "train_set": "remaining",
  "eval_set": "remaining",
  "OPENAI_LOG_FORMAT": "csv",
  "walltime_hrs": 0.3,
  "num_checkpoints": 100,
  "eval_ntrajs": 10,
  "eval_nsteps": 200,
  "eval_seed": 12345,
  "looping_tree": {
    "method": "fixed",
    "environment": "fixed",
    "total_timesteps": "fixed",
    "rng_seed": "zip",
    "policy_kwargs": "fixed",
    "gamma": "zip",
    "lam": "zip",
    "timesteps_per_actorbatch": "zip",
    "clip_param": "zip",
    "entcoeff": "zip",
    "optim_epochs": "zip",
    "optim_stepsize": "zip",
    "optim_minibatches": "zip",
    "adam_epsilon": "zip",
    "schedule": "zip"
  }
}