{
  "description": "Hyper-parameter optimization for ppo1 on a low frequency environment",
  "method": "ppo1",
  "environment": "drop_leg_100hz",
  "total_timesteps": 4000000,
  "rng_seed": [
    85000,
    7000,
    56000,
    83000,
    70000,
    99000,
    19000,
    55000,
    32000,
    25000,
    64000,
    70000,
    34000,
    7000,
    62000,
    13000,
    9000,
    52000,
    54000,
    87000,
    90000,
    98000,
    62000,
    63000,
    61000,
    71000,
    78000,
    85000,
    67000,
    92000
  ],
  "policy_kwargs": {
    "net_arch": [
      {
        "vf": [
          64,
          64
        ],
        "pi": [
          64,
          64
        ]
      }
    ]
  },
  "gamma": [
    0.8579517479228976,
    0.9319939657287802,
    0.9580401416810279,
    0.8406436525676697,
    0.8681100011327338,
    0.7009230946977052,
    0.8527011614132779,
    0.722621801710507,
    0.949405296522954,
    0.9583360110567812,
    0.8354177255281772,
    0.9136938962465337,
    0.8937385967426473,
    0.8357350297285729,
    0.8396354886893421,
    0.9214654267299618,
    0.8607543693270088,
    0.9365770859255834,
    0.8909899510678025,
    0.9081664175934919,
    0.8357235438713726,
    0.9201148916920123,
    0.8837398456807293,
    0.9070625376090973,
    0.8976990491529199,
    0.8901371659938855,
    0.9085807295036228,
    0.9052584109978997,
    0.9050430495501085,
    0.9011732860493915
  ],
  "lam": [
    0.9770744391915726,
    0.9521865864645215,
    0.9779091887359486,
    0.9717194280495051,
    0.9523092871855294,
    0.9777405523361423,
    0.9767033256670582,
    0.9773912953513804,
    0.9779091887359486,
    0.9779091887359486,
    0.9779091887359486,
    0.9777082664130539,
    0.9779091887359486,
    0.9779091887359486,
    0.9779091887359486,
    0.9779091887359486,
    0.9779091887359486,
    0.9779091887359486,
    0.9779091887359486,
    0.9779091887359486,
    0.9779091887359486,
    0.9779091887359486,
    0.9779091887359486,
    0.977675250049015,
    0.9779091887359486,
    0.9779091887359486,
    0.9773751871230819,
    0.9759200645374999,
    0.9779091887359486,
    0.9768829402322149
  ],
  "timesteps_per_actorbatch": [
    64,
    64,
    64,
    64,
    64,
    64,
    64,
    64,
    64,
    64,
    64,
    64,
    65,
    66,
    66,
    64,
    64,
    65,
    64,
    64,
    64,
    65,
    64,
    64,
    64,
    64,
    64,
    64,
    66,
    64
  ],
  "clip_param": [
    6.853854543483153,
    2.5880604436906007,
    10.181974102979325,
    9.532990012428556,
    3.757962656355452,
    10.181974102979325,
    3.322032512693925,
    7.1447271309486835,
    5.255183768918667,
    9.558166147886434,
    10.181974102979325,
    9.465392206039853,
    7.681698450086689,
    6.529088305813359,
    10.104601371786737,
    7.560124340302706,
    5.0336627230528554,
    10.181974102979325,
    10.181974102979325,
    10.181974102979325,
    8.919445772543373,
    10.181974102979325,
    8.288248453876339,
    10.181974102979325,
    7.440002508143719,
    10.181974102979325,
    10.181974102979325,
    10.181974102979325,
    10.181974102979325,
    10.181974102979325
  ],
  "entcoeff": [
    9.032204248498166e-06,
    7.851015451869634e-06,
    1.1891979247140912e-05,
    1.6967142535208736e-05,
    1.0833025845191704e-05,
    2.098213134724177e-05,
    1.5526721316402245e-05,
    6.775686843138859e-06,
    8.16580910185179e-06,
    1.5526458708986444e-05,
    8.692231022095008e-06,
    7.88752632429032e-06,
    6.775686843138859e-06,
    1.5939791406467762e-05,
    1.1036407180465796e-05,
    8.595704060992043e-06,
    9.103963016428689e-06,
    1.4612388619776892e-05,
    1.144875373670466e-05,
    1.4624432291645605e-05,
    1.5326204303449018e-05,
    1.2039785231769014e-05,
    1.0715936068024498e-05,
    9.277164426420204e-06,
    1.3642583058037602e-05,
    6.775686843138859e-06,
    1.1771739414513041e-05,
    1.0930110487431338e-05,
    7.434444663100718e-06,
    1.4189745222760668e-05
  ],
  "optim_epochs": [
    4,
    2,
    2,
    3,
    3,
    4,
    4,
    5,
    3,
    4,
    3,
    3,
    4,
    3,
    5,
    4,
    3,
    3,
    4,
    3,
    4,
    4,
    3,
    4,
    4,
    3,
    3,
    4,
    4,
    3
  ],
  "optim_stepsize": [
    0.00046616232413916614,
    0.0002930270190920518,
    0.0006525192693061571,
    0.00029153759499626653,
    0.0009750804895784773,
    0.00029153759499626653,
    0.000505893357568712,
    0.0003587618542059288,
    0.00029153759499626653,
    0.000294779489226598,
    0.0006859950888874244,
    0.00029153759499626653,
    0.00029153759499626653,
    0.000751716301829267,
    0.00029153759499626653,
    0.00029153759499626653,
    0.00029153759499626653,
    0.00037439662424227493,
    0.00029153759499626653,
    0.00035342217559215436,
    0.00029153759499626653,
    0.0003275036853619794,
    0.0003034399567012652,
    0.0004161519371820742,
    0.00033230737011332925,
    0.0003257032547196696,
    0.00029153759499626653,
    0.00029153759499626653,
    0.00029153759499626653,
    0.00035919889364508786
  ],
  "optim_minibatches": [
    2,
    2,
    2,
    2,
    2,
    2,
    2,
    2,
    2,
    2,
    2,
    2,
    2,
    3,
    3,
    2,
    2,
    2,
    2,
    2,
    2,
    2,
    2,
    2,
    3,
    2,
    2,
    2,
    2,
    2
  ],
  "adam_epsilon": [
    6.079682540506018e-06,
    5.257261847357286e-05,
    7.585608572907121e-05,
    9.52512707965554e-05,
    1.6097951423357252e-05,
    1.4473679547316006e-05,
    3.3256715761309734e-05,
    4.797300639947382e-05,
    1.5606399937232138e-05,
    3.595935649308796e-05,
    5.455887974653545e-05,
    5.8048542724839344e-05,
    1.2342636986205147e-05,
    1.4992302366740015e-05,
    2.8329958405564627e-05,
    3.1768513396221916e-05,
    2.2750845638918774e-05,
    1.572522742161301e-05,
    2.3224476066012237e-05,
    3.567114140567145e-05,
    1.4233498664612714e-05,
    2.6052148965055088e-05,
    3.236085783158009e-05,
    2.4875936353214798e-05,
    4.2408852592220726e-05,
    2.3461020441091983e-05,
    2.4617167870673625e-05,
    2.630911504454766e-05,
    2.7123070725378846e-05,
    2.571432826711792e-05
  ],
  "schedule": [
    "linear",
    "linear",
    "linear",
    "linear",
    "linear",
    "linear",
    "linear",
    "linear",
    "linear",
    "linear",
    "linear",
    "linear",
    "linear",
    "linear",
    "linear",
    "linear",
    "linear",
    "linear",
    "linear",
    "linear",
    "linear",
    "linear",
    "linear",
    "linear",
    "linear",
    "linear",
    "linear",
    "linear",
    "linear",
    "linear"
  ],
  "num_envs": 4,
  "results_dir_name": "results",
  "storage_dir_name": "storage",
  "train_set": "remaining",
  "eval_set": "remaining",
  "OPENAI_LOG_FORMAT": "csv",
  "walltime_hrs": 0.3,
  "num_checkpoints": 100,
  "eval_ntrajs": 10,
  "eval_nsteps": 200,
  "eval_seed": 12345,
  "looping_tree": {
    "method": "fixed",
    "environment": "fixed",
    "total_timesteps": "fixed",
    "rng_seed": "zip",
    "policy_kwargs": "fixed",
    "gamma": "zip",
    "lam": "zip",
    "timesteps_per_actorbatch": "zip",
    "clip_param": "zip",
    "entcoeff": "zip",
    "optim_epochs": "zip",
    "optim_stepsize": "zip",
    "optim_minibatches": "zip",
    "adam_epsilon": "zip",
    "schedule": "zip"
  }
}