{
  "description": "Hyper-parameter optimization for ppo1 on a low frequency environment",
  "method": "ppo1",
  "environment": "drop_leg_100hz",
  "total_timesteps": 4000000,
  "rng_seed": [
    4000,
    39000,
    71000,
    63000,
    79000,
    27000,
    69000,
    35000,
    10000,
    41000,
    85000,
    76000,
    94000,
    70000,
    54000,
    98000,
    64000,
    67000,
    60000,
    36000,
    92000,
    93000,
    63000,
    3000,
    77000,
    32000,
    13000,
    87000,
    59000,
    29000
  ],
  "policy_kwargs": {
    "net_arch": [
      {
        "vf": [
          64,
          64
        ],
        "pi": [
          64,
          64
        ]
      }
    ]
  },
  "gamma": [
    0.8937520991660038,
    0.9871960042094888,
    0.9293150115186861,
    0.8802362303391938,
    0.975046907587244,
    0.9822342310324526,
    0.9856935736807758,
    0.9396993466926808,
    0.893141780803032,
    0.9812701727935423,
    0.9554432084688095,
    0.9528954437159052,
    0.9755156306092332,
    0.954946213698855,
    0.9307743501034845,
    0.9602689784043844,
    0.9427259256226385,
    0.9196311351723637,
    0.9162367240268341,
    0.911186438000355,
    0.9423537463744007,
    0.9296980249191517,
    0.9376264078225203,
    0.94355561418527,
    0.9295979383791388,
    0.9415536810649241,
    0.9243601777086707,
    0.9392298501615308,
    0.937473285566857,
    0.9429319261330913
  ],
  "lam": [
    0.9725168104635107,
    0.9759957548708567,
    0.971670826468651,
    0.6938199156417764,
    0.4320029515274826,
    0.7697508893513478,
    0.8739421519626991,
    0.9674307190643469,
    0.6032151360468171,
    0.530576778165663,
    0.40361231264056807,
    0.3846026179331232,
    0.7572078852046393,
    0.5601808019537211,
    0.6345344356117086,
    0.7780848720168614,
    0.7824082628913269,
    0.6710549889008354,
    0.7518745849864272,
    0.7815633416288139,
    0.766554392476082,
    0.838133143780584,
    0.8117614287818004,
    0.7535557070076294,
    0.849354696671041,
    0.8165487099554236,
    0.8180665595248299,
    0.8198977531993411,
    0.8578701797448661,
    0.781535397955414
  ],
  "timesteps_per_actorbatch": [
    68,
    241,
    269,
    181,
    68,
    272,
    72,
    108,
    196,
    91,
    146,
    118,
    117,
    131,
    138,
    101,
    150,
    117,
    115,
    117,
    112,
    125,
    129,
    126,
    137,
    111,
    118,
    127,
    133,
    129
  ],
  "clip_param": [
    9.716614174559286,
    2.6629560240257857,
    0.31633066191284515,
    1.3613199008301802,
    0.27544485526306217,
    0.27655060293364275,
    2.6017301973182327,
    0.2589572961503616,
    4.640880846551321,
    2.166945989754043,
    0.5353814976560853,
    0.3111663061997252,
    0.8723949159690546,
    0.7680600400162344,
    0.35686186014815197,
    0.582292226527035,
    0.6673667332370903,
    0.9621324573597138,
    0.6831813825941989,
    0.37165441220644546,
    0.4400823299997144,
    0.42873045958576134,
    0.3505413355713499,
    0.30212241793879646,
    0.3423387773023356,
    0.30211847962714455,
    0.4118920147638057,
    0.3731816069953525,
    0.38778924598450565,
    0.34580490756303744
  ],
  "entcoeff": [
    1.164237508046721e-05,
    1.0414467823408366e-05,
    3.6861990001188705e-05,
    9.320202470321048e-06,
    7.981588463903106e-05,
    1.0334728338279771e-05,
    1.5054847713880212e-05,
    3.534204247353244e-05,
    5.2073747824428156e-05,
    1.7502769340413054e-05,
    2.2927601361856422e-05,
    3.628811963745125e-05,
    2.8296578239547913e-05,
    3.4037903040221424e-05,
    2.195616036685086e-05,
    2.307321186448463e-05,
    2.5622633974027274e-05,
    3.501948589362616e-05,
    2.1030627532021986e-05,
    2.677850336852556e-05,
    2.461810914266224e-05,
    2.6897865904040633e-05,
    3.1846927533361606e-05,
    2.6348138225209015e-05,
    2.7001278214771697e-05,
    2.5667709287243783e-05,
    2.5949580178899787e-05,
    3.300858596457421e-05,
    3.046326243711545e-05,
    2.82150233906937e-05
  ],
  "optim_epochs": [
    3,
    4,
    5,
    6,
    5,
    1,
    4,
    6,
    2,
    5,
    1,
    2,
    2,
    2,
    2,
    2,
    2,
    2,
    2,
    2,
    2,
    2,
    2,
    2,
    2,
    2,
    2,
    2,
    2,
    2
  ],
  "optim_stepsize": [
    0.0004028328726447608,
    0.003016889937622843,
    0.0005098688042529764,
    0.000505789630495466,
    0.001372877677403455,
    0.003587779052310336,
    0.00034529949145070243,
    0.003523818367963221,
    0.0007378043277327227,
    0.0012083973609605294,
    0.0006335297862538993,
    0.001737877565799511,
    0.0007938529115371156,
    0.0009504808709430965,
    0.0009289198414446291,
    0.0008152019160089856,
    0.0005595305529032851,
    0.001122139358616748,
    0.0009044303880128784,
    0.001051465303678352,
    0.0007773526356941274,
    0.0006725710586003691,
    0.001101323911211349,
    0.0009285211713123395,
    0.0012846473205362602,
    0.0009789584015278286,
    0.0010598145303243511,
    0.0007706346078854665,
    0.0008853375790312735,
    0.0011646334333398213
  ],
  "optim_minibatches": [
    2,
    1,
    1,
    1,
    2,
    2,
    1,
    1,
    2,
    1,
    1,
    1,
    1,
    1,
    1,
    1,
    1,
    1,
    1,
    1,
    1,
    1,
    1,
    1,
    1,
    1,
    1,
    1,
    1,
    1
  ],
  "adam_epsilon": [
    2.562750598676452e-05,
    1.697183120885664e-05,
    2.1666270003707085e-05,
    3.777003201732147e-06,
    7.414157135900543e-05,
    5.02415873572223e-05,
    4.384830135381409e-06,
    3.6386249359413374e-05,
    2.5668202180610258e-06,
    8.277672351617876e-06,
    8.084517662276845e-06,
    3.897183588727999e-06,
    3.510819038757864e-06,
    8.255147206990827e-06,
    1.1180066607170637e-05,
    8.760114582440777e-06,
    4.5939926471676055e-06,
    4.286868617469218e-06,
    1.1816049503690106e-05,
    9.08927868871931e-06,
    5.994409358015479e-06,
    3.7290818221777964e-06,
    8.22904687213696e-06,
    4.531554496356e-06,
    5.086037538987858e-06,
    5.578476132457483e-06,
    6.1384746371295155e-06,
    7.932866272660077e-06,
    7.17919694084181e-06,
    7.985930764448952e-06
  ],
  "schedule": [
    "linear",
    "linear",
    "linear",
    "linear",
    "linear",
    "linear",
    "linear",
    "linear",
    "linear",
    "linear",
    "linear",
    "linear",
    "linear",
    "linear",
    "linear",
    "linear",
    "linear",
    "linear",
    "linear",
    "linear",
    "linear",
    "linear",
    "linear",
    "linear",
    "linear",
    "linear",
    "linear",
    "linear",
    "linear",
    "linear"
  ],
  "num_envs": 4,
  "results_dir_name": "results",
  "storage_dir_name": "storage",
  "train_set": "remaining",
  "eval_set": "remaining",
  "OPENAI_LOG_FORMAT": "csv",
  "walltime_hrs": 0.3,
  "num_checkpoints": 100,
  "eval_ntrajs": 10,
  "eval_nsteps": 200,
  "eval_seed": 12345,
  "looping_tree": {
    "method": "fixed",
    "environment": "fixed",
    "total_timesteps": "fixed",
    "rng_seed": "zip",
    "policy_kwargs": "fixed",
    "gamma": "zip",
    "lam": "zip",
    "timesteps_per_actorbatch": "zip",
    "clip_param": "zip",
    "entcoeff": "zip",
    "optim_epochs": "zip",
    "optim_stepsize": "zip",
    "optim_minibatches": "zip",
    "adam_epsilon": "zip",
    "schedule": "zip"
  }
}