{
  "description": "Hyper-parameter optimization for trpo on a low frequency environment",
  "method": "trpo",
  "environment": "drop_leg_100hz",
  "total_timesteps": 4000000,
  "rng_seed": [
    15000,
    61000,
    47000,
    50000,
    19000,
    37000,
    22000,
    99000,
    70000,
    36000,
    65000,
    85000,
    51000,
    32000,
    85000,
    93000,
    58000,
    90000,
    41000,
    88000,
    41000,
    23000,
    59000,
    32000,
    63000,
    23000,
    14000,
    1000,
    23000,
    63000
  ],
  "policy_kwargs": {
    "net_arch": [
      {
        "vf": [
          64,
          64
        ],
        "pi": [
          64,
          64
        ]
      }
    ]
  },
  "timesteps_per_batch": [
    6769,
    4175,
    6436,
    4241,
    6233,
    4554,
    3771,
    5737,
    3306,
    5073,
    6522,
    4951,
    5654,
    4135,
    5442,
    3541,
    4244,
    5254,
    4657,
    4181,
    4967,
    4844,
    5344,
    3912,
    5867,
    4623,
    5142,
    5657,
    4400,
    4572
  ],
  "gamma": [
    0.9211553174574655,
    0.9773355565102326,
    0.9622007117864101,
    0.9471372064514918,
    0.9484933907898234,
    0.9760606708669296,
    0.8807523061032234,
    0.9270685961517858,
    0.971165999439044,
    0.9482251665381551,
    0.9763876164397645,
    0.9556300646415388,
    0.9476157175701856,
    0.9570231305102845,
    0.9483807069275215,
    0.9509171949522766,
    0.965725556613684,
    0.9472234419155725,
    0.9712989816681532,
    0.961358722398692,
    0.9661839288120863,
    0.9577511128474673,
    0.9555674986234496,
    0.97036460291644,
    0.9646288731517735,
    0.9595126357996686,
    0.9557072724519547,
    0.9506616727094328,
    0.9675356941360421,
    0.9542953268406819
  ],
  "lam": [
    0.9998173879460206,
    0.999687536815572,
    0.9997433687039964,
    0.9996956897328021,
    0.9994273967521652,
    0.9997849670529316,
    0.9995770160729132,
    0.9995166456925756,
    0.999716994825097,
    0.9997758431742304,
    0.9995498909443039,
    0.9995514345664496,
    0.9996094686206338,
    0.9997924175387118,
    0.9994651468372272,
    0.9997212640096301,
    0.9995869959381697,
    0.999465744187138,
    0.9996504907137082,
    0.9996491754781104,
    0.9996560463633836,
    0.9995498226917799,
    0.9996149742485659,
    0.9996247152884205,
    0.9995526723385716,
    0.9995814938805698,
    0.9995337550726145,
    0.9995784233426517,
    0.9996217707940234,
    0.9995885913896618
  ],
  "max_kl": [
    0.04213837025685741,
    0.040216421098895394,
    0.0384200811316475,
    0.04337089264752474,
    0.03127409283099616,
    0.018067441767211707,
    0.027088985772195186,
    0.054237166019112826,
    0.02749536454339149,
    0.026944679565612164,
    0.04083858285700677,
    0.039890634538784525,
    0.02979445925171011,
    0.022768960708384925,
    0.02794831384399284,
    0.03087145485072651,
    0.030380668700786213,
    0.03127113400674064,
    0.021835871901403864,
    0.023769867307296112,
    0.033075498205699175,
    0.02850648087343463,
    0.03293015697117527,
    0.02921869172368143,
    0.02886067560835959,
    0.020997982878835923,
    0.02970423149373222,
    0.030408308148168247,
    0.02772199511444269,
    0.030438138135726683
  ],
  "cg_iters": [
    8,
    8,
    8,
    9,
    7,
    8,
    7,
    8,
    7,
    7,
    8,
    8,
    7,
    7,
    7,
    8,
    8,
    8,
    7,
    8,
    8,
    7,
    7,
    8,
    8,
    7,
    7,
    7,
    8,
    8
  ],
  "entcoeff": [
    7.86349341535405e-06,
    6.781635876865563e-06,
    1.3000304844779952e-05,
    3.1140012623122027e-06,
    2.8818745321196542e-06,
    7.842220283983422e-06,
    1.9482886282154133e-05,
    6.9718886384359075e-06,
    1.1996252986736086e-05,
    1.0018298088569548e-05,
    7.546393406551974e-06,
    6.158972348276148e-06,
    7.819060557202559e-06,
    1.0401095610614995e-05,
    6.330470100426018e-06,
    1.1880396498720046e-05,
    6.513486834367739e-06,
    7.061277587892594e-06,
    6.91675285478825e-06,
    9.363477555928592e-06,
    8.933088398485098e-06,
    8.044771500671655e-06,
    9.535823421158553e-06,
    8.879629693358904e-06,
    7.894253121171949e-06,
    8.231489841891561e-06,
    6.828152827766943e-06,
    6.8302785653724045e-06,
    8.967564517156188e-06,
    7.841342032050069e-06
  ],
  "cg_damping": [
    0.07264735440522956,
    0.07964782599951499,
    0.26472932998877347,
    0.03281292958705844,
    0.08098210414387305,
    0.12453493656688802,
    0.043636383929283054,
    0.07507157969944378,
    0.26923277984312843,
    0.25811473462261486,
    0.2643544829185715,
    0.13290547319651655,
    0.15249046866247765,
    0.09310599735211504,
    0.07651233203452032,
    0.17337051098928744,
    0.2321982484428015,
    0.11959750730006015,
    0.13331927842997618,
    0.16139418276420012,
    0.1387577078506649,
    0.11511074398929458,
    0.18436618067727503,
    0.17803911621702864,
    0.1437997901422553,
    0.11514114902306855,
    0.09985171919357211,
    0.14057444795639093,
    0.15148326841246354,
    0.12620958097491833
  ],
  "vf_stepsize": [
    0.005042591102065875,
    0.009617036088141472,
    0.006327830977431343,
    0.0024801026617576197,
    0.007984975024423574,
    0.004822922867509155,
    0.0022474095758122934,
    0.0018014430355854881,
    0.004279281982865368,
    0.0030548599641975456,
    0.0025379425243339283,
    0.0011591447142247889,
    0.00572076340272358,
    0.0019254522047950221,
    0.0016599766189763897,
    0.0020104012738286756,
    0.0029008817625226606,
    0.00189468011625698,
    0.001982085958875114,
    0.0027350092595122247,
    0.002086707595417371,
    0.002240602022356026,
    0.002514704134647131,
    0.001981424402756765,
    0.002679401156964925,
    0.0018483425491332198,
    0.0019032433402931693,
    0.0024005108085617985,
    0.00252190213048657,
    0.0020728475927451933
  ],
  "vf_iters": [
    8,
    8,
    8,
    9,
    8,
    8,
    8,
    8,
    8,
    8,
    9,
    8,
    8,
    9,
    9,
    8,
    8,
    8,
    9,
    8,
    8,
    8,
    8,
    8,
    8,
    8,
    8,
    8,
    8,
    8
  ],
  "vf_minibatches": [
    21,
    19,
    22,
    24,
    27,
    27,
    23,
    24,
    30,
    21,
    26,
    23,
    27,
    24,
    21,
    25,
    22,
    26,
    23,
    27,
    26,
    25,
    28,
    25,
    24,
    26,
    25,
    26,
    25,
    22
  ],
  "num_envs": 4,
  "results_dir_name": "results",
  "storage_dir_name": "storage",
  "train_set": "remaining",
  "eval_set": "remaining",
  "OPENAI_LOG_FORMAT": "csv",
  "walltime_hrs": 0.3,
  "num_checkpoints": 100,
  "eval_ntrajs": 10,
  "eval_nsteps": 200,
  "eval_seed": 12345,
  "looping_tree": {
    "method": "fixed",
    "environment": "fixed",
    "total_timesteps": "fixed",
    "rng_seed": "zip",
    "policy_kwargs": "fixed",
    "timesteps_per_batch": "zip",
    "gamma": "zip",
    "lam": "zip",
    "max_kl": "zip",
    "cg_iters": "zip",
    "entcoeff": "zip",
    "cg_damping": "zip",
    "vf_stepsize": "zip",
    "vf_iters": "zip",
    "vf_minibatches": "zip"
  }
}