{
  "description": "Hyper-parameter optimization for trpo on a low frequency environment",
  "method": "trpo",
  "environment": "drop_leg_100hz",
  "total_timesteps": 4000000,
  "rng_seed": [
    68000,
    75000,
    11000,
    91000,
    58000,
    47000,
    74000,
    52000,
    26000,
    33000,
    69000,
    37000,
    36000,
    15000,
    85000,
    44000,
    38000,
    38000,
    75000,
    37000,
    0,
    35000,
    34000,
    84000,
    43000,
    75000,
    20000,
    99000,
    18000,
    88000
  ],
  "policy_kwargs": {
    "net_arch": [
      {
        "vf": [
          64,
          64
        ],
        "pi": [
          64,
          64
        ]
      }
    ]
  },
  "timesteps_per_batch": [
    2498,
    2380,
    2020,
    3195,
    5059,
    1797,
    3090,
    2685,
    4452,
    2054,
    4938,
    2556,
    6265,
    1393,
    2975,
    2886,
    3773,
    2394,
    2492,
    5102,
    2906,
    2965,
    3529,
    1902,
    3175,
    2219,
    2941,
    2417,
    3700,
    3141
  ],
  "gamma": [
    0.36,
    0.44702889105083177,
    0.9525117873177666,
    0.88399845000831,
    0.46022369995914114,
    0.9731642615261866,
    0.5715558026142149,
    0.845762720891646,
    0.6130363285973514,
    0.44810278719472363,
    0.5774411761555689,
    0.799423254802262,
    0.8027816101113492,
    0.5344746914646343,
    0.751461237554718,
    0.6869173617520685,
    0.8988491573593236,
    0.7344295400303832,
    0.869770470694719,
    0.8936162785328781,
    0.8562204550681337,
    0.8676747864811047,
    0.6254266315414188,
    0.8421873734344407,
    0.8358571833435092,
    0.6833033254641875,
    0.8051627304170721,
    0.8500084184163793,
    0.8110571065854093,
    0.8629679261481096
  ],
  "lam": [
    0.999699672306319,
    0.99984375,
    0.998366276766394,
    0.9967890196522842,
    0.9997302322132112,
    0.99984375,
    0.9998156348095069,
    0.9994516867992241,
    0.9985118182975241,
    0.99984375,
    0.9998408886627524,
    0.9994756554315053,
    0.9982479032379105,
    0.9989481313534344,
    0.9998021615160742,
    0.9995714950204114,
    0.9998154302137812,
    0.9998137073421026,
    0.9992807021350634,
    0.9995805123020286,
    0.99984375,
    0.9995029966518959,
    0.9997543904288144,
    0.9996248203909045,
    0.999733951960711,
    0.9996482938158154,
    0.9993276697480732,
    0.9996352060545639,
    0.9993106275300744,
    0.9996179229562979
  ],
  "max_kl": [
    0.030067407028217776,
    0.0018331047419622546,
    0.022615031505581397,
    0.05153696028100732,
    0.053860423646236666,
    0.019436990144081807,
    0.02139355782306383,
    0.009795941026571392,
    0.007549593965084183,
    0.018743597082712456,
    0.028644871167364187,
    0.04229187248426254,
    0.0318402212402497,
    0.010305315097036338,
    0.008527584344197101,
    0.022336141315009522,
    0.015247966024192584,
    0.027645205662401463,
    0.0072740321031794135,
    0.04365542014627185,
    0.0198670783587675,
    0.0361182481838808,
    0.02564694561340388,
    0.01620514463993547,
    0.021415468361810228,
    0.019176394655765358,
    0.020395707805626457,
    0.023488451701301535,
    0.02786582775474337,
    0.02024526876370996
  ],
  "cg_iters": [
    17,
    16,
    16,
    16,
    18,
    11,
    13,
    16,
    16,
    13,
    12,
    12,
    15,
    15,
    17,
    16,
    20,
    16,
    15,
    18,
    20,
    17,
    16,
    18,
    20,
    16,
    13,
    17,
    17,
    19
  ],
  "entcoeff": [
    1.2006875659785081e-05,
    2.3612209185426932e-05,
    1.421465379161985e-05,
    2.0572662860974435e-05,
    1.7107302194956298e-05,
    8.849009352260368e-06,
    1.222064020110812e-05,
    2.9501467573441216e-06,
    2.7296404894390196e-05,
    1.1708830089926963e-05,
    2.3765296576275434e-05,
    2.6253804490732943e-05,
    1.9341028202912577e-05,
    1.0619271488561995e-05,
    4.69161179140092e-06,
    2.4364074177934654e-05,
    1.3265399956037115e-05,
    1.7447960867839333e-05,
    2.1058270439081184e-05,
    3.0327747912601652e-05,
    2.5570344519197758e-05,
    1.358447262371785e-05,
    1.939493554981884e-05,
    1.4553118690821443e-05,
    1.617420470983428e-05,
    9.278485855639425e-06,
    1.0859042541042528e-05,
    2.1633058258206962e-05,
    1.638770863601741e-05,
    2.408937473110911e-05
  ],
  "cg_damping": [
    1.0,
    0.417966824499799,
    0.0347684369989513,
    0.2995478986918182,
    1.0,
    1.0,
    0.05843590837512309,
    0.7097767594726035,
    0.7691472940262449,
    1.0,
    1.0,
    0.7741641778782922,
    0.9765605017089336,
    1.0,
    1.0,
    1.0,
    1.0,
    0.9546937130888553,
    1.0,
    1.0,
    1.0,
    1.0,
    1.0,
    0.8491638363477231,
    1.0,
    1.0,
    1.0,
    1.0,
    1.0,
    0.7926016581437656
  ],
  "vf_stepsize": [
    0.005164989093393865,
    0.00015806679987200666,
    0.00012271798187120703,
    0.002204684132041439,
    3.50657572048301e-05,
    0.007481063574847271,
    0.00013865410106666656,
    0.0030538125271844362,
    9.349047325747835e-05,
    0.0006083479275415547,
    0.000190060592404589,
    0.0013319455729087824,
    0.0003481941883738615,
    0.0006927204234011611,
    8.735262335541518e-05,
    0.0004967604285035719,
    0.0016636663534176004,
    0.00018823005820792113,
    0.000853007671159303,
    0.00013161206914982337,
    0.0005081747753426407,
    0.0006429258280303167,
    0.0009452613604807434,
    0.0006504411683761804,
    0.000534480193243952,
    0.0003104387034212359,
    0.0005129322200206405,
    0.0003870097739626352,
    0.00041356441242646326,
    0.0004960950694465415
  ],
  "vf_iters": [
    10,
    12,
    24,
    18,
    24,
    11,
    17,
    15,
    14,
    23,
    10,
    8,
    13,
    18,
    18,
    16,
    10,
    15,
    10,
    16,
    12,
    14,
    16,
    12,
    14,
    16,
    13,
    16,
    9,
    11
  ],
  "vf_minibatches": [
    49,
    15,
    15,
    23,
    20,
    23,
    20,
    10,
    24,
    10,
    43,
    20,
    28,
    17,
    12,
    23,
    21,
    15,
    14,
    37,
    23,
    28,
    16,
    15,
    21,
    17,
    17,
    17,
    26,
    15
  ],
  "num_envs": 4,
  "results_dir_name": "results",
  "storage_dir_name": "storage",
  "train_set": "remaining",
  "eval_set": "remaining",
  "OPENAI_LOG_FORMAT": "csv",
  "walltime_hrs": 0.3,
  "num_checkpoints": 100,
  "eval_ntrajs": 10,
  "eval_nsteps": 200,
  "eval_seed": 12345,
  "looping_tree": {
    "method": "fixed",
    "environment": "fixed",
    "total_timesteps": "fixed",
    "rng_seed": "zip",
    "policy_kwargs": "fixed",
    "timesteps_per_batch": "zip",
    "gamma": "zip",
    "lam": "zip",
    "max_kl": "zip",
    "cg_iters": "zip",
    "entcoeff": "zip",
    "cg_damping": "zip",
    "vf_stepsize": "zip",
    "vf_iters": "zip",
    "vf_minibatches": "zip"
  }
}