{
  "description": "Hyper-parameter optimization for trpo on a low frequency environment",
  "method": "trpo",
  "environment": "drop_leg_100hz",
  "total_timesteps": 4000000,
  "rng_seed": [
    22000,
    30000,
    56000,
    93000,
    41000,
    6000,
    16000,
    28000,
    83000,
    86000,
    27000,
    96000,
    13000,
    40000,
    88000,
    60000,
    65000,
    99000,
    7000,
    81000,
    73000,
    51000,
    46000,
    24000,
    88000,
    80000,
    24000,
    82000,
    67000,
    60000
  ],
  "policy_kwargs": {
    "net_arch": [
      {
        "vf": [
          64,
          64
        ],
        "pi": [
          64,
          64
        ]
      }
    ]
  },
  "timesteps_per_batch": [
    1705,
    3660,
    1679,
    2830,
    1656,
    1483,
    2877,
    1457,
    3133,
    5321,
    2917,
    2414,
    1852,
    2403,
    1539,
    2813,
    2307,
    3081,
    1825,
    2141,
    2501,
    2764,
    1698,
    2476,
    2763,
    2044,
    2144,
    2198,
    2747,
    2404
  ],
  "gamma": [
    0.7615606729089924,
    0.9154584820676521,
    0.8800508796711572,
    0.9490623310838018,
    0.8870964026399938,
    0.9173987117183415,
    0.8802996948188297,
    0.9238281479338832,
    0.9053223798459714,
    0.9532155658312351,
    0.8981532107944187,
    0.9164343078236318,
    0.9372451498994249,
    0.9344536461919114,
    0.8889691030672296,
    0.8829415519505657,
    0.8516037070315718,
    0.9304943317478434,
    0.9025985984629437,
    0.9067011998011623,
    0.9015755172432296,
    0.9138577161739427,
    0.8558889164793297,
    0.9025884065829052,
    0.8772722799580315,
    0.9014494530651762,
    0.9374952852432588,
    0.8730713362949611,
    0.9139175325095281,
    0.9211313706835399
  ],
  "lam": [
    0.9997949695215997,
    0.9992762427823633,
    0.99984375,
    0.9996102460462892,
    0.99984375,
    0.9996669823502171,
    0.9998396591594974,
    0.9994234971337099,
    0.999758197001811,
    0.9996812591133696,
    0.9995390666177697,
    0.9997202832899341,
    0.99984375,
    0.99984375,
    0.99984375,
    0.99984375,
    0.9997895566198863,
    0.9998343388645877,
    0.9998141488178411,
    0.9998171152184105,
    0.999807552280237,
    0.9996629890842232,
    0.99984375,
    0.9997099997904386,
    0.99974780711872,
    0.9997692750597282,
    0.9998109975609707,
    0.9997949000598725,
    0.9996937170821856,
    0.9998099493965404
  ],
  "max_kl": [
    0.010184405217836022,
    0.02121379510236264,
    0.01543303918316245,
    0.016011011096557635,
    0.01868486722644855,
    0.03221306672205904,
    0.023283428871371137,
    0.010100139819972936,
    0.008878626739491226,
    0.0171682330133882,
    0.01814099734506294,
    0.01529344457706567,
    0.025411539056751066,
    0.02379483980761115,
    0.022320766983038656,
    0.01254625147195161,
    0.02021165759228556,
    0.015955946509549943,
    0.013755447092933361,
    0.018685929481642896,
    0.02132637163772408,
    0.02106699726420749,
    0.017104914510025875,
    0.01887644868934856,
    0.017550244201324786,
    0.015580132066222156,
    0.018241992420944028,
    0.01466046684100151,
    0.012849221413977105,
    0.01825033076081694
  ],
  "cg_iters": [
    7,
    6,
    7,
    9,
    8,
    7,
    6,
    8,
    7,
    9,
    7,
    7,
    8,
    7,
    7,
    7,
    8,
    7,
    7,
    7,
    7,
    8,
    6,
    6,
    7,
    7,
    6,
    7,
    7,
    7
  ],
  "entcoeff": [
    8.524607764515591e-06,
    3.4785091068253138e-06,
    2.3675402633092634e-06,
    1.2396409849363835e-05,
    7.2750374698038056e-06,
    6.709397980373474e-06,
    2.555282955389264e-06,
    1.0286516745310832e-05,
    8.772665587170155e-06,
    1.2265385075659253e-05,
    1.0298392761704802e-05,
    8.359828407910704e-06,
    1.8791561524734524e-05,
    1.1412062854135647e-05,
    1.0196821293250416e-05,
    5.307527612232699e-06,
    8.080754952830627e-06,
    6.8070203688270264e-06,
    1.0263274351189819e-05,
    4.031032036317015e-06,
    9.271701987352031e-06,
    9.129311752979723e-06,
    5.916973631172969e-06,
    5.893494775199538e-06,
    6.885001475662858e-06,
    6.100228428895554e-06,
    9.297119374666322e-06,
    2.9808188907341667e-06,
    8.828080420699945e-06,
    5.880134149386233e-06
  ],
  "cg_damping": [
    1.0,
    1.0,
    0.22731797999315087,
    0.282239346683773,
    1.0,
    0.8206699312842383,
    0.9596052985574979,
    0.856117843193827,
    0.6714634665970322,
    1.0,
    0.4462123366286007,
    1.0,
    0.3812366838007943,
    1.0,
    1.0,
    1.0,
    0.9474962930183818,
    1.0,
    1.0,
    1.0,
    0.8258990405188683,
    1.0,
    1.0,
    1.0,
    0.7609819412704427,
    1.0,
    1.0,
    1.0,
    1.0,
    0.845871039884463
  ],
  "vf_stepsize": [
    0.029999999999999995,
    0.029999999999999995,
    0.022106907696566768,
    0.021029337205968827,
    0.0075882356496625855,
    0.029999999999999995,
    0.027771350459578348,
    0.029999999999999995,
    0.029630397918604404,
    0.029999999999999995,
    0.029999999999999995,
    0.029999999999999995,
    0.029999999999999995,
    0.029999999999999995,
    0.029999999999999995,
    0.029999999999999995,
    0.029999999999999995,
    0.029999999999999995,
    0.029999999999999995,
    0.029999999999999995,
    0.025458087869461854,
    0.029999999999999995,
    0.027921079432445872,
    0.029999999999999995,
    0.029500465522250992,
    0.027425438487260607,
    0.029999999999999995,
    0.029999999999999995,
    0.029999999999999995,
    0.027133007183896968
  ],
  "vf_iters": [
    9,
    9,
    9,
    13,
    11,
    9,
    10,
    9,
    13,
    9,
    8,
    9,
    9,
    11,
    9,
    11,
    11,
    9,
    9,
    10,
    8,
    10,
    9,
    8,
    10,
    9,
    10,
    10,
    10,
    9
  ],
  "vf_minibatches": [
    29,
    20,
    34,
    21,
    41,
    40,
    30,
    29,
    20,
    21,
    26,
    27,
    31,
    35,
    25,
    37,
    31,
    28,
    32,
    26,
    31,
    31,
    33,
    28,
    25,
    30,
    28,
    30,
    25,
    26
  ],
  "num_envs": 4,
  "results_dir_name": "results",
  "storage_dir_name": "storage",
  "train_set": "remaining",
  "eval_set": "remaining",
  "OPENAI_LOG_FORMAT": "csv",
  "walltime_hrs": 0.3,
  "num_checkpoints": 100,
  "eval_ntrajs": 10,
  "eval_nsteps": 200,
  "eval_seed": 12345,
  "looping_tree": {
    "method": "fixed",
    "environment": "fixed",
    "total_timesteps": "fixed",
    "rng_seed": "zip",
    "policy_kwargs": "fixed",
    "timesteps_per_batch": "zip",
    "gamma": "zip",
    "lam": "zip",
    "max_kl": "zip",
    "cg_iters": "zip",
    "entcoeff": "zip",
    "cg_damping": "zip",
    "vf_stepsize": "zip",
    "vf_iters": "zip",
    "vf_minibatches": "zip"
  }
}