{
  "description": "Hyper-parameter optimization for trpo on a low frequency environment",
  "method": "trpo",
  "environment": "drop_leg_100hz",
  "total_timesteps": 4000000,
  "rng_seed": [
    92000,
    79000,
    62000,
    57000,
    12000,
    23000,
    6000,
    8000,
    63000,
    70000,
    27000,
    31000,
    34000,
    1000,
    39000,
    14000,
    81000,
    69000,
    50000,
    23000,
    21000,
    78000,
    4000,
    99000,
    49000,
    14000,
    52000,
    49000,
    67000,
    73000
  ],
  "policy_kwargs": {
    "net_arch": [
      {
        "vf": [
          64,
          64
        ],
        "pi": [
          64,
          64
        ]
      }
    ]
  },
  "timesteps_per_batch": [
    110,
    226,
    1340,
    115,
    2341,
    228,
    1960,
    2816,
    11784,
    77,
    2140,
    82,
    4909,
    886,
    113,
    1004,
    1153,
    168,
    982,
    1876,
    1899,
    1197,
    1811,
    1158,
    1513,
    979,
    1840,
    1270,
    1236,
    907
  ],
  "gamma": [
    0.9977374835646214,
    0.5366090118994677,
    0.44412738919653105,
    0.5231788503817487,
    0.3613491209424857,
    0.7672489587623343,
    0.4589504889507451,
    0.9757240731688912,
    0.9865128668726629,
    0.5077048866612086,
    0.9132248285377286,
    0.9145937034321711,
    0.6260711897165173,
    0.6824323412078849,
    0.62691400513713,
    0.9089984908885852,
    0.8392663743702242,
    0.4578334245718888,
    0.9113033203452282,
    0.8999370894008085,
    0.9105615322200962,
    0.93140590854863,
    0.8757903427098475,
    0.9269015049393943,
    0.9378812086924456,
    0.9115684154571223,
    0.9160986178803601,
    0.8469709015838919,
    0.8915124380187411,
    0.9441420158610152
  ],
  "lam": [
    0.7326497543988377,
    0.455694913065686,
    0.9933717192688669,
    0.3797777385135649,
    0.5693024827957509,
    0.9994127510628481,
    0.9996928762320586,
    0.9988391386208434,
    0.9893983416519441,
    0.9993474268093567,
    0.9996666637542374,
    0.9745217667079693,
    0.9996190595032411,
    0.9977056124980872,
    0.9995708482774089,
    0.9811268916953523,
    0.9959610315684128,
    0.9921790223111218,
    0.9834030390954631,
    0.987648315390811,
    0.9966037696970331,
    0.9858587195294224,
    0.9796242560642244,
    0.9872887987317291,
    0.9846521766090686,
    0.983024553613589,
    0.9875806436636728,
    0.9790271831536492,
    0.9894160570575183,
    0.9793450797035909
  ],
  "max_kl": [
    0.002510045382532839,
    0.2306203398594886,
    0.6238396036240552,
    0.0030083523260438553,
    0.003498721412960908,
    0.001661495004243968,
    0.02730355261520989,
    0.002276963584271762,
    0.22152367881979312,
    0.23668773021431525,
    0.026767348191605082,
    0.009498284068620674,
    0.24809375310345214,
    0.14379612316082238,
    0.016396219712687555,
    0.0077209376942130765,
    0.004355920127507151,
    0.15824883548575033,
    0.011356812842258552,
    0.008317912170382788,
    0.010640614476275944,
    0.009206762640370661,
    0.014075429329642768,
    0.011749683815291708,
    0.009728811133591682,
    0.011867786311606609,
    0.016304826407633442,
    0.014997694605720362,
    0.009053342301271167,
    0.011528950517998455
  ],
  "cg_iters": [
    6,
    1,
    7,
    3,
    6,
    2,
    17,
    3,
    14,
    10,
    17,
    2,
    11,
    1,
    3,
    10,
    10,
    2,
    9,
    9,
    10,
    9,
    10,
    11,
    9,
    10,
    9,
    11,
    12,
    12
  ],
  "entcoeff": [
    0.00042040580374270493,
    0.0002516052294871352,
    0.0003673654184721495,
    0.0008880356545129444,
    0.0007147259142199436,
    0.00028287167518316347,
    0.00014300032052841935,
    0.00011547369679888673,
    0.00011489609540288648,
    2.4562988861720047e-05,
    5.570751836728912e-06,
    0.00024031660732600567,
    0.000470393402167041,
    0.000265465028179165,
    2.737979448156746e-06,
    3.376322232271638e-05,
    1.7617400940879073e-05,
    3.6030809055763024e-05,
    2.0247144723795398e-05,
    2.0759816093581062e-05,
    2.0686829941026783e-05,
    1.5170815658487059e-05,
    1.7865693675736046e-05,
    3.027669556001685e-05,
    1.8709396739851902e-05,
    1.6781733042938505e-05,
    1.7143759973121328e-05,
    2.055069064748275e-05,
    1.2719014345554926e-05,
    1.2314971658270898e-05
  ],
  "cg_damping": [
    0.00011670416733390201,
    0.017921536394119024,
    0.23792833075559736,
    0.011101242230819422,
    0.02501439442926544,
    0.01935228088689857,
    0.3581033589314277,
    0.8971694134884531,
    0.3846777376293927,
    0.835653882847947,
    0.845454548739255,
    0.5004607112838537,
    0.04670809716301318,
    0.8200768721478319,
    0.09886057087553417,
    0.052831612493628485,
    0.0010527416308672897,
    0.4256251901642901,
    0.013398904214012465,
    0.001685847072634918,
    0.004832160175168993,
    0.004556324386477341,
    0.001992830320271254,
    0.0015803857377898255,
    0.0014066977370644957,
    0.0014154483821339284,
    0.0018362665608360731,
    0.0033000997948731685,
    0.005044698448453174,
    0.004191226321097994
  ],
  "vf_stepsize": [
    6.643200531761414e-06,
    3.4196822327706466e-06,
    7.998348500341414e-06,
    0.00013693403318191185,
    6.449659747684699e-06,
    0.012286241382857468,
    2.4337525109017535e-05,
    0.0003226485454177972,
    0.00018877610735406147,
    1.197654442387841e-05,
    0.00032175228554307266,
    0.013928760464473942,
    1.6606243057781726e-05,
    0.004776053551465229,
    0.0023768415339598943,
    0.0077207328598361494,
    0.011011762552436815,
    0.000397242718133638,
    0.0043047022563251595,
    0.020728514882530035,
    0.005108768796951041,
    0.0057438434470687095,
    0.007060909530131176,
    0.0053836017952488486,
    0.010534694545360285,
    0.0035136419548375407,
    0.005333787143392785,
    0.004738981793400883,
    0.004974041593955648,
    0.007186261977965847
  ],
  "vf_iters": [
    16,
    10,
    1,
    22,
    2,
    3,
    8,
    1,
    8,
    4,
    16,
    3,
    7,
    1,
    3,
    3,
    3,
    2,
    3,
    3,
    3,
    3,
    3,
    4,
    3,
    3,
    3,
    3,
    3,
    4
  ],
  "vf_minibatches": [
    30,
    4,
    4,
    2,
    15,
    61,
    2,
    41,
    62,
    4,
    24,
    19,
    64,
    13,
    4,
    14,
    13,
    26,
    17,
    17,
    13,
    17,
    16,
    19,
    13,
    19,
    15,
    16,
    13,
    16
  ],
  "num_envs": 4,
  "results_dir_name": "results",
  "storage_dir_name": "storage",
  "train_set": "remaining",
  "eval_set": "remaining",
  "OPENAI_LOG_FORMAT": "csv",
  "walltime_hrs": 0.3,
  "num_checkpoints": 100,
  "eval_ntrajs": 10,
  "eval_nsteps": 200,
  "eval_seed": 12345,
  "looping_tree": {
    "method": "fixed",
    "environment": "fixed",
    "total_timesteps": "fixed",
    "rng_seed": "zip",
    "policy_kwargs": "fixed",
    "timesteps_per_batch": "zip",
    "gamma": "zip",
    "lam": "zip",
    "max_kl": "zip",
    "cg_iters": "zip",
    "entcoeff": "zip",
    "cg_damping": "zip",
    "vf_stepsize": "zip",
    "vf_iters": "zip",
    "vf_minibatches": "zip"
  }
}