{
  "description": "Hyper-parameter optimization for trpo on a low frequency environment",
  "method": "trpo",
  "environment": "drop_leg_100hz",
  "total_timesteps": 4000000,
  "rng_seed": [
    26000,
    16000,
    68000,
    42000,
    55000,
    76000,
    79000,
    89000,
    14000,
    91000,
    57000,
    89000,
    11000,
    6000,
    42000,
    56000,
    1000,
    7000,
    51000,
    27000,
    73000,
    15000,
    1000,
    23000,
    85000,
    24000,
    7000,
    22000,
    54000,
    77000
  ],
  "policy_kwargs": {
    "net_arch": [
      {
        "vf": [
          64,
          64
        ],
        "pi": [
          64,
          64
        ]
      }
    ]
  },
  "timesteps_per_batch": [
    5511,
    10061,
    4668,
    126,
    5588,
    2988,
    65,
    95,
    515,
    387,
    1550,
    889,
    831,
    1606,
    885,
    367,
    2273,
    2036,
    1876,
    1535,
    877,
    1213,
    1957,
    1291,
    2896,
    1540,
    1409,
    1142,
    1261,
    2728
  ],
  "gamma": [
    0.3966658643232651,
    0.43964379101668594,
    0.5990293009431178,
    0.4263446749338484,
    0.9839021671236412,
    0.3875215432548188,
    0.545289264669728,
    0.4343931417328708,
    0.7682306658233777,
    0.924121387801205,
    0.4136812194981726,
    0.720911144935645,
    0.7731627641484315,
    0.36,
    0.36,
    0.5548683348797989,
    0.36,
    0.36,
    0.36,
    0.6748052794008352,
    0.39481454435803987,
    0.6397090615795238,
    0.36,
    0.36,
    0.36,
    0.36,
    0.36,
    0.5235153187503618,
    0.36,
    0.36
  ],
  "lam": [
    0.999741436473034,
    0.9994635010187395,
    0.9981534408969047,
    0.9991905904785002,
    0.9998264007720219,
    0.9902578415267376,
    0.9975012701657167,
    0.9861484127054677,
    0.999779038426144,
    0.9997634826048963,
    0.9820325689669241,
    0.999576348339695,
    0.9990121062103609,
    0.9661094259264182,
    0.9832333567073837,
    0.47684655447761715,
    0.9243723177909697,
    0.9808789840883936,
    0.9782855215286749,
    0.993160303464395,
    0.9543384132869721,
    0.9765118952697025,
    0.9689016638984951,
    0.9606311039702219,
    0.9893095158759158,
    0.9778721687939885,
    0.9701053927728767,
    0.9904641784199417,
    0.9690990192179807,
    0.9801934274694406
  ],
  "max_kl": [
    0.0016434720474770663,
    0.4159990377201383,
    0.3661300209867507,
    0.0018227136119937125,
    0.5000439181031238,
    0.15633005837147948,
    0.04226363297772894,
    0.2782345219015126,
    0.06668786314988323,
    0.05345559895292238,
    0.11031405657356086,
    0.06533148309485963,
    0.04367649151093916,
    0.038025689673821896,
    0.03491927849093666,
    0.027023974958894175,
    0.009893602693163974,
    0.04028146750045685,
    0.019519656207495403,
    0.026187067146079122,
    0.020664818491376972,
    0.02470777716127935,
    0.0330321126878986,
    0.02283091395085051,
    0.04486271828585626,
    0.02047191054565847,
    0.02015668867616701,
    0.03978594021304498,
    0.018456986296538597,
    0.042393333385145886
  ],
  "cg_iters": [
    2,
    1,
    3,
    4,
    3,
    3,
    1,
    4,
    1,
    4,
    8,
    8,
    8,
    8,
    7,
    3,
    7,
    6,
    7,
    9,
    7,
    6,
    6,
    6,
    7,
    9,
    7,
    8,
    6,
    5
  ],
  "entcoeff": [
    0.0007834394121983475,
    0.00012286241718935295,
    0.0007593774116726406,
    0.0006842057672640674,
    2.846074369269909e-06,
    1.835444180817204e-05,
    0.00033333888143642263,
    0.0003920046117481392,
    1.8692267280311968e-05,
    6.57909156539875e-05,
    0.00020293985367724688,
    5.926329153416628e-05,
    0.00029902762472075787,
    7.963904258661875e-05,
    7.334360194174969e-05,
    2.620713539529927e-05,
    3.2948975404060104e-05,
    2.3808362987275355e-05,
    2.6840438401075486e-05,
    2.392673401578284e-05,
    5.951422336849072e-05,
    3.0358449468938085e-05,
    1.8776729252995953e-05,
    2.272416636366779e-05,
    4.013569415278863e-05,
    7.552082954810593e-05,
    4.524066522833095e-05,
    6.19440328443545e-05,
    4.0508632603272885e-05,
    2.2152207446046974e-05
  ],
  "cg_damping": [
    0.00010992316671386344,
    0.907633423174179,
    0.0026945306953873333,
    0.3903251421400156,
    0.015049031486296128,
    0.18480290536374147,
    0.011621521202036009,
    0.021287142019158687,
    0.0014703691376489474,
    0.8026666414292073,
    0.013763869564448087,
    0.014943561362723158,
    0.04155934214028458,
    0.006834581896682161,
    0.001806821419199922,
    0.18360302358176164,
    0.006126526383306669,
    0.003369722615411621,
    0.010011497350555405,
    0.005788910390546024,
    0.001011538528112282,
    0.00611598692457742,
    0.0027266862360694325,
    0.0034286884239387943,
    0.0010194558375414059,
    0.0023700945747116096,
    0.00325284200700344,
    0.003375064115641843,
    0.0035292046141804684,
    0.0014804177552517504
  ],
  "vf_stepsize": [
    0.0029645358031720618,
    0.028654166698163775,
    0.0011887616081015621,
    0.000297369522895313,
    0.008366916912437877,
    0.000812978248353067,
    0.025040395995214453,
    0.0008432272283680611,
    0.0005435664551205267,
    0.006186406050791577,
    0.028776484235101856,
    0.012547420115083746,
    0.00045111659408711907,
    0.0019295456990818176,
    0.029999999999999995,
    0.018950778759926283,
    0.012456938333797974,
    0.008509674221848071,
    0.005697410779278767,
    0.029999999999999995,
    0.0021900173020588496,
    0.012321522417058056,
    0.018681634412177663,
    0.002440959954763762,
    0.011117370877540571,
    0.016592528889704014,
    0.0029511176451516618,
    0.007999664134809332,
    0.001915309740763848,
    0.01248650203573899
  ],
  "vf_iters": [
    4,
    23,
    6,
    5,
    4,
    5,
    6,
    4,
    8,
    2,
    2,
    4,
    4,
    5,
    6,
    6,
    6,
    5,
    6,
    6,
    6,
    5,
    5,
    4,
    4,
    6,
    6,
    6,
    5,
    4
  ],
  "vf_minibatches": [
    61,
    4,
    8,
    4,
    58,
    11,
    2,
    19,
    19,
    28,
    9,
    4,
    19,
    8,
    17,
    18,
    15,
    9,
    8,
    9,
    19,
    10,
    16,
    14,
    13,
    17,
    9,
    7,
    9,
    14
  ],
  "num_envs": 4,
  "results_dir_name": "results",
  "storage_dir_name": "storage",
  "train_set": "remaining",
  "eval_set": "remaining",
  "OPENAI_LOG_FORMAT": "csv",
  "walltime_hrs": 0.3,
  "num_checkpoints": 100,
  "eval_ntrajs": 10,
  "eval_nsteps": 200,
  "eval_seed": 12345,
  "looping_tree": {
    "method": "fixed",
    "environment": "fixed",
    "total_timesteps": "fixed",
    "rng_seed": "zip",
    "policy_kwargs": "fixed",
    "timesteps_per_batch": "zip",
    "gamma": "zip",
    "lam": "zip",
    "max_kl": "zip",
    "cg_iters": "zip",
    "entcoeff": "zip",
    "cg_damping": "zip",
    "vf_stepsize": "zip",
    "vf_iters": "zip",
    "vf_minibatches": "zip"
  }
}