{
  "description": "Hyper-parameter optimization for trpo on a low frequency environment",
  "method": "trpo",
  "environment": "drop_leg_100hz",
  "total_timesteps": 4000000,
  "rng_seed": [
    79000,
    58000,
    83000,
    89000,
    31000,
    15000,
    12000,
    31000,
    26000,
    82000,
    34000,
    1000,
    92000,
    16000,
    22000,
    81000,
    31000,
    11000,
    93000,
    70000,
    86000,
    61000,
    53000,
    16000,
    45000,
    12000,
    27000,
    33000,
    63000,
    40000
  ],
  "policy_kwargs": {
    "net_arch": [
      {
        "vf": [
          64,
          64
        ],
        "pi": [
          64,
          64
        ]
      }
    ]
  },
  "timesteps_per_batch": [
    2445,
    2557,
    870,
    1904,
    1311,
    1822,
    1664,
    1387,
    1296,
    2190,
    1840,
    1915,
    2065,
    1449,
    1997,
    2451,
    2536,
    1217,
    1640,
    2001,
    1701,
    1831,
    1914,
    1481,
    1996,
    1717,
    2106,
    1679,
    1666,
    1782
  ],
  "gamma": [
    0.984459308721464,
    0.984263955176862,
    0.9304838418781548,
    0.9900574184539551,
    0.9628626545226798,
    0.959580915094437,
    0.9811034647353234,
    0.9660443515907761,
    0.9862582386033847,
    0.9721387926523473,
    0.9867396011690353,
    0.9542082246595516,
    0.9716143259521807,
    0.9725548400932648,
    0.9861982176334517,
    0.9678638801107121,
    0.9770233756912966,
    0.9676766493535456,
    0.9757386460351408,
    0.9794045107886805,
    0.9795788958395971,
    0.9746529746610002,
    0.9793870553847959,
    0.9758529286792872,
    0.9825210949842925,
    0.9754476396212681,
    0.9801550641964858,
    0.9790241386428177,
    0.978519986048664,
    0.9759289556594084
  ],
  "lam": [
    0.9996125105814947,
    0.99984375,
    0.9994934887140513,
    0.99960646581739,
    0.9998029624796074,
    0.99984375,
    0.99984375,
    0.999463869271735,
    0.99984375,
    0.99984375,
    0.9997033094226022,
    0.9998199537782463,
    0.9996494347577066,
    0.99984375,
    0.99984375,
    0.99984375,
    0.99984375,
    0.99984375,
    0.99984375,
    0.999781025713404,
    0.99984375,
    0.99984375,
    0.99984375,
    0.99984375,
    0.9998352233406707,
    0.9998382922496591,
    0.99984375,
    0.9998429465294068,
    0.999824428249699,
    0.99984375
  ],
  "max_kl": [
    0.009675269103274695,
    0.020024941625188506,
    0.018453678863088924,
    0.013912027985303523,
    0.04995131446288619,
    0.009636063284795996,
    0.008151461414394223,
    0.02324668106632892,
    0.020981348593541654,
    0.008577220686615662,
    0.016776038171465234,
    0.014409555349663197,
    0.017753952809046052,
    0.014350025789812582,
    0.017075837682664016,
    0.01437682892324134,
    0.014922492936943312,
    0.015512913412389267,
    0.015823147718663663,
    0.012967854708918761,
    0.016095982632538988,
    0.011206596078344623,
    0.018184559454004524,
    0.014527903791851822,
    0.015244068668225827,
    0.014463536245486882,
    0.017081577562039298,
    0.015767973108998728,
    0.012803321922435062,
    0.014753383847715417
  ],
  "cg_iters": [
    11,
    11,
    15,
    10,
    9,
    9,
    10,
    13,
    11,
    10,
    10,
    8,
    11,
    10,
    10,
    8,
    10,
    9,
    10,
    12,
    9,
    11,
    10,
    9,
    10,
    11,
    10,
    10,
    10,
    10
  ],
  "entcoeff": [
    7.349658399460316e-06,
    1.1432509808161629e-05,
    9.660237622069701e-07,
    3.4560521886276248e-06,
    3.076453287785944e-06,
    5.559437851863545e-06,
    4.145435452097095e-06,
    4.372448447955531e-06,
    1.2225803678864746e-06,
    -3.3881317890172014e-21,
    2.0254063546606053e-06,
    3.986088739744599e-06,
    1.5433994939683697e-06,
    2.2948086916625025e-06,
    2.3096036138463885e-06,
    1.408172482252572e-06,
    4.670425762798938e-06,
    2.4341161808221572e-06,
    1.943503397730984e-06,
    2.4215834380738893e-06,
    6.248824576184822e-06,
    2.481962796301798e-06,
    3.544374808880425e-06,
    3.428887083249454e-06,
    3.024999979892494e-06,
    1.68817531313484e-06,
    5.40775743799699e-06,
    3.31391131684197e-06,
    4.875516027629049e-06,
    4.1850416220581185e-06
  ],
  "cg_damping": [
    0.7970232404498053,
    0.6333433522311653,
    0.5395993121818069,
    0.6685961934576963,
    1.0,
    0.9973582903182521,
    1.0,
    1.0,
    1.0,
    1.0,
    1.0,
    1.0,
    1.0,
    0.42685261989793755,
    1.0,
    1.0,
    1.0,
    1.0,
    0.9946701584646099,
    0.8907994097832226,
    1.0,
    1.0,
    1.0,
    1.0,
    0.9496378063417703,
    1.0,
    1.0,
    1.0,
    0.9466891652832788,
    1.0
  ],
  "vf_stepsize": [
    0.029999999999999995,
    0.0013764479837184503,
    0.018813440352146427,
    0.004768546923653968,
    0.029999999999999995,
    0.002444742435729623,
    0.014408189832714451,
    0.002944830932917195,
    0.0031000981658058525,
    0.0053097750215081625,
    0.012437442844320497,
    0.026771108584838593,
    0.006301852209387893,
    0.004494241689630166,
    0.006317012000214514,
    0.013821302598189098,
    0.0032309968972133825,
    0.008188600452675662,
    0.004966752429806239,
    0.008551819006309722,
    0.00993403609302313,
    0.007132653060703144,
    0.007143456103034035,
    0.007492197404366098,
    0.0057346273423163575,
    0.007548463034259667,
    0.00861467399533482,
    0.006660646892380504,
    0.007968351668347322,
    0.00517860294229621
  ],
  "vf_iters": [
    12,
    10,
    10,
    10,
    12,
    8,
    9,
    10,
    12,
    12,
    11,
    10,
    10,
    10,
    11,
    10,
    10,
    9,
    9,
    11,
    9,
    10,
    11,
    10,
    12,
    10,
    10,
    12,
    9,
    10
  ],
  "vf_minibatches": [
    21,
    22,
    13,
    16,
    18,
    20,
    16,
    19,
    16,
    14,
    19,
    26,
    19,
    18,
    21,
    18,
    18,
    15,
    20,
    17,
    17,
    17,
    19,
    18,
    18,
    22,
    18,
    19,
    21,
    22
  ],
  "num_envs": 4,
  "results_dir_name": "results",
  "storage_dir_name": "storage",
  "train_set": "remaining",
  "eval_set": "remaining",
  "OPENAI_LOG_FORMAT": "csv",
  "walltime_hrs": 0.3,
  "num_checkpoints": 100,
  "eval_ntrajs": 10,
  "eval_nsteps": 200,
  "eval_seed": 12345,
  "looping_tree": {
    "method": "fixed",
    "environment": "fixed",
    "total_timesteps": "fixed",
    "rng_seed": "zip",
    "policy_kwargs": "fixed",
    "timesteps_per_batch": "zip",
    "gamma": "zip",
    "lam": "zip",
    "max_kl": "zip",
    "cg_iters": "zip",
    "entcoeff": "zip",
    "cg_damping": "zip",
    "vf_stepsize": "zip",
    "vf_iters": "zip",
    "vf_minibatches": "zip"
  }
}