{
  "description": "Hyper-parameter optimization for trpo on a low frequency environment",
  "method": "trpo",
  "environment": "drop_leg_100hz",
  "total_timesteps": 4000000,
  "rng_seed": [
    83000,
    57000,
    0,
    50000,
    21000,
    77000,
    40000,
    33000,
    90000,
    62000,
    21000,
    19000,
    86000,
    50000,
    30000,
    39000,
    53000,
    68000,
    14000,
    86000,
    4000,
    69000,
    20000,
    54000,
    45000,
    77000,
    74000,
    60000,
    68000,
    67000
  ],
  "policy_kwargs": {
    "net_arch": [
      {
        "vf": [
          64,
          64
        ],
        "pi": [
          64,
          64
        ]
      }
    ]
  },
  "timesteps_per_batch": [
    2898,
    2816,
    2561,
    2464,
    3020,
    1987,
    1973,
    2289,
    1805,
    2525,
    2356,
    2107,
    1990,
    2299,
    2017,
    2561,
    2028,
    2298,
    2459,
    2186,
    2088,
    2258,
    2481,
    2257,
    2573,
    2186,
    2277,
    2501,
    2370,
    2386
  ],
  "gamma": [
    0.9458524105776005,
    0.9095616261606079,
    0.9422183115208606,
    0.9431961298623384,
    0.9629367723323966,
    0.9314427456140568,
    0.9566210473688478,
    0.9339594908729058,
    0.9357088375295892,
    0.9393532050218926,
    0.9205553367589813,
    0.9670094527945414,
    0.9181426102201207,
    0.9564968982421171,
    0.9219888791413946,
    0.9435461039496188,
    0.937665655532582,
    0.9151055962499134,
    0.950837958422238,
    0.9464082269823197,
    0.9486142456648888,
    0.9380798582037458,
    0.9252080161797309,
    0.9386727306791316,
    0.9454928975922421,
    0.9310901134801806,
    0.9455416531662433,
    0.9538109136442917,
    0.9220835713074137,
    0.954529919058752
  ],
  "lam": [
    0.9991475265048829,
    0.9995087066338848,
    0.9995088512466607,
    0.9994819371177195,
    0.9990515459315658,
    0.9992296507021762,
    0.999693589115975,
    0.9994227831290472,
    0.9993937621561678,
    0.999311003734731,
    0.9990274604864711,
    0.9994516583228951,
    0.9995422005816665,
    0.9994115816673388,
    0.9994985654388217,
    0.99954464746426,
    0.9994752603416445,
    0.9994470244143873,
    0.9993238815559208,
    0.9994677470605392,
    0.9993491890710675,
    0.9994041453110014,
    0.9991854525002927,
    0.9994722370642175,
    0.9993985794858816,
    0.9994492381448397,
    0.9995659850519301,
    0.9994071900594941,
    0.9994328487623625,
    0.9993995028008232
  ],
  "max_kl": [
    0.020206605326548686,
    0.035472944070411884,
    0.022172320021514234,
    0.017706456108312434,
    0.023713389614754454,
    0.027260736459598384,
    0.02438021521422537,
    0.023679126962386034,
    0.023576166870114375,
    0.020846723498982617,
    0.02434745847041098,
    0.01940434164300096,
    0.01841967576792672,
    0.028831861680420977,
    0.03362412460043379,
    0.020916551240826475,
    0.017640374358224093,
    0.01936710536776365,
    0.021126312264069493,
    0.030695963753557497,
    0.026028090239895534,
    0.024717681793958026,
    0.021733868729671046,
    0.021130118298716583,
    0.02056199608403926,
    0.024561434752193752,
    0.019566606281084586,
    0.023192077673524988,
    0.021769770581317592,
    0.02372945178096425
  ],
  "cg_iters": [
    10,
    10,
    9,
    9,
    8,
    10,
    9,
    9,
    9,
    8,
    10,
    9,
    9,
    9,
    8,
    9,
    9,
    9,
    9,
    9,
    9,
    9,
    10,
    10,
    10,
    8,
    8,
    10,
    9,
    9
  ],
  "entcoeff": [
    2.3631047831311887e-05,
    1.945595092553441e-05,
    2.0749074646644105e-05,
    1.8834579304038702e-05,
    1.8937042411376052e-05,
    2.863418580949191e-05,
    1.9769961812806713e-05,
    2.0223307237080205e-05,
    1.3612487842949556e-05,
    1.907646139671013e-05,
    1.7734665001860385e-05,
    1.756328970524077e-05,
    2.1320994514231552e-05,
    2.0645135241630675e-05,
    2.1434934408716524e-05,
    2.3517082158520647e-05,
    2.0045534149613492e-05,
    1.6327161162822828e-05,
    2.1575674590693313e-05,
    1.701504830194617e-05,
    1.4185938404431962e-05,
    1.749359354032727e-05,
    1.948843572697648e-05,
    1.824888303383324e-05,
    1.8638652052527627e-05,
    1.6573029311663765e-05,
    1.9104211973492882e-05,
    1.4258847642081826e-05,
    1.5205096239041214e-05,
    1.677408549787897e-05
  ],
  "cg_damping": [
    0.13270724619625374,
    0.22268435109901105,
    0.10013632400282342,
    0.17969794857373675,
    0.2169737385075758,
    0.2799529363451666,
    0.2757229527445398,
    0.3144097956236913,
    0.13709842802917602,
    0.22322036202890141,
    0.13877714391792048,
    0.22307235046097207,
    0.16709041376539507,
    0.14942685444390397,
    0.20584311206499661,
    0.17194794719205314,
    0.14805036506335512,
    0.23282540755749417,
    0.19833045631070145,
    0.21697252176555604,
    0.16679578638526685,
    0.2425229898160997,
    0.19233296231200955,
    0.21390258926799435,
    0.13085989074680507,
    0.23196484824925467,
    0.16120637148443395,
    0.20341201588585806,
    0.1871252987879606,
    0.2002060961922493
  ],
  "vf_stepsize": [
    0.005688293629446046,
    0.005653867230743756,
    0.009996271075572355,
    0.005077853700164092,
    0.010029678746820855,
    0.009800059214379419,
    0.007506560407726379,
    0.0058392376126994985,
    0.007755494011015078,
    0.008619691705398261,
    0.01018980257433364,
    0.0054092397566946745,
    0.009333112163142311,
    0.009117185330904075,
    0.008952071304513068,
    0.007631806061834192,
    0.008686948499973026,
    0.008699792348592097,
    0.0073159616071354445,
    0.007212206565241856,
    0.010117699341006562,
    0.005873712380760585,
    0.010070706395799675,
    0.007328918117530695,
    0.009590152558221331,
    0.007172206383871774,
    0.008965994035408808,
    0.007626407711958432,
    0.009758619557695601,
    0.010140965405312712
  ],
  "vf_iters": [
    12,
    8,
    9,
    8,
    9,
    9,
    9,
    8,
    10,
    8,
    10,
    10,
    9,
    9,
    9,
    9,
    9,
    8,
    9,
    10,
    9,
    8,
    8,
    8,
    9,
    10,
    9,
    8,
    9,
    8
  ],
  "vf_minibatches": [
    20,
    26,
    19,
    19,
    25,
    18,
    18,
    22,
    19,
    18,
    22,
    25,
    22,
    25,
    21,
    17,
    20,
    20,
    19,
    19,
    18,
    24,
    21,
    21,
    19,
    22,
    20,
    19,
    19,
    20
  ],
  "num_envs": 4,
  "results_dir_name": "results",
  "storage_dir_name": "storage",
  "train_set": "remaining",
  "eval_set": "remaining",
  "OPENAI_LOG_FORMAT": "csv",
  "walltime_hrs": 0.3,
  "num_checkpoints": 100,
  "eval_ntrajs": 10,
  "eval_nsteps": 200,
  "eval_seed": 12345,
  "looping_tree": {
    "method": "fixed",
    "environment": "fixed",
    "total_timesteps": "fixed",
    "rng_seed": "zip",
    "policy_kwargs": "fixed",
    "timesteps_per_batch": "zip",
    "gamma": "zip",
    "lam": "zip",
    "max_kl": "zip",
    "cg_iters": "zip",
    "entcoeff": "zip",
    "cg_damping": "zip",
    "vf_stepsize": "zip",
    "vf_iters": "zip",
    "vf_minibatches": "zip"
  }
}