{
  "description": "Hyper-parameter optimization for trpo on a low frequency environment",
  "method": "trpo",
  "environment": "drop_leg_100hz",
  "total_timesteps": 4000000,
  "rng_seed": [
    3000,
    13000,
    71000,
    40000,
    2000,
    38000,
    27000,
    89000,
    44000,
    11000,
    91000,
    48000,
    58000,
    88000,
    83000,
    20000,
    73000,
    85000,
    42000,
    14000,
    53000,
    90000,
    83000,
    63000,
    41000,
    77000,
    21000,
    37000,
    61000,
    84000
  ],
  "policy_kwargs": {
    "net_arch": [
      {
        "vf": [
          64,
          64
        ],
        "pi": [
          64,
          64
        ]
      }
    ]
  },
  "timesteps_per_batch": [
    3616,
    3894,
    2918,
    3790,
    3228,
    3457,
    3142,
    3424,
    4067,
    3545,
    3706,
    2891,
    3410,
    3676,
    3383,
    3680,
    3517,
    3420,
    3230,
    3604,
    3594,
    3752,
    3062,
    3672,
    3512,
    3331,
    3257,
    3510,
    3579,
    3539
  ],
  "gamma": [
    0.9771682043206801,
    0.9658254613142364,
    0.9826930086097118,
    0.9639939055106457,
    0.9714723474389421,
    0.9800159573953084,
    0.9706396350805552,
    0.9744491074777708,
    0.9649959904876174,
    0.9734838546633032,
    0.9750255950177737,
    0.9728984306281139,
    0.9621552823656091,
    0.9794537226169773,
    0.9711969455955657,
    0.9702429068299199,
    0.9672285077573889,
    0.9674362585170629,
    0.9644911366239445,
    0.9717134907568589,
    0.9698000385478226,
    0.9631988670261493,
    0.9693826974281883,
    0.9686928195092485,
    0.972103358416821,
    0.9703433165300575,
    0.97117980522774,
    0.9685467326427045,
    0.9724376042619061,
    0.9692240141231216
  ],
  "lam": [
    0.999687316863407,
    0.9997062098578208,
    0.9996805096830036,
    0.9996896205698887,
    0.9995647011875167,
    0.9995933204256587,
    0.9996900919550183,
    0.999671440820132,
    0.9996983554856113,
    0.9997060980434372,
    0.9997705450730622,
    0.9996503570248522,
    0.9996642720502867,
    0.9996780114654534,
    0.9996631560598694,
    0.9995989591195688,
    0.9997120418279,
    0.999641873086391,
    0.9996835408214098,
    0.9996551507224847,
    0.9996243314730054,
    0.9996697316227489,
    0.9996506072184096,
    0.9996429204842024,
    0.9996879267260405,
    0.9996809866477029,
    0.9996081023154696,
    0.9996725383157914,
    0.9996524089385116,
    0.9996794987515158
  ],
  "max_kl": [
    0.01635242396784364,
    0.017972021631129553,
    0.021931529902721035,
    0.01911238031490963,
    0.014162359903775698,
    0.02110727747974259,
    0.02160501521798711,
    0.0230242432075915,
    0.01755796641770479,
    0.018143281886919316,
    0.020220007882008294,
    0.018101338430382703,
    0.01965772970422359,
    0.018301567598040636,
    0.017328783070158203,
    0.02120247451575408,
    0.023872036318459727,
    0.022002267575408838,
    0.022276106782339686,
    0.024225870479327803,
    0.020856239489284573,
    0.021144430799128287,
    0.022871136283358788,
    0.020689247670112716,
    0.021641010343776374,
    0.02262516125439172,
    0.023463122130168435,
    0.02251086083602833,
    0.02257978925168715,
    0.022464784484098672
  ],
  "cg_iters": [
    9,
    9,
    8,
    8,
    9,
    7,
    9,
    9,
    9,
    8,
    8,
    9,
    9,
    9,
    9,
    8,
    9,
    8,
    9,
    8,
    8,
    8,
    8,
    9,
    8,
    8,
    8,
    8,
    8,
    8
  ],
  "entcoeff": [
    5.5295679670156285e-06,
    8.529433196148306e-06,
    8.563330842182054e-06,
    6.4323314891038805e-06,
    8.23857779464616e-06,
    8.20677138473427e-06,
    5.970462501793452e-06,
    7.229350464802303e-06,
    7.846246968970056e-06,
    7.153707074063256e-06,
    8.24831485815407e-06,
    7.503691189905252e-06,
    5.603056212263741e-06,
    6.899939577622778e-06,
    7.658983683536453e-06,
    8.255604219951416e-06,
    6.708159221670485e-06,
    7.649612990455286e-06,
    7.07978253803925e-06,
    7.381598514546159e-06,
    7.2276187746819875e-06,
    8.140688690635849e-06,
    8.37006705703467e-06,
    6.336918519767553e-06,
    7.3285821029905924e-06,
    6.947363269798724e-06,
    7.35197686973138e-06,
    6.74261335646627e-06,
    7.377403711481653e-06,
    7.19404845130492e-06
  ],
  "cg_damping": [
    0.19849239023831114,
    0.13230320308340573,
    0.12756238819572976,
    0.25929722927308146,
    0.21772536205865148,
    0.13372340778804176,
    0.1805994893735939,
    0.11480708436891521,
    0.16636756079130208,
    0.33748851692387044,
    0.15648499447941558,
    0.15970860786911895,
    0.14062906713237158,
    0.2186380172211237,
    0.20518162891480757,
    0.13946894950946262,
    0.151190302729483,
    0.1892792050468362,
    0.19168667442710302,
    0.14868876153309257,
    0.16312270898970704,
    0.16671383766408182,
    0.1810178662109497,
    0.1838267621858199,
    0.18294568144238674,
    0.22175859801383638,
    0.16511702567602315,
    0.19177537130211533,
    0.18600721572490148,
    0.1749984916123588
  ],
  "vf_stepsize": [
    0.006598189307873375,
    0.0043165644085568,
    0.002586302446851497,
    0.001795643804550523,
    0.003267527368015667,
    0.0047210398285142405,
    0.004932983588503274,
    0.003043202029518546,
    0.002331921562055498,
    0.003330814213122116,
    0.003323367685616032,
    0.0033261041542500575,
    0.003021154714280444,
    0.004172986406382354,
    0.0037997310858953687,
    0.0037691907910721847,
    0.0040764684098280185,
    0.004046211695137111,
    0.0030588023279119105,
    0.002502437334953275,
    0.002942478183428554,
    0.0034350197644785812,
    0.0031436298550553345,
    0.003516196541007974,
    0.003989704025966128,
    0.003897575564955968,
    0.003474460244375409,
    0.0036525085923419486,
    0.00333722503856725,
    0.0036429882137090485
  ],
  "vf_iters": [
    8,
    8,
    8,
    9,
    8,
    7,
    8,
    8,
    8,
    8,
    8,
    8,
    8,
    8,
    8,
    8,
    8,
    8,
    8,
    8,
    8,
    8,
    8,
    8,
    8,
    8,
    8,
    8,
    8,
    8
  ],
  "vf_minibatches": [
    21,
    19,
    18,
    20,
    19,
    19,
    21,
    21,
    18,
    21,
    20,
    23,
    19,
    20,
    19,
    21,
    19,
    19,
    17,
    19,
    21,
    21,
    19,
    21,
    20,
    20,
    20,
    19,
    19,
    21
  ],
  "num_envs": 4,
  "results_dir_name": "results",
  "storage_dir_name": "storage",
  "train_set": "remaining",
  "eval_set": "remaining",
  "OPENAI_LOG_FORMAT": "csv",
  "walltime_hrs": 0.3,
  "num_checkpoints": 100,
  "eval_ntrajs": 10,
  "eval_nsteps": 200,
  "eval_seed": 12345,
  "looping_tree": {
    "method": "fixed",
    "environment": "fixed",
    "total_timesteps": "fixed",
    "rng_seed": "zip",
    "policy_kwargs": "fixed",
    "timesteps_per_batch": "zip",
    "gamma": "zip",
    "lam": "zip",
    "max_kl": "zip",
    "cg_iters": "zip",
    "entcoeff": "zip",
    "cg_damping": "zip",
    "vf_stepsize": "zip",
    "vf_iters": "zip",
    "vf_minibatches": "zip"
  }
}