{
  "description": "Hyper-parameter optimization for trpo on a low frequency environment",
  "method": "trpo",
  "environment": "drop_leg_100hz",
  "total_timesteps": 4000000,
  "rng_seed": [
    54000,
    72000,
    78000,
    77000,
    54000,
    28000,
    28000,
    50000,
    55000,
    14000,
    15000,
    91000,
    66000,
    43000,
    1000,
    12000,
    94000,
    23000,
    39000,
    89000,
    45000,
    28000,
    96000,
    42000,
    54000,
    97000,
    71000,
    41000,
    4000,
    16000
  ],
  "policy_kwargs": {
    "net_arch": [
      {
        "vf": [
          64,
          64
        ],
        "pi": [
          64,
          64
        ]
      }
    ]
  },
  "timesteps_per_batch": [
    4172,
    3656,
    3396,
    3893,
    3255,
    3386,
    3110,
    3505,
    3650,
    3590,
    3287,
    3329,
    3755,
    3294,
    3693,
    3956,
    3332,
    3419,
    3389,
    3719,
    3182,
    3653,
    3243,
    3922,
    3457,
    3463,
    3727,
    3602,
    3226,
    3679
  ],
  "gamma": [
    0.9677212233280158,
    0.9818793201326852,
    0.9461984856084762,
    0.9713396469825568,
    0.9631476531117343,
    0.9732108096642826,
    0.9739311514857487,
    0.9677049940336021,
    0.9625057398243033,
    0.9754824453018925,
    0.9776126638756046,
    0.9699987042887058,
    0.9500556338596992,
    0.9658045400954968,
    0.9612465011769503,
    0.9736761394116673,
    0.9620502204000231,
    0.9626877836816734,
    0.9698054009534112,
    0.9664221474172082,
    0.9676348197674128,
    0.9715353690235059,
    0.9710626685133714,
    0.9657633618352248,
    0.9706123736213415,
    0.9690948769920694,
    0.966969182490698,
    0.9661379676836378,
    0.9673799534296953,
    0.9670810604347373
  ],
  "lam": [
    0.9995378050786374,
    0.9995704590933306,
    0.9995755846525096,
    0.9997172161156812,
    0.9995694016909962,
    0.9994948333278294,
    0.9994835257401409,
    0.9996776475084991,
    0.9997082193906394,
    0.9995407918530822,
    0.9996775440672903,
    0.9995863754536651,
    0.9996301526171879,
    0.9995934812949167,
    0.9995389997562559,
    0.999645648376295,
    0.9996139515254654,
    0.9996571834371132,
    0.9996617228113949,
    0.9995222382602532,
    0.999521442443257,
    0.9995874210766469,
    0.9996630970331464,
    0.9996035440826703,
    0.9995736048057595,
    0.9996449148733821,
    0.9996086082428733,
    0.9995510358080993,
    0.9995314872717335,
    0.9996533542390083
  ],
  "max_kl": [
    0.028854884763973566,
    0.031475035977478506,
    0.03275335580955505,
    0.031673537604888655,
    0.020934888822124575,
    0.025446123537112536,
    0.02612814351956388,
    0.03136006369752961,
    0.021805466878970503,
    0.023243647758085115,
    0.024464924187853215,
    0.02912647036792196,
    0.02850604089154402,
    0.023575081848907387,
    0.0320241336630807,
    0.022476999299538326,
    0.028537268577033825,
    0.02853811544102385,
    0.025793442417050668,
    0.023939396773893055,
    0.025577321849554118,
    0.026096229585645482,
    0.027682227224294635,
    0.02822547563335232,
    0.03298635123752513,
    0.029395223062909284,
    0.026866887716636718,
    0.029881730843426366,
    0.027582555206844526,
    0.028856977938338867
  ],
  "cg_iters": [
    8,
    8,
    7,
    8,
    9,
    9,
    8,
    8,
    8,
    8,
    8,
    9,
    8,
    8,
    9,
    8,
    8,
    8,
    9,
    9,
    8,
    8,
    8,
    8,
    8,
    9,
    9,
    8,
    8,
    8
  ],
  "entcoeff": [
    4.4946887611770965e-06,
    8.66752769934634e-06,
    4.994575627922816e-06,
    4.637909263597295e-06,
    7.731789180376656e-06,
    5.444880106121661e-06,
    7.522158606845151e-06,
    7.694764835767646e-06,
    7.263214472640856e-06,
    6.66383698052562e-06,
    5.185714542222278e-06,
    5.62657455417887e-06,
    6.60121714005609e-06,
    7.811017153359078e-06,
    6.20802871506125e-06,
    6.969350380454589e-06,
    6.542244934542484e-06,
    6.975389054056463e-06,
    4.924781458630845e-06,
    7.122206823159316e-06,
    5.49505205898867e-06,
    6.928837110210262e-06,
    6.893702832282809e-06,
    6.927320217105183e-06,
    6.515433862498506e-06,
    7.214340130782264e-06,
    6.582270810016519e-06,
    6.470082533041286e-06,
    7.479333465587245e-06,
    5.44920006015442e-06
  ],
  "cg_damping": [
    0.15336746610628482,
    0.1948799060646681,
    0.35588041768477013,
    0.21467688818358882,
    0.30984361882075884,
    0.16541156629754206,
    0.34471621142163755,
    0.13822293401923924,
    0.22616611702359796,
    0.24844481176556488,
    0.24646500390346918,
    0.2043100515452272,
    0.2174157603459099,
    0.20560136624880895,
    0.1557404657912908,
    0.1873136251291452,
    0.15311274044497394,
    0.13226827306405417,
    0.17970227936409247,
    0.14759561178810218,
    0.18340167482872483,
    0.19256907962020872,
    0.2264310278148115,
    0.19232428278822972,
    0.14729333948472495,
    0.19507551346842064,
    0.18104080732223404,
    0.17584252187974073,
    0.20581440358108063,
    0.18332831022818108
  ],
  "vf_stepsize": [
    0.005164623666909752,
    0.0036876072236159793,
    0.004140706716137347,
    0.004384155099756409,
    0.003968038880113463,
    0.0030425836861248273,
    0.002570333596239098,
    0.0037910930576202004,
    0.0036776634282238286,
    0.00424320548519445,
    0.00232304404946719,
    0.0038134747033001164,
    0.00384903766324313,
    0.002933143375258208,
    0.0030450503730173398,
    0.003186055887552714,
    0.0035813678951275023,
    0.002467079849234354,
    0.003112102903662042,
    0.0029499460198298996,
    0.004037325215692532,
    0.0030219927457672225,
    0.0033916097434941502,
    0.003478183121216309,
    0.002962395683161218,
    0.003439324734811834,
    0.003049403290698444,
    0.003276755250406305,
    0.003816595343890608,
    0.0034240838002113218
  ],
  "vf_iters": [
    9,
    9,
    8,
    8,
    8,
    8,
    8,
    9,
    8,
    8,
    9,
    8,
    8,
    8,
    9,
    8,
    8,
    8,
    8,
    9,
    8,
    8,
    9,
    8,
    8,
    8,
    8,
    8,
    8,
    8
  ],
  "vf_minibatches": [
    19,
    22,
    23,
    21,
    22,
    21,
    22,
    23,
    19,
    22,
    23,
    20,
    24,
    21,
    22,
    19,
    23,
    22,
    22,
    20,
    23,
    21,
    21,
    22,
    21,
    20,
    22,
    21,
    23,
    23
  ],
  "num_envs": 4,
  "results_dir_name": "results",
  "storage_dir_name": "storage",
  "train_set": "remaining",
  "eval_set": "remaining",
  "OPENAI_LOG_FORMAT": "csv",
  "walltime_hrs": 0.3,
  "num_checkpoints": 100,
  "eval_ntrajs": 10,
  "eval_nsteps": 200,
  "eval_seed": 12345,
  "looping_tree": {
    "method": "fixed",
    "environment": "fixed",
    "total_timesteps": "fixed",
    "rng_seed": "zip",
    "policy_kwargs": "fixed",
    "timesteps_per_batch": "zip",
    "gamma": "zip",
    "lam": "zip",
    "max_kl": "zip",
    "cg_iters": "zip",
    "entcoeff": "zip",
    "cg_damping": "zip",
    "vf_stepsize": "zip",
    "vf_iters": "zip",
    "vf_minibatches": "zip"
  }
}