{
  "description": "Hyper-parameter optimization for trpo on a low frequency environment",
  "method": "trpo",
  "environment": "drop_leg_100hz",
  "total_timesteps": 4000000,
  "rng_seed": [
    92000,
    6000,
    55000,
    75000,
    81000,
    32000,
    55000,
    78000,
    90000,
    63000,
    84000,
    8000,
    40000,
    73000,
    3000,
    14000,
    34000,
    33000,
    42000,
    31000,
    8000,
    46000,
    49000,
    9000,
    63000,
    62000,
    58000,
    42000,
    89000,
    70000
  ],
  "policy_kwargs": {
    "net_arch": [
      {
        "vf": [
          64,
          64
        ],
        "pi": [
          64,
          64
        ]
      }
    ]
  },
  "timesteps_per_batch": [
    4044,
    6813,
    3088,
    4753,
    3004,
    6276,
    3623,
    4270,
    4419,
    3267,
    4295,
    4039,
    3014,
    4352,
    6272,
    5739,
    4341,
    3696,
    4468,
    4250,
    4548,
    3389,
    3826,
    4259,
    4813,
    4093,
    4550,
    3832,
    4942,
    4580
  ],
  "gamma": [
    0.9753647423435595,
    0.9515847474224648,
    0.9349394791833692,
    0.9569340097668912,
    0.9126071970086408,
    0.9725208627813055,
    0.9472452038827054,
    0.9012980063586078,
    0.9794133183978455,
    0.9792601621393134,
    0.9632966784451843,
    0.9688194690172527,
    0.9606782809494969,
    0.9601534415667385,
    0.963073396611959,
    0.9276349730907792,
    0.9327893452348144,
    0.9382486703134502,
    0.9512258202815803,
    0.9603332632179175,
    0.9475371652156066,
    0.9551879132784364,
    0.9528399677532027,
    0.9414621406473184,
    0.9490782999734488,
    0.9499947631008226,
    0.9383790577322318,
    0.9503852895860838,
    0.9455563854229678,
    0.9471968024759625
  ],
  "lam": [
    0.9997001986087669,
    0.9991244035653446,
    0.9994326146809108,
    0.9990453076390218,
    0.9985443661169774,
    0.9994254483417412,
    0.9994340516616143,
    0.9991162917538994,
    0.9992756519564598,
    0.9992976731607907,
    0.9994154502565498,
    0.9995221556213301,
    0.9992750956121899,
    0.9995984583839816,
    0.9992799602195639,
    0.998959377176467,
    0.9995962240094675,
    0.999317624176987,
    0.9991551223871667,
    0.9992795294952984,
    0.9995761974346051,
    0.9995004287023428,
    0.9993927475341036,
    0.9993258957960645,
    0.9992578174919381,
    0.9992272141357691,
    0.9993135043948014,
    0.9993408297539638,
    0.9994049140715286,
    0.9992633434686707
  ],
  "max_kl": [
    0.03635909914918757,
    0.026179394363164334,
    0.02242615100198026,
    0.026199500450111084,
    0.03014202912556942,
    0.023291454184935913,
    0.016055964829959947,
    0.01956813531477552,
    0.022313489835772426,
    0.03000897977385657,
    0.022299867681631932,
    0.031603367480295665,
    0.023527400857911336,
    0.03226485389788723,
    0.025416521929961074,
    0.031204369976230086,
    0.0225448086285792,
    0.021577404112415502,
    0.023034334029861766,
    0.01624265881685368,
    0.024971454813690935,
    0.024146795643561498,
    0.021887883979513384,
    0.02817345969680211,
    0.020590378183659046,
    0.02625002766647234,
    0.02162261890221835,
    0.02016947197269154,
    0.018391639724601044,
    0.02702293555609376
  ],
  "cg_iters": [
    10,
    11,
    8,
    11,
    9,
    10,
    8,
    8,
    7,
    8,
    8,
    8,
    9,
    8,
    9,
    8,
    8,
    9,
    7,
    8,
    9,
    8,
    8,
    8,
    9,
    8,
    9,
    9,
    8,
    8
  ],
  "entcoeff": [
    7.606700131426294e-06,
    6.5913091055165124e-06,
    6.474184939304052e-06,
    9.611197907845827e-06,
    3.5697011305812048e-06,
    1.1520616759685004e-05,
    5.698511628917747e-06,
    8.271030278512347e-06,
    4.471936731368883e-06,
    3.3954761065196626e-06,
    1.0875339225454911e-05,
    1.1148045628394594e-05,
    5.006844870525843e-06,
    9.596476748653135e-06,
    5.6930881522376825e-06,
    7.721620002878073e-06,
    8.127828059358573e-06,
    7.284388066895457e-06,
    5.950420874221502e-06,
    7.001128713197071e-06,
    5.580627778568559e-06,
    6.533951540464652e-06,
    5.9111347244902e-06,
    7.308126007581638e-06,
    7.047167110439731e-06,
    7.130152866511292e-06,
    6.764145297029372e-06,
    5.664369285007884e-06,
    7.681016366152846e-06,
    4.716079160261754e-06
  ],
  "cg_damping": [
    0.14246563934354478,
    0.7048423090347732,
    0.6172227676599197,
    0.09526317778152874,
    0.10414442460945085,
    0.07232063815979096,
    0.06627872191580081,
    0.1290911490631664,
    0.3142878715656194,
    0.18087295135667733,
    0.14600080702188378,
    0.4946432016480477,
    0.08212253193080234,
    0.10679278078808663,
    0.2867358571856853,
    0.12934104561879486,
    0.12611873806831814,
    0.15260046716234493,
    0.15123283665869677,
    0.0983451903458722,
    0.2632221170065196,
    0.1876284739438473,
    0.140891306325747,
    0.20406529482021918,
    0.19725216473657226,
    0.16418070388239192,
    0.201691976559298,
    0.22273607617660407,
    0.12117133169320217,
    0.1739794417238902
  ],
  "vf_stepsize": [
    0.0016662318935017938,
    0.0027291694221925674,
    0.001187517175405112,
    0.001106769003468092,
    0.0038215618285195358,
    0.0024958849557759253,
    0.0018228186087506136,
    0.001111922471318955,
    0.0037577601145403297,
    0.0016072245165048226,
    0.001619025001195937,
    0.0017125108579442378,
    0.003340298160122536,
    0.002902143695546371,
    0.0013504820673915076,
    0.0016575747862196159,
    0.0015667714605511408,
    0.001445949480206573,
    0.0021864122121286068,
    0.002112812671703304,
    0.0014491446909135094,
    0.0018903677835504476,
    0.002632006038386922,
    0.001987333198778064,
    0.001746373964869608,
    0.0016020596816227035,
    0.0016909090858475179,
    0.0018704316804029428,
    0.002522351404151056,
    0.0020272652029106374
  ],
  "vf_iters": [
    8,
    9,
    8,
    8,
    8,
    8,
    9,
    7,
    10,
    9,
    9,
    9,
    8,
    8,
    9,
    9,
    9,
    9,
    9,
    8,
    9,
    9,
    9,
    8,
    9,
    8,
    9,
    9,
    8,
    8
  ],
  "vf_minibatches": [
    29,
    24,
    32,
    20,
    24,
    19,
    29,
    24,
    24,
    23,
    25,
    27,
    23,
    24,
    30,
    24,
    27,
    25,
    30,
    23,
    29,
    29,
    25,
    27,
    29,
    28,
    24,
    27,
    25,
    27
  ],
  "num_envs": 4,
  "results_dir_name": "results",
  "storage_dir_name": "storage",
  "train_set": "remaining",
  "eval_set": "remaining",
  "OPENAI_LOG_FORMAT": "csv",
  "walltime_hrs": 0.3,
  "num_checkpoints": 100,
  "eval_ntrajs": 10,
  "eval_nsteps": 200,
  "eval_seed": 12345,
  "looping_tree": {
    "method": "fixed",
    "environment": "fixed",
    "total_timesteps": "fixed",
    "rng_seed": "zip",
    "policy_kwargs": "fixed",
    "timesteps_per_batch": "zip",
    "gamma": "zip",
    "lam": "zip",
    "max_kl": "zip",
    "cg_iters": "zip",
    "entcoeff": "zip",
    "cg_damping": "zip",
    "vf_stepsize": "zip",
    "vf_iters": "zip",
    "vf_minibatches": "zip"
  }
}