{
  "description": "Hyper-parameter optimization for trpo on a low frequency environment",
  "method": "trpo",
  "environment": "drop_leg_100hz",
  "total_timesteps": 4000000,
  "rng_seed": [
    81000,
    97000,
    21000,
    74000,
    9000,
    85000,
    91000,
    22000,
    41000,
    76000,
    94000,
    60000,
    3000,
    94000,
    51000,
    99000,
    84000,
    64000,
    98000,
    19000,
    49000,
    73000,
    71000,
    47000,
    84000,
    57000,
    3000,
    74000,
    16000,
    59000
  ],
  "policy_kwargs": {
    "net_arch": [
      {
        "vf": [
          64,
          64
        ],
        "pi": [
          64,
          64
        ]
      }
    ]
  },
  "timesteps_per_batch": [
    5732,
    73,
    12007,
    308,
    7784,
    14817,
    6911,
    300,
    1227,
    432,
    2029,
    3280,
    607,
    644,
    3719,
    1869,
    668,
    1096,
    1336,
    966,
    1484,
    1037,
    835,
    1115,
    1322,
    1062,
    908,
    1255,
    1160,
    1476
  ],
  "gamma": [
    0.9991827724709462,
    0.9998251610544798,
    0.9976151412898502,
    0.9987907604133351,
    0.9993846355035052,
    0.9970550265498445,
    0.9881046302028142,
    0.9871682141687994,
    0.36,
    0.675352929777278,
    0.641291150012236,
    0.6900085560298835,
    0.5806971013008579,
    0.8544395483190211,
    0.8163470759244325,
    0.7931511914716172,
    0.7774793050364414,
    0.5995490556564596,
    0.8550198206239454,
    0.9028674081087847,
    0.6952450991409757,
    0.36,
    0.36,
    0.7400701674050776,
    0.6464469763987684,
    0.7602828244934345,
    0.5900683744444227,
    0.5292251356568136,
    0.6941555390061249,
    0.6621117912778585
  ],
  "lam": [
    0.4463302089455733,
    0.9995206336791717,
    0.8260121435648103,
    0.9976577684863636,
    0.9987491008576399,
    0.9996636192108008,
    0.9997421073724979,
    0.9924917874896317,
    0.9294938133283543,
    0.9981718004080332,
    0.9995644888400442,
    0.9971861673354874,
    0.995252288726903,
    0.9906965693161355,
    0.9981441540507064,
    0.9780518027397438,
    0.9906768620619598,
    0.9909906536743217,
    0.9948546172881476,
    0.9651555049702538,
    0.9913121057501028,
    0.9845563701769812,
    0.9938160074814061,
    0.9914192819451044,
    0.988560882232858,
    0.9884536217901048,
    0.9850449826209421,
    0.9874900493152226,
    0.9952562657223291,
    0.9875735149701125
  ],
  "max_kl": [
    0.35932482895732404,
    0.0017416559637261355,
    0.04681684214102025,
    0.18784169205015228,
    0.006598623933377188,
    0.4669612848944411,
    0.015965483744642957,
    0.16558916748893657,
    0.013319054793095236,
    0.052695589748665755,
    0.0027209989711756213,
    0.01702055329318155,
    0.023538811371918097,
    0.0117338104853848,
    0.019046833617730553,
    0.011537136321402911,
    0.018609517054051134,
    0.0564006148790594,
    0.02006396580877666,
    0.056047991843137336,
    0.040928286572277366,
    0.026106725429596186,
    0.02979578843742067,
    0.033786232777509376,
    0.01665177534175902,
    0.01904430196520185,
    0.038529752650421786,
    0.024607195609518392,
    0.030690607353700765,
    0.03140930103852469
  ],
  "cg_iters": [
    4,
    9,
    3,
    3,
    4,
    8,
    4,
    3,
    5,
    5,
    3,
    5,
    6,
    6,
    9,
    6,
    6,
    5,
    5,
    6,
    6,
    6,
    5,
    5,
    6,
    6,
    5,
    7,
    5,
    6
  ],
  "entcoeff": [
    0.0007235380930499609,
    0.00039985595239952075,
    0.0007762462302245387,
    0.00040962777202081606,
    0.0005635352808109737,
    1.3086023114023185e-05,
    3.084526393350298e-05,
    3.641777586211978e-05,
    3.89738635464923e-05,
    2.8503131592119818e-05,
    2.3819754445836537e-05,
    4.910087160981588e-05,
    5.389283145589905e-05,
    0.0001325484344194737,
    5.3638910261939694e-05,
    3.181992232991025e-05,
    5.371006719151296e-05,
    3.498406985964196e-05,
    3.0953880240460376e-05,
    4.2236567093153856e-05,
    5.514368937880721e-05,
    3.162176791009209e-05,
    5.7874763972904736e-05,
    5.484488003701221e-05,
    5.86911551692161e-05,
    3.3614849262106264e-05,
    3.495048247450195e-05,
    6.714742444179897e-05,
    6.68734206175724e-05,
    5.902072216502083e-05
  ],
  "cg_damping": [
    0.0006990321819219754,
    0.2739639805209923,
    0.10362336920484126,
    0.004672304800877525,
    0.015129462968382404,
    0.0005188723293066272,
    0.003953206591625602,
    0.1284377053523753,
    0.1070165892192051,
    0.006715607222720037,
    0.00965942694448023,
    0.0015042170790433838,
    0.05009675811485349,
    0.006472236795364402,
    0.011409632895924069,
    0.02959172617510716,
    0.012158877423422131,
    0.0034228271718826486,
    0.0027231229666580137,
    0.010612334641581433,
    0.005989308059304352,
    0.015603902870454012,
    0.011553098243898692,
    0.020338924955052348,
    0.019496433543752054,
    0.01239806852352877,
    0.004101113381447939,
    0.011323261454516901,
    0.005690770614644506,
    0.006711808065454752
  ],
  "vf_stepsize": [
    4.794087561977568e-05,
    0.0020046188423233613,
    0.0009169455554206333,
    0.00037942415089948253,
    0.012637803002005826,
    7.711926062205365e-05,
    0.0004676224346613378,
    0.00015599831344446038,
    0.000553710939775911,
    0.0009350979952997811,
    9.896456016295471e-05,
    0.00047579091290973606,
    0.0009408519891467175,
    0.0005542116974486376,
    0.004228470639786761,
    0.0010318224872135765,
    0.0023263911097195235,
    0.00032380051399395694,
    0.0015387507350555871,
    0.0005313363800172531,
    0.0012707437741710903,
    0.0007417193153016491,
    0.0016277462114685792,
    0.0028397691431591337,
    0.001597074068858129,
    0.002161612251499604,
    0.00234827871493302,
    0.0016451054139926835,
    0.0008079169269662467,
    0.0011775620298385336
  ],
  "vf_iters": [
    12,
    9,
    5,
    6,
    8,
    8,
    6,
    11,
    7,
    4,
    3,
    6,
    7,
    5,
    4,
    4,
    5,
    5,
    5,
    4,
    7,
    4,
    6,
    4,
    6,
    4,
    4,
    5,
    5,
    7
  ],
  "vf_minibatches": [
    25,
    2,
    8,
    4,
    15,
    30,
    5,
    4,
    17,
    6,
    12,
    13,
    13,
    10,
    9,
    13,
    10,
    14,
    12,
    9,
    12,
    10,
    10,
    11,
    12,
    11,
    13,
    11,
    10,
    10
  ],
  "num_envs": 4,
  "results_dir_name": "results",
  "storage_dir_name": "storage",
  "train_set": "remaining",
  "eval_set": "remaining",
  "OPENAI_LOG_FORMAT": "csv",
  "walltime_hrs": 0.3,
  "num_checkpoints": 100,
  "eval_ntrajs": 10,
  "eval_nsteps": 200,
  "eval_seed": 12345,
  "looping_tree": {
    "method": "fixed",
    "environment": "fixed",
    "total_timesteps": "fixed",
    "rng_seed": "zip",
    "policy_kwargs": "fixed",
    "timesteps_per_batch": "zip",
    "gamma": "zip",
    "lam": "zip",
    "max_kl": "zip",
    "cg_iters": "zip",
    "entcoeff": "zip",
    "cg_damping": "zip",
    "vf_stepsize": "zip",
    "vf_iters": "zip",
    "vf_minibatches": "zip"
  }
}