{
  "description": "Hyper-parameter optimization for trpo on a low frequency environment",
  "method": "trpo",
  "environment": "drop_leg_100hz",
  "total_timesteps": 4000000,
  "rng_seed": [
    55000,
    7000,
    62000,
    49000,
    50000,
    35000,
    90000,
    61000,
    28000,
    8000,
    80000,
    50000,
    36000,
    81000,
    52000,
    3000,
    66000,
    83000,
    80000,
    15000,
    49000,
    98000,
    72000,
    86000,
    91000,
    48000,
    68000,
    81000,
    75000,
    7000
  ],
  "policy_kwargs": {
    "net_arch": [
      {
        "vf": [
          64,
          64
        ],
        "pi": [
          64,
          64
        ]
      }
    ]
  },
  "timesteps_per_batch": [
    3297,
    561,
    2209,
    1413,
    1070,
    1110,
    2915,
    1705,
    419,
    2015,
    1945,
    1723,
    988,
    1619,
    1920,
    799,
    832,
    2053,
    1114,
    1439,
    1831,
    1467,
    1092,
    1254,
    1341,
    1616,
    2075,
    1081,
    1551,
    950
  ],
  "gamma": [
    0.9225656150252098,
    0.6910063235782805,
    0.9706047751514871,
    0.980059430595662,
    0.46356618324593946,
    0.9291803148087215,
    0.6519575221050522,
    0.9791285803638207,
    0.5961985301671273,
    0.896507064578848,
    0.9823913675571684,
    0.92501695992773,
    0.96425093445438,
    0.9363796468918338,
    0.941246157590656,
    0.8543558437758672,
    0.919921673258134,
    0.9452174141257987,
    0.9176932170728438,
    0.9076820694631417,
    0.9212063483194982,
    0.9120984992144499,
    0.8777853722047296,
    0.9232446224044749,
    0.9302308929711056,
    0.9125248119979199,
    0.9014890102111406,
    0.9432465121490499,
    0.9430486132563788,
    0.8981243114330252
  ],
  "lam": [
    0.9867060612590329,
    0.8891295124934365,
    0.9965240641103337,
    0.9975499922538019,
    0.9796792973934351,
    0.971900388422042,
    0.9974292123303569,
    0.9353140251066534,
    0.9823953895150589,
    0.9916741422791356,
    0.9912854294086434,
    0.9837802299389459,
    0.9938158233866965,
    0.9957712281836502,
    0.9895981398861685,
    0.9824957101750939,
    0.9802915161204502,
    0.9905386456331353,
    0.9640899127687172,
    0.9863413362233592,
    0.9815731101812948,
    0.9874248540730435,
    0.9656591308692725,
    0.9918183931202794,
    0.9657012369111211,
    0.9804293575072427,
    0.9883159691805622,
    0.9817406290467178,
    0.9845875976174624,
    0.9917896812429886
  ],
  "max_kl": [
    0.0012500000000000002,
    0.014185533111163101,
    0.012192351580660689,
    0.00671662976906845,
    0.003413844018933733,
    0.0012500000000000002,
    0.002103509101931773,
    0.006658851917074829,
    0.013124338098396771,
    0.010880547998033556,
    0.010359366834335092,
    0.03531120472183468,
    0.008362156925333583,
    0.007901376702404315,
    0.008758035551283013,
    0.00616519341131105,
    0.008133002933370204,
    0.010489372133345005,
    0.0065200078870483675,
    0.013557912506220312,
    0.011708305723182974,
    0.005630738480518726,
    0.00879111949934926,
    0.008003714743616133,
    0.00994710847916996,
    0.011756021738364406,
    0.012257350279546728,
    0.009189518871712184,
    0.012664562187812653,
    0.008817365148718859
  ],
  "cg_iters": [
    8,
    13,
    12,
    11,
    11,
    9,
    10,
    11,
    8,
    16,
    16,
    13,
    14,
    11,
    15,
    11,
    13,
    12,
    12,
    15,
    14,
    11,
    10,
    12,
    15,
    13,
    12,
    13,
    10,
    12
  ],
  "entcoeff": [
    1.1080777764128242e-05,
    1.9232546715683153e-06,
    1.5291686657586944e-05,
    5.1071782899748136e-05,
    1.1056488621955636e-05,
    2.7546561197199948e-05,
    4.034825908761551e-05,
    1.5042418053898825e-05,
    1.8157750168769906e-05,
    2.598503659610906e-05,
    2.1180750920358308e-05,
    1.983340884059949e-05,
    1.6445668003350086e-05,
    1.926798243473517e-05,
    2.664505788458062e-05,
    1.3968423094717814e-05,
    1.488648007666544e-05,
    2.421602787308737e-05,
    1.7507629384147813e-05,
    1.5924969739503086e-05,
    1.9386613279447252e-05,
    2.1682150872573224e-05,
    1.2398412382002451e-05,
    1.338761586187163e-05,
    1.4547782967174534e-05,
    2.862295419795227e-05,
    1.6461669187912268e-05,
    8.75099829682676e-06,
    1.9608954768478213e-05,
    1.6383335183306263e-05
  ],
  "cg_damping": [
    0.0012485533298310582,
    0.02374161857880884,
    0.15093890976248972,
    0.020240108111201676,
    0.0005310043314978231,
    0.012785178413869851,
    0.001977026623582446,
    0.017679582472086217,
    0.0006659961937907779,
    0.0073294114682016295,
    0.033819608773522525,
    0.01644089605253758,
    0.010065477950154845,
    0.05480957297350736,
    0.01920862746596573,
    0.00235672614624513,
    0.009506839860112972,
    0.005855887554654436,
    0.007427807979021694,
    0.0032100602665460134,
    0.006373081822246999,
    0.0024567844192040383,
    0.003714571627548409,
    0.0019319031572363416,
    0.007687655899387606,
    0.0033416091987646963,
    0.002302393782372895,
    0.003937847047878411,
    0.0018112740253352073,
    0.00278891384025917
  ],
  "vf_stepsize": [
    0.0004903702786402843,
    0.002294348534463806,
    0.024132721998054864,
    0.0011611708202872101,
    0.003913412759285042,
    0.0010127642392130719,
    0.0012878286731829427,
    0.008610842946370174,
    0.0005248703542692184,
    0.0006794914018937278,
    0.006847950602846684,
    0.01768850481647397,
    0.02343430442598876,
    0.004959625010758149,
    0.008573882912681208,
    0.012124680866742675,
    0.012534667810290341,
    0.008873411467699542,
    0.004973003715857181,
    0.013281792466492406,
    0.009490604720869999,
    0.006470671016397412,
    0.011707972332027302,
    0.010916812347607135,
    0.00854913330013943,
    0.006592570585453007,
    0.008404750975948947,
    0.00887667490539343,
    0.008717338869297878,
    0.00865002801718674
  ],
  "vf_iters": [
    6,
    3,
    3,
    4,
    4,
    3,
    4,
    3,
    7,
    8,
    4,
    4,
    3,
    4,
    5,
    4,
    4,
    4,
    3,
    3,
    3,
    3,
    3,
    4,
    3,
    4,
    3,
    3,
    4,
    3
  ],
  "vf_minibatches": [
    21,
    14,
    7,
    11,
    12,
    10,
    9,
    11,
    9,
    15,
    16,
    12,
    12,
    12,
    11,
    15,
    12,
    13,
    14,
    19,
    16,
    16,
    15,
    12,
    13,
    17,
    12,
    18,
    14,
    12
  ],
  "num_envs": 4,
  "results_dir_name": "results",
  "storage_dir_name": "storage",
  "train_set": "remaining",
  "eval_set": "remaining",
  "OPENAI_LOG_FORMAT": "csv",
  "walltime_hrs": 0.3,
  "num_checkpoints": 100,
  "eval_ntrajs": 10,
  "eval_nsteps": 200,
  "eval_seed": 12345,
  "looping_tree": {
    "method": "fixed",
    "environment": "fixed",
    "total_timesteps": "fixed",
    "rng_seed": "zip",
    "policy_kwargs": "fixed",
    "timesteps_per_batch": "zip",
    "gamma": "zip",
    "lam": "zip",
    "max_kl": "zip",
    "cg_iters": "zip",
    "entcoeff": "zip",
    "cg_damping": "zip",
    "vf_stepsize": "zip",
    "vf_iters": "zip",
    "vf_minibatches": "zip"
  }
}