{
  "description": "Hyper-parameter optimization for trpo on a low frequency environment",
  "method": "trpo",
  "environment": "drop_leg_100hz",
  "total_timesteps": 4000000,
  "rng_seed": [
    51000,
    87000,
    71000,
    64000,
    94000,
    92000,
    1000,
    61000,
    0,
    89000,
    45000,
    40000,
    92000,
    91000,
    36000,
    60000,
    42000,
    58000,
    41000,
    20000,
    30000,
    88000,
    30000,
    28000,
    30000,
    77000,
    82000,
    28000,
    85000,
    93000
  ],
  "policy_kwargs": {
    "net_arch": [
      {
        "vf": [
          64,
          64
        ],
        "pi": [
          64,
          64
        ]
      }
    ]
  },
  "timesteps_per_batch": [
    3481,
    3321,
    3574,
    1210,
    2189,
    1901,
    3457,
    2200,
    2190,
    1873,
    3163,
    4835,
    2891,
    2369,
    2647,
    2499,
    2182,
    1747,
    1995,
    3095,
    2826,
    2270,
    2544,
    2367,
    2348,
    2465,
    2472,
    2425,
    2414,
    2220
  ],
  "gamma": [
    0.979540612870262,
    0.946123545795074,
    0.9822158511743722,
    0.984789066080254,
    0.9726662419649674,
    0.9361386576816553,
    0.9688033897008794,
    0.9765498990063185,
    0.9701278815586509,
    0.9563067954983999,
    0.9594547264426205,
    0.9353357901637891,
    0.9388055373343598,
    0.9513250285523308,
    0.9726334369842466,
    0.9622815825821137,
    0.9590904186877448,
    0.9686749935837708,
    0.9592671540476336,
    0.9394216020304244,
    0.9487277256705795,
    0.9609045915061254,
    0.9533037337894854,
    0.9646155633175895,
    0.9538781081950175,
    0.9510956509426657,
    0.968211872370114,
    0.949434787353502,
    0.9619092166530043,
    0.9551606553512864
  ],
  "lam": [
    0.9963607465146771,
    0.981766490188106,
    0.9945878252440924,
    0.9802140503738758,
    0.9839717176358487,
    0.9919771536992082,
    0.9939030197711418,
    0.9764174874465525,
    0.9914574948356651,
    0.9960199477301386,
    0.9913705943405747,
    0.9873348115439319,
    0.987495886592342,
    0.9869587637366984,
    0.9845233483173527,
    0.990286132810308,
    0.9861941748034674,
    0.9907916054551403,
    0.991632909075402,
    0.9901603503811398,
    0.9857829404827207,
    0.9881998546833232,
    0.9877143911016337,
    0.9905089869509864,
    0.9862585843178913,
    0.9872920275263011,
    0.9910358074964306,
    0.986883252591468,
    0.9915973900210939,
    0.9874966608646993
  ],
  "max_kl": [
    0.01217040136992103,
    0.012570957497648602,
    0.010716846436458548,
    0.01842509471203427,
    0.02377926331645935,
    0.008173157174230835,
    0.008279238435447867,
    0.009125541838689558,
    0.01662161835351167,
    0.015949478066842583,
    0.018338572027225514,
    0.02100334555090878,
    0.010966367362081196,
    0.01303486674310677,
    0.012966300402866553,
    0.01276544128083166,
    0.022559304776888237,
    0.011765375960464884,
    0.015793034836108125,
    0.017364250466054824,
    0.013153379529700495,
    0.016985873613517558,
    0.013352130683993334,
    0.014053632304426376,
    0.015970800065319014,
    0.014924396152922324,
    0.011843736815300484,
    0.014184804227334287,
    0.014463478620363806,
    0.015045839727999964
  ],
  "cg_iters": [
    12,
    15,
    14,
    12,
    16,
    13,
    13,
    11,
    12,
    14,
    13,
    15,
    12,
    12,
    14,
    13,
    13,
    14,
    12,
    15,
    13,
    14,
    13,
    12,
    13,
    13,
    14,
    13,
    12,
    13
  ],
  "entcoeff": [
    3.383403561475641e-05,
    1.5363975707744602e-05,
    2.0559621862580037e-05,
    3.0050439466563507e-05,
    1.9256359410456617e-05,
    1.921385637102362e-05,
    2.125481252274683e-05,
    2.6455605860423974e-05,
    1.9424377614726532e-05,
    1.6437001141546485e-05,
    2.579102295402734e-05,
    2.3966536128722276e-05,
    2.6602042745737973e-05,
    2.0036540214725847e-05,
    1.2918009281952925e-05,
    1.5780618922202925e-05,
    2.3568323563055793e-05,
    2.297274458104663e-05,
    1.699100704645546e-05,
    1.7456170454094738e-05,
    2.2513287792309114e-05,
    2.5038193007927294e-05,
    1.832376179200084e-05,
    1.7401155017236154e-05,
    1.5918358656101907e-05,
    1.6439248018941332e-05,
    1.914456473105572e-05,
    1.723574354627561e-05,
    1.802437491423513e-05,
    2.223438426844112e-05
  ],
  "cg_damping": [
    0.008396976328439653,
    0.004652740594374862,
    0.0032634994249879238,
    0.005082159477625766,
    0.010119852518970253,
    0.0110999084446532,
    0.0021832559019397185,
    0.0043056857867955056,
    0.0048359887678400175,
    0.012887874209078375,
    0.0217805084008455,
    0.0036548704756326758,
    0.01015768110378464,
    0.0034900075550747495,
    0.007638463451998953,
    0.006836255421009468,
    0.005590592892168859,
    0.01727852075800068,
    0.009645361514296694,
    0.005293233844192167,
    0.006544828487970676,
    0.006940134140937664,
    0.004561858511262615,
    0.005703537288726491,
    0.009301223589039384,
    0.003676389066245439,
    0.005973212433698264,
    0.007522035076232424,
    0.009521418575385352,
    0.009772252326746106
  ],
  "vf_stepsize": [
    0.0031444505546355805,
    0.0020216121647077343,
    0.02666183725527602,
    0.015233873480600887,
    0.004318012781368,
    0.0018766499585085958,
    0.0038878187324736476,
    0.006324421067243495,
    0.0026741204723674658,
    0.006044210713775855,
    0.017182080643855877,
    0.0058084343506693776,
    0.004136464611383194,
    0.004311103092314858,
    0.012022029185416585,
    0.0047689389467952615,
    0.008694140212572227,
    0.0053331352812315035,
    0.009366939974000404,
    0.002518138250381666,
    0.005739314020905027,
    0.005976067944775676,
    0.005100632266771871,
    0.007043679595477197,
    0.006146945596431413,
    0.006476469202525715,
    0.006054380370809712,
    0.00800936804364637,
    0.006822632273559401,
    0.006747383939720339
  ],
  "vf_iters": [
    4,
    4,
    4,
    5,
    5,
    4,
    5,
    5,
    5,
    4,
    5,
    4,
    5,
    4,
    5,
    4,
    4,
    6,
    5,
    5,
    5,
    4,
    5,
    5,
    5,
    4,
    5,
    4,
    4,
    4
  ],
  "vf_minibatches": [
    12,
    13,
    17,
    13,
    15,
    14,
    13,
    15,
    14,
    11,
    17,
    17,
    18,
    15,
    18,
    15,
    14,
    16,
    17,
    14,
    15,
    15,
    14,
    16,
    12,
    14,
    14,
    16,
    16,
    15
  ],
  "num_envs": 4,
  "results_dir_name": "results",
  "storage_dir_name": "storage",
  "train_set": "remaining",
  "eval_set": "remaining",
  "OPENAI_LOG_FORMAT": "csv",
  "walltime_hrs": 0.3,
  "num_checkpoints": 100,
  "eval_ntrajs": 10,
  "eval_nsteps": 200,
  "eval_seed": 12345,
  "looping_tree": {
    "method": "fixed",
    "environment": "fixed",
    "total_timesteps": "fixed",
    "rng_seed": "zip",
    "policy_kwargs": "fixed",
    "timesteps_per_batch": "zip",
    "gamma": "zip",
    "lam": "zip",
    "max_kl": "zip",
    "cg_iters": "zip",
    "entcoeff": "zip",
    "cg_damping": "zip",
    "vf_stepsize": "zip",
    "vf_iters": "zip",
    "vf_minibatches": "zip"
  }
}