{
  "description": "Hyper-parameter optimization for trpo on a low frequency environment",
  "method": "trpo",
  "environment": "drop_leg_100hz",
  "total_timesteps": 4000000,
  "rng_seed": [
    75000,
    85000,
    65000,
    14000,
    11000,
    78000,
    72000,
    90000,
    72000,
    47000,
    65000,
    61000,
    72000,
    51000,
    88000,
    28000,
    57000,
    20000,
    13000,
    36000,
    33000,
    7000,
    51000,
    97000,
    60000,
    51000,
    92000,
    44000,
    68000,
    51000
  ],
  "policy_kwargs": {
    "net_arch": [
      {
        "vf": [
          64,
          64
        ],
        "pi": [
          64,
          64
        ]
      }
    ]
  },
  "timesteps_per_batch": [
    1095,
    7380,
    1211,
    2347,
    2962,
    863,
    2232,
    1546,
    1404,
    2011,
    1793,
    1465,
    1399,
    2695,
    1742,
    2358,
    1126,
    1902,
    1508,
    2139,
    2080,
    1658,
    1656,
    1994,
    1857,
    1979,
    1408,
    2321,
    1923,
    2250
  ],
  "gamma": [
    0.9890385868767111,
    0.7607058693441298,
    0.7075520451825676,
    0.9560203719884117,
    0.724509258121123,
    0.8380512367920068,
    0.8478275950279627,
    0.9564649129938226,
    0.730420272299775,
    0.8660072711321943,
    0.9026059893501881,
    0.948273974211338,
    0.9424116109204397,
    0.871451071308309,
    0.9082967666238309,
    0.9196884224585831,
    0.8053567168490681,
    0.9479281992124592,
    0.9564409127757804,
    0.9335073473503636,
    0.9388200040058519,
    0.9182733909519308,
    0.9493094482195766,
    0.9288163412346615,
    0.9527896554977897,
    0.9510517690173986,
    0.9246561575691304,
    0.9484768352655362,
    0.9333007303934808,
    0.9415016607169955
  ],
  "lam": [
    0.9974224452779371,
    0.9992525286736478,
    0.9998420399431223,
    0.998479674942365,
    0.9992065981302485,
    0.9976188104294795,
    0.9998320676802249,
    0.9975636926299485,
    0.9998293420112032,
    0.9993111535016472,
    0.9997671231186753,
    0.9998046885191726,
    0.9997697031357569,
    0.9997779574178418,
    0.9998286712901842,
    0.99976627740611,
    0.9997688910727077,
    0.9996188383300555,
    0.9996760420303096,
    0.9996209623399825,
    0.9998091986903639,
    0.9996293136251787,
    0.9997679226064571,
    0.9997487052298828,
    0.9996985563753045,
    0.9997019768065387,
    0.9997366083304269,
    0.9996862686191352,
    0.9997365311264859,
    0.9997151562697052
  ],
  "max_kl": [
    0.03786493859287284,
    0.04393179332300926,
    0.05629255445209653,
    0.005134067827389449,
    0.007776893194800402,
    0.028108743662565355,
    0.046786493948770866,
    0.008259743821686238,
    0.009946671061770586,
    0.02506884065753143,
    0.02543985450236264,
    0.04145106972108328,
    0.02441527011867542,
    0.02133129114331681,
    0.01427451584882333,
    0.026246815908099564,
    0.017852287317555574,
    0.017447131924869637,
    0.02314873417280122,
    0.028583944117333,
    0.022408411357833318,
    0.025254295120561196,
    0.018472418031628766,
    0.024035098032404494,
    0.021283243464434484,
    0.023985406873463917,
    0.01890657643382036,
    0.023347884772405018,
    0.021330402634815754,
    0.019079395714130986
  ],
  "cg_iters": [
    9,
    10,
    5,
    8,
    14,
    8,
    10,
    8,
    9,
    10,
    10,
    10,
    10,
    8,
    8,
    10,
    11,
    10,
    10,
    11,
    10,
    10,
    10,
    9,
    10,
    11,
    10,
    10,
    11,
    9
  ],
  "entcoeff": [
    1.996056004123928e-06,
    4.873643110091528e-06,
    1.9137706498356735e-05,
    1.4280880118185634e-05,
    1.7026826163794023e-05,
    5.3025605551539025e-06,
    9.56591190300146e-06,
    9.708890027190329e-06,
    2.3654340715721893e-05,
    2.463872419840561e-06,
    1.91498267861787e-05,
    1.426483475344399e-05,
    1.0864637009010568e-05,
    1.8494629398664415e-05,
    1.590399167050568e-05,
    1.4740942411735953e-05,
    6.946282462328703e-06,
    1.3278635094334831e-05,
    1.347037882398404e-05,
    9.688521578670785e-06,
    1.0743406720835966e-05,
    1.31932997561101e-05,
    1.293683499754158e-05,
    1.1523315425376197e-05,
    1.2418244781491463e-05,
    1.0491268390705917e-05,
    1.312320143783141e-05,
    1.2864702778433981e-05,
    1.4890962359542065e-05,
    1.1287170192842452e-05
  ],
  "cg_damping": [
    0.03379921803840306,
    0.03563085139435913,
    0.029634119114961797,
    0.031238873332296628,
    0.028786068359754533,
    0.7766807644221538,
    0.03766650920618153,
    0.3499411634018113,
    0.2928894948638329,
    0.10073798187035211,
    0.7501610487894251,
    0.08546425259086741,
    0.40842606423116534,
    0.24463620399921737,
    0.30323282509761607,
    0.21455359952304862,
    0.28107936101398673,
    0.5505035000367984,
    0.16304775953716957,
    0.3340661109010263,
    0.5622844120501463,
    0.336732937804823,
    0.3156707436433059,
    0.39734075504468924,
    0.4758604005341838,
    0.3234246640128989,
    0.3274943770679843,
    0.24637384218633504,
    0.28937421434425714,
    0.5316035243948439
  ],
  "vf_stepsize": [
    0.0043547134760848665,
    0.0009203713089977389,
    0.01896609671188085,
    0.0012606813256457387,
    0.007243098394423689,
    0.00575047045863587,
    0.0037778995493403865,
    0.001554260275609689,
    0.005822967203814911,
    0.0015852750529405282,
    0.0029852907874294747,
    0.0032770341752832366,
    0.0038185839433765713,
    0.002266081570774101,
    0.006727383324093651,
    0.004810982652917029,
    0.0054677995373710025,
    0.006599472677004701,
    0.004684938249421819,
    0.0038856517841108543,
    0.011210903426970816,
    0.006838413977301345,
    0.0063468239906393185,
    0.004537631763519393,
    0.004739963721579131,
    0.006760306608180415,
    0.005481906771960017,
    0.006080048225643541,
    0.0059395656067140175,
    0.005661426195701265
  ],
  "vf_iters": [
    7,
    8,
    9,
    9,
    8,
    10,
    11,
    8,
    8,
    8,
    8,
    9,
    10,
    9,
    9,
    10,
    10,
    9,
    9,
    8,
    9,
    9,
    9,
    9,
    9,
    10,
    10,
    9,
    10,
    9
  ],
  "vf_minibatches": [
    8,
    19,
    18,
    10,
    29,
    20,
    29,
    26,
    14,
    22,
    15,
    15,
    21,
    15,
    18,
    19,
    20,
    21,
    20,
    18,
    20,
    20,
    19,
    21,
    20,
    23,
    21,
    20,
    18,
    19
  ],
  "num_envs": 4,
  "results_dir_name": "results",
  "storage_dir_name": "storage",
  "train_set": "remaining",
  "eval_set": "remaining",
  "OPENAI_LOG_FORMAT": "csv",
  "walltime_hrs": 0.3,
  "num_checkpoints": 100,
  "eval_ntrajs": 10,
  "eval_nsteps": 200,
  "eval_seed": 12345,
  "looping_tree": {
    "method": "fixed",
    "environment": "fixed",
    "total_timesteps": "fixed",
    "rng_seed": "zip",
    "policy_kwargs": "fixed",
    "timesteps_per_batch": "zip",
    "gamma": "zip",
    "lam": "zip",
    "max_kl": "zip",
    "cg_iters": "zip",
    "entcoeff": "zip",
    "cg_damping": "zip",
    "vf_stepsize": "zip",
    "vf_iters": "zip",
    "vf_minibatches": "zip"
  }
}