{
  "description": "Hyper-parameter optimization for trpo on a low frequency environment",
  "method": "trpo",
  "environment": "drop_leg_100hz",
  "total_timesteps": 4000000,
  "rng_seed": [
    19000,
    75000,
    65000,
    66000,
    41000,
    15000,
    19000,
    80000,
    24000,
    81000,
    7000,
    55000,
    49000,
    93000,
    82000,
    18000,
    37000,
    65000,
    51000,
    51000,
    62000,
    4000,
    91000,
    10000,
    17000,
    64000,
    16000,
    2000,
    84000,
    26000
  ],
  "policy_kwargs": {
    "net_arch": [
      {
        "vf": [
          64,
          64
        ],
        "pi": [
          64,
          64
        ]
      }
    ]
  },
  "timesteps_per_batch": [
    6108,
    2818,
    836,
    2755,
    2745,
    2812,
    6806,
    1712,
    5186,
    1567,
    990,
    1652,
    2204,
    1595,
    1778,
    1569,
    2975,
    1674,
    1676,
    1926,
    2618,
    1599,
    1649,
    1989,
    1814,
    1838,
    2094,
    1935,
    2289,
    1837
  ],
  "gamma": [
    0.9887507626701371,
    0.9529820795604804,
    0.9476213733776593,
    0.837235633404559,
    0.7631190415882755,
    0.9527709403940278,
    0.7400021894140382,
    0.985849102132555,
    0.9663919366779354,
    0.7577369209576633,
    0.8608394494040296,
    0.8408623008951325,
    0.950577019051686,
    0.9072547887854203,
    0.9440134881521205,
    0.9234265187341697,
    0.8395475903245728,
    0.9246243427390028,
    0.852878024682562,
    0.9481912725598715,
    0.9477710965318512,
    0.907693603063008,
    0.8864119212854539,
    0.9128972598999745,
    0.938891596557835,
    0.9165385061623903,
    0.9349487619838018,
    0.9286822154473107,
    0.9283313930827322,
    0.9247310957778427
  ],
  "lam": [
    0.9995506589400147,
    0.9973115650553397,
    0.9997909523594091,
    0.9998413396373663,
    0.9989237268548498,
    0.9996041915329883,
    0.999794755684978,
    0.9996922320127452,
    0.9983846336002482,
    0.999722290014729,
    0.9994355897865966,
    0.9996195546122428,
    0.9998099657555438,
    0.9996472406750018,
    0.99984375,
    0.9997348467099229,
    0.9997899067041071,
    0.9998036872927163,
    0.9997445171895463,
    0.9998249421504831,
    0.9997496733912237,
    0.9997611376620741,
    0.9997114149259652,
    0.9997716931185846,
    0.9997509269916822,
    0.9997350449834397,
    0.9997332410993608,
    0.9997679316434432,
    0.9997497321806512,
    0.9998218709821063
  ],
  "max_kl": [
    0.006057014165003,
    0.006199700691073618,
    0.006896438530356599,
    0.008885770053154784,
    0.05057831278905956,
    0.013498626887829795,
    0.005568935567349995,
    0.058355416395068964,
    0.046245273918379175,
    0.022929193188141822,
    0.01744121195305153,
    0.057320927507030564,
    0.022173881751194547,
    0.022315574252392403,
    0.035613516247477404,
    0.024892927605599347,
    0.023674848471736284,
    0.021226376380235775,
    0.025933457064078597,
    0.024987524068253338,
    0.023763824520095057,
    0.03748309680877179,
    0.022781524023350472,
    0.024886490200707895,
    0.03089668065858834,
    0.029470239928965532,
    0.021959070894707246,
    0.029861895588968415,
    0.020994012795506962,
    0.029157383342038018
  ],
  "cg_iters": [
    11,
    15,
    6,
    8,
    10,
    13,
    6,
    11,
    9,
    12,
    8,
    10,
    10,
    9,
    9,
    14,
    8,
    9,
    10,
    10,
    9,
    10,
    10,
    9,
    11,
    10,
    10,
    9,
    10,
    10
  ],
  "entcoeff": [
    2.0087062479965963e-06,
    5.571653075773039e-06,
    1.8374069378594067e-05,
    2.7768977618803513e-06,
    1.8390094134921597e-05,
    1.2858957593620294e-05,
    3.9946998346342634e-06,
    2.5658524030062992e-05,
    1.7017044342284591e-06,
    1.895455962471084e-05,
    7.19408176841639e-06,
    6.177856839417384e-06,
    7.906183618912359e-06,
    8.29192523106385e-06,
    9.305780108597913e-06,
    8.872747140929309e-06,
    8.854974447529349e-06,
    6.0855932558708325e-06,
    9.138809402580419e-06,
    7.921119365312247e-06,
    1.11369576923138e-05,
    7.623527057352192e-06,
    6.897503117271142e-06,
    8.97630841888767e-06,
    9.11125862491101e-06,
    9.192214801941954e-06,
    8.342592718804865e-06,
    7.990931369041486e-06,
    1.0764375832843002e-05,
    1.0831894811647156e-05
  ],
  "cg_damping": [
    0.03767511263939938,
    0.03236234203196433,
    0.03277820485288821,
    0.03865046090440701,
    0.02884006872797047,
    0.03422295003321903,
    0.14700478884944154,
    0.02919856507883504,
    0.050548398381928435,
    0.059004092650688574,
    0.0569197708511423,
    0.0914648743791023,
    0.21445920515909705,
    0.16323911922009057,
    0.16320111175384688,
    0.07880408019980371,
    0.34953434064844063,
    0.14835967197162717,
    0.38581706293478163,
    0.2423978916323857,
    0.11859682783553858,
    0.20911452992811105,
    0.20799100683907062,
    0.21255669184766973,
    0.14667826271223744,
    0.20121232246881382,
    0.29539288641270456,
    0.30541482726050895,
    0.2202311486551794,
    0.16459350963640818
  ],
  "vf_stepsize": [
    0.00787178681572011,
    0.022347125198515182,
    0.0057644063805633895,
    0.014710418071664533,
    0.004916579147823024,
    0.002239371043523753,
    0.0050122921141599755,
    0.007079401868119657,
    0.0010828927348406306,
    0.013934715879203996,
    0.005047471390778399,
    0.011206330571097893,
    0.0014472899696958686,
    0.002080436517815623,
    0.01029021047591126,
    0.008092435075354164,
    0.006563970300276521,
    0.003911788441252296,
    0.002369248535430197,
    0.0035507278151894256,
    0.0034387759153493925,
    0.004239057559991001,
    0.0032170902682544062,
    0.0036298069295835613,
    0.004475655651389407,
    0.004511165288251205,
    0.003948202823654104,
    0.004719297419231191,
    0.004427467306803623,
    0.005064337196241353
  ],
  "vf_iters": [
    9,
    11,
    9,
    7,
    8,
    9,
    9,
    9,
    9,
    9,
    8,
    8,
    9,
    9,
    8,
    9,
    9,
    9,
    10,
    9,
    9,
    9,
    9,
    9,
    10,
    9,
    9,
    9,
    9,
    9
  ],
  "vf_minibatches": [
    19,
    9,
    34,
    16,
    11,
    24,
    27,
    31,
    13,
    43,
    33,
    12,
    22,
    25,
    24,
    26,
    21,
    22,
    22,
    22,
    18,
    23,
    18,
    23,
    20,
    19,
    21,
    21,
    21,
    19
  ],
  "num_envs": 4,
  "results_dir_name": "results",
  "storage_dir_name": "storage",
  "train_set": "remaining",
  "eval_set": "remaining",
  "OPENAI_LOG_FORMAT": "csv",
  "walltime_hrs": 0.3,
  "num_checkpoints": 100,
  "eval_ntrajs": 10,
  "eval_nsteps": 200,
  "eval_seed": 12345,
  "looping_tree": {
    "method": "fixed",
    "environment": "fixed",
    "total_timesteps": "fixed",
    "rng_seed": "zip",
    "policy_kwargs": "fixed",
    "timesteps_per_batch": "zip",
    "gamma": "zip",
    "lam": "zip",
    "max_kl": "zip",
    "cg_iters": "zip",
    "entcoeff": "zip",
    "cg_damping": "zip",
    "vf_stepsize": "zip",
    "vf_iters": "zip",
    "vf_minibatches": "zip"
  }
}