{
  "description": "Hyper-parameter optimization for trpo on a low frequency environment",
  "method": "trpo",
  "environment": "drop_leg_100hz",
  "total_timesteps": 4000000,
  "rng_seed": [
    79000,
    38000,
    12000,
    9000,
    27000,
    78000,
    1000,
    96000,
    57000,
    95000,
    56000,
    72000,
    68000,
    91000,
    82000,
    96000,
    74000,
    24000,
    52000,
    3000,
    3000,
    89000,
    51000,
    86000,
    16000,
    25000,
    64000,
    90000,
    73000,
    73000
  ],
  "policy_kwargs": {
    "net_arch": [
      {
        "vf": [
          64,
          64
        ],
        "pi": [
          64,
          64
        ]
      }
    ]
  },
  "timesteps_per_batch": [
    3783,
    4152,
    4081,
    4311,
    3209,
    3969,
    3525,
    3624,
    4391,
    4113,
    2087,
    3581,
    3281,
    4343,
    4422,
    2829,
    2873,
    4266,
    3103,
    3796,
    2312,
    4465,
    2378,
    3405,
    4166,
    2695,
    3205,
    4142,
    3319,
    3804
  ],
  "gamma": [
    0.9146940250845462,
    0.9143952424650058,
    0.9743212258406249,
    0.9200737188148989,
    0.9095081422466297,
    0.9669406926501395,
    0.9758380201452523,
    0.9750218392913175,
    0.954940507523196,
    0.9160957590520855,
    0.9294677440407655,
    0.9573391023717585,
    0.9103513076896402,
    0.960147039786256,
    0.9558930590956443,
    0.9230476444229496,
    0.9665264741559203,
    0.9654534128059475,
    0.9603212024134935,
    0.9502496595548595,
    0.9441945291167246,
    0.9642872623798527,
    0.9609757614972895,
    0.9355267161338497,
    0.9423938422181786,
    0.9539219994350301,
    0.9491884776006797,
    0.9443194419457258,
    0.942610367023009,
    0.9558717064194416
  ],
  "lam": [
    0.9992626805198396,
    0.9997383774527913,
    0.9992740249035567,
    0.999758792093508,
    0.999728833598999,
    0.9997562083865482,
    0.9997405021847652,
    0.9993873652991351,
    0.999762712746968,
    0.9996349702966524,
    0.9997479470459163,
    0.9997021692225813,
    0.999601820570362,
    0.9997552490463759,
    0.9995131162970317,
    0.9996984923888815,
    0.9997024722445224,
    0.9996731215932209,
    0.9997038749172416,
    0.9996918001108451,
    0.9996316223296093,
    0.9995883603394375,
    0.9996915457219101,
    0.9996873399684363,
    0.9996677936147794,
    0.9997586122823311,
    0.9997556853191477,
    0.9996044883447976,
    0.999627118427556,
    0.9996288120570056
  ],
  "max_kl": [
    0.03256556350071924,
    0.03073211267177787,
    0.01401591275497084,
    0.015209317205616064,
    0.028708675056244044,
    0.03329417019325258,
    0.0279257426964754,
    0.013881562171253579,
    0.013245347988954995,
    0.018616907787527965,
    0.016323484401485722,
    0.017423701450888642,
    0.032405147230597585,
    0.034894775311356374,
    0.03259257549570185,
    0.02381380999758528,
    0.030558095007248876,
    0.013218564056528371,
    0.022818367767193332,
    0.01695641310181914,
    0.01920487936601254,
    0.018982334338343947,
    0.03179848395671516,
    0.013847404098553217,
    0.02356076667481931,
    0.018512613721950188,
    0.019120381164479557,
    0.019239321645568994,
    0.018674690352461193,
    0.0177975902888295
  ],
  "cg_iters": [
    7,
    9,
    9,
    10,
    10,
    11,
    10,
    10,
    8,
    9,
    11,
    10,
    10,
    9,
    10,
    11,
    10,
    9,
    10,
    10,
    10,
    9,
    10,
    10,
    10,
    10,
    11,
    10,
    11,
    10
  ],
  "entcoeff": [
    3.59054875865364e-06,
    1.1373493038614546e-05,
    7.538723143102887e-06,
    1.2484053346309259e-05,
    2.3075033978738397e-06,
    1.1579978155656604e-05,
    8.958984998793653e-06,
    5.554252233085631e-06,
    6.658223142389028e-06,
    6.464630188400449e-06,
    8.125114151515781e-06,
    1.3649828652846173e-05,
    1.3771328384453001e-05,
    5.963904963655962e-06,
    1.0497913250021243e-05,
    9.731664471616612e-06,
    1.4940001436986256e-05,
    8.155591427090005e-06,
    6.663775342354209e-06,
    6.6348480395338085e-06,
    9.206408318876985e-06,
    7.416541955096462e-06,
    1.0026234702276616e-05,
    9.15509205820968e-06,
    5.624772832480592e-06,
    7.25371136031554e-06,
    5.689047142280118e-06,
    7.110114008149295e-06,
    7.645873060014702e-06,
    1.1354157990626687e-05
  ],
  "cg_damping": [
    0.1243746583639585,
    0.3567010453941636,
    0.16501948682304582,
    0.30152718588352495,
    0.4401567059864578,
    0.1882332637845178,
    0.43084020915198984,
    0.4312283159910434,
    0.479626006068499,
    0.45893830112900713,
    0.4971805356628398,
    0.45516997478245497,
    0.3762685851203579,
    0.3666079095183192,
    0.3953011024608058,
    0.3861969047968287,
    0.4957387677947322,
    0.4358022876536269,
    0.3502365407880585,
    0.4423059613221923,
    0.47127544781883146,
    0.48220189908437033,
    0.40066288269046935,
    0.4292088061699777,
    0.35211902304306714,
    0.29738888693822707,
    0.4155511751858946,
    0.4121768305702059,
    0.3394822440597555,
    0.31074736097009364
  ],
  "vf_stepsize": [
    0.008450995372625699,
    0.00223960690058346,
    0.00878213490987021,
    0.008944057410048932,
    0.008484793579237112,
    0.009195177185335775,
    0.008727906245821484,
    0.009338570966725326,
    0.008715735909771125,
    0.006227823719270275,
    0.009399807607259988,
    0.007687469003227393,
    0.00602505323417967,
    0.008386622351242374,
    0.006470106681969262,
    0.008035427226019552,
    0.008891756284067751,
    0.005145836915727986,
    0.008365183697580682,
    0.005590648056753045,
    0.004961005305578416,
    0.005531231366971958,
    0.008920440512103271,
    0.007104607473616563,
    0.005511285333831681,
    0.006615367675687972,
    0.005652140497566102,
    0.005278591730888591,
    0.006245889099606351,
    0.004764366262769439
  ],
  "vf_iters": [
    10,
    11,
    10,
    9,
    11,
    11,
    9,
    10,
    9,
    10,
    11,
    11,
    11,
    10,
    10,
    11,
    11,
    10,
    10,
    10,
    10,
    10,
    11,
    10,
    11,
    11,
    10,
    10,
    11,
    10
  ],
  "vf_minibatches": [
    18,
    30,
    25,
    24,
    23,
    30,
    16,
    18,
    16,
    17,
    25,
    20,
    22,
    27,
    16,
    26,
    25,
    18,
    21,
    28,
    24,
    20,
    20,
    18,
    20,
    22,
    21,
    16,
    23,
    19
  ],
  "num_envs": 4,
  "results_dir_name": "results",
  "storage_dir_name": "storage",
  "train_set": "remaining",
  "eval_set": "remaining",
  "OPENAI_LOG_FORMAT": "csv",
  "walltime_hrs": 0.3,
  "num_checkpoints": 100,
  "eval_ntrajs": 10,
  "eval_nsteps": 200,
  "eval_seed": 12345,
  "looping_tree": {
    "method": "fixed",
    "environment": "fixed",
    "total_timesteps": "fixed",
    "rng_seed": "zip",
    "policy_kwargs": "fixed",
    "timesteps_per_batch": "zip",
    "gamma": "zip",
    "lam": "zip",
    "max_kl": "zip",
    "cg_iters": "zip",
    "entcoeff": "zip",
    "cg_damping": "zip",
    "vf_stepsize": "zip",
    "vf_iters": "zip",
    "vf_minibatches": "zip"
  }
}