{
  "description": "Hyper-parameter optimization for trpo on a low frequency environment",
  "method": "trpo",
  "environment": "drop_leg_100hz",
  "total_timesteps": 4000000,
  "rng_seed": [
    8000,
    24000,
    67000,
    87000,
    79000,
    48000,
    10000,
    94000,
    52000,
    98000,
    53000,
    66000,
    98000,
    14000,
    34000,
    24000,
    15000,
    60000,
    58000,
    16000,
    9000,
    93000,
    86000,
    2000,
    27000,
    4000,
    31000,
    1000,
    13000,
    83000
  ],
  "policy_kwargs": {
    "net_arch": [
      {
        "vf": [
          64,
          64
        ],
        "pi": [
          64,
          64
        ]
      }
    ]
  },
  "timesteps_per_batch": [
    134,
    5616,
    122,
    143,
    80,
    15147,
    9391,
    13987,
    1209,
    8849,
    416,
    104,
    90,
    1897,
    553,
    877,
    995,
    648,
    559,
    831,
    1640,
    946,
    1008,
    1438,
    872,
    1388,
    1223,
    881,
    389,
    809
  ],
  "gamma": [
    0.998998261591107,
    0.9995890447757906,
    0.9997087378201274,
    0.5950847761975762,
    0.9996333319399104,
    0.758360670064488,
    0.9992005599619461,
    0.9770421624695235,
    0.6081189278483174,
    0.9580360497891658,
    0.435973461923587,
    0.9692045906862838,
    0.997794877759439,
    0.9015448784782183,
    0.4875010528964925,
    0.9614722712220569,
    0.9582011083878852,
    0.8900077023878972,
    0.9295790311328561,
    0.8922866557119642,
    0.8582061987747563,
    0.9447302073854723,
    0.9673365418352778,
    0.9085458580779728,
    0.9215915232189779,
    0.9056408786479299,
    0.909903832135388,
    0.9185549923622878,
    0.9390912528556181,
    0.9280775205657679
  ],
  "lam": [
    0.9997552619945945,
    0.9975902449676786,
    0.9996843890759277,
    0.9997879674952629,
    0.4164607261164992,
    0.9997970800503251,
    0.8279869073990801,
    0.9996364923960553,
    0.37349770599709053,
    0.7019134355260612,
    0.6888736458655311,
    0.9995361990105004,
    0.365724575389469,
    0.9801515846217566,
    0.9994945197310545,
    0.9815819775735991,
    0.9599186069102887,
    0.9886121077563402,
    0.9856838333981819,
    0.969931772713754,
    0.9819387390758759,
    0.9785986605968798,
    0.9883465972919864,
    0.9846176940237892,
    0.9869806796706114,
    0.9739843287810835,
    0.9850765892013783,
    0.9764338261021651,
    0.9824557625532844,
    0.9816223310408764
  ],
  "max_kl": [
    0.6148834004945619,
    0.0022457079050377314,
    0.18228230544625618,
    0.3615719605447518,
    0.25427109368513384,
    0.01069061432187668,
    0.28983315412041666,
    0.11579608446481579,
    0.5066616485540171,
    0.003104403744552392,
    0.22680338710317544,
    0.0031959440103398688,
    0.08423611022925544,
    0.005852568235753613,
    0.1168826720963652,
    0.023608856578032925,
    0.01261340589713799,
    0.004842534102932815,
    0.0305268100915787,
    0.02031717610995065,
    0.008249373640718455,
    0.012048367457849164,
    0.018231016553726657,
    0.016603035512143646,
    0.010960640712302778,
    0.007095906530493382,
    0.017673287849773154,
    0.015020165450993096,
    0.013489969105231857,
    0.010031322740545029
  ],
  "cg_iters": [
    2,
    3,
    8,
    1,
    7,
    1,
    1,
    10,
    1,
    14,
    16,
    15,
    15,
    13,
    13,
    10,
    10,
    20,
    11,
    11,
    10,
    11,
    10,
    12,
    15,
    15,
    9,
    12,
    13,
    10
  ],
  "entcoeff": [
    0.0003248970712269251,
    0.0007678029344910809,
    0.00040900058436544386,
    7.361387359166647e-05,
    0.0005639730306280775,
    0.00036704748135225283,
    2.393841299317848e-05,
    5.9287006276441366e-05,
    0.00039516718762518566,
    2.358178574359086e-06,
    8.51157968028519e-06,
    0.00010066239098952803,
    3.4776154384152916e-08,
    9.259668250767478e-06,
    2.794157059191782e-05,
    5.5407203660310706e-06,
    5.452862147584857e-06,
    4.436846935445932e-06,
    1.8768216803138353e-06,
    2.0826507774448228e-07,
    2.6765467896563615e-06,
    6.874787423726284e-06,
    4.974910166405492e-06,
    -3.3881317890172014e-21,
    1.036917326332665e-05,
    4.732201314930417e-06,
    1.4879577880715305e-05,
    1.6933803787378408e-05,
    6.075060810427423e-06,
    4.732798896644076e-06
  ],
  "cg_damping": [
    0.12414974113885487,
    0.3869238427905687,
    0.00010019987564400557,
    0.08163786873877305,
    0.0013682956773507786,
    0.04691665252886384,
    0.56618300586969,
    0.9982391982038341,
    0.19197615555985206,
    0.298698889234272,
    0.4235714965098084,
    0.06688665235813906,
    0.7415079480687164,
    0.011248559299882806,
    0.01907223067962031,
    0.013530556730228696,
    0.0028342851907731683,
    0.008540573015985103,
    0.004944881269414943,
    0.000978693425600005,
    0.003266643063260702,
    0.00160473774571901,
    0.008543906472135135,
    0.00400318272912505,
    0.0033389810253943264,
    0.0022118591029141764,
    0.003063952422032651,
    0.0019080766818781205,
    0.0019241485753586206,
    0.0011535133888896975
  ],
  "vf_stepsize": [
    4.916196752734363e-06,
    1.3767959023988578e-05,
    2.2241382680420073e-05,
    0.0003367052647947124,
    0.023090969047296298,
    0.0001317379333197677,
    4.326912437829791e-06,
    4.268014662778251e-06,
    0.00023296502284677256,
    4.811181268694454e-06,
    3.3256489457339413e-06,
    3.5211400188672137e-06,
    4.149302912899122e-05,
    0.029999999999999995,
    3.6769927861897582e-06,
    0.0022077102819322136,
    0.006126715595084227,
    0.00487076706110078,
    0.00695992054008613,
    0.0025145428879214623,
    0.004042741931246204,
    0.0030425528687993983,
    0.006563518365738161,
    0.017574383967378704,
    0.004324467155419527,
    0.0035630479875400026,
    0.004863451535819502,
    0.005059255634834866,
    0.00344050287367049,
    0.002079673926268347
  ],
  "vf_iters": [
    21,
    12,
    5,
    9,
    6,
    12,
    6,
    9,
    4,
    13,
    3,
    7,
    24,
    4,
    14,
    5,
    4,
    4,
    5,
    4,
    4,
    3,
    3,
    3,
    3,
    4,
    4,
    4,
    3,
    3
  ],
  "vf_minibatches": [
    7,
    41,
    58,
    3,
    53,
    50,
    23,
    61,
    21,
    20,
    37,
    62,
    16,
    19,
    27,
    14,
    17,
    14,
    13,
    13,
    12,
    13,
    11,
    14,
    11,
    11,
    12,
    12,
    15,
    14
  ],
  "num_envs": 4,
  "results_dir_name": "results",
  "storage_dir_name": "storage",
  "train_set": "remaining",
  "eval_set": "remaining",
  "OPENAI_LOG_FORMAT": "csv",
  "walltime_hrs": 0.3,
  "num_checkpoints": 100,
  "eval_ntrajs": 10,
  "eval_nsteps": 200,
  "eval_seed": 12345,
  "looping_tree": {
    "method": "fixed",
    "environment": "fixed",
    "total_timesteps": "fixed",
    "rng_seed": "zip",
    "policy_kwargs": "fixed",
    "timesteps_per_batch": "zip",
    "gamma": "zip",
    "lam": "zip",
    "max_kl": "zip",
    "cg_iters": "zip",
    "entcoeff": "zip",
    "cg_damping": "zip",
    "vf_stepsize": "zip",
    "vf_iters": "zip",
    "vf_minibatches": "zip"
  }
}