{
  "description": "Hyper-parameter optimization for trpo on a low frequency environment",
  "method": "trpo",
  "environment": "drop_leg_100hz",
  "total_timesteps": 4000000,
  "rng_seed": [
    90000,
    55000,
    65000,
    17000,
    78000,
    61000,
    31000,
    72000,
    71000,
    77000,
    17000,
    17000,
    85000,
    41000,
    34000,
    42000,
    18000,
    19000,
    13000,
    55000,
    47000,
    56000,
    10000,
    46000,
    13000,
    2000,
    59000,
    60000,
    14000,
    60000
  ],
  "policy_kwargs": {
    "net_arch": [
      {
        "vf": [
          64,
          64
        ],
        "pi": [
          64,
          64
        ]
      }
    ]
  },
  "timesteps_per_batch": [
    2778,
    75,
    148,
    72,
    539,
    1762,
    739,
    1199,
    6377,
    1563,
    3223,
    493,
    1400,
    3687,
    1427,
    1099,
    13248,
    1689,
    408,
    1059,
    715,
    1261,
    2388,
    1260,
    1292,
    1093,
    1799,
    1121,
    1458,
    1225
  ],
  "gamma": [
    0.9997894000570634,
    0.9919390209811834,
    0.9989079504279885,
    0.9682291756176274,
    0.7613839963900068,
    0.571623953809724,
    0.9705506239328445,
    0.3714353494446886,
    0.8933479109610629,
    0.7785608720428563,
    0.532330520055717,
    0.9217702584894532,
    0.47138266759604175,
    0.36,
    0.8772139845933069,
    0.36,
    0.4599635601236882,
    0.9007897366343507,
    0.7250308161938541,
    0.49353680209033657,
    0.7096339497660993,
    0.7166412879121273,
    0.8233100206773962,
    0.641748137594642,
    0.768610040110816,
    0.863231019280931,
    0.8089012768953399,
    0.8354103595100737,
    0.8806534136510228,
    0.894543752939247
  ],
  "lam": [
    0.7167451709070317,
    0.999468187022241,
    0.9993079730553701,
    0.9998221440992086,
    0.9992189671094949,
    0.999346175564963,
    0.9995672517270906,
    0.9996156784851756,
    0.9985276632861525,
    0.9988634032137294,
    0.9961927709875505,
    0.9984439053856409,
    0.9972175347878119,
    0.9952989152953226,
    0.9983974633951493,
    0.9962909366922116,
    0.992106268981402,
    0.9965200076477497,
    0.9985694868090275,
    0.9967915125745652,
    0.9916275111560899,
    0.9931134625865229,
    0.9947943643884858,
    0.9948728005652707,
    0.9963436918686055,
    0.995405535909141,
    0.9919369501138049,
    0.9923659251638048,
    0.9955620472850034,
    0.9932632315514957
  ],
  "max_kl": [
    0.0034285062647565192,
    0.0012922914634897757,
    0.013818432823527491,
    0.002404493803757437,
    0.0015424331803763195,
    0.14093187088922698,
    0.002564861513116398,
    0.17274836591724999,
    0.062327638704238034,
    0.0034726618722239547,
    0.003409852507857798,
    0.009612741685626692,
    0.004396223691830503,
    0.002473077901966708,
    0.003745227281789243,
    0.007998323258143527,
    0.02775860399153843,
    0.011501716564351349,
    0.009940997688898492,
    0.00938591604269958,
    0.007174524165220163,
    0.01675366112529852,
    0.0048607894935869264,
    0.014026414035786056,
    0.006425494110022574,
    0.010870543202678787,
    0.007471623678396966,
    0.007741028679294681,
    0.005459023077179168,
    0.010627584177366754
  ],
  "cg_iters": [
    1,
    1,
    5,
    3,
    11,
    1,
    16,
    1,
    11,
    9,
    2,
    15,
    13,
    17,
    20,
    12,
    20,
    14,
    13,
    12,
    12,
    17,
    13,
    15,
    12,
    11,
    16,
    12,
    13,
    16
  ],
  "entcoeff": [
    0.0004891624280116311,
    0.00021833819499160765,
    3.6593754973421026e-06,
    9.783282329997294e-05,
    0.0007044619288128287,
    6.0227840616909416e-06,
    7.824470450784355e-05,
    0.0004662371013353853,
    7.724995242385866e-05,
    4.2028445166913164e-05,
    0.00012781761658946773,
    6.88351130080734e-06,
    1.4002549714811422e-05,
    1.5268294019680635e-05,
    6.374858997140751e-06,
    5.448491993006056e-06,
    5.218792081172461e-06,
    8.601564433827893e-06,
    6.450821361596805e-06,
    2.9890843778143073e-06,
    1.2016969341240776e-05,
    6.6363523775924615e-06,
    8.775587186305765e-06,
    1.2497647797982967e-05,
    1.1063743415025466e-05,
    8.692094082842837e-06,
    1.1956761014666249e-05,
    9.087035469642564e-06,
    8.24297770901643e-06,
    1.3443226150394057e-05
  ],
  "cg_damping": [
    0.00021189310694877357,
    0.00012688341775558446,
    0.0604172849396839,
    0.0007143240473564924,
    0.010278791002448797,
    0.7450945720074075,
    0.21121684696584356,
    0.2925877835617613,
    0.30657742693846785,
    0.7236855454015547,
    0.24960198744158707,
    0.040991190656224065,
    0.01243449809541015,
    0.08298672048542077,
    0.036015760567875456,
    0.01061943604461585,
    0.7659647795324813,
    0.01888642517359556,
    0.003956201130908062,
    0.037024628248341296,
    0.00481814870619693,
    0.014138827164979616,
    0.006064551649073627,
    0.0030987840298779684,
    0.012087015788944198,
    0.004163721040329285,
    0.012994553492498206,
    0.0036672716828863596,
    0.00424394815398181,
    0.004920771608182233
  ],
  "vf_stepsize": [
    0.0032102703909029457,
    0.02662008610454583,
    0.02493498647068836,
    3.981296844919154e-05,
    1.2134821443110318e-05,
    8.277146308535754e-06,
    0.006532675190265025,
    8.012416214254579e-05,
    0.01952178389059655,
    4.291058162717159e-06,
    0.00013188329782567833,
    0.026730607782355458,
    0.015847082840682425,
    0.0015927252344689574,
    0.002334865593192275,
    0.0017685860920506646,
    0.0001725843490635062,
    0.012075918726218205,
    0.0061354033173488575,
    0.005393552846253689,
    0.02447313597509803,
    0.0064922905894534795,
    0.011407010446448457,
    0.005625101890120276,
    0.011962904593774802,
    0.0058026914970301805,
    0.003996807268105176,
    0.006906040149332049,
    0.008780123791274666,
    0.008060723605913858
  ],
  "vf_iters": [
    7,
    2,
    4,
    4,
    19,
    13,
    19,
    11,
    2,
    9,
    8,
    3,
    3,
    3,
    4,
    3,
    5,
    4,
    4,
    4,
    3,
    4,
    3,
    3,
    4,
    3,
    4,
    3,
    3,
    3
  ],
  "vf_minibatches": [
    3,
    2,
    34,
    1,
    2,
    42,
    53,
    16,
    30,
    30,
    12,
    14,
    18,
    8,
    22,
    21,
    23,
    27,
    16,
    11,
    13,
    18,
    18,
    21,
    15,
    18,
    19,
    24,
    19,
    14
  ],
  "num_envs": 4,
  "results_dir_name": "results",
  "storage_dir_name": "storage",
  "train_set": "remaining",
  "eval_set": "remaining",
  "OPENAI_LOG_FORMAT": "csv",
  "walltime_hrs": 0.3,
  "num_checkpoints": 100,
  "eval_ntrajs": 10,
  "eval_nsteps": 200,
  "eval_seed": 12345,
  "looping_tree": {
    "method": "fixed",
    "environment": "fixed",
    "total_timesteps": "fixed",
    "rng_seed": "zip",
    "policy_kwargs": "fixed",
    "timesteps_per_batch": "zip",
    "gamma": "zip",
    "lam": "zip",
    "max_kl": "zip",
    "cg_iters": "zip",
    "entcoeff": "zip",
    "cg_damping": "zip",
    "vf_stepsize": "zip",
    "vf_iters": "zip",
    "vf_minibatches": "zip"
  }
}