{
  "description": "Hyper-parameter optimization for trpo on a low frequency environment",
  "method": "trpo",
  "environment": "drop_leg_100hz",
  "total_timesteps": 4000000,
  "rng_seed": [
    85000,
    7000,
    56000,
    83000,
    70000,
    99000,
    19000,
    55000,
    32000,
    25000,
    64000,
    70000,
    34000,
    7000,
    62000,
    13000,
    9000,
    52000,
    54000,
    87000,
    90000,
    98000,
    62000,
    63000,
    61000,
    71000,
    78000,
    85000,
    67000,
    92000
  ],
  "policy_kwargs": {
    "net_arch": [
      {
        "vf": [
          64,
          64
        ],
        "pi": [
          64,
          64
        ]
      }
    ]
  },
  "timesteps_per_batch": [
    5612,
    3071,
    5709,
    4110,
    4130,
    5485,
    2552,
    2998,
    6615,
    3571,
    4598,
    3393,
    4117,
    5284,
    5987,
    2767,
    3060,
    5373,
    3717,
    3169,
    4016,
    2612,
    3672,
    4500,
    3514,
    3768,
    3963,
    3679,
    3357,
    3836
  ],
  "gamma": [
    0.7355308343643447,
    0.975815291615995,
    0.9757615649801583,
    0.9092824840902489,
    0.967555864414311,
    0.9875701226624862,
    0.9338815212960846,
    0.8557585248740641,
    0.9534115613855507,
    0.9503521024070363,
    0.9189010069372585,
    0.9740467165661195,
    0.8946256313952099,
    0.9255766226245847,
    0.8600775086596374,
    0.8743254030169758,
    0.9758723527019294,
    0.9415374875221412,
    0.9354638262675401,
    0.9608900609484857,
    0.9440473858212941,
    0.9408551121326034,
    0.9529092476511325,
    0.9287354086506914,
    0.9006525539886667,
    0.9467964800154673,
    0.9381364873266257,
    0.949606883418436,
    0.9328011267297744,
    0.9450661021120945
  ],
  "lam": [
    0.997296129749094,
    0.9978444252814425,
    0.999722424227277,
    0.99743666786057,
    0.9987837950508939,
    0.9983754899215963,
    0.9984734049370101,
    0.9990391293744862,
    0.9987045854974038,
    0.9993956531068712,
    0.9986408833421189,
    0.999307207279364,
    0.9990286588415804,
    0.9993302997083815,
    0.999604298269996,
    0.9994167305393152,
    0.999353976360618,
    0.9993370755897724,
    0.999291897030815,
    0.9990285756381324,
    0.999306338455946,
    0.9992144942557245,
    0.9996262565340197,
    0.99917139611006,
    0.9995038329701668,
    0.9992908591351093,
    0.9992920931283049,
    0.9995192807879064,
    0.999344738136551,
    0.9993881705765479
  ],
  "max_kl": [
    0.03913331686828689,
    0.03415224294407681,
    0.052810470319189944,
    0.053595303364522486,
    0.01208153609347098,
    0.03869846882696285,
    0.01636941315679676,
    0.020788691094740408,
    0.007726706629589697,
    0.020199309754525874,
    0.01627031629452693,
    0.013268797231266954,
    0.014467890973646742,
    0.01389920266714938,
    0.021729539589974246,
    0.01615365466933858,
    0.013367873140534106,
    0.0339174910456693,
    0.014727863160839225,
    0.0208656350746587,
    0.016325268446407894,
    0.014779262472155668,
    0.014451127683621282,
    0.01981425356672456,
    0.01758058640868141,
    0.018698412040575048,
    0.015576293510563777,
    0.01713732214617015,
    0.018755364298272802,
    0.017943110569872887
  ],
  "cg_iters": [
    13,
    7,
    7,
    10,
    7,
    12,
    8,
    9,
    9,
    9,
    9,
    8,
    9,
    10,
    10,
    9,
    8,
    9,
    9,
    9,
    9,
    9,
    9,
    10,
    9,
    9,
    9,
    9,
    9,
    9
  ],
  "entcoeff": [
    2.36952812937249e-06,
    1.7220224475901762e-05,
    2.326713160576747e-06,
    6.2884839996595135e-06,
    1.8515268161659556e-06,
    1.9193537870701534e-05,
    2.9455629644629392e-06,
    7.0639541784174425e-06,
    1.5430463350504242e-06,
    5.186532385312812e-06,
    9.03924311163701e-06,
    4.677517173570026e-06,
    5.8877165429977485e-06,
    7.755779003989944e-06,
    7.179196378365445e-06,
    4.3797058103266696e-06,
    6.01251069306895e-06,
    7.512006379639452e-06,
    7.155653551668404e-06,
    9.47982572967454e-06,
    7.327573262533693e-06,
    6.770874148650925e-06,
    6.337315776335004e-06,
    7.838155454751204e-06,
    6.967910366763508e-06,
    8.228283490611643e-06,
    6.55537111423188e-06,
    7.993766171183702e-06,
    6.913121728947622e-06,
    8.691731890997759e-06
  ],
  "cg_damping": [
    0.26215308770895523,
    0.03266755967929033,
    0.03002853228049742,
    0.26309704913068,
    0.9454301872810343,
    0.09286534851179913,
    0.030199582799890292,
    0.7304223117592367,
    0.11628222308143425,
    0.22171787026024314,
    0.27891301493748755,
    0.12752918103499902,
    0.20133863307753863,
    0.12673927918693031,
    0.45479389186328534,
    0.2660952060995839,
    0.3957220516593673,
    0.18778824998146984,
    0.4567271910383018,
    0.26550094900831495,
    0.14800848348700837,
    0.15515331040854544,
    0.1580774973135941,
    0.19164950878345596,
    0.1723564998620856,
    0.24729837997995466,
    0.15669448760398674,
    0.22277622328764682,
    0.23033409067413668,
    0.25357242469441726
  ],
  "vf_stepsize": [
    0.002626933832131978,
    0.015012725769085187,
    0.01935155007667235,
    0.0010813359745307542,
    0.0008808161323028174,
    0.005105598367972418,
    0.0015754684595590254,
    0.002981387419262392,
    0.01994387443203251,
    0.0009292464967278536,
    0.0016662606901799225,
    0.0026846887731134216,
    0.005378420249695265,
    0.0022679093580527452,
    0.0026636033401049764,
    0.0014156155979820522,
    0.0015090739717572503,
    0.0031235765365861166,
    0.006975103770633903,
    0.002047029232279998,
    0.004134884772550927,
    0.0019924401158495724,
    0.0025509185094369185,
    0.002634768919175765,
    0.0021046864252715373,
    0.002358590728620091,
    0.0024091885823770303,
    0.0026101015433986053,
    0.0025268970172219584,
    0.0024076777179030486
  ],
  "vf_iters": [
    7,
    9,
    7,
    8,
    8,
    8,
    8,
    7,
    8,
    9,
    10,
    9,
    9,
    9,
    8,
    8,
    8,
    9,
    9,
    9,
    8,
    9,
    8,
    9,
    8,
    9,
    9,
    9,
    8,
    9
  ],
  "vf_minibatches": [
    42,
    31,
    15,
    16,
    41,
    15,
    25,
    27,
    22,
    20,
    22,
    25,
    24,
    23,
    28,
    23,
    23,
    26,
    25,
    23,
    24,
    24,
    26,
    23,
    24,
    25,
    23,
    23,
    24,
    22
  ],
  "num_envs": 4,
  "results_dir_name": "results",
  "storage_dir_name": "storage",
  "train_set": "remaining",
  "eval_set": "remaining",
  "OPENAI_LOG_FORMAT": "csv",
  "walltime_hrs": 0.3,
  "num_checkpoints": 100,
  "eval_ntrajs": 10,
  "eval_nsteps": 200,
  "eval_seed": 12345,
  "looping_tree": {
    "method": "fixed",
    "environment": "fixed",
    "total_timesteps": "fixed",
    "rng_seed": "zip",
    "policy_kwargs": "fixed",
    "timesteps_per_batch": "zip",
    "gamma": "zip",
    "lam": "zip",
    "max_kl": "zip",
    "cg_iters": "zip",
    "entcoeff": "zip",
    "cg_damping": "zip",
    "vf_stepsize": "zip",
    "vf_iters": "zip",
    "vf_minibatches": "zip"
  }
}