{
  "description": "Hyper-parameter optimization for trpo on a low frequency environment",
  "method": "trpo",
  "environment": "drop_leg_100hz",
  "total_timesteps": 4000000,
  "rng_seed": [
    6000,
    45000,
    47000,
    72000,
    14000,
    39000,
    92000,
    58000,
    47000,
    43000,
    92000,
    79000,
    3000,
    28000,
    64000,
    90000,
    55000,
    16000,
    26000,
    48000,
    36000,
    7000,
    40000,
    7000,
    38000,
    81000,
    87000,
    67000,
    38000,
    21000
  ],
  "policy_kwargs": {
    "net_arch": [
      {
        "vf": [
          64,
          64
        ],
        "pi": [
          64,
          64
        ]
      }
    ]
  },
  "timesteps_per_batch": [
    3393,
    2553,
    2283,
    2552,
    1979,
    3459,
    2368,
    2204,
    2514,
    2646,
    2407,
    2052,
    2109,
    2404,
    2698,
    2634,
    1858,
    2509,
    2362,
    2451,
    2642,
    2384,
    2562,
    2291,
    2268,
    2523,
    2241,
    2458,
    2914,
    2123
  ],
  "gamma": [
    0.9666060308084639,
    0.9360109278384177,
    0.9392398921550654,
    0.9700671202457838,
    0.9517871984828736,
    0.9390930599847196,
    0.940432579857047,
    0.9028814732699612,
    0.9624432795457291,
    0.9444836674915417,
    0.9155973833244904,
    0.9544894247685458,
    0.9544995495601594,
    0.9633290549446624,
    0.9428623271066306,
    0.938539123810291,
    0.9396786980902693,
    0.9461499248625183,
    0.956946632672602,
    0.9570260588936507,
    0.9322384263691014,
    0.944663034706555,
    0.9430831386153887,
    0.945025550341614,
    0.9560160585762256,
    0.9498789949402295,
    0.9531405023827864,
    0.9485667404547901,
    0.9518641941810859,
    0.9546759362852781
  ],
  "lam": [
    0.9995694220171113,
    0.9992760485299255,
    0.999626695760084,
    0.9995515104828768,
    0.9996906446492474,
    0.9996807141908283,
    0.9995938597293379,
    0.9995318423279029,
    0.999468317680606,
    0.9995219635642898,
    0.9994882006046751,
    0.9994453965443553,
    0.9995522750466835,
    0.9996622545899342,
    0.9995456736897276,
    0.9993690030770105,
    0.9996155971441042,
    0.9996559580809572,
    0.9995776910177633,
    0.9992658357545673,
    0.9995572935601018,
    0.9995590134428881,
    0.999469000004164,
    0.9994958850710819,
    0.9994946652853945,
    0.9995394077377122,
    0.9995946393425895,
    0.9995526030892301,
    0.9994533594851811,
    0.9995628663057367
  ],
  "max_kl": [
    0.01831116462801655,
    0.01883318720243795,
    0.026110358333638353,
    0.02633481515878719,
    0.015363054149977885,
    0.020391386939774048,
    0.0161089410377948,
    0.02262138406129827,
    0.015648049581391602,
    0.02334624592735584,
    0.012447241044110744,
    0.015010825640653747,
    0.013286661681350504,
    0.017739371230369252,
    0.017116184298651,
    0.0198265092586426,
    0.015380500637604554,
    0.01335559964292588,
    0.015570646250477839,
    0.013588766495572835,
    0.014670794049868078,
    0.017401898735417823,
    0.01755500502022227,
    0.018542225506946116,
    0.01512116140119239,
    0.015115558274960948,
    0.013589068672071235,
    0.01631574290400104,
    0.017776221908066398,
    0.015612612478668122
  ],
  "cg_iters": [
    8,
    9,
    10,
    9,
    8,
    9,
    10,
    9,
    8,
    10,
    9,
    9,
    9,
    10,
    8,
    8,
    8,
    8,
    9,
    9,
    9,
    10,
    10,
    9,
    8,
    9,
    9,
    9,
    9,
    9
  ],
  "entcoeff": [
    1.2088036025572186e-05,
    1.210025169273395e-05,
    8.6521880344323e-06,
    1.4277262965096493e-05,
    2.1411863505157483e-05,
    1.702750208216569e-05,
    1.7553727616225605e-05,
    1.0147234533599638e-05,
    1.4334467598556921e-05,
    1.850955570659475e-05,
    1.391497568166157e-05,
    1.0981907468527643e-05,
    1.6798094907419743e-05,
    1.364125424273869e-05,
    1.2917107924713522e-05,
    1.504042538553808e-05,
    1.2937813855279657e-05,
    1.0963720896930318e-05,
    1.5958806144287424e-05,
    1.5625805965255405e-05,
    1.0786690543021717e-05,
    1.6773199704412143e-05,
    1.105238462098662e-05,
    1.2337412682190747e-05,
    1.2941721314179236e-05,
    1.2377339310098555e-05,
    1.8103562286484286e-05,
    1.4805590997348231e-05,
    1.1631344409275763e-05,
    1.5484451990032685e-05
  ],
  "cg_damping": [
    0.30221071888968276,
    0.20098931561731487,
    0.6502610922075448,
    0.15755904549776928,
    0.2206692097584175,
    0.14734258381725512,
    0.3354945080146649,
    0.2743735213166891,
    0.22472640782360853,
    0.23800468870115749,
    0.2525901958963032,
    0.29844448939900586,
    0.18196425800815866,
    0.20620291250770928,
    0.21218912934916498,
    0.28340918951234023,
    0.2906490756223728,
    0.30333598565418063,
    0.26299847951525723,
    0.24187317619186657,
    0.2574428276353546,
    0.25888677603462945,
    0.236424662922775,
    0.2611840846976844,
    0.3710625866720215,
    0.160603866403768,
    0.25136640531815635,
    0.3044607004944957,
    0.19335810291856673,
    0.33765162224245654
  ],
  "vf_stepsize": [
    0.007682200319366459,
    0.013458332077292983,
    0.013683905827524588,
    0.019213295101524825,
    0.01110580383371881,
    0.017425474138669322,
    0.011574755529134657,
    0.01996073110376037,
    0.010179201034276095,
    0.012035218866520885,
    0.016462803887170346,
    0.014741187044247003,
    0.018554387478548033,
    0.01301074818747897,
    0.014300876681971247,
    0.01201740108638088,
    0.017278272640794894,
    0.01113889184389983,
    0.013371728954653904,
    0.01703838441333608,
    0.013163116237723402,
    0.015162916815260002,
    0.013061837010930513,
    0.015526547790413743,
    0.016055704266582177,
    0.01558046406318866,
    0.01804039063405273,
    0.012500102859301985,
    0.012908846396094057,
    0.013716477302551183
  ],
  "vf_iters": [
    12,
    11,
    12,
    12,
    13,
    11,
    10,
    11,
    12,
    10,
    11,
    11,
    11,
    10,
    11,
    12,
    11,
    10,
    11,
    12,
    10,
    10,
    11,
    11,
    10,
    11,
    10,
    12,
    12,
    11
  ],
  "vf_minibatches": [
    23,
    21,
    23,
    21,
    22,
    16,
    18,
    20,
    18,
    22,
    22,
    15,
    21,
    19,
    19,
    21,
    19,
    21,
    22,
    19,
    24,
    22,
    20,
    18,
    20,
    22,
    21,
    22,
    21,
    22
  ],
  "num_envs": 4,
  "results_dir_name": "results",
  "storage_dir_name": "storage",
  "train_set": "remaining",
  "eval_set": "remaining",
  "OPENAI_LOG_FORMAT": "csv",
  "walltime_hrs": 0.3,
  "num_checkpoints": 100,
  "eval_ntrajs": 10,
  "eval_nsteps": 200,
  "eval_seed": 12345,
  "looping_tree": {
    "method": "fixed",
    "environment": "fixed",
    "total_timesteps": "fixed",
    "rng_seed": "zip",
    "policy_kwargs": "fixed",
    "timesteps_per_batch": "zip",
    "gamma": "zip",
    "lam": "zip",
    "max_kl": "zip",
    "cg_iters": "zip",
    "entcoeff": "zip",
    "cg_damping": "zip",
    "vf_stepsize": "zip",
    "vf_iters": "zip",
    "vf_minibatches": "zip"
  }
}