{
  "description": "Hyper-parameter optimization for trpo on a low frequency environment",
  "method": "trpo",
  "environment": "drop_leg_100hz",
  "total_timesteps": 4000000,
  "rng_seed": [
    58000,
    1000,
    1000,
    66000,
    51000,
    86000,
    0,
    63000,
    93000,
    30000,
    10000,
    99000,
    42000,
    17000,
    99000,
    61000,
    21000,
    89000,
    2000,
    11000,
    64000,
    75000,
    84000,
    6000,
    57000,
    24000,
    68000,
    96000,
    92000,
    42000
  ],
  "policy_kwargs": {
    "net_arch": [
      {
        "vf": [
          64,
          64
        ],
        "pi": [
          64,
          64
        ]
      }
    ]
  },
  "timesteps_per_batch": [
    1418,
    2259,
    866,
    6153,
    6072,
    879,
    1775,
    833,
    1073,
    3787,
    2026,
    1361,
    5245,
    3751,
    2243,
    1324,
    2571,
    2245,
    1572,
    1649,
    1899,
    2170,
    1994,
    2655,
    3761,
    1694,
    4343,
    1787,
    1891,
    1157
  ],
  "gamma": [
    0.9876483005817015,
    0.7434976166280132,
    0.777612799929458,
    0.9760246960884018,
    0.9883997931599936,
    0.7959241287695404,
    0.984943820159397,
    0.926135476542147,
    0.9513401083285874,
    0.9891833599131287,
    0.7295454648339621,
    0.9838953529965818,
    0.9348305390420407,
    0.9804064928264553,
    0.98519842809387,
    0.9454803369360736,
    0.9656869062788899,
    0.9754837229512263,
    0.9675515522953573,
    0.9630893921344529,
    0.9758500395539749,
    0.9750712351890861,
    0.9556792121896808,
    0.981229287549629,
    0.9808694438601565,
    0.9784716340638498,
    0.9685753540488765,
    0.9608977064641349,
    0.9605600915299383,
    0.9547728937474911
  ],
  "lam": [
    0.9998310412014144,
    0.9998274776246255,
    0.9972876910378774,
    0.9997864392704774,
    0.997711918251136,
    0.9998423108572636,
    0.9995703091583198,
    0.9995833360365525,
    0.999723287025342,
    0.9993719866847872,
    0.9997441356194919,
    0.9998194815172897,
    0.9997346797895893,
    0.9994590147711763,
    0.99948521358618,
    0.9996650907721701,
    0.9994443078419715,
    0.9997100034798289,
    0.9993115344001403,
    0.9997975526085866,
    0.9996458702395382,
    0.9996939206782194,
    0.9996005616630964,
    0.999417118169758,
    0.9996497151119778,
    0.9994477487842653,
    0.9997469664443117,
    0.999584671238103,
    0.9997841823971962,
    0.9997011627010668
  ],
  "max_kl": [
    0.010196629350816286,
    0.0061954805169423185,
    0.02797438749565085,
    0.06138399577112995,
    0.035875249759038615,
    0.04005457685109433,
    0.020227627623999208,
    0.005162264736678385,
    0.03443268437974562,
    0.005252415978200073,
    0.046565124972401464,
    0.05273167173166956,
    0.017460480336217124,
    0.052154431006167255,
    0.015064145911907377,
    0.010247700211061746,
    0.021771316042425923,
    0.05218351874489646,
    0.039844309604001225,
    0.012226258928232703,
    0.020896487082052752,
    0.0432735225118038,
    0.020267089049084124,
    0.019080912753602425,
    0.01629989669203515,
    0.025613549310886337,
    0.018320348033041552,
    0.02241150620624724,
    0.035349324723288805,
    0.011094925450325215
  ],
  "cg_iters": [
    11,
    11,
    16,
    9,
    9,
    7,
    9,
    9,
    11,
    9,
    11,
    10,
    10,
    9,
    11,
    11,
    8,
    10,
    12,
    9,
    16,
    13,
    13,
    11,
    10,
    11,
    10,
    12,
    7,
    12
  ],
  "entcoeff": [
    3.1137476010399354e-05,
    1.3983187782594717e-05,
    3.7697123719139237e-06,
    1.0394087055126363e-05,
    1.5346504854317035e-05,
    2.7265736877061923e-05,
    1.423467473986754e-05,
    6.1727867350925115e-06,
    1.2922916631466708e-05,
    9.087170083123849e-06,
    1.1721805504754715e-05,
    1.621683272402363e-05,
    1.067626621852025e-05,
    1.9178006130573823e-05,
    2.3806989684616332e-05,
    8.634207735687997e-06,
    1.2826068677080848e-05,
    9.83576360018475e-06,
    9.906489925485385e-06,
    1.5619088661418594e-05,
    1.4576178544325211e-05,
    1.6515888423816096e-05,
    1.063926932940935e-05,
    1.8403207141990396e-05,
    2.2659284023927364e-05,
    1.0819796155492686e-05,
    1.0662231305838116e-05,
    7.583730566730413e-06,
    1.651961851301508e-05,
    1.0349472142019919e-05
  ],
  "cg_damping": [
    0.037325233999141755,
    0.04860857544076366,
    0.09736863354351498,
    0.052874521566500146,
    0.48492715997193214,
    0.12654054816704094,
    0.10613814256911874,
    0.20870489585086072,
    0.3511485164089014,
    0.2843742325851949,
    0.55518532164317,
    0.3145826906899035,
    0.4760209140873181,
    0.42178100738933144,
    0.46457870350675157,
    0.5149775529166304,
    0.6421265932127893,
    0.18617670784637427,
    0.2218739033848904,
    0.2433801117082487,
    0.18197411963149285,
    0.31927104879461843,
    0.6822854493632518,
    0.2435911737285614,
    0.3015969477445881,
    0.6305794592737646,
    0.49301387837007105,
    0.27322495658679974,
    0.3601808726261619,
    0.3202896376550319
  ],
  "vf_stepsize": [
    0.0009142388412738105,
    0.0008789694760686541,
    0.0009031841022241833,
    0.001365367133627117,
    0.0011431509597371436,
    0.001324094552305166,
    0.0010288465882022206,
    0.001360403376780326,
    0.0010372992398603436,
    0.0019172662601504977,
    0.006811900220058642,
    0.009833804568399742,
    0.0014846669301488173,
    0.002840888047691735,
    0.003418862204396279,
    0.004506853348450975,
    0.004050115236635814,
    0.005335203640428673,
    0.0019855350964962373,
    0.0034181881329453825,
    0.002639912444948112,
    0.007260564768637751,
    0.008879210013844998,
    0.005168682786235374,
    0.0034990443303105313,
    0.009504611210975306,
    0.01370505773268477,
    0.018176375292382127,
    0.022413276714862655,
    0.00297481177072232
  ],
  "vf_iters": [
    11,
    13,
    7,
    11,
    10,
    10,
    10,
    10,
    9,
    9,
    10,
    10,
    8,
    10,
    9,
    8,
    8,
    10,
    9,
    8,
    9,
    11,
    9,
    10,
    9,
    7,
    10,
    8,
    9,
    9
  ],
  "vf_minibatches": [
    10,
    21,
    25,
    24,
    17,
    13,
    30,
    42,
    29,
    16,
    22,
    39,
    15,
    20,
    23,
    28,
    28,
    25,
    25,
    27,
    22,
    23,
    11,
    27,
    22,
    25,
    27,
    16,
    31,
    30
  ],
  "num_envs": 4,
  "results_dir_name": "results",
  "storage_dir_name": "storage",
  "train_set": "remaining",
  "eval_set": "remaining",
  "OPENAI_LOG_FORMAT": "csv",
  "walltime_hrs": 0.3,
  "num_checkpoints": 100,
  "eval_ntrajs": 10,
  "eval_nsteps": 200,
  "eval_seed": 12345,
  "looping_tree": {
    "method": "fixed",
    "environment": "fixed",
    "total_timesteps": "fixed",
    "rng_seed": "zip",
    "policy_kwargs": "fixed",
    "timesteps_per_batch": "zip",
    "gamma": "zip",
    "lam": "zip",
    "max_kl": "zip",
    "cg_iters": "zip",
    "entcoeff": "zip",
    "cg_damping": "zip",
    "vf_stepsize": "zip",
    "vf_iters": "zip",
    "vf_minibatches": "zip"
  }
}