{
  "description": "Hyper-parameter optimization for trpo on a low frequency environment",
  "method": "trpo",
  "environment": "drop_leg_100hz",
  "total_timesteps": 4000000,
  "rng_seed": [
    44000,
    47000,
    64000,
    67000,
    67000,
    9000,
    83000,
    21000,
    36000,
    87000,
    70000,
    88000,
    88000,
    12000,
    58000,
    65000,
    39000,
    87000,
    46000,
    88000,
    81000,
    37000,
    25000,
    77000,
    72000,
    9000,
    20000,
    80000,
    69000,
    79000
  ],
  "policy_kwargs": {
    "net_arch": [
      {
        "vf": [
          64,
          64
        ],
        "pi": [
          64,
          64
        ]
      }
    ]
  },
  "timesteps_per_batch": [
    3050,
    292,
    141,
    12418,
    1080,
    87,
    334,
    986,
    6525,
    4250,
    516,
    998,
    1215,
    657,
    1799,
    1611,
    610,
    1251,
    1226,
    374,
    1077,
    1719,
    1307,
    1141,
    1246,
    546,
    3419,
    506,
    992,
    245
  ],
  "gamma": [
    0.9998092919640525,
    0.9997346431519941,
    0.3712733693278971,
    0.9356027141899605,
    0.8316688199094885,
    0.5598090833453402,
    0.37217126557909364,
    0.37048445293321386,
    0.7606858458969901,
    0.675093173734183,
    0.7882784381433662,
    0.81000557879341,
    0.989797219553918,
    0.978439556044924,
    0.8029506705216961,
    0.5804487562481415,
    0.6382024168252103,
    0.5153364481442197,
    0.8373336907194628,
    0.8567858515801826,
    0.6558917003132123,
    0.9635425999207207,
    0.9655246326694708,
    0.9471724321130433,
    0.9663400157424522,
    0.8631573056972381,
    0.816150552472383,
    0.9409359959730191,
    0.859395849802111,
    0.877226360138787
  ],
  "lam": [
    0.9997731536857658,
    0.50369506272285,
    0.9997615325509426,
    0.9995504514416064,
    0.9805808725647192,
    0.9832630612550446,
    0.9886151987434105,
    0.9547112581212386,
    0.9867402126091137,
    0.9865867623946981,
    0.982325572528593,
    0.9881120626407915,
    0.993905619554115,
    0.9801766996802419,
    0.9830349378737695,
    0.9356284973789186,
    0.9829907695373696,
    0.900952774946362,
    0.9448868306465806,
    0.9805985049169872,
    0.979262646879787,
    0.9620409727224833,
    0.9918915919256035,
    0.9700727446915451,
    0.9887525769773766,
    0.9858801654994461,
    0.991473720108788,
    0.9222586818479159,
    0.9824228841561042,
    0.9886329339936415
  ],
  "max_kl": [
    0.5971702931712592,
    0.007827842574523554,
    0.04529199209519658,
    0.0014186480659735318,
    0.022713578078328727,
    0.00866111352543155,
    0.07340619524992187,
    0.00991652114711306,
    0.017777084924400464,
    0.020082743151974926,
    0.007637352111858678,
    0.00552976543459678,
    0.01074465689102356,
    0.002513627729964557,
    0.004980397304072079,
    0.01672087583779736,
    0.0031118826233570798,
    0.010327209829026449,
    0.05283288148074507,
    0.05004069753667997,
    0.013233369540309483,
    0.012335702133748655,
    0.01742254648609606,
    0.0030196199891580023,
    0.02534972565059837,
    0.0018645569592244849,
    0.019002574695361204,
    0.00934763755843023,
    0.007502734327745668,
    0.007785813748774063
  ],
  "cg_iters": [
    19,
    14,
    1,
    3,
    6,
    4,
    11,
    16,
    7,
    3,
    8,
    7,
    9,
    17,
    8,
    8,
    7,
    5,
    7,
    6,
    3,
    3,
    11,
    12,
    10,
    8,
    5,
    5,
    17,
    7
  ],
  "entcoeff": [
    0.00021468708170907503,
    1.3391990902516052e-05,
    0.0003348290214747011,
    0.00028328214302931397,
    4.311967098988705e-06,
    6.099445952380576e-05,
    2.2571885751706815e-05,
    0.00023299031229073966,
    1.3824941762508608e-05,
    4.8704391032807195e-06,
    1.1722358285028865e-05,
    8.32173237088306e-06,
    2.480380575722612e-06,
    3.921643483862485e-06,
    5.4388277736392416e-06,
    1.6764961637742774e-05,
    2.4582654766476274e-06,
    5.745777625462637e-06,
    1.3405751271355652e-05,
    3.5622637696880567e-06,
    3.84387097511819e-06,
    5.342094143576878e-06,
    1.0377097661291395e-05,
    1.244114156011277e-05,
    1.0611621939803215e-05,
    7.671473494644077e-06,
    1.7407740545002556e-06,
    4.7823724509932435e-06,
    3.826037689455171e-06,
    2.0253849131393438e-05
  ],
  "cg_damping": [
    0.3954776443935539,
    0.5766700859649464,
    0.00014246382072544231,
    0.9113755990387318,
    0.6817172655818831,
    0.9556988427703641,
    0.00011093717596729556,
    0.00012081629075105845,
    0.8827155540201965,
    0.0015493087445878169,
    0.000743648922656129,
    0.027444054173159947,
    0.0007859961829001492,
    0.7614920020307995,
    0.0023865076158055593,
    0.0007038236871898297,
    0.0025122808511924433,
    0.0005810273936918314,
    0.00015009627309657938,
    0.005268828899113465,
    0.0026674888248948768,
    0.0005381601540303897,
    0.0012705217663503132,
    0.012877868356040826,
    0.001576153954240181,
    0.023094514622312982,
    0.0025908675290957687,
    0.03346303156046931,
    0.9930936600846962,
    0.0002314251985037336
  ],
  "vf_stepsize": [
    0.02673388949512361,
    0.027631588226210854,
    4.445628428259833e-06,
    0.027528049342666613,
    0.018767056024091063,
    3.7399193132607917e-06,
    0.01636377530747434,
    3.6664782073594103e-06,
    3.0161195089057232e-05,
    3.3946931436186577e-06,
    4.911690985972649e-05,
    1.3143045361277462e-05,
    0.022351022090257584,
    0.00037907292248970506,
    5.047062963158314e-06,
    0.009768908832374665,
    0.0008236250540123536,
    0.00034514429766675873,
    7.6172511862694705e-06,
    2.132187280965375e-05,
    3.899096677964875e-05,
    3.865245117844357e-06,
    0.004004583844357594,
    1.268272022937983e-05,
    6.3668865472828425e-06,
    1.8931975697962077e-05,
    0.00014470404062908007,
    1.610258513106282e-05,
    0.010319903133931756,
    8.156022818262653e-05
  ],
  "vf_iters": [
    2,
    6,
    14,
    7,
    3,
    8,
    6,
    5,
    2,
    2,
    2,
    5,
    3,
    11,
    4,
    5,
    5,
    4,
    3,
    4,
    7,
    2,
    4,
    7,
    10,
    2,
    2,
    6,
    3,
    5
  ],
  "vf_minibatches": [
    6,
    3,
    18,
    18,
    5,
    22,
    3,
    24,
    3,
    7,
    13,
    3,
    5,
    9,
    3,
    7,
    5,
    12,
    8,
    11,
    2,
    4,
    11,
    9,
    5,
    12,
    3,
    5,
    17,
    7
  ],
  "num_envs": 4,
  "results_dir_name": "results",
  "storage_dir_name": "storage",
  "train_set": "remaining",
  "eval_set": "remaining",
  "OPENAI_LOG_FORMAT": "csv",
  "walltime_hrs": 0.3,
  "num_checkpoints": 100,
  "eval_ntrajs": 10,
  "eval_nsteps": 200,
  "eval_seed": 12345,
  "looping_tree": {
    "method": "fixed",
    "environment": "fixed",
    "total_timesteps": "fixed",
    "rng_seed": "zip",
    "policy_kwargs": "fixed",
    "timesteps_per_batch": "zip",
    "gamma": "zip",
    "lam": "zip",
    "max_kl": "zip",
    "cg_iters": "zip",
    "entcoeff": "zip",
    "cg_damping": "zip",
    "vf_stepsize": "zip",
    "vf_iters": "zip",
    "vf_minibatches": "zip"
  }
}