{
  "description": "Hyper-parameter optimization for trpo on a low frequency environment",
  "method": "trpo",
  "environment": "drop_leg_100hz",
  "total_timesteps": 4000000,
  "rng_seed": [
    5000,
    95000,
    9000,
    44000,
    70000,
    8000,
    78000,
    24000,
    48000,
    63000,
    67000,
    12000,
    56000,
    8000,
    69000,
    26000,
    6000,
    0,
    72000,
    30000,
    15000,
    74000,
    57000,
    8000,
    37000,
    23000,
    88000,
    80000,
    34000,
    13000
  ],
  "policy_kwargs": {
    "net_arch": [
      {
        "vf": [
          64,
          64
        ],
        "pi": [
          64,
          64
        ]
      }
    ]
  },
  "timesteps_per_batch": [
    3038,
    3345,
    3377,
    3182,
    2938,
    3010,
    3199,
    3191,
    3103,
    3123,
    3044,
    3286,
    3039,
    3350,
    3327,
    3039,
    3029,
    3061,
    3202,
    2993,
    3288,
    3198,
    2955,
    2924,
    2873,
    3159,
    3217,
    3080,
    3187,
    2990
  ],
  "gamma": [
    0.9476142740793949,
    0.9624442048623696,
    0.9623350793348522,
    0.9661041381078981,
    0.9631760319352555,
    0.9541045129364047,
    0.9546761899921798,
    0.9530498815996055,
    0.9600793967177575,
    0.9567800542165319,
    0.9650380848147662,
    0.9574899596276905,
    0.9589959254341427,
    0.9649689936589072,
    0.9577263666160407,
    0.9573986661254892,
    0.9632310070361062,
    0.9560372899229417,
    0.9560491099669287,
    0.9574685885192828,
    0.9586173220096952,
    0.9620504234528345,
    0.9593412690704284,
    0.960753428805703,
    0.9558831470186978,
    0.9571344106186904,
    0.9583829506322724,
    0.9543305015358414,
    0.9566452556951535,
    0.9594259228621004
  ],
  "lam": [
    0.9995752326712584,
    0.9996711279349425,
    0.9996065661640675,
    0.9995982053823479,
    0.9996125665291464,
    0.9995900221905617,
    0.9995385139191626,
    0.9996171083832804,
    0.9995309368059695,
    0.9996320156836204,
    0.9995194323960578,
    0.9995600427711506,
    0.999591008389816,
    0.999620613885602,
    0.9995523831402712,
    0.9995545132089838,
    0.9996045337918331,
    0.9995974224113677,
    0.9995919934367185,
    0.999560025667092,
    0.9995987104772673,
    0.999582254659777,
    0.9995706047423182,
    0.999606947482119,
    0.9995736917735545,
    0.9995754369863438,
    0.9995723092751416,
    0.9996254624930806,
    0.9995936022566235,
    0.9995751825397734
  ],
  "max_kl": [
    0.02241787578391099,
    0.02036857394467242,
    0.019791850524610417,
    0.02234718307971457,
    0.020160248660852687,
    0.02233325949673833,
    0.0183816196164849,
    0.019179186700341754,
    0.022664562343201432,
    0.020628717033346258,
    0.022566573771410987,
    0.019892890765645446,
    0.021719774475358108,
    0.02417746340226988,
    0.018705720558860724,
    0.020048689032623777,
    0.022070122969088495,
    0.02063097303087493,
    0.02131805226023547,
    0.020671946647207916,
    0.02157301522141412,
    0.01896450795434966,
    0.020362034028760943,
    0.02072359794526037,
    0.021726612259620474,
    0.020299313974056862,
    0.01950052662226734,
    0.02259045749387153,
    0.02200009166237586,
    0.021621070233976733
  ],
  "cg_iters": [
    9,
    8,
    9,
    9,
    9,
    8,
    8,
    9,
    9,
    9,
    9,
    9,
    9,
    9,
    9,
    9,
    9,
    9,
    9,
    9,
    9,
    9,
    9,
    8,
    9,
    9,
    9,
    9,
    9,
    9
  ],
  "entcoeff": [
    7.858189531500645e-06,
    5.992189792311385e-06,
    8.508212181654844e-06,
    8.128277844614716e-06,
    6.360091089163913e-06,
    6.709927075015237e-06,
    8.928260829526392e-06,
    7.2699621013463885e-06,
    7.504168179596378e-06,
    7.429208810030527e-06,
    8.44618856463985e-06,
    7.525872123830762e-06,
    8.040918604390938e-06,
    7.5215289627192e-06,
    7.489040501895078e-06,
    6.9521555441183455e-06,
    8.042682251056668e-06,
    7.69885710099065e-06,
    7.840792944505637e-06,
    7.647233247129359e-06,
    8.212566541139594e-06,
    7.877953521131045e-06,
    7.909519330136702e-06,
    7.5733233159981385e-06,
    7.1747344354131824e-06,
    7.70254812285198e-06,
    7.970909561502875e-06,
    7.570995598535036e-06,
    7.751138335374201e-06,
    7.238022327834933e-06
  ],
  "cg_damping": [
    0.2479995999299455,
    0.3211538734689839,
    0.24032137967194356,
    0.44127834912031894,
    0.23975067850625179,
    0.3845648116712655,
    0.2682427565693464,
    0.3474471158802606,
    0.24818470182750763,
    0.2773363691605554,
    0.3381539738343656,
    0.2922377060808599,
    0.2754267872972618,
    0.290896411332979,
    0.23099810289835213,
    0.28185795472934,
    0.24345116081563836,
    0.272141572154149,
    0.328821262207455,
    0.2598442810120479,
    0.2727309784651415,
    0.23234245134155823,
    0.27405811549676473,
    0.25956591723286054,
    0.29074326294974184,
    0.28227415549556634,
    0.258544964154307,
    0.2957619510805311,
    0.30325132281409584,
    0.2733206962151417
  ],
  "vf_stepsize": [
    0.0036009319951075722,
    0.005385039338000417,
    0.004964489713101965,
    0.004953131763752018,
    0.003755335271969701,
    0.004754933375841696,
    0.004047974171843687,
    0.003718200666901015,
    0.004387182412786188,
    0.004200978161436379,
    0.005189083006595838,
    0.005157468799311898,
    0.00337701466992811,
    0.004891111441706607,
    0.0038144611456562647,
    0.004227065218916998,
    0.004283673267952508,
    0.0038409935357665943,
    0.004430309819679773,
    0.0040157711837549535,
    0.004687487073948701,
    0.004298470266356954,
    0.004338024157320047,
    0.004202298844622608,
    0.0038757666606350012,
    0.00444587504288032,
    0.003928142315663987,
    0.00401580813535331,
    0.004302660919649595,
    0.004073493164066964
  ],
  "vf_iters": [
    8,
    8,
    9,
    8,
    9,
    8,
    9,
    9,
    9,
    9,
    9,
    9,
    9,
    9,
    9,
    9,
    9,
    9,
    9,
    9,
    9,
    9,
    9,
    9,
    9,
    9,
    9,
    9,
    9,
    9
  ],
  "vf_minibatches": [
    22,
    20,
    21,
    21,
    23,
    22,
    24,
    20,
    22,
    20,
    22,
    21,
    21,
    23,
    22,
    21,
    21,
    22,
    24,
    22,
    20,
    22,
    23,
    21,
    22,
    21,
    22,
    22,
    23,
    22
  ],
  "num_envs": 4,
  "results_dir_name": "results",
  "storage_dir_name": "storage",
  "train_set": "remaining",
  "eval_set": "remaining",
  "OPENAI_LOG_FORMAT": "csv",
  "walltime_hrs": 0.3,
  "num_checkpoints": 100,
  "eval_ntrajs": 10,
  "eval_nsteps": 200,
  "eval_seed": 12345,
  "looping_tree": {
    "method": "fixed",
    "environment": "fixed",
    "total_timesteps": "fixed",
    "rng_seed": "zip",
    "policy_kwargs": "fixed",
    "timesteps_per_batch": "zip",
    "gamma": "zip",
    "lam": "zip",
    "max_kl": "zip",
    "cg_iters": "zip",
    "entcoeff": "zip",
    "cg_damping": "zip",
    "vf_stepsize": "zip",
    "vf_iters": "zip",
    "vf_minibatches": "zip"
  }
}