{
  "description": "Hyper-parameter optimization for trpo on a low frequency environment",
  "method": "trpo",
  "environment": "drop_leg_100hz",
  "total_timesteps": 4000000,
  "rng_seed": [
    18000,
    42000,
    67000,
    59000,
    71000,
    64000,
    17000,
    50000,
    33000,
    44000,
    46000,
    56000,
    4000,
    79000,
    65000,
    68000,
    69000,
    27000,
    38000,
    87000,
    39000,
    65000,
    65000,
    37000,
    14000,
    24000,
    79000,
    64000,
    46000,
    61000
  ],
  "policy_kwargs": {
    "net_arch": [
      {
        "vf": [
          64,
          64
        ],
        "pi": [
          64,
          64
        ]
      }
    ]
  },
  "timesteps_per_batch": [
    2568,
    2990,
    2788,
    2858,
    2818,
    2669,
    2946,
    3056,
    2786,
    2880,
    2977,
    3111,
    3116,
    2882,
    2745,
    2945,
    2864,
    2953,
    2952,
    2778,
    2952,
    2921,
    2880,
    2991,
    3013,
    2912,
    2867,
    2809,
    2775,
    2752
  ],
  "gamma": [
    0.9507332587534774,
    0.9457633633951263,
    0.9543578759482878,
    0.9476577303211537,
    0.9613950711282679,
    0.948180605675139,
    0.9427481752955892,
    0.9488162451559083,
    0.9545381153415564,
    0.9557365607734029,
    0.9489323420050849,
    0.9544952187065173,
    0.948814421338472,
    0.9511515127244352,
    0.9511270776996311,
    0.950795982191193,
    0.9512080588307682,
    0.9556010694462886,
    0.9521865782814883,
    0.9534737873419675,
    0.954177256385663,
    0.9532008236828782,
    0.9516815473435556,
    0.9534259526118886,
    0.9540138484353684,
    0.9530493351410753,
    0.953312735352302,
    0.9536573272567839,
    0.9535476146061094,
    0.954580776996945
  ],
  "lam": [
    0.9995863017931561,
    0.9996003713913191,
    0.9995501930710107,
    0.9996428896026825,
    0.9995409427867045,
    0.9995276818935455,
    0.9996171398961315,
    0.9996693218844215,
    0.9995879529307091,
    0.9996106252994877,
    0.9994955600977093,
    0.9995973668423772,
    0.9995822746354652,
    0.9995631895026483,
    0.9996253815177221,
    0.9995680478022441,
    0.9996055788071072,
    0.9995965248183033,
    0.9996002401088318,
    0.9995799612384744,
    0.9996148869079069,
    0.9995802625739498,
    0.9995887796821785,
    0.9996041055806192,
    0.9995854971391108,
    0.9995845068158685,
    0.999588937958807,
    0.9995572364932556,
    0.999579060617493,
    0.9995658985535801
  ],
  "max_kl": [
    0.02166250628209054,
    0.020683397818753405,
    0.020767044838692426,
    0.019282867470052287,
    0.022325456125209305,
    0.01862933261681255,
    0.01929143669546428,
    0.02092958209990145,
    0.020599159894976408,
    0.02077911830027047,
    0.02177448319376049,
    0.021850486307139007,
    0.020370577297143824,
    0.020901700852534958,
    0.021274901034683432,
    0.020930455259532677,
    0.01925673467027323,
    0.02038746415587029,
    0.01878290120514852,
    0.020674744015718585,
    0.021363543100998066,
    0.021435227730997264,
    0.019614174029020676,
    0.020894653109621273,
    0.020987146750094367,
    0.020823326547334972,
    0.02151747910599715,
    0.02186758167444106,
    0.02157343827845524,
    0.02105528883486391
  ],
  "cg_iters": [
    9,
    9,
    9,
    9,
    9,
    9,
    9,
    9,
    9,
    9,
    9,
    9,
    8,
    9,
    9,
    9,
    9,
    9,
    8,
    9,
    9,
    9,
    9,
    9,
    9,
    9,
    9,
    9,
    9,
    9
  ],
  "entcoeff": [
    8.34879215490169e-06,
    8.719855964225396e-06,
    7.178869565309095e-06,
    7.833299118104817e-06,
    7.369777668172e-06,
    7.85717934381987e-06,
    8.39682290935863e-06,
    8.342414224621604e-06,
    8.613887274055293e-06,
    7.757287898024853e-06,
    7.854657477685537e-06,
    6.946379383761317e-06,
    6.6018166773488025e-06,
    7.7486794555368e-06,
    8.223531247679542e-06,
    7.996617450109106e-06,
    7.573480629607042e-06,
    7.892103575504991e-06,
    7.674240251882309e-06,
    7.91371024469365e-06,
    7.894097534651936e-06,
    7.47511557772296e-06,
    7.618158150739987e-06,
    7.820919738192854e-06,
    8.359734441901326e-06,
    7.830851032140663e-06,
    8.313572556934937e-06,
    7.545237916858257e-06,
    7.6088376209640145e-06,
    8.065323701252445e-06
  ],
  "cg_damping": [
    0.295130231167412,
    0.24914592840971198,
    0.20024494147287278,
    0.22380957758191283,
    0.1941320954961878,
    0.23862924965927948,
    0.2880316349008537,
    0.2929650202652711,
    0.21456411263383687,
    0.24126602479772588,
    0.25105608125595086,
    0.20521940834605898,
    0.25452866332242174,
    0.23108066223033633,
    0.2640552657743719,
    0.24407305919269068,
    0.25727390420258833,
    0.22242533207543486,
    0.22843632859523214,
    0.2615886233626477,
    0.24267994909187907,
    0.24534936001378974,
    0.2566835402981409,
    0.22463319235725365,
    0.2420609130519581,
    0.2432053085025242,
    0.25913321626659747,
    0.22814422309443047,
    0.24720669224651337,
    0.23714786483678066
  ],
  "vf_stepsize": [
    0.006283401804104407,
    0.005151950367297773,
    0.004833424000443457,
    0.004147066379546051,
    0.003595584168103385,
    0.004180666189873836,
    0.0038940860110437485,
    0.004784959284404561,
    0.003752493358838094,
    0.004722188848316367,
    0.004833645966215839,
    0.004248696831481883,
    0.004373361757525891,
    0.004163577175645716,
    0.004595608734197278,
    0.00472531278399184,
    0.003982514468866847,
    0.004323846043306815,
    0.004853162355447246,
    0.004457546882208331,
    0.0038745555531036905,
    0.0045685708181683144,
    0.004694381168643469,
    0.0041153180024205635,
    0.004864270901032583,
    0.004324860513095371,
    0.004752453766010797,
    0.004819486206504681,
    0.004228625142887756,
    0.00432798248146742
  ],
  "vf_iters": [
    9,
    9,
    9,
    9,
    9,
    9,
    9,
    9,
    9,
    9,
    9,
    9,
    9,
    9,
    9,
    9,
    9,
    9,
    9,
    9,
    9,
    9,
    9,
    9,
    9,
    9,
    9,
    9,
    9,
    9
  ],
  "vf_minibatches": [
    22,
    22,
    21,
    23,
    21,
    21,
    21,
    22,
    21,
    22,
    23,
    23,
    22,
    22,
    22,
    21,
    23,
    22,
    21,
    21,
    22,
    22,
    21,
    22,
    22,
    22,
    22,
    22,
    22,
    22
  ],
  "num_envs": 4,
  "results_dir_name": "results",
  "storage_dir_name": "storage",
  "train_set": "remaining",
  "eval_set": "remaining",
  "OPENAI_LOG_FORMAT": "csv",
  "walltime_hrs": 0.3,
  "num_checkpoints": 100,
  "eval_ntrajs": 10,
  "eval_nsteps": 200,
  "eval_seed": 12345,
  "looping_tree": {
    "method": "fixed",
    "environment": "fixed",
    "total_timesteps": "fixed",
    "rng_seed": "zip",
    "policy_kwargs": "fixed",
    "timesteps_per_batch": "zip",
    "gamma": "zip",
    "lam": "zip",
    "max_kl": "zip",
    "cg_iters": "zip",
    "entcoeff": "zip",
    "cg_damping": "zip",
    "vf_stepsize": "zip",
    "vf_iters": "zip",
    "vf_minibatches": "zip"
  }
}