{
  "description": "Hyper-parameter optimization for trpo on a low frequency environment",
  "method": "trpo",
  "environment": "drop_leg_100hz",
  "total_timesteps": 4000000,
  "rng_seed": [
    4000,
    39000,
    71000,
    63000,
    79000,
    27000,
    69000,
    35000,
    10000,
    41000,
    85000,
    76000,
    94000,
    70000,
    54000,
    98000,
    64000,
    67000,
    60000,
    36000,
    92000,
    93000,
    63000,
    3000,
    77000,
    32000,
    13000,
    87000,
    59000,
    29000
  ],
  "policy_kwargs": {
    "net_arch": [
      {
        "vf": [
          64,
          64
        ],
        "pi": [
          64,
          64
        ]
      }
    ]
  },
  "timesteps_per_batch": [
    6251,
    6666,
    2279,
    6547,
    992,
    863,
    1582,
    1487,
    6274,
    952,
    5602,
    2075,
    1983,
    3108,
    2426,
    2587,
    3680,
    2004,
    2875,
    2812,
    2667,
    2202,
    2737,
    2131,
    2239,
    2472,
    2637,
    2252,
    2258,
    2537
  ],
  "gamma": [
    0.7701080239591234,
    0.9834794710924976,
    0.7179368706979194,
    0.9077089867234075,
    0.8561125898468193,
    0.9791875047502671,
    0.9404120180609183,
    0.8039835503313317,
    0.958323862329011,
    0.8017033742467715,
    0.8599189400981075,
    0.9861114606547213,
    0.8420743245870922,
    0.9229372410260137,
    0.8742949637501748,
    0.8837944049116263,
    0.9443214062002914,
    0.926751197533554,
    0.9109028250563295,
    0.8761203365898764,
    0.9243262418501932,
    0.9279390501355698,
    0.861891337437067,
    0.926778644108805,
    0.9228543196028723,
    0.9167685361533839,
    0.923294501721029,
    0.9326002352192343,
    0.895483112843551,
    0.9409422067423457
  ],
  "lam": [
    0.9985935486254659,
    0.998358822025462,
    0.9976069697740181,
    0.9979594373669549,
    0.9991705100050616,
    0.9994106804248473,
    0.9991364360140861,
    0.9996740422887485,
    0.9991867000303195,
    0.9984434098264939,
    0.9993783174548883,
    0.998829422514535,
    0.9996741594169276,
    0.9994443558966526,
    0.9996485017634587,
    0.9996472747831019,
    0.9994532856564815,
    0.9995040261034931,
    0.9996705737432696,
    0.999585462861643,
    0.9997361830189399,
    0.9995511950404798,
    0.9995317643868544,
    0.9996075460577167,
    0.9996444485696734,
    0.9996994548132923,
    0.9996734197151621,
    0.9996687669370324,
    0.9995933727870868,
    0.9997003000695346
  ],
  "max_kl": [
    0.006539778357976813,
    0.05322886242173092,
    0.006122341272532118,
    0.005617009115347356,
    0.005086316246587866,
    0.007221113323569656,
    0.0073473680198599895,
    0.007475869430533125,
    0.01818001712691363,
    0.014588978574135443,
    0.0073428198919263865,
    0.011490828188143058,
    0.011869888905621642,
    0.05123601514760903,
    0.01125357035200372,
    0.014271968821186394,
    0.016063464022410424,
    0.019227765314182656,
    0.02070657416168972,
    0.02043714158057545,
    0.01347129631007961,
    0.01946544306868615,
    0.02414925234320488,
    0.02100986880300302,
    0.01838894096832661,
    0.017635420105397506,
    0.021949346571274418,
    0.017600233024189726,
    0.021395762599777074,
    0.01936227377858496
  ],
  "cg_iters": [
    8,
    11,
    6,
    12,
    11,
    15,
    11,
    9,
    7,
    12,
    13,
    9,
    12,
    9,
    9,
    13,
    9,
    10,
    9,
    10,
    10,
    9,
    9,
    11,
    10,
    10,
    10,
    10,
    10,
    10
  ],
  "entcoeff": [
    1.4645334270931818e-05,
    1.7187831197556184e-06,
    1.2284967247614493e-05,
    6.390221387237484e-06,
    8.053821808846672e-06,
    1.3886104428560516e-05,
    1.4177949464618044e-05,
    6.620342565588783e-06,
    7.458875569495291e-06,
    6.632978437723104e-06,
    1.6375167446862675e-06,
    1.4908562076490352e-06,
    5.581478861064616e-06,
    8.116749263592586e-06,
    7.215596049847936e-06,
    5.284923973182281e-06,
    6.666370949114194e-06,
    5.668650791514309e-06,
    8.636274166393057e-06,
    7.056738615589948e-06,
    6.245062080624885e-06,
    1.0885799169218564e-05,
    7.278049103982452e-06,
    7.836527804662791e-06,
    7.416323017351934e-06,
    8.966332922803024e-06,
    7.034606362518158e-06,
    7.193068263830622e-06,
    9.959471684106028e-06,
    7.52454171237855e-06
  ],
  "cg_damping": [
    0.10467351418764849,
    0.661594943002803,
    0.13630780621042454,
    0.5326036366141254,
    0.04821961004090538,
    0.04389804043950672,
    0.13346662749645502,
    0.2778772644666656,
    0.12814021856385155,
    0.44903957296656044,
    0.12058509050461734,
    0.07934992926211042,
    0.05624884315928581,
    0.13489020164117901,
    0.3497985651045242,
    0.1513487143253131,
    0.29660219392023246,
    0.111158423405311,
    0.09283626320117142,
    0.26140615508971377,
    0.248426640962571,
    0.21715041435642493,
    0.13604657297691927,
    0.1683553402387337,
    0.30462242785476384,
    0.18425040712204388,
    0.18882074488307948,
    0.20195969806986516,
    0.20328672839393752,
    0.21819163810504794
  ],
  "vf_stepsize": [
    0.0008345214603617872,
    0.019201562275851913,
    0.004325974318435232,
    0.011223102301198483,
    0.01796034379336654,
    0.013693841484036516,
    0.001769560341998538,
    0.000874725318376244,
    0.0015154029658551653,
    0.0013150080122301603,
    0.002645008148871775,
    0.004112301013492997,
    0.0029100070678271216,
    0.002867852864676138,
    0.004135018740204907,
    0.0013207247646864748,
    0.0031719444751708626,
    0.003293964136852741,
    0.0063464357438978835,
    0.005472516377112537,
    0.002513821788102916,
    0.0028958312994590315,
    0.003126256016528976,
    0.003974260938582697,
    0.005190331427490401,
    0.0036430504040542763,
    0.005148492440067397,
    0.004238405518474838,
    0.0037361480809429714,
    0.0036446226558816703
  ],
  "vf_iters": [
    12,
    8,
    12,
    7,
    9,
    9,
    9,
    9,
    9,
    10,
    9,
    10,
    11,
    8,
    9,
    10,
    9,
    9,
    10,
    10,
    9,
    8,
    9,
    9,
    9,
    9,
    9,
    10,
    9,
    9
  ],
  "vf_minibatches": [
    11,
    9,
    25,
    25,
    11,
    18,
    11,
    13,
    43,
    26,
    22,
    11,
    20,
    14,
    19,
    11,
    22,
    20,
    18,
    20,
    17,
    17,
    18,
    21,
    18,
    16,
    18,
    18,
    19,
    19
  ],
  "num_envs": 4,
  "results_dir_name": "results",
  "storage_dir_name": "storage",
  "train_set": "remaining",
  "eval_set": "remaining",
  "OPENAI_LOG_FORMAT": "csv",
  "walltime_hrs": 0.3,
  "num_checkpoints": 100,
  "eval_ntrajs": 10,
  "eval_nsteps": 200,
  "eval_seed": 12345,
  "looping_tree": {
    "method": "fixed",
    "environment": "fixed",
    "total_timesteps": "fixed",
    "rng_seed": "zip",
    "policy_kwargs": "fixed",
    "timesteps_per_batch": "zip",
    "gamma": "zip",
    "lam": "zip",
    "max_kl": "zip",
    "cg_iters": "zip",
    "entcoeff": "zip",
    "cg_damping": "zip",
    "vf_stepsize": "zip",
    "vf_iters": "zip",
    "vf_minibatches": "zip"
  }
}