{
  "description": "Hyper-parameter optimization for ppo1 on a low frequency environment",
  "method": "ppo1",
  "environment": "drop_leg_100hz",
  "total_timesteps": 4000000,
  "rng_seed": [
    0,
    2000,
    1000,
    0,
    2000,
    2000,
    0,
    0,
    0,
    1000,
    1000,
    2000,
    2000,
    1000,
    2000,
    0,
    2000,
    0,
    1000,
    1000,
    1000,
    1000,
    2000,
    1000,
    2000,
    1000,
    2000,
    1000,
    0,
    2000
  ],
  "policy_kwargs": {
    "net_arch": [
      {
        "vf": [
          64,
          64
        ],
        "pi": [
          64,
          64
        ]
      }
    ]
  },
  "gamma": [
    0.36,
    0.36,
    0.36,
    0.36,
    0.36,
    0.36,
    0.36,
    0.36,
    0.36,
    0.36,
    0.36,
    0.36,
    0.36,
    0.36,
    0.36,
    0.36,
    0.36,
    0.36,
    0.36,
    0.36,
    0.36,
    0.36,
    0.36,
    0.36,
    0.36,
    0.36,
    0.36,
    0.36,
    0.36,
    0.36
  ],
  "lam": [
    0.99984375,
    0.99984375,
    0.99984375,
    0.99984375,
    0.99984375,
    0.99984375,
    0.99984375,
    0.99984375,
    0.99984375,
    0.99984375,
    0.99984375,
    0.99984375,
    0.99984375,
    0.99984375,
    0.99984375,
    0.99984375,
    0.99984375,
    0.99984375,
    0.99984375,
    0.99984375,
    0.99984375,
    0.99984375,
    0.99984375,
    0.99984375,
    0.99984375,
    0.99984375,
    0.9997877366053506,
    0.99984375,
    0.99984375,
    0.99984375
  ],
  "timesteps_per_actorbatch": [
    1531,
    1460,
    1440,
    1437,
    1434,
    1468,
    1424,
    1424,
    1414,
    1419,
    1416,
    1434,
    1430,
    1400,
    1413,
    1451,
    1398,
    1446,
    1445,
    1440,
    1450,
    1447,
    1448,
    1381,
    1387,
    1439,
    1517,
    1386,
    1482,
    1373
  ],
  "clip_param": [
    0.0628351799994979,
    0.06247743238107177,
    0.06256084565710233,
    0.06240581926212122,
    0.06258623557595225,
    0.06331703719212456,
    0.06263801367577945,
    0.06236532700999508,
    0.06345132608697318,
    0.06304915420726157,
    0.06332862756934649,
    0.06295854686922307,
    0.06443872274040835,
    0.06344594448607685,
    0.06400658230104046,
    0.06441373314863778,
    0.06374316141329273,
    0.06255962702570528,
    0.06412759001996116,
    0.061470211769588445,
    0.061166119316255874,
    0.06309746141975181,
    0.06560599120641507,
    0.06674112580804288,
    0.0658891523647316,
    0.06638081760918582,
    0.06698322160239176,
    0.06736770865427474,
    0.0656260932223971,
    0.06762141870139715
  ],
  "entcoeff": [
    0.001,
    0.001,
    0.001,
    0.001,
    0.001,
    0.001,
    0.001,
    0.001,
    0.001,
    0.001,
    0.001,
    0.001,
    0.001,
    0.001,
    0.001,
    0.001,
    0.001,
    0.001,
    0.001,
    0.001,
    0.001,
    0.001,
    0.001,
    0.001,
    0.001,
    0.001,
    0.001,
    0.001,
    0.001,
    0.001
  ],
  "optim_epochs": [
    3,
    3,
    3,
    3,
    3,
    3,
    3,
    3,
    3,
    3,
    3,
    3,
    3,
    3,
    3,
    3,
    3,
    3,
    3,
    3,
    3,
    3,
    3,
    3,
    3,
    3,
    3,
    3,
    3,
    3
  ],
  "optim_stepsize": [
    0.002261606504375547,
    0.002112160919633578,
    0.0020779945952541373,
    0.0020749334313549615,
    0.0020656374765057944,
    0.0020736652465449435,
    0.002053694406758635,
    0.0020574105138269866,
    0.0020250536589739216,
    0.0020535718150734694,
    0.0020411053239634855,
    0.00210431551919333,
    0.0020720285663507207,
    0.0020158632001304974,
    0.002050437810444571,
    0.002166957277282965,
    0.002009260102162725,
    0.002121954780769233,
    0.002158034234488,
    0.0021282306880610513,
    0.002138361923363042,
    0.0021140649931549443,
    0.0021502614403392955,
    0.0020218951977409505,
    0.0019974410947522425,
    0.002162807747790089,
    0.0023007436080935257,
    0.0020363267240572935,
    0.0022077492292404913,
    0.0020555690463916294
  ],
  "optim_minibatches": [
    1,
    1,
    1,
    1,
    1,
    1,
    1,
    1,
    1,
    1,
    1,
    1,
    1,
    1,
    1,
    1,
    1,
    1,
    1,
    1,
    1,
    1,
    1,
    1,
    1,
    1,
    1,
    1,
    1,
    1
  ],
  "adam_epsilon": [
    1.3836597901298693e-05,
    7.39259278450845e-05,
    2.090087845666402e-05,
    1.0459358676142937e-06,
    3.3851428752231815e-06,
    0.00010000000000000009,
    5.483468093835229e-05,
    3.4752737576543744e-06,
    3.8630293491882266e-06,
    9.0189445108315e-05,
    2.390757560457234e-06,
    3.120363372880898e-05,
    6.983014605598281e-06,
    2.189454046184381e-06,
    5.882660783852525e-05,
    3.411016135735692e-07,
    5.67051577472666e-06,
    1.1288798009115015e-05,
    2.4927503215518236e-05,
    6.934784088938118e-06,
    5.268791862179274e-06,
    1.5682753356019864e-05,
    4.4640180090499716e-05,
    7.479654086829069e-05,
    6.882872763667954e-06,
    1.8147690373576724e-06,
    8.268904060231999e-05,
    3.134030519600313e-07,
    3.1033508641429545e-05,
    5.356012801222912e-06
  ],
  "schedule": [
    "linear",
    "linear",
    "linear",
    "linear",
    "linear",
    "linear",
    "linear",
    "linear",
    "linear",
    "linear",
    "linear",
    "linear",
    "linear",
    "linear",
    "linear",
    "linear",
    "linear",
    "linear",
    "linear",
    "linear",
    "linear",
    "linear",
    "linear",
    "linear",
    "linear",
    "linear",
    "linear",
    "linear",
    "linear",
    "linear"
  ],
  "num_envs": 4,
  "results_dir_name": "results",
  "storage_dir_name": "storage",
  "train_set": "remaining",
  "eval_set": "remaining",
  "OPENAI_LOG_FORMAT": "csv",
  "walltime_hrs": 0.3,
  "num_checkpoints": 100,
  "eval_ntrajs": 10,
  "eval_nsteps": 200,
  "eval_seed": 12345,
  "looping_tree": {
    "method": "fixed",
    "environment": "fixed",
    "total_timesteps": "fixed",
    "rng_seed": "zip",
    "policy_kwargs": "fixed",
    "gamma": "zip",
    "lam": "zip",
    "timesteps_per_actorbatch": "zip",
    "clip_param": "zip",
    "entcoeff": "zip",
    "optim_epochs": "zip",
    "optim_stepsize": "zip",
    "optim_minibatches": "zip",
    "adam_epsilon": "zip",
    "schedule": "zip"
  }
}