{
  "description": "Hyper-parameter optimization for ppo1 on a low frequency environment",
  "method": "ppo1",
  "environment": "drop_leg_100hz",
  "total_timesteps": 4000000,
  "rng_seed": [
    0,
    2000,
    1000,
    2000,
    1000,
    1000,
    0,
    2000,
    2000,
    2000,
    2000,
    2000,
    0,
    0,
    0,
    0,
    1000,
    1000,
    0,
    1000,
    1000,
    2000,
    1000,
    2000,
    0,
    1000,
    2000,
    2000,
    2000,
    1000
  ],
  "policy_kwargs": {
    "net_arch": [
      {
        "vf": [
          64,
          64
        ],
        "pi": [
          64,
          64
        ]
      }
    ]
  },
  "gamma": [
    0.7121303244080255,
    0.7522133088478107,
    0.7615749468237596,
    0.765598674259506,
    0.7694526922020688,
    0.7715676775215607,
    0.7857973056072252,
    0.7711162863330645,
    0.7728158986072924,
    0.7735367546026555,
    0.7741995596584657,
    0.7795568102196493,
    0.7589886384603042,
    0.7759587351322426,
    0.7631215982529367,
    0.7785023247494306,
    0.7786033968670356,
    0.7869968782904587,
    0.7653937499673751,
    0.76728357117739,
    0.7640829195567177,
    0.7820826622492307,
    0.7633372732284982,
    0.7836359565323652,
    0.7487836336215998,
    0.7704150452707428,
    0.7582621598272168,
    0.7609960917883726,
    0.7621707894686435,
    0.7769935040064434
  ],
  "lam": [
    0.99984375,
    0.99984375,
    0.99984375,
    0.99984375,
    0.99984375,
    0.99984375,
    0.99984375,
    0.99984375,
    0.99984375,
    0.99984375,
    0.99984375,
    0.99984375,
    0.99984375,
    0.99984375,
    0.99984375,
    0.99984375,
    0.99984375,
    0.99984375,
    0.99984375,
    0.99984375,
    0.99984375,
    0.99984375,
    0.99984375,
    0.99984375,
    0.99984375,
    0.99984375,
    0.99984375,
    0.99984375,
    0.99984375,
    0.99984375
  ],
  "timesteps_per_actorbatch": [
    1835,
    1939,
    1977,
    1994,
    1999,
    2016,
    2084,
    2024,
    2028,
    2020,
    2033,
    2074,
    1952,
    2042,
    1969,
    2081,
    2056,
    2096,
    1917,
    1999,
    1965,
    2076,
    1962,
    2034,
    1748,
    1968,
    1945,
    1911,
    1918,
    1948
  ],
  "clip_param": [
    0.07885455404493366,
    0.08045821225884485,
    0.08212974861071373,
    0.08301313862094473,
    0.0831311003866,
    0.08390019253320895,
    0.08729231607963707,
    0.0838483776616864,
    0.08436141572560264,
    0.08451674272876984,
    0.08486927687618513,
    0.08728482882507667,
    0.0828521766132769,
    0.085609335737816,
    0.08153232363684014,
    0.0872046498930677,
    0.08583296666612525,
    0.08508524065061529,
    0.08248073741862506,
    0.08387842349043617,
    0.08255257004857741,
    0.08707518748203609,
    0.08242042818056691,
    0.08897076385088667,
    0.06589895896093198,
    0.08152031805765765,
    0.08135611162079455,
    0.08033054944827078,
    0.08065778170746896,
    0.08221697741235882
  ],
  "entcoeff": [
    0.001,
    0.001,
    0.001,
    0.001,
    0.001,
    0.001,
    0.001,
    0.001,
    0.001,
    0.001,
    0.001,
    0.001,
    0.001,
    0.001,
    0.001,
    0.001,
    0.001,
    0.001,
    0.001,
    0.001,
    0.001,
    0.001,
    0.001,
    0.001,
    0.0005006764269636292,
    0.001,
    0.001,
    0.001,
    0.001,
    0.001
  ],
  "optim_epochs": [
    36,
    33,
    32,
    32,
    31,
    31,
    31,
    31,
    31,
    31,
    31,
    30,
    33,
    31,
    33,
    29,
    31,
    32,
    30,
    32,
    32,
    31,
    32,
    29,
    29,
    30,
    33,
    31,
    31,
    30
  ],
  "optim_stepsize": [
    0.00018363549844648688,
    0.00023163275504122147,
    0.00024755746114321224,
    0.0002546643933655238,
    0.0002558517169692852,
    0.000263971754884824,
    0.00028696028330544047,
    0.0002662104186415414,
    0.00026742917959643046,
    0.0002637630475545646,
    0.0002718120926348114,
    0.00029110996724920587,
    0.00023866448388668065,
    0.00027838096541884334,
    0.00023866380520967556,
    0.0003032530478190584,
    0.00028188956178314275,
    0.00025505351078978844,
    0.0002658001730614716,
    0.0002494640166800352,
    0.00024305009918381613,
    0.00028820782352773436,
    0.00024106751014961372,
    0.00030558673828983557,
    0.00023947308537241116,
    0.0002715909916851635,
    0.00024018219032779,
    0.00024517906589793093,
    0.0002446922959213331,
    0.0002690437529136621
  ],
  "optim_minibatches": [
    64,
    64,
    64,
    64,
    64,
    64,
    64,
    64,
    64,
    64,
    64,
    64,
    64,
    64,
    64,
    64,
    64,
    64,
    64,
    64,
    64,
    64,
    64,
    64,
    64,
    64,
    64,
    64,
    64,
    64
  ],
  "adam_epsilon": [
    1.1267967678169508e-07,
    9.796611351001318e-06,
    3.273690391152596e-07,
    5.790448221088423e-06,
    3.6469566267766604e-05,
    0.00010000000000000009,
    6.788621409383408e-06,
    6.285088968270226e-05,
    8.264700727004846e-08,
    7.776209121316927e-06,
    2.0885476436206952e-07,
    3.221029441516203e-05,
    3.624836079394798e-08,
    9.491607139951209e-07,
    6.542879051346328e-05,
    1.7340279025321318e-06,
    2.0965266220185513e-06,
    1.9451832708172594e-06,
    6.579294722198071e-05,
    4.112177570952793e-05,
    1.2556415242647269e-08,
    3.938345567528843e-08,
    1.3214179306225418e-07,
    1.1689860682610456e-07,
    1.5526388508608375e-08,
    9.372352797110569e-07,
    4.760218320028525e-08,
    1.8407212411912466e-07,
    8.134252345830589e-06,
    0.00010000000000000009
  ],
  "schedule": [
    "linear",
    "linear",
    "linear",
    "linear",
    "linear",
    "linear",
    "linear",
    "linear",
    "linear",
    "linear",
    "linear",
    "linear",
    "linear",
    "linear",
    "linear",
    "linear",
    "linear",
    "linear",
    "linear",
    "linear",
    "linear",
    "linear",
    "linear",
    "linear",
    "linear",
    "linear",
    "linear",
    "linear",
    "linear",
    "linear"
  ],
  "num_envs": 4,
  "results_dir_name": "results",
  "storage_dir_name": "storage",
  "train_set": "remaining",
  "eval_set": "remaining",
  "OPENAI_LOG_FORMAT": "csv",
  "walltime_hrs": 0.3,
  "num_checkpoints": 100,
  "eval_ntrajs": 10,
  "eval_nsteps": 200,
  "eval_seed": 12345,
  "looping_tree": {
    "method": "fixed",
    "environment": "fixed",
    "total_timesteps": "fixed",
    "rng_seed": "zip",
    "policy_kwargs": "fixed",
    "gamma": "zip",
    "lam": "zip",
    "timesteps_per_actorbatch": "zip",
    "clip_param": "zip",
    "entcoeff": "zip",
    "optim_epochs": "zip",
    "optim_stepsize": "zip",
    "optim_minibatches": "zip",
    "adam_epsilon": "zip",
    "schedule": "zip"
  }
}