{
  "description": "Hyper-parameter optimization for ppo1 on a low frequency environment",
  "method": "ppo1",
  "environment": "drop_leg_100hz",
  "total_timesteps": 4000000,
  "rng_seed": [
    1000,
    1000,
    2000,
    2000,
    0,
    1000,
    2000,
    0,
    1000,
    1000,
    0,
    0,
    0,
    1000,
    0,
    0,
    1000,
    1000,
    0,
    0,
    1000,
    0,
    2000,
    1000,
    0,
    1000,
    0,
    0,
    0,
    0
  ],
  "policy_kwargs": {
    "net_arch": [
      {
        "vf": [
          64,
          64
        ],
        "pi": [
          64,
          64
        ]
      }
    ]
  },
  "gamma": [
    0.36,
    0.36,
    0.36,
    0.36,
    0.36,
    0.36,
    0.36,
    0.36,
    0.36,
    0.36,
    0.36,
    0.36,
    0.36,
    0.36,
    0.36,
    0.36,
    0.36,
    0.36,
    0.36,
    0.36,
    0.36,
    0.36,
    0.36,
    0.36,
    0.36,
    0.36,
    0.36,
    0.36,
    0.36,
    0.36
  ],
  "lam": [
    0.99984375,
    0.99984375,
    0.99984375,
    0.99984375,
    0.99984375,
    0.99984375,
    0.99984375,
    0.99984375,
    0.99984375,
    0.99984375,
    0.99984375,
    0.99984375,
    0.99984375,
    0.99984375,
    0.99984375,
    0.99984375,
    0.99984375,
    0.99984375,
    0.99984375,
    0.99984375,
    0.99984375,
    0.99984375,
    0.99984375,
    0.99984375,
    0.99984375,
    0.99984375,
    0.99984375,
    0.99984375,
    0.99984375,
    0.99984375
  ],
  "timesteps_per_actorbatch": [
    336,
    337,
    339,
    335,
    333,
    334,
    332,
    332,
    330,
    329,
    327,
    329,
    332,
    317,
    337,
    324,
    330,
    323,
    323,
    339,
    341,
    317,
    317,
    352,
    316,
    318,
    317,
    315,
    315,
    334
  ],
  "clip_param": [
    12.10074423216681,
    12.177158359076234,
    12.329276438473212,
    11.827882793482905,
    11.658672763542572,
    11.74831166588101,
    11.667476567873866,
    11.651197063798415,
    11.481869901895415,
    11.363324827106531,
    11.057791375467785,
    11.37277058511963,
    11.792787465951744,
    11.228524382517158,
    12.76169052815039,
    10.766370923603374,
    10.779899510254692,
    10.699792657847857,
    11.544326315487057,
    12.20180427414094,
    10.615188974277759,
    10.370677535628884,
    10.430594131950068,
    11.359865842095372,
    10.387469033729383,
    10.46564628585724,
    10.41656928310717,
    10.30480981898449,
    10.274111684080738,
    12.212701958922185
  ],
  "entcoeff": [
    0.0007132005652843892,
    3.137112959550933e-05,
    4.8906640494596144e-05,
    0.0007608260177574384,
    0.0005348306952115737,
    0.0002795672684294613,
    0.00036762726463015376,
    0.0004476872000654703,
    0.0007650087468014449,
    0.00048070190393624556,
    6.0697710997738595e-05,
    0.0005527951517127371,
    8.25446947977332e-05,
    9.325314831938722e-06,
    0.0002704237312169797,
    2.2038305394622054e-05,
    0.0007827375405775759,
    0.00016156488652059356,
    3.1176758995335976e-05,
    0.0008893583535132747,
    0.00045079881391375256,
    0.0006523397441903727,
    3.039833704386881e-05,
    6.45842916356857e-05,
    0.0002959046527489979,
    0.00027344005934339593,
    0.0002903452298389862,
    0.0004943588191830598,
    3.824597815752222e-05,
    6.1150588641705e-05
  ],
  "optim_epochs": [
    2,
    2,
    2,
    2,
    2,
    2,
    2,
    2,
    2,
    2,
    2,
    2,
    2,
    2,
    2,
    2,
    2,
    2,
    2,
    2,
    2,
    2,
    2,
    2,
    2,
    2,
    2,
    2,
    2,
    2
  ],
  "optim_stepsize": [
    0.0002278874518965437,
    0.00022874682455822928,
    0.00022933362095853133,
    0.00022925633374108655,
    0.00022964458084236575,
    0.00022926261881478616,
    0.00022851344747759798,
    0.00022871950095718394,
    0.00022822957953610713,
    0.00022808053866500512,
    0.00022851870038823638,
    0.0002278399439422844,
    0.00022824151734105296,
    0.00022492861021234124,
    0.00022745303782531638,
    0.0002276919667428642,
    0.00023008400279831854,
    0.00022743852801287266,
    0.00022501759816285453,
    0.00022929484572526792,
    0.00023284666013614907,
    0.00022701195001863838,
    0.0002258785434538018,
    0.0002317056759279074,
    0.00022674183050960296,
    0.00022679521154833342,
    0.00022662438150180845,
    0.0002266894602680516,
    0.0002266437289061755,
    0.00022770865153862098
  ],
  "optim_minibatches": [
    64,
    64,
    64,
    64,
    64,
    64,
    64,
    64,
    64,
    64,
    64,
    64,
    64,
    64,
    64,
    64,
    64,
    64,
    64,
    64,
    64,
    64,
    64,
    64,
    64,
    64,
    64,
    64,
    64,
    64
  ],
  "adam_epsilon": [
    2.398266851582884e-05,
    1.8008098697644768e-07,
    8.509502179406766e-06,
    1.1097293549219277e-05,
    7.929511408049616e-08,
    6.48301474504109e-05,
    1.822284183704184e-07,
    9.304780070535175e-05,
    2.7069601791200823e-05,
    1.2228481526056903e-06,
    1.2860432009317365e-05,
    1.1294133986708895e-06,
    2.3572660094447902e-08,
    4.150006747827918e-07,
    1.2582984795142345e-06,
    3.40081712274279e-05,
    1.0906431506770006e-07,
    1.0598933971372624e-06,
    1.5559732950395662e-06,
    1.581342453549653e-08,
    9.01979644651356e-05,
    1.473811045087747e-08,
    2.6400094021975517e-08,
    1.2687687442057617e-05,
    2.478656035173799e-05,
    6.930483152785093e-06,
    2.0666953376569448e-08,
    1.336614535903863e-06,
    7.146964091320582e-08,
    1.5998020312352316e-07
  ],
  "schedule": [
    "linear",
    "linear",
    "linear",
    "linear",
    "linear",
    "linear",
    "linear",
    "linear",
    "linear",
    "linear",
    "linear",
    "linear",
    "linear",
    "linear",
    "linear",
    "linear",
    "linear",
    "linear",
    "linear",
    "linear",
    "linear",
    "linear",
    "linear",
    "linear",
    "linear",
    "linear",
    "linear",
    "linear",
    "linear",
    "linear"
  ],
  "num_envs": 4,
  "results_dir_name": "results",
  "storage_dir_name": "storage",
  "train_set": "remaining",
  "eval_set": "remaining",
  "OPENAI_LOG_FORMAT": "csv",
  "walltime_hrs": 0.3,
  "num_checkpoints": 100,
  "eval_ntrajs": 10,
  "eval_nsteps": 200,
  "eval_seed": 12345,
  "looping_tree": {
    "method": "fixed",
    "environment": "fixed",
    "total_timesteps": "fixed",
    "rng_seed": "zip",
    "policy_kwargs": "fixed",
    "gamma": "zip",
    "lam": "zip",
    "timesteps_per_actorbatch": "zip",
    "clip_param": "zip",
    "entcoeff": "zip",
    "optim_epochs": "zip",
    "optim_stepsize": "zip",
    "optim_minibatches": "zip",
    "adam_epsilon": "zip",
    "schedule": "zip"
  }
}