{
  "description": "Hyper-parameter optimization for ppo1 on a low frequency environment",
  "method": "ppo1",
  "environment": "drop_leg_100hz",
  "total_timesteps": 4000000,
  "rng_seed": [
    2000,
    0,
    2000,
    1000,
    2000,
    0,
    0,
    0,
    2000,
    2000,
    0,
    2000,
    1000,
    2000,
    0,
    2000,
    1000,
    1000,
    0,
    0,
    0,
    2000,
    2000,
    1000,
    1000,
    0,
    0,
    2000,
    1000,
    0
  ],
  "policy_kwargs": {
    "net_arch": [
      {
        "vf": [
          64,
          64
        ],
        "pi": [
          64,
          64
        ]
      }
    ]
  },
  "gamma": [
    0.8845574511652894,
    0.886967899910215,
    0.8878178722699298,
    0.8880956527409791,
    0.8882596535537255,
    0.8886267653137601,
    0.8889454456674263,
    0.8892719312548486,
    0.8886732586981518,
    0.8871333259095664,
    0.8895459928395253,
    0.8902246303170879,
    0.8904714939512012,
    0.8881190409209798,
    0.8907776282884647,
    0.8907139941139611,
    0.8910116499376569,
    0.8910781040895609,
    0.8909633218055897,
    0.8907266342022131,
    0.8941834836606664,
    0.8919773930150161,
    0.8908478602078063,
    0.8919083480916699,
    0.8909909477766618,
    0.8922749874146634,
    0.8899859651086919,
    0.8926151161988195,
    0.8906759406838933,
    0.8925930020758254
  ],
  "lam": [
    0.36,
    0.36,
    0.36,
    0.36,
    0.36,
    0.36,
    0.36,
    0.36,
    0.36,
    0.36,
    0.36,
    0.36,
    0.36,
    0.36,
    0.36,
    0.36,
    0.36,
    0.36,
    0.36,
    0.36,
    0.36,
    0.36,
    0.36,
    0.36,
    0.36,
    0.6152884037130387,
    0.36,
    0.36,
    0.36,
    0.36
  ],
  "timesteps_per_actorbatch": [
    2393,
    2417,
    2423,
    2417,
    2361,
    2431,
    2437,
    2435,
    2447,
    2494,
    2439,
    2437,
    2437,
    2435,
    2438,
    2439,
    2452,
    2442,
    2427,
    2436,
    2589,
    2431,
    2431,
    2433,
    2426,
    2485,
    2429,
    2436,
    2436,
    2446
  ],
  "clip_param": [
    0.19438213194254456,
    0.18976728961338601,
    0.1890447642140863,
    0.19316644352185625,
    0.18377357150222365,
    0.18975524830474078,
    0.18752313803495657,
    0.18817583396431908,
    0.19163998639055027,
    0.1944598405549583,
    0.1874825259254384,
    0.18601152784849503,
    0.1854680623736475,
    0.1936812816377077,
    0.1846963782637691,
    0.18671828799776424,
    0.18436803770531332,
    0.1842610290766688,
    0.18942535175384662,
    0.19079790914744493,
    0.1827748576233868,
    0.1830695827134104,
    0.19376565679430963,
    0.18651884484368386,
    0.19529609297515219,
    0.18491747151185078,
    0.190089247433211,
    0.1846056688915192,
    0.19325162818029962,
    0.1838130226010173
  ],
  "entcoeff": [
    0.001,
    0.001,
    0.001,
    0.001,
    0.001,
    0.001,
    0.001,
    0.001,
    0.001,
    0.001,
    0.001,
    0.001,
    0.001,
    0.001,
    0.001,
    0.001,
    0.001,
    0.001,
    0.001,
    0.001,
    0.001,
    0.001,
    0.001,
    0.001,
    0.001,
    0.001,
    0.001,
    0.001,
    0.001,
    0.001
  ],
  "optim_epochs": [
    24,
    24,
    24,
    24,
    24,
    24,
    24,
    24,
    24,
    25,
    24,
    24,
    23,
    24,
    23,
    24,
    23,
    23,
    24,
    24,
    22,
    23,
    24,
    23,
    24,
    23,
    24,
    23,
    24,
    23
  ],
  "optim_stepsize": [
    0.0006358597350788223,
    0.0006343173497061953,
    0.0006316925367914718,
    0.0006298474082535334,
    0.0006397014588604179,
    0.0006295498915853824,
    0.0006460632530326561,
    0.000636620003482776,
    0.0006257217603382893,
    0.0006112458364483779,
    0.0006449412706204337,
    0.0006542291154986911,
    0.000657963281696239,
    0.0006060467580955781,
    0.0006640437870430849,
    0.0006545435382006934,
    0.0006706213512061933,
    0.0006742983380980881,
    0.0006407978984294308,
    0.0006380179874401923,
    0.0006961837976513855,
    0.0006792468161480692,
    0.0006244620649350098,
    0.000666588246663394,
    0.0006158939097040696,
    0.000689867573365333,
    0.0006247410166610495,
    0.000678728368298691,
    0.0006409073726969362,
    0.000691105593488201
  ],
  "optim_minibatches": [
    9,
    10,
    10,
    9,
    11,
    10,
    10,
    10,
    10,
    9,
    10,
    11,
    11,
    9,
    11,
    11,
    11,
    11,
    10,
    10,
    13,
    11,
    10,
    11,
    10,
    12,
    10,
    11,
    10,
    12
  ],
  "adam_epsilon": [
    5.521826542237245e-08,
    5.47433715644687e-05,
    1.0400576703900387e-06,
    0.00010000000000000009,
    0.00010000000000000009,
    3.918143941120694e-06,
    4.247494790801697e-06,
    2.7293059952025457e-07,
    3.379501433833009e-05,
    8.91318030827815e-05,
    5.508454007904892e-05,
    3.132655868638962e-05,
    1.4938578342877965e-06,
    6.270158961331083e-05,
    4.11945171662411e-06,
    4.322659625697063e-06,
    1.505604976747772e-05,
    7.040914345665305e-06,
    7.074337000762899e-07,
    9.456043891637306e-05,
    2.152405204091481e-06,
    1.7119573106617983e-05,
    9.658536724144626e-07,
    4.476161816297803e-07,
    8.969352696287588e-07,
    4.184544816841606e-05,
    0.00010000000000000009,
    1.46435074394567e-05,
    1.0247170966962101e-06,
    1.5810351040256344e-07
  ],
  "schedule": [
    "linear",
    "linear",
    "linear",
    "linear",
    "linear",
    "linear",
    "linear",
    "linear",
    "linear",
    "linear",
    "linear",
    "linear",
    "linear",
    "linear",
    "linear",
    "linear",
    "linear",
    "linear",
    "linear",
    "linear",
    "linear",
    "linear",
    "linear",
    "linear",
    "linear",
    "linear",
    "linear",
    "linear",
    "linear",
    "linear"
  ],
  "num_envs": 4,
  "results_dir_name": "results",
  "storage_dir_name": "storage",
  "train_set": "remaining",
  "eval_set": "remaining",
  "OPENAI_LOG_FORMAT": "csv",
  "walltime_hrs": 0.3,
  "num_checkpoints": 100,
  "eval_ntrajs": 10,
  "eval_nsteps": 200,
  "eval_seed": 12345,
  "looping_tree": {
    "method": "fixed",
    "environment": "fixed",
    "total_timesteps": "fixed",
    "rng_seed": "zip",
    "policy_kwargs": "fixed",
    "gamma": "zip",
    "lam": "zip",
    "timesteps_per_actorbatch": "zip",
    "clip_param": "zip",
    "entcoeff": "zip",
    "optim_epochs": "zip",
    "optim_stepsize": "zip",
    "optim_minibatches": "zip",
    "adam_epsilon": "zip",
    "schedule": "zip"
  }
}