{
  "description": "Hyper-parameter optimization for ppo1 on a low frequency environment",
  "method": "ppo1",
  "environment": "drop_leg_100hz",
  "total_timesteps": 4000000,
  "rng_seed": [
    0,
    1000,
    0,
    1000,
    1000,
    2000,
    0,
    2000,
    0,
    0,
    0,
    2000,
    1000,
    2000,
    2000,
    0,
    1000,
    1000,
    1000,
    1000,
    0,
    1000,
    0,
    0,
    1000,
    2000,
    0,
    2000,
    0,
    1000
  ],
  "policy_kwargs": {
    "net_arch": [
      {
        "vf": [
          64,
          64
        ],
        "pi": [
          64,
          64
        ]
      }
    ]
  },
  "gamma": [
    0.978490519198736,
    0.5068378906808155,
    0.9964390717060683,
    0.9518375573776421,
    0.9942229430505423,
    0.9992993752997611,
    0.9996484524860066,
    0.8433505749013799,
    0.38811591521341016,
    0.8442160156021282,
    0.9950054905561713,
    0.9996719629075062,
    0.9994906965329026,
    0.9993619950524334,
    0.9861650820269262,
    0.5821470167836137,
    0.9997654022683068,
    0.8408657141396918,
    0.9919182689706935,
    0.9077453242675749,
    0.9996694841192069,
    0.9758649922193547,
    0.999395953737873,
    0.9998124935143277,
    0.9975682633037987,
    0.9936578760313809,
    0.38944965475139104,
    0.9972173544172648,
    0.9994786351722008,
    0.7832460209044337
  ],
  "lam": [
    0.9998286576329138,
    0.7268024127821093,
    0.9997371800177408,
    0.9931666158225654,
    0.994263105351379,
    0.9501481883174778,
    0.9972257496818904,
    0.46252050515548626,
    0.9961928270395777,
    0.9977297578507505,
    0.9565268073816533,
    0.9948522517383105,
    0.9966400451650534,
    0.9997086264726155,
    0.9838057621029734,
    0.9933243996399853,
    0.9996177789333223,
    0.5429929091521812,
    0.9998211484639227,
    0.9872816896331401,
    0.9978865188300451,
    0.9683934463113721,
    0.9772827618018919,
    0.7689609633787148,
    0.9197915863513342,
    0.9989539974602635,
    0.9853753601616235,
    0.9998116143147906,
    0.9983196172933653,
    0.9526693455366846
  ],
  "timesteps_per_actorbatch": [
    1739,
    16158,
    541,
    1682,
    447,
    123,
    202,
    2261,
    7118,
    999,
    2342,
    76,
    3246,
    917,
    525,
    10169,
    1305,
    148,
    4223,
    230,
    1326,
    1600,
    826,
    127,
    14661,
    6590,
    803,
    295,
    464,
    3112
  ],
  "clip_param": [
    0.7655192885377434,
    9.421083289817586,
    0.02771474317081911,
    0.02671128850049191,
    1.8615354441739853,
    15.61727991846854,
    0.43561132715761736,
    12.903551689887182,
    141.6934540201907,
    6.6393022526307215,
    0.4050937757766473,
    164.06173020368306,
    24.659400922783643,
    3.077576550086713,
    61.3766983817861,
    0.3279870859505664,
    41.01583749421008,
    62.33915533812669,
    0.15308980485911436,
    0.0726130405885077,
    0.06467476278285837,
    0.4585617233986204,
    49.153215619858294,
    0.5856556524144796,
    1.2225297709432719,
    76.96550085837839,
    0.035295657368292994,
    14.106762624407757,
    0.25355861003802654,
    24.765806668120547
  ],
  "entcoeff": [
    0.0003749292974310197,
    1.9359274346270665e-05,
    0.0003220606118309461,
    2.3750065192971753e-06,
    8.257007042725463e-06,
    0.00029763999196509783,
    3.423744801979979e-06,
    0.0007548528473083297,
    7.103139125143493e-05,
    1.3705912698338585e-05,
    7.785763114695003e-05,
    0.0009049129060452308,
    0.00018264635146183827,
    2.211424854151606e-05,
    2.964946184029104e-06,
    0.00014746996341537212,
    8.765142797578535e-05,
    0.00031264005847169405,
    8.92485018295055e-06,
    2.7696106111478213e-05,
    0.00030355641608007596,
    6.787820377192763e-05,
    0.0003149553700992575,
    0.00012886361601255393,
    0.00016232899691848084,
    5.0976378121258365e-08,
    2.9790339475136672e-06,
    3.1648103419475714e-05,
    0.0007278770108019178,
    0.0002876628071857856
  ],
  "optim_epochs": [
    53,
    23,
    1,
    127,
    2,
    15,
    4,
    2,
    6,
    2,
    12,
    15,
    1,
    16,
    107,
    102,
    7,
    6,
    2,
    3,
    8,
    17,
    2,
    33,
    111,
    9,
    3,
    86,
    50,
    19
  ],
  "optim_stepsize": [
    0.00026008321500294187,
    8.20103744990031e-05,
    0.002880266865363922,
    0.007587205392881048,
    0.00012553457365942151,
    0.0014145221201549078,
    0.029185083347487508,
    0.014145503951771969,
    0.0015805268186356292,
    0.08705747600139531,
    0.00043713644259785677,
    0.007235460682592675,
    0.08735178006915449,
    0.0022561189644066827,
    0.00019267559331108682,
    0.006379993618903929,
    0.00019259082124521379,
    0.0005915629601122886,
    6.955190705588626e-05,
    1.562689091816748e-05,
    2.6182069115114857e-05,
    1.2976519107994565e-05,
    2.5672595086486714e-05,
    0.0008612857378537816,
    0.04156915956161246,
    0.0006098697680606215,
    0.0023003444338923554,
    7.988029958805003e-05,
    7.104709823435288e-05,
    0.005499299136487337
  ],
  "optim_minibatches": [
    12,
    18,
    23,
    25,
    4,
    30,
    20,
    7,
    50,
    2,
    4,
    2,
    4,
    56,
    13,
    54,
    12,
    5,
    2,
    8,
    2,
    9,
    10,
    10,
    4,
    18,
    22,
    7,
    50,
    12
  ],
  "adam_epsilon": [
    4.1715305117504534e-08,
    6.98016534539204e-07,
    1.0038693080635393e-07,
    2.6105933169037722e-06,
    1.744246812452955e-06,
    1.0971330484423692e-06,
    2.753084013228098e-05,
    1.186519700382511e-06,
    8.686511450960006e-05,
    3.130780154852497e-05,
    9.321042547509997e-06,
    1.864574360716505e-05,
    6.595766802127899e-07,
    3.929828154187926e-08,
    2.168818557869838e-06,
    2.550407602624418e-05,
    1.4664505647844708e-06,
    5.388845820832818e-07,
    5.514089130590118e-07,
    2.433417199977574e-06,
    2.3637500062813793e-07,
    1.3199496492201528e-06,
    4.1500572310466914e-07,
    2.5478555676274894e-05,
    2.773232643605166e-08,
    8.510536616539312e-08,
    2.1381284832784438e-05,
    2.009139255852793e-07,
    4.857935721235082e-06,
    3.475008012951721e-07
  ],
  "schedule": [
    "linear",
    "linear",
    "linear",
    "linear",
    "linear",
    "linear",
    "linear",
    "linear",
    "linear",
    "linear",
    "linear",
    "linear",
    "linear",
    "linear",
    "linear",
    "linear",
    "linear",
    "linear",
    "linear",
    "linear",
    "linear",
    "linear",
    "linear",
    "linear",
    "linear",
    "linear",
    "linear",
    "linear",
    "linear",
    "linear"
  ],
  "num_envs": 4,
  "results_dir_name": "results",
  "storage_dir_name": "storage",
  "train_set": "remaining",
  "eval_set": "remaining",
  "OPENAI_LOG_FORMAT": "csv",
  "walltime_hrs": 0.3,
  "num_checkpoints": 100,
  "eval_ntrajs": 10,
  "eval_nsteps": 200,
  "eval_seed": 12345,
  "looping_tree": {
    "method": "fixed",
    "environment": "fixed",
    "total_timesteps": "fixed",
    "rng_seed": "zip",
    "policy_kwargs": "fixed",
    "gamma": "zip",
    "lam": "zip",
    "timesteps_per_actorbatch": "zip",
    "clip_param": "zip",
    "entcoeff": "zip",
    "optim_epochs": "zip",
    "optim_stepsize": "zip",
    "optim_minibatches": "zip",
    "adam_epsilon": "zip",
    "schedule": "zip"
  }
}