{
  "description": "Hyper-parameter optimization for ppo1 on a low frequency environment",
  "method": "ppo1",
  "environment": "drop_leg_100hz",
  "total_timesteps": 4000000,
  "rng_seed": [
    0,
    1000,
    2000,
    2000,
    0,
    1000,
    2000,
    1000,
    2000,
    0,
    1000,
    1000,
    1000,
    0,
    1000,
    1000,
    2000,
    2000,
    1000,
    0,
    1000,
    2000,
    0,
    0,
    2000,
    1000,
    2000,
    1000,
    2000,
    2000
  ],
  "policy_kwargs": {
    "net_arch": [
      {
        "vf": [
          64,
          64
        ],
        "pi": [
          64,
          64
        ]
      }
    ]
  },
  "gamma": [
    0.36,
    0.36,
    0.36,
    0.36,
    0.36,
    0.36,
    0.36,
    0.36,
    0.36,
    0.36,
    0.36,
    0.36,
    0.36,
    0.36,
    0.36,
    0.36,
    0.36,
    0.36,
    0.36,
    0.36,
    0.36,
    0.36,
    0.36,
    0.36,
    0.36,
    0.36,
    0.36,
    0.36,
    0.36,
    0.36
  ],
  "lam": [
    0.99984375,
    0.99984375,
    0.99984375,
    0.99984375,
    0.99984375,
    0.99984375,
    0.99984375,
    0.999533390999676,
    0.9996202894979648,
    0.99984375,
    0.99984375,
    0.99984375,
    0.99984375,
    0.99984375,
    0.99984375,
    0.99984375,
    0.99984375,
    0.99984375,
    0.9995199416349151,
    0.99984375,
    0.99984375,
    0.99984375,
    0.9997663916272714,
    0.99984375,
    0.99984375,
    0.99984375,
    0.99984375,
    0.99984375,
    0.9995112826399278,
    0.9997564805121137
  ],
  "timesteps_per_actorbatch": [
    16384,
    16384,
    16384,
    16384,
    16384,
    16172,
    16384,
    16384,
    16384,
    14367,
    16384,
    16384,
    16384,
    16384,
    16255,
    16384,
    16384,
    16384,
    16384,
    16384,
    16384,
    16384,
    16384,
    16384,
    16384,
    16384,
    16384,
    16384,
    16384,
    16384
  ],
  "clip_param": [
    0.1293442966857553,
    0.13819218109661288,
    0.14109602291552525,
    0.14685518153093532,
    0.13269859138287401,
    0.14421252195717957,
    0.13937689570463135,
    0.1412381624474689,
    0.14599116728719763,
    0.14948219246876251,
    0.12591226973768227,
    0.14995319616323158,
    0.1278029176342559,
    0.14839172122118094,
    0.15878379235316314,
    0.11770224365025125,
    0.15428165717427994,
    0.11886539732364636,
    0.14110703401637142,
    0.1408665842292143,
    0.14475109252849694,
    0.1371718223601074,
    0.1492529144053627,
    0.14094799648501347,
    0.14366466983459025,
    0.1472305844675518,
    0.13392091597546893,
    0.1415630195746563,
    0.14399616140711768,
    0.11618520035939713
  ],
  "entcoeff": [
    0.001,
    0.001,
    0.001,
    0.001,
    0.001,
    0.001,
    0.001,
    0.001,
    0.001,
    0.001,
    0.0009561758312648247,
    0.001,
    0.001,
    0.001,
    0.001,
    0.0009332111289379801,
    0.0009431445594744651,
    0.001,
    0.001,
    0.001,
    0.001,
    0.001,
    0.001,
    0.001,
    0.001,
    0.001,
    0.001,
    0.001,
    0.001,
    0.001
  ],
  "optim_epochs": [
    128,
    128,
    128,
    128,
    128,
    128,
    128,
    128,
    128,
    128,
    128,
    128,
    128,
    128,
    128,
    128,
    128,
    128,
    128,
    128,
    128,
    128,
    128,
    128,
    128,
    128,
    128,
    128,
    128,
    128
  ],
  "optim_stepsize": [
    1.364686980700872e-05,
    1.3286750927805389e-05,
    1.3149592536281453e-05,
    1.305986003695073e-05,
    1.3155574209623287e-05,
    1.3138087987961464e-05,
    1.2247849892471778e-05,
    1.2757419471271401e-05,
    1.2830869306141198e-05,
    1.4315755813967124e-05,
    1.3461780251277654e-05,
    1.2290669057165658e-05,
    1.2558136752906446e-05,
    1.1886397215278804e-05,
    1.4602340176323071e-05,
    1.2476351851281579e-05,
    1.2616260921343838e-05,
    1.3074787599501212e-05,
    1.2659251597005428e-05,
    1.173278109751015e-05,
    1.1699925418009475e-05,
    1.1877031485188548e-05,
    1.098630823904949e-05,
    1.1692826404510483e-05,
    1.1630750500663957e-05,
    1.3670858403419617e-05,
    1.1457279168403073e-05,
    1.1318679725576756e-05,
    1.277011611538778e-05,
    1.2830086306066204e-05
  ],
  "optim_minibatches": [
    64,
    64,
    64,
    64,
    64,
    64,
    64,
    64,
    64,
    64,
    64,
    64,
    64,
    64,
    64,
    64,
    64,
    64,
    64,
    64,
    64,
    64,
    64,
    64,
    64,
    64,
    64,
    64,
    64,
    64
  ],
  "adam_epsilon": [
    2.8477198891355168e-08,
    2.402077069919618e-06,
    1.0317644602279179e-05,
    1.6972275872541722e-05,
    1.5916621393789966e-08,
    0.00010000000000000009,
    1.4607786355844319e-05,
    6.116096714108788e-07,
    7.940470311688711e-05,
    4.1500867798724864e-07,
    1.78204401075204e-05,
    4.2376013444379516e-05,
    4.23442091137027e-05,
    2.7465269171842264e-08,
    6.274507556344833e-08,
    1.552602451425535e-06,
    2.306890227961906e-06,
    5.4773606437360485e-05,
    1.990493902089856e-05,
    0.00010000000000000009,
    9.852899215263533e-07,
    1.9000429520663292e-06,
    1.9368437268265933e-05,
    4.59646631475598e-05,
    7.060684060200587e-05,
    0.00010000000000000009,
    5.967049870654947e-06,
    1.0117260377845502e-07,
    1.672706408552074e-05,
    2.0315520812831675e-05
  ],
  "schedule": [
    "linear",
    "linear",
    "linear",
    "linear",
    "linear",
    "linear",
    "linear",
    "linear",
    "linear",
    "linear",
    "linear",
    "linear",
    "linear",
    "linear",
    "linear",
    "linear",
    "linear",
    "linear",
    "linear",
    "linear",
    "linear",
    "linear",
    "linear",
    "linear",
    "linear",
    "linear",
    "linear",
    "linear",
    "linear",
    "linear"
  ],
  "num_envs": 4,
  "results_dir_name": "results",
  "storage_dir_name": "storage",
  "train_set": "remaining",
  "eval_set": "remaining",
  "OPENAI_LOG_FORMAT": "csv",
  "walltime_hrs": 0.3,
  "num_checkpoints": 100,
  "eval_ntrajs": 10,
  "eval_nsteps": 200,
  "eval_seed": 12345,
  "looping_tree": {
    "method": "fixed",
    "environment": "fixed",
    "total_timesteps": "fixed",
    "rng_seed": "zip",
    "policy_kwargs": "fixed",
    "gamma": "zip",
    "lam": "zip",
    "timesteps_per_actorbatch": "zip",
    "clip_param": "zip",
    "entcoeff": "zip",
    "optim_epochs": "zip",
    "optim_stepsize": "zip",
    "optim_minibatches": "zip",
    "adam_epsilon": "zip",
    "schedule": "zip"
  }
}