{
  "description": "Hyper-parameter optimization for ppo1 on a low frequency environment",
  "method": "ppo1",
  "environment": "drop_leg_100hz",
  "total_timesteps": 4000000,
  "rng_seed": [
    2000,
    1000,
    1000,
    1000,
    2000,
    2000,
    0,
    0,
    1000,
    2000,
    0,
    2000,
    2000,
    1000,
    1000,
    1000,
    1000,
    1000,
    2000,
    0,
    1000,
    0,
    0,
    2000,
    1000,
    0,
    0,
    0,
    0,
    2000
  ],
  "policy_kwargs": {
    "net_arch": [
      {
        "vf": [
          64,
          64
        ],
        "pi": [
          64,
          64
        ]
      }
    ]
  },
  "gamma": [
    0.36,
    0.36,
    0.36,
    0.36,
    0.36,
    0.36,
    0.36,
    0.36,
    0.36,
    0.36,
    0.36,
    0.36,
    0.36,
    0.36,
    0.36,
    0.36,
    0.36,
    0.36,
    0.36,
    0.36,
    0.36,
    0.36,
    0.36,
    0.36,
    0.36,
    0.36,
    0.36,
    0.36,
    0.36,
    0.36
  ],
  "lam": [
    0.36,
    0.36,
    0.36,
    0.36,
    0.36,
    0.36,
    0.36,
    0.36,
    0.36,
    0.36,
    0.36,
    0.36,
    0.36,
    0.36,
    0.36,
    0.36,
    0.36,
    0.36,
    0.36,
    0.36,
    0.36,
    0.36,
    0.36,
    0.36,
    0.36,
    0.36,
    0.36,
    0.36,
    0.36,
    0.36
  ],
  "timesteps_per_actorbatch": [
    10429,
    9913,
    10212,
    10720,
    9620,
    10958,
    9666,
    11242,
    11263,
    11325,
    9684,
    11416,
    9715,
    11430,
    11423,
    11532,
    9822,
    11182,
    11571,
    9808,
    11562,
    11633,
    9865,
    11394,
    11169,
    11825,
    11820,
    9894,
    11834,
    10246
  ],
  "clip_param": [
    199.99999999999974,
    199.99999999999974,
    199.99999999999974,
    199.99999999999974,
    199.99999999999974,
    199.99999999999974,
    199.99999999999974,
    199.99999999999974,
    199.99999999999974,
    199.99999999999974,
    199.99999999999974,
    199.99999999999974,
    199.99999999999974,
    199.99999999999974,
    199.99999999999974,
    199.99999999999974,
    199.99999999999974,
    199.99999999999974,
    199.99999999999974,
    199.99999999999974,
    199.99999999999974,
    199.99999999999974,
    199.99999999999974,
    199.99999999999974,
    199.99999999999974,
    199.99999999999974,
    199.99999999999974,
    199.99999999999974,
    199.99999999999974,
    199.99999999999974
  ],
  "entcoeff": [
    8.826002121087782e-05,
    2.9955765536417075e-05,
    2.6953095532708844e-05,
    0.0007883305224089623,
    6.049741597424624e-06,
    0.00040242250292512466,
    0.0005830740825364362,
    0.0008170874710524908,
    0.000877406633382285,
    0.00014383890691423365,
    1.7464275494238317e-05,
    6.97147253299268e-05,
    3.359678497903734e-05,
    0.000394618329993919,
    2.2558467851400538e-06,
    7.589650519341955e-05,
    3.8218364691694926e-05,
    0.0006272122518375317,
    7.48870977220991e-06,
    9.438436533768301e-05,
    6.0598460793494146e-05,
    0.00019087396450571606,
    0.0003181996910004319,
    0.00017236793074018863,
    8.202949975416032e-05,
    0.00017355592982937158,
    1.0109960414010252e-05,
    5.972860975390769e-05,
    4.990318318191052e-07,
    0.0003237922530106008
  ],
  "optim_epochs": [
    1,
    1,
    1,
    1,
    1,
    1,
    1,
    1,
    1,
    1,
    1,
    1,
    1,
    1,
    1,
    1,
    1,
    1,
    1,
    1,
    1,
    1,
    1,
    1,
    1,
    1,
    1,
    1,
    1,
    1
  ],
  "optim_stepsize": [
    0.0021173401271450294,
    0.002111843974555498,
    0.0021303063586846542,
    0.0022079865133541304,
    0.002092934271213531,
    0.002240155509123535,
    0.0021196239565421226,
    0.002271489731316883,
    0.0022626990723309533,
    0.002284754675001487,
    0.0021084134575027553,
    0.002303706663318807,
    0.00211894387565377,
    0.00230832053998497,
    0.002317298830437327,
    0.0023257886595767054,
    0.002147020163709656,
    0.00219133804940881,
    0.00234344135028232,
    0.0021711107380118053,
    0.002355836857578032,
    0.0023637602069976342,
    0.0022116829231219486,
    0.0023904009056796034,
    0.002440265915067285,
    0.002329938704308354,
    0.002334517653706814,
    0.0022857542442817473,
    0.002361082346091849,
    0.00239410736858253
  ],
  "optim_minibatches": [
    64,
    64,
    64,
    64,
    64,
    64,
    64,
    64,
    64,
    64,
    64,
    64,
    64,
    64,
    64,
    64,
    64,
    64,
    64,
    64,
    64,
    64,
    64,
    64,
    64,
    64,
    64,
    64,
    64,
    64
  ],
  "adam_epsilon": [
    3.892748320654508e-07,
    0.00010000000000000009,
    6.647336915327927e-07,
    2.1655364291473965e-05,
    6.046347638410965e-05,
    6.529830830389097e-05,
    4.722474762845511e-07,
    7.852730232995452e-06,
    9.310192327389099e-05,
    7.85031394013369e-07,
    4.654079710594196e-05,
    8.828699904595443e-05,
    4.64900741292613e-05,
    2.4819249780422486e-07,
    6.64109807051865e-05,
    1.644812653295178e-08,
    1.7116401883695383e-07,
    4.461872363512416e-06,
    5.786232651627366e-05,
    1.3909819332978702e-08,
    2.3279251184675282e-05,
    7.49256899884306e-07,
    2.9089228303290954e-06,
    8.17670068401815e-05,
    1.4937516841995189e-06,
    3.4423458582712638e-06,
    5.5582071606018583e-08,
    1.2928646088083992e-06,
    1.5217437702394437e-07,
    2.1342328078006323e-08
  ],
  "schedule": [
    "linear",
    "linear",
    "linear",
    "linear",
    "linear",
    "linear",
    "linear",
    "linear",
    "linear",
    "linear",
    "linear",
    "linear",
    "linear",
    "linear",
    "linear",
    "linear",
    "linear",
    "linear",
    "linear",
    "linear",
    "linear",
    "linear",
    "linear",
    "linear",
    "linear",
    "linear",
    "linear",
    "linear",
    "linear",
    "linear"
  ],
  "num_envs": 4,
  "results_dir_name": "results",
  "storage_dir_name": "storage",
  "train_set": "remaining",
  "eval_set": "remaining",
  "OPENAI_LOG_FORMAT": "csv",
  "walltime_hrs": 0.3,
  "num_checkpoints": 100,
  "eval_ntrajs": 10,
  "eval_nsteps": 200,
  "eval_seed": 12345,
  "looping_tree": {
    "method": "fixed",
    "environment": "fixed",
    "total_timesteps": "fixed",
    "rng_seed": "zip",
    "policy_kwargs": "fixed",
    "gamma": "zip",
    "lam": "zip",
    "timesteps_per_actorbatch": "zip",
    "clip_param": "zip",
    "entcoeff": "zip",
    "optim_epochs": "zip",
    "optim_stepsize": "zip",
    "optim_minibatches": "zip",
    "adam_epsilon": "zip",
    "schedule": "zip"
  }
}