{
  "description": "Hyper-parameter optimization for ppo1 on a low frequency environment",
  "method": "ppo1",
  "environment": "drop_leg_100hz",
  "total_timesteps": 4000000,
  "rng_seed": [
    1000,
    0,
    2000,
    1000,
    1000,
    0,
    1000,
    2000,
    2000,
    1000,
    2000,
    2000,
    1000,
    2000,
    1000,
    1000,
    0,
    2000,
    2000,
    2000,
    0,
    1000,
    0,
    2000,
    1000,
    1000,
    1000,
    2000,
    0,
    0
  ],
  "policy_kwargs": {
    "net_arch": [
      {
        "vf": [
          64,
          64
        ],
        "pi": [
          64,
          64
        ]
      }
    ]
  },
  "gamma": [
    0.36,
    0.36,
    0.36,
    0.36,
    0.36,
    0.36,
    0.36,
    0.36,
    0.36,
    0.36,
    0.36,
    0.36,
    0.36,
    0.36,
    0.36,
    0.36,
    0.36,
    0.36,
    0.36,
    0.36,
    0.36,
    0.36,
    0.36,
    0.36,
    0.36,
    0.36,
    0.36,
    0.36,
    0.36,
    0.36
  ],
  "lam": [
    0.36,
    0.36,
    0.36,
    0.36,
    0.36,
    0.36,
    0.36,
    0.36,
    0.36,
    0.36,
    0.36,
    0.36,
    0.36,
    0.36,
    0.36,
    0.36,
    0.36,
    0.36,
    0.36,
    0.36,
    0.36,
    0.36,
    0.36,
    0.36,
    0.36,
    0.36,
    0.36,
    0.36,
    0.36,
    0.36
  ],
  "timesteps_per_actorbatch": [
    64,
    64,
    64,
    64,
    64,
    64,
    64,
    64,
    64,
    64,
    64,
    64,
    64,
    64,
    64,
    64,
    64,
    64,
    64,
    64,
    64,
    64,
    64,
    64,
    64,
    64,
    64,
    64,
    64,
    64
  ],
  "clip_param": [
    47.326288777737744,
    48.91607997986602,
    48.889861138375245,
    49.60067564889931,
    47.785720977271566,
    50.0514578386228,
    50.03899928244789,
    48.048737672148626,
    49.933978177342965,
    49.60481618549904,
    48.004467086883736,
    43.95345721004325,
    52.41548289274339,
    50.75953537113835,
    54.89547330240972,
    46.25777116559942,
    47.14761228239891,
    47.05687403236578,
    53.98724288042039,
    47.55236351337635,
    54.837052628405004,
    43.52490708930302,
    50.51679734966722,
    46.07051760473029,
    47.49300820490095,
    44.41271218863139,
    54.684476032651865,
    51.10967688153523,
    46.429688856709966,
    43.56305162116127
  ],
  "entcoeff": [
    0.001,
    0.00037406468424630097,
    8.26099130667294e-05,
    6.242266824660658e-05,
    0.00015459202459981318,
    2.714660522141379e-05,
    2.3248702569000988e-06,
    6.354797298068189e-06,
    1.738651880353652e-05,
    2.242086980429327e-06,
    0.0005201820498577377,
    0.0009632700224260501,
    0.00031883798940683823,
    4.689007212530711e-05,
    0.00021836249244912731,
    0.0004606593707002959,
    4.386292695400111e-06,
    0.0009217752206919616,
    0.0005232019854684452,
    2.8110184679856857e-05,
    1.794995624605399e-06,
    0.00034626721779059137,
    0.000865308554666169,
    3.432815738879918e-07,
    5.761205720417429e-06,
    4.5947819417534015e-05,
    4.675381253311835e-05,
    0.00030069737779760895,
    4.75999279168936e-05,
    0.0003291418940541513
  ],
  "optim_epochs": [
    1,
    1,
    1,
    1,
    1,
    1,
    1,
    1,
    1,
    1,
    1,
    1,
    1,
    1,
    1,
    1,
    1,
    1,
    1,
    1,
    1,
    1,
    1,
    1,
    1,
    1,
    1,
    1,
    1,
    1
  ],
  "optim_stepsize": [
    0.00013249025308554425,
    0.00012923712518886897,
    0.0001292161172800003,
    0.00012831214793789577,
    0.00013114882732614285,
    0.00012758916869161333,
    0.00012762442657628483,
    0.00013097602906091043,
    0.00012768159450086424,
    0.0001278346282802458,
    0.00013049843391492707,
    0.00013114954239196844,
    0.0001282342147074506,
    0.00013125539616290236,
    0.0001284566287912843,
    0.00013343263800576463,
    0.00012892160533428714,
    0.0001288916283210412,
    0.00012858520884018445,
    0.00013149946305951525,
    0.0001295376615996669,
    0.00013431888132244918,
    0.00013262902004557758,
    0.00013193397843906703,
    0.00012872712194858903,
    0.000129617698255909,
    0.00013032359057092282,
    0.00012318240544580876,
    0.00013693218666975152,
    0.00013364923507146756
  ],
  "optim_minibatches": [
    9,
    7,
    7,
    7,
    9,
    6,
    6,
    9,
    6,
    6,
    9,
    7,
    6,
    9,
    7,
    8,
    6,
    6,
    6,
    9,
    7,
    7,
    8,
    6,
    6,
    8,
    6,
    6,
    6,
    7
  ],
  "adam_epsilon": [
    5.3679112638768876e-05,
    1.3178423211815114e-05,
    2.8624614951603097e-07,
    1.756304384508515e-07,
    8.105796900068498e-05,
    1.4852500264501558e-05,
    1.7468890570490803e-07,
    4.613449380432446e-06,
    8.818568859109882e-05,
    3.5214766320109873e-06,
    5.8288125007405664e-08,
    1.1545077939049222e-05,
    1.3373391741439098e-07,
    1.4628300101795081e-05,
    8.510218835786392e-07,
    4.806250331026839e-07,
    4.55521631686015e-05,
    1.0079616590074457e-06,
    4.7989383654391877e-05,
    4.50163872961146e-08,
    4.9609954538750605e-05,
    9.235229914527464e-07,
    3.4136187303189255e-05,
    1.709803442201048e-05,
    7.711804963965851e-06,
    3.4486958390844165e-06,
    2.3869893067630615e-05,
    1.0705015768274986e-06,
    3.636671998920356e-06,
    5.987966370321754e-05
  ],
  "schedule": [
    "linear",
    "linear",
    "linear",
    "linear",
    "linear",
    "linear",
    "linear",
    "linear",
    "linear",
    "linear",
    "linear",
    "linear",
    "linear",
    "linear",
    "linear",
    "linear",
    "linear",
    "linear",
    "linear",
    "linear",
    "linear",
    "linear",
    "linear",
    "linear",
    "linear",
    "linear",
    "linear",
    "linear",
    "linear",
    "linear"
  ],
  "num_envs": 4,
  "results_dir_name": "results",
  "storage_dir_name": "storage",
  "train_set": "remaining",
  "eval_set": "remaining",
  "OPENAI_LOG_FORMAT": "csv",
  "walltime_hrs": 0.3,
  "num_checkpoints": 100,
  "eval_ntrajs": 10,
  "eval_nsteps": 200,
  "eval_seed": 12345,
  "looping_tree": {
    "method": "fixed",
    "environment": "fixed",
    "total_timesteps": "fixed",
    "rng_seed": "zip",
    "policy_kwargs": "fixed",
    "gamma": "zip",
    "lam": "zip",
    "timesteps_per_actorbatch": "zip",
    "clip_param": "zip",
    "entcoeff": "zip",
    "optim_epochs": "zip",
    "optim_stepsize": "zip",
    "optim_minibatches": "zip",
    "adam_epsilon": "zip",
    "schedule": "zip"
  }
}