{
  "description": "Hyper-parameter optimization for ppo1 on a low frequency environment",
  "method": "ppo1",
  "environment": "drop_leg_100hz",
  "total_timesteps": 4000000,
  "rng_seed": [
    2000,
    1000,
    0,
    0,
    2000,
    0,
    1000,
    2000,
    1000,
    1000,
    2000,
    2000,
    0,
    1000,
    1000,
    1000,
    2000,
    1000,
    0,
    2000,
    2000,
    1000,
    0,
    2000,
    2000,
    0,
    0,
    0,
    1000,
    1000
  ],
  "policy_kwargs": {
    "net_arch": [
      {
        "vf": [
          64,
          64
        ],
        "pi": [
          64,
          64
        ]
      }
    ]
  },
  "gamma": [
    0.5639103798396424,
    0.6220632285860576,
    0.918900062487886,
    0.9847082987407076,
    0.9361119389076529,
    0.9997476690896532,
    0.9993504898852367,
    0.970588411004352,
    0.9908857893016971,
    0.891036391901111,
    0.9994274426397506,
    0.964219878874703,
    0.9997998051422885,
    0.9988025645986133,
    0.9996257140126296,
    0.9955505890508273,
    0.9456154243121683,
    0.9844687365979774,
    0.9950664091127712,
    0.9861560782260533,
    0.9898858972869938,
    0.9528696890438599,
    0.7062403733522208,
    0.996892189055115,
    0.9643604935109682,
    0.923401059539355,
    0.8575558701667272,
    0.9685521646175388,
    0.36,
    0.9717007365275219
  ],
  "lam": [
    0.9986713481901599,
    0.9997677881174726,
    0.9988614770088732,
    0.9959593938456534,
    0.9941739307799065,
    0.9796523550770956,
    0.9770299663584764,
    0.9981888400244369,
    0.9240013852618315,
    0.9984772437413031,
    0.8908849037408932,
    0.8808745096639468,
    0.9987640626020156,
    0.8991285000218989,
    0.999820339287394,
    0.8874837029413786,
    0.9590313933080745,
    0.9996846782218587,
    0.9997567402112415,
    0.936915571231441,
    0.999669926501775,
    0.6560674130587196,
    0.8046517366529402,
    0.6396772284200427,
    0.9971040385770824,
    0.9388755670372182,
    0.9988287605013868,
    0.9976622550942399,
    0.99984375,
    0.9965757110777135
  ],
  "timesteps_per_actorbatch": [
    11566,
    707,
    200,
    307,
    426,
    2467,
    4179,
    1237,
    3274,
    239,
    143,
    603,
    657,
    88,
    1979,
    96,
    272,
    10790,
    3622,
    212,
    2372,
    1025,
    687,
    754,
    377,
    347,
    494,
    1290,
    3207,
    280
  ],
  "clip_param": [
    2.7547365403003825,
    9.258110055695228,
    48.85256450905991,
    3.448198246262073,
    2.050166164421261,
    2.0506539678726132,
    2.9177608717753474,
    0.39819160962759714,
    0.06745190146639102,
    0.31611377321254897,
    0.023608938876910922,
    1.3538459298082344,
    14.877223353705597,
    0.9491209259181072,
    6.366176398884702,
    22.096280617381215,
    1.276285203276957,
    0.27541178802948874,
    194.01530141522923,
    28.302782263085795,
    77.53032839323045,
    43.10841575692665,
    0.07143730864476953,
    0.6284365633058491,
    8.921066351454424,
    0.8485994390926221,
    1.7497398180911201,
    37.12148022548331,
    10.009061380253563,
    7.140970450163401
  ],
  "entcoeff": [
    5.940752903501963e-05,
    1.928325270939292e-05,
    0.00013588070790603612,
    7.789506212194876e-05,
    7.889160199405815e-05,
    7.247387571740894e-05,
    0.00045860837724211217,
    0.000269410077794509,
    0.0003531443398458076,
    3.857187254179565e-05,
    9.740464482127764e-05,
    0.00023384657791489206,
    1.042882707404952e-06,
    0.00013635884614600921,
    7.050762847585924e-05,
    0.0007700081043821562,
    0.00020518130126711163,
    0.00012920187274368392,
    0.0003642044090131308,
    6.21724116967251e-05,
    5.235052673032198e-05,
    1.4694336042904525e-05,
    0.0006605674676733162,
    0.000687650523237971,
    7.587073983814725e-05,
    0.00022658193361065057,
    0.0001306493205340034,
    6.097584758202395e-05,
    6.538551717753989e-05,
    7.780780609298167e-05
  ],
  "optim_epochs": [
    4,
    10,
    5,
    17,
    116,
    18,
    27,
    32,
    25,
    36,
    75,
    7,
    36,
    3,
    8,
    16,
    7,
    4,
    60,
    14,
    41,
    63,
    6,
    2,
    22,
    9,
    7,
    23,
    5,
    25
  ],
  "optim_stepsize": [
    2.886890775556507e-05,
    0.00010347123476217312,
    0.0025705750540305143,
    7.018900797079465e-05,
    0.00010092641373876379,
    3.75041899792555e-05,
    3.293188983116102e-05,
    0.0019031244418289813,
    0.005707290879901643,
    0.0018409674620368075,
    0.00013779868113693316,
    0.018841274377234145,
    0.02283260124434383,
    4.298344480951535e-05,
    0.0027336298963950676,
    2.135430543784993e-05,
    0.008855515029163057,
    0.00013287402604502066,
    3.342772935102381e-05,
    4.619647749424289e-05,
    0.00012660985093796432,
    0.00041425476895740743,
    0.0019624110428116083,
    0.0013866701068425801,
    0.00012229678591893034,
    0.009484433243729443,
    0.0002385423490460338,
    0.0001198528386369425,
    0.00011469262248268234,
    0.00011326517863509044
  ],
  "optim_minibatches": [
    25,
    52,
    9,
    13,
    37,
    11,
    1,
    15,
    4,
    55,
    21,
    4,
    3,
    44,
    3,
    6,
    5,
    22,
    21,
    60,
    1,
    48,
    10,
    1,
    24,
    6,
    38,
    6,
    57,
    27
  ],
  "adam_epsilon": [
    3.889025406285597e-05,
    1.970853564416451e-08,
    1.9756366664597435e-08,
    5.883394994891013e-07,
    6.641482938217925e-08,
    2.2599732087048095e-08,
    6.686039394941055e-06,
    1.3119868499298633e-07,
    6.561955317382636e-07,
    2.5655302153564665e-08,
    2.849104313498711e-05,
    1.9638973463436407e-06,
    2.7156540270564095e-05,
    1.2427952328992698e-07,
    3.1362256905646604e-08,
    2.5518592011671613e-07,
    1.162118140261284e-05,
    3.0456674298146546e-08,
    7.475474932518817e-07,
    8.271258484837904e-05,
    4.24983721917802e-08,
    1.2578321343345542e-06,
    1.1799340186053734e-08,
    9.301037845737354e-06,
    6.884946809327816e-06,
    1.7029487009482408e-08,
    6.160650221901712e-08,
    7.705918285742574e-08,
    1.5155091103809007e-07,
    1.767901981713775e-07
  ],
  "schedule": [
    "linear",
    "linear",
    "linear",
    "linear",
    "linear",
    "linear",
    "linear",
    "linear",
    "linear",
    "linear",
    "linear",
    "linear",
    "linear",
    "linear",
    "linear",
    "linear",
    "linear",
    "linear",
    "linear",
    "linear",
    "linear",
    "linear",
    "linear",
    "linear",
    "linear",
    "linear",
    "linear",
    "linear",
    "linear",
    "linear"
  ],
  "num_envs": 4,
  "results_dir_name": "results",
  "storage_dir_name": "storage",
  "train_set": "remaining",
  "eval_set": "remaining",
  "OPENAI_LOG_FORMAT": "csv",
  "walltime_hrs": 0.3,
  "num_checkpoints": 100,
  "eval_ntrajs": 10,
  "eval_nsteps": 200,
  "eval_seed": 12345,
  "looping_tree": {
    "method": "fixed",
    "environment": "fixed",
    "total_timesteps": "fixed",
    "rng_seed": "zip",
    "policy_kwargs": "fixed",
    "gamma": "zip",
    "lam": "zip",
    "timesteps_per_actorbatch": "zip",
    "clip_param": "zip",
    "entcoeff": "zip",
    "optim_epochs": "zip",
    "optim_stepsize": "zip",
    "optim_minibatches": "zip",
    "adam_epsilon": "zip",
    "schedule": "zip"
  }
}