{
  "description": "Hyper-parameter optimization for ppo1 on a low frequency environment",
  "method": "ppo1",
  "environment": "drop_leg_100hz",
  "total_timesteps": 4000000,
  "rng_seed": [
    1000,
    1000,
    1000,
    2000,
    2000,
    1000,
    1000,
    2000,
    1000,
    1000,
    0,
    2000,
    2000,
    2000,
    0,
    2000,
    0,
    0,
    2000,
    1000,
    0,
    1000,
    1000,
    1000,
    0,
    2000,
    1000,
    2000,
    0,
    1000
  ],
  "policy_kwargs": {
    "net_arch": [
      {
        "vf": [
          64,
          64
        ],
        "pi": [
          64,
          64
        ]
      }
    ]
  },
  "gamma": [
    0.7679670453998296,
    0.36,
    0.44106554214050164,
    0.7177753036785656,
    0.36,
    0.720612282007848,
    0.36,
    0.5996018664146374,
    0.7164898832748094,
    0.36,
    0.6668471632029241,
    0.6673087829876562,
    0.6681232571165902,
    0.6674458223308213,
    0.6697631012605867,
    0.6702055784966272,
    0.5705052181974493,
    0.6697661835587567,
    0.6706490295117287,
    0.5688040547205633,
    0.6706404514045745,
    0.569539905819197,
    0.6715795090371817,
    0.67256738975979,
    0.5697203897064727,
    0.6736754677919456,
    0.673987468524096,
    0.6750112782666984,
    0.5714388750556567,
    0.6761238551521388
  ],
  "lam": [
    0.9513786700689285,
    0.36,
    0.5663529723271482,
    0.9341299352040398,
    0.36,
    0.9122093594920366,
    0.99984375,
    0.9719264633827428,
    0.9224099149199512,
    0.99984375,
    0.9769414175257435,
    0.9765559947966113,
    0.976132298260629,
    0.977527576503519,
    0.9761381583363852,
    0.9763658016792044,
    0.97956550811721,
    0.9752600159566452,
    0.9751620614860921,
    0.9790683077752432,
    0.974689486410301,
    0.9787449499636823,
    0.9742234260308529,
    0.9740773451880808,
    0.9785140793282658,
    0.9739602592136803,
    0.9739096746894368,
    0.9738630304451564,
    0.9773625474122842,
    0.9743094276395848
  ],
  "timesteps_per_actorbatch": [
    8130,
    16384,
    16384,
    10077,
    3546,
    8397,
    16384,
    13734,
    8136,
    14237,
    8873,
    8866,
    8875,
    8867,
    8824,
    8772,
    15333,
    8713,
    8718,
    15414,
    8639,
    15467,
    8575,
    8587,
    15539,
    8545,
    8537,
    8540,
    15587,
    8535
  ],
  "clip_param": [
    0.26887801084169394,
    0.03831658669234524,
    0.1483129002986277,
    0.21362972219277512,
    0.16213100868281216,
    0.23445201712234753,
    0.09346830876209862,
    0.14188960991704788,
    0.23726215832920727,
    0.29744339857678354,
    0.25853828673244655,
    0.2586448000402233,
    0.25882866325688336,
    0.25978359909813475,
    0.2592879562170961,
    0.25871981455510623,
    0.1311916481476979,
    0.2619204351893119,
    0.2620661371488636,
    0.13062418894872835,
    0.2630477277933169,
    0.12945027489101724,
    0.26416404781247965,
    0.2645488205528851,
    0.12890082609939296,
    0.26505789482672737,
    0.26531020771665764,
    0.2653774441683376,
    0.12869919440891642,
    0.2656368324205396
  ],
  "entcoeff": [
    0.0006665746203943278,
    9.405072339503178e-05,
    6.1395688795761754e-06,
    0.00041765589977728335,
    0.00028232059835069367,
    0.0009289022947271219,
    0.0008281225235828577,
    0.0008276483502716926,
    0.0005460529961643597,
    0.0008512713652344362,
    0.0006523421238223624,
    0.0009163317088224578,
    0.0006867355861847968,
    0.0002025196802821784,
    0.00036799597124381967,
    0.0002522284638615648,
    0.0002588708367225061,
    0.00017613908407362557,
    0.00043628924134349404,
    0.0003598243878388479,
    0.001,
    0.0006010512377934287,
    0.0004332872904796744,
    0.0006447627681466248,
    0.0003508655226622893,
    0.0007311765985494964,
    0.00020723931194542984,
    0.000945452008976597,
    0.00017358559671322362,
    0.0004484808209939974
  ],
  "optim_epochs": [
    29,
    7,
    18,
    25,
    30,
    27,
    14,
    17,
    28,
    53,
    32,
    32,
    32,
    32,
    32,
    32,
    16,
    33,
    33,
    16,
    33,
    16,
    33,
    33,
    16,
    33,
    33,
    33,
    16,
    33
  ],
  "optim_stepsize": [
    0.001197400179424567,
    0.008691477854959833,
    0.002907692677519223,
    0.001812795462535917,
    0.00031714578015761604,
    0.0012744824218214408,
    0.0043275460087394205,
    0.003521433439622446,
    0.0011795393850116995,
    0.0005015552831304667,
    0.0009357580539262855,
    0.0009348904041838095,
    0.0009399078389472129,
    0.0009297456927765095,
    0.0009311752321008225,
    0.0009239789528290099,
    0.0040625870689327106,
    0.0009016689941878637,
    0.0009027110583310051,
    0.0041354007697353345,
    0.0008869279986449666,
    0.004174480139057493,
    0.0008758119251438815,
    0.0008786930855305995,
    0.0042206976891860665,
    0.0008709660363006249,
    0.0008683790844105688,
    0.0008702529766988035,
    0.004255809851577592,
    0.0008676370074974705
  ],
  "optim_minibatches": [
    36,
    64,
    64,
    45,
    44,
    40,
    64,
    58,
    39,
    52,
    39,
    39,
    39,
    39,
    39,
    39,
    64,
    39,
    39,
    64,
    39,
    64,
    39,
    39,
    64,
    39,
    39,
    39,
    64,
    39
  ],
  "adam_epsilon": [
    2.611853838780863e-07,
    8.42150878699341e-06,
    8.344330993548971e-08,
    2.3619365093526258e-05,
    1.332005959651593e-08,
    7.043397197486999e-08,
    2.6900643539365973e-08,
    4.903042429220081e-07,
    3.8739506091316256e-08,
    9.676335766537956e-07,
    4.38430338999834e-07,
    5.120197632054318e-06,
    3.709097040838647e-07,
    8.942799917706612e-07,
    1.432993678039106e-08,
    2.699756673400453e-06,
    4.907930012284665e-07,
    2.1812359796193338e-05,
    1.3401119149472447e-06,
    1.9524148522717805e-06,
    4.7727461805435105e-08,
    3.7385769576822876e-08,
    1.2290605436631795e-08,
    3.904028514790979e-07,
    6.328170048147938e-08,
    3.001925911864716e-07,
    1.5996752753044647e-07,
    3.9446801702667446e-08,
    5.66874771087907e-07,
    3.3790154640504035e-06
  ],
  "schedule": [
    "linear",
    "linear",
    "linear",
    "linear",
    "linear",
    "linear",
    "linear",
    "linear",
    "linear",
    "linear",
    "linear",
    "linear",
    "linear",
    "linear",
    "linear",
    "linear",
    "linear",
    "linear",
    "linear",
    "linear",
    "linear",
    "linear",
    "linear",
    "linear",
    "linear",
    "linear",
    "linear",
    "linear",
    "linear",
    "linear"
  ],
  "num_envs": 4,
  "results_dir_name": "results",
  "storage_dir_name": "storage",
  "train_set": "remaining",
  "eval_set": "remaining",
  "OPENAI_LOG_FORMAT": "csv",
  "walltime_hrs": 0.3,
  "num_checkpoints": 100,
  "eval_ntrajs": 10,
  "eval_nsteps": 200,
  "eval_seed": 12345,
  "looping_tree": {
    "method": "fixed",
    "environment": "fixed",
    "total_timesteps": "fixed",
    "rng_seed": "zip",
    "policy_kwargs": "fixed",
    "gamma": "zip",
    "lam": "zip",
    "timesteps_per_actorbatch": "zip",
    "clip_param": "zip",
    "entcoeff": "zip",
    "optim_epochs": "zip",
    "optim_stepsize": "zip",
    "optim_minibatches": "zip",
    "adam_epsilon": "zip",
    "schedule": "zip"
  }
}