{
  "description": "Hyper-parameter optimization for ppo1 on a low frequency environment",
  "method": "ppo1",
  "environment": "drop_leg_100hz",
  "total_timesteps": 4000000,
  "rng_seed": [
    2000,
    1000,
    0,
    2000,
    2000,
    2000,
    1000,
    0,
    0,
    2000,
    1000,
    1000,
    1000,
    2000,
    2000,
    1000,
    1000,
    0,
    1000,
    0,
    1000,
    0,
    2000,
    2000,
    2000,
    2000,
    0,
    0,
    1000,
    0
  ],
  "policy_kwargs": {
    "net_arch": [
      {
        "vf": [
          64,
          64
        ],
        "pi": [
          64,
          64
        ]
      }
    ]
  },
  "gamma": [
    0.36,
    0.36,
    0.36,
    0.36,
    0.36,
    0.36,
    0.36,
    0.36,
    0.36,
    0.36,
    0.36,
    0.36,
    0.36,
    0.36,
    0.36,
    0.36,
    0.36,
    0.36,
    0.36,
    0.36,
    0.36,
    0.36,
    0.36,
    0.36,
    0.36,
    0.36,
    0.36,
    0.36,
    0.36,
    0.36
  ],
  "lam": [
    0.36,
    0.36,
    0.36,
    0.36,
    0.36,
    0.36,
    0.36,
    0.36,
    0.36,
    0.36,
    0.36,
    0.36,
    0.36,
    0.5763780757753079,
    0.36,
    0.36,
    0.6025610952926359,
    0.6112727191457855,
    0.36,
    0.36,
    0.6020049170791011,
    0.6328505707859037,
    0.36,
    0.42873944404308995,
    0.5297420829108265,
    0.36,
    0.6588170907262162,
    0.563051072085508,
    0.5221278020676604,
    0.36
  ],
  "timesteps_per_actorbatch": [
    11091,
    11330,
    11295,
    11329,
    11303,
    11368,
    11749,
    11313,
    11344,
    11402,
    11581,
    12001,
    11493,
    11999,
    11074,
    11114,
    12220,
    12134,
    11021,
    10975,
    12290,
    12315,
    10928,
    11667,
    12489,
    12457,
    12119,
    12655,
    11241,
    11916
  ],
  "clip_param": [
    0.9766313482746101,
    1.0271020165179772,
    1.0319803340839644,
    1.0373571002654154,
    1.0413885010874633,
    1.0430624848478791,
    1.0309685275142622,
    1.0489084300884974,
    1.0510745119731078,
    1.0619973621551508,
    1.037300095597753,
    1.0899734307670499,
    0.991244341667432,
    1.0938745392588647,
    1.0282364247665892,
    1.000808067279798,
    1.1150423241967446,
    1.1210706954310343,
    1.0446245604609943,
    1.0231196381522243,
    1.1342607626460168,
    1.1248583970758088,
    1.1599409618006695,
    1.1790930658037706,
    1.0960109074394293,
    1.066287808091705,
    1.143348783845624,
    1.0103291191121757,
    1.1695814391664032,
    1.0723559873488777
  ],
  "entcoeff": [
    0.001,
    0.001,
    0.001,
    0.001,
    0.001,
    0.001,
    0.001,
    0.001,
    0.001,
    0.001,
    0.001,
    0.001,
    0.00014902859729368445,
    0.001,
    0.001,
    0.001,
    0.001,
    0.001,
    0.001,
    0.001,
    0.001,
    0.001,
    0.0009438302597361903,
    0.001,
    0.001,
    0.001,
    0.001,
    0.001,
    0.001,
    0.001
  ],
  "optim_epochs": [
    73,
    74,
    74,
    74,
    74,
    74,
    74,
    74,
    75,
    74,
    77,
    73,
    83,
    78,
    78,
    79,
    78,
    78,
    79,
    80,
    78,
    79,
    72,
    74,
    79,
    78,
    79,
    77,
    75,
    81
  ],
  "optim_stepsize": [
    0.00035957401414657354,
    0.000366084648269972,
    0.00036739088483191915,
    0.00036831478421841163,
    0.00036786182160623176,
    0.00036790699692404796,
    0.00037386089622219433,
    0.00036547015623619765,
    0.00036474836920349956,
    0.0003660487549690062,
    0.00036309269440315843,
    0.00038366350475999017,
    0.0003420158146585211,
    0.0003618607165697344,
    0.000347050741179269,
    0.000346648639101605,
    0.0003669264541137849,
    0.0003643316628000642,
    0.0003421054156677858,
    0.00033694320719979815,
    0.0003695222431879295,
    0.00036505970773511437,
    0.00035291734594437255,
    0.0003634728164473795,
    0.00036830198483541783,
    0.00037408661313347887,
    0.0003551855329049172,
    0.00038319911646071556,
    0.00034903965160280686,
    0.0003504736338629991
  ],
  "optim_minibatches": [
    1,
    1,
    1,
    1,
    1,
    1,
    1,
    1,
    1,
    1,
    1,
    1,
    1,
    1,
    1,
    1,
    1,
    1,
    1,
    1,
    1,
    1,
    1,
    1,
    1,
    1,
    1,
    1,
    1,
    1
  ],
  "adam_epsilon": [
    4.4689172150915717e-07,
    2.9627545779478347e-08,
    2.5150147690329043e-05,
    1.4725775835363626e-05,
    4.957496336299061e-06,
    2.0809057209641464e-05,
    5.666570995661821e-06,
    4.679534426593564e-06,
    2.841725260539969e-05,
    1.4270797088521745e-05,
    4.976685854530177e-08,
    5.502928601263041e-06,
    6.458443058107309e-07,
    2.6337242271398902e-06,
    6.039937068133348e-08,
    8.216429482592712e-05,
    6.63458589268851e-08,
    3.245524732464909e-07,
    2.9229128680324715e-07,
    1.988886889654884e-06,
    1.7073102780655933e-06,
    3.8961374039465464e-07,
    1.7763775478107224e-05,
    3.746467627178515e-06,
    3.88937049066146e-06,
    2.0537686415820533e-06,
    5.3851465960035554e-05,
    1.3019082556959988e-05,
    3.537650638384349e-07,
    3.2449922178529447e-07
  ],
  "schedule": [
    "linear",
    "linear",
    "linear",
    "linear",
    "linear",
    "linear",
    "linear",
    "linear",
    "linear",
    "linear",
    "linear",
    "linear",
    "linear",
    "linear",
    "linear",
    "linear",
    "linear",
    "linear",
    "linear",
    "linear",
    "linear",
    "linear",
    "linear",
    "linear",
    "linear",
    "linear",
    "linear",
    "linear",
    "linear",
    "linear"
  ],
  "num_envs": 4,
  "results_dir_name": "results",
  "storage_dir_name": "storage",
  "train_set": "remaining",
  "eval_set": "remaining",
  "OPENAI_LOG_FORMAT": "csv",
  "walltime_hrs": 0.3,
  "num_checkpoints": 100,
  "eval_ntrajs": 10,
  "eval_nsteps": 200,
  "eval_seed": 12345,
  "looping_tree": {
    "method": "fixed",
    "environment": "fixed",
    "total_timesteps": "fixed",
    "rng_seed": "zip",
    "policy_kwargs": "fixed",
    "gamma": "zip",
    "lam": "zip",
    "timesteps_per_actorbatch": "zip",
    "clip_param": "zip",
    "entcoeff": "zip",
    "optim_epochs": "zip",
    "optim_stepsize": "zip",
    "optim_minibatches": "zip",
    "adam_epsilon": "zip",
    "schedule": "zip"
  }
}