{
  "description": "Hyper-parameter optimization for ppo1 on a low frequency environment",
  "method": "ppo1",
  "environment": "drop_leg_100hz",
  "total_timesteps": 4000000,
  "rng_seed": [
    2000,
    1000,
    2000,
    0,
    0,
    0,
    2000,
    1000,
    1000,
    2000,
    0,
    0,
    2000,
    0,
    1000,
    0,
    0,
    0,
    0,
    2000,
    1000,
    1000,
    1000,
    1000,
    2000,
    0,
    0,
    0,
    0,
    2000
  ],
  "policy_kwargs": {
    "net_arch": [
      {
        "vf": [
          64,
          64
        ],
        "pi": [
          64,
          64
        ]
      }
    ]
  },
  "gamma": [
    0.36,
    0.36,
    0.36,
    0.36,
    0.36,
    0.36,
    0.36,
    0.36,
    0.36,
    0.36,
    0.36,
    0.36,
    0.36,
    0.36,
    0.36,
    0.36,
    0.36,
    0.36,
    0.36,
    0.36,
    0.36,
    0.36,
    0.36,
    0.36,
    0.36,
    0.36,
    0.36,
    0.36,
    0.36,
    0.36
  ],
  "lam": [
    0.99984375,
    0.99984375,
    0.99984375,
    0.99984375,
    0.99984375,
    0.99984375,
    0.99984375,
    0.99984375,
    0.99984375,
    0.99984375,
    0.99984375,
    0.99984375,
    0.99984375,
    0.99984375,
    0.99984375,
    0.99984375,
    0.99984375,
    0.99984375,
    0.99984375,
    0.99984375,
    0.99984375,
    0.99984375,
    0.99984375,
    0.99984375,
    0.99984375,
    0.99984375,
    0.99984375,
    0.99984375,
    0.99984375,
    0.99984375
  ],
  "timesteps_per_actorbatch": [
    16384,
    16384,
    16384,
    16384,
    16384,
    16384,
    16384,
    16384,
    16384,
    16384,
    16384,
    16384,
    16384,
    16384,
    16384,
    16384,
    16384,
    16384,
    16384,
    16384,
    16384,
    16384,
    16384,
    16384,
    16384,
    16384,
    16384,
    16384,
    16384,
    16384
  ],
  "clip_param": [
    199.99999999999974,
    199.99999999999974,
    199.99999999999974,
    199.99999999999974,
    199.99999999999974,
    199.99999999999974,
    199.99999999999974,
    199.99999999999974,
    199.99999999999974,
    199.99999999999974,
    199.99999999999974,
    199.99999999999974,
    199.99999999999974,
    199.99999999999974,
    199.99999999999974,
    199.99999999999974,
    199.99999999999974,
    199.99999999999974,
    199.99999999999974,
    199.99999999999974,
    199.99999999999974,
    199.99999999999974,
    199.99999999999974,
    199.99999999999974,
    199.99999999999974,
    199.99999999999974,
    199.99999999999974,
    199.99999999999974,
    199.99999999999974,
    199.99999999999974
  ],
  "entcoeff": [
    0.00011080513331095159,
    0.0008986882655726948,
    0.001,
    0.0008170799888215534,
    8.700283612968468e-06,
    0.0001247345476867223,
    0.001,
    0.00013335505041304086,
    0.00011104069469765928,
    0.0008299536418970467,
    0.00037928227638385975,
    0.0001983486267641839,
    0.0001908554153366896,
    0.0004479933592344738,
    3.75391315788393e-05,
    0.00028146542875453947,
    0.0006085588715621079,
    0.0002812053171279215,
    0.0002825854908877008,
    0.00037254328425312107,
    0.0009107675573991227,
    5.561785402191202e-05,
    0.0004781704866961337,
    0.00030240199205992227,
    5.172438636861747e-06,
    0.00016319024749890997,
    2.9074557967820947e-05,
    2.43026023795227e-05,
    2.876400540468316e-05,
    0.00013683935465602477
  ],
  "optim_epochs": [
    13,
    14,
    13,
    13,
    13,
    14,
    14,
    13,
    13,
    14,
    13,
    13,
    14,
    14,
    14,
    13,
    13,
    14,
    15,
    14,
    13,
    15,
    14,
    14,
    14,
    13,
    15,
    15,
    14,
    15
  ],
  "optim_stepsize": [
    0.0002800009924907772,
    0.00028471170000971474,
    0.0002782315967315306,
    0.00028647671042913937,
    0.0002857205201352346,
    0.00027954698928944446,
    0.0002830846529370771,
    0.00028842328044431355,
    0.0002889775632498269,
    0.0002785489774087199,
    0.0002885380711108287,
    0.000291628163687709,
    0.0002860037450055016,
    0.00027732480666692755,
    0.00027752305660544907,
    0.00028871056187222807,
    0.00028835174610291914,
    0.00027704424876638504,
    0.00027816838860822706,
    0.0002856205711763879,
    0.0002885587326709096,
    0.00027591757732983247,
    0.00028794792854229306,
    0.00027722105629817106,
    0.0002823342885721168,
    0.000283241688921942,
    0.0002730557740000911,
    0.00027564281443428324,
    0.00028279965526837133,
    0.0002760182205801481
  ],
  "optim_minibatches": [
    2,
    2,
    1,
    1,
    1,
    2,
    2,
    1,
    1,
    2,
    1,
    1,
    1,
    1,
    2,
    1,
    1,
    2,
    1,
    1,
    1,
    1,
    1,
    2,
    1,
    2,
    1,
    2,
    1,
    1
  ],
  "adam_epsilon": [
    4.0995977172063055e-07,
    2.7841331977124056e-08,
    6.739913672420757e-08,
    1.0050612962293562e-07,
    4.226027577485768e-05,
    1.1954212015494199e-05,
    9.238920663005246e-06,
    0.00010000000000000009,
    1.6749087718331651e-06,
    4.386193915289491e-06,
    5.267452536717782e-06,
    3.4423498545791674e-07,
    2.8695482974300556e-05,
    4.714128578852928e-05,
    2.3379535761497184e-08,
    7.739405790928578e-05,
    2.9406937897895794e-05,
    9.853551474137893e-05,
    6.09322244579342e-05,
    4.945136232538012e-06,
    9.778023120865189e-05,
    2.8580880986716375e-07,
    5.801132351578388e-05,
    8.216902344373458e-08,
    1.910825504538248e-05,
    2.2667585899341794e-05,
    9.529244741948187e-07,
    3.2775575989812185e-06,
    3.924382061385889e-05,
    9.359026184885224e-05
  ],
  "schedule": [
    "linear",
    "linear",
    "linear",
    "linear",
    "linear",
    "linear",
    "linear",
    "linear",
    "linear",
    "linear",
    "linear",
    "linear",
    "linear",
    "linear",
    "linear",
    "linear",
    "linear",
    "linear",
    "linear",
    "linear",
    "linear",
    "linear",
    "linear",
    "linear",
    "linear",
    "linear",
    "linear",
    "linear",
    "linear",
    "linear"
  ],
  "num_envs": 4,
  "results_dir_name": "results",
  "storage_dir_name": "storage",
  "train_set": "remaining",
  "eval_set": "remaining",
  "OPENAI_LOG_FORMAT": "csv",
  "walltime_hrs": 0.3,
  "num_checkpoints": 100,
  "eval_ntrajs": 10,
  "eval_nsteps": 200,
  "eval_seed": 12345,
  "looping_tree": {
    "method": "fixed",
    "environment": "fixed",
    "total_timesteps": "fixed",
    "rng_seed": "zip",
    "policy_kwargs": "fixed",
    "gamma": "zip",
    "lam": "zip",
    "timesteps_per_actorbatch": "zip",
    "clip_param": "zip",
    "entcoeff": "zip",
    "optim_epochs": "zip",
    "optim_stepsize": "zip",
    "optim_minibatches": "zip",
    "adam_epsilon": "zip",
    "schedule": "zip"
  }
}