{
  "description": "Hyper-parameter optimization for ppo1 on a low frequency environment",
  "method": "ppo1",
  "environment": "drop_leg_100hz",
  "total_timesteps": 4000000,
  "rng_seed": [
    0,
    2000,
    2000,
    0,
    2000,
    1000,
    1000,
    1000,
    0,
    1000,
    1000,
    0,
    2000,
    2000,
    1000,
    0,
    2000,
    0,
    2000,
    1000,
    0,
    0,
    2000,
    0,
    2000,
    0,
    1000,
    0,
    0,
    2000
  ],
  "policy_kwargs": {
    "net_arch": [
      {
        "vf": [
          64,
          64
        ],
        "pi": [
          64,
          64
        ]
      }
    ]
  },
  "gamma": [
    0.6516453800029554,
    0.6472888942277932,
    0.6447853195703345,
    0.6476703932254462,
    0.6445110066249613,
    0.6288305956710392,
    0.6282916304534885,
    0.648449532906529,
    0.6450707065654653,
    0.6461443686620989,
    0.6428944375481651,
    0.6635928762005061,
    0.6465072470068849,
    0.6436875691716402,
    0.6478771034657036,
    0.6512440989085266,
    0.6369730027259617,
    0.6499814284365222,
    0.6299175121844938,
    0.6496698495740691,
    0.6327451302471827,
    0.6542693541428539,
    0.6550383655658227,
    0.6566383536820589,
    0.6581088767949561,
    0.6560036631597395,
    0.5998302512607083,
    0.6480982412170556,
    0.6905870993892986,
    0.6565372609365662
  ],
  "lam": [
    0.9998117284759072,
    0.9998340663700742,
    0.9998356629944344,
    0.999814611356851,
    0.9998331581399426,
    0.99984375,
    0.99984375,
    0.99984375,
    0.9998401284085163,
    0.9998395096990568,
    0.99984375,
    0.99984375,
    0.999838497716894,
    0.99984375,
    0.9998407669821078,
    0.99984375,
    0.99984375,
    0.99984375,
    0.9996179180711617,
    0.9998389168349694,
    0.99984375,
    0.99984375,
    0.99984375,
    0.99984375,
    0.9998430081951781,
    0.99984375,
    0.99984375,
    0.99984375,
    0.99984375,
    0.99984375
  ],
  "timesteps_per_actorbatch": [
    4998,
    5047,
    5006,
    4939,
    5032,
    5072,
    5200,
    5070,
    5021,
    5013,
    5039,
    4790,
    5023,
    4956,
    5029,
    5037,
    5146,
    5227,
    5068,
    5027,
    5055,
    5016,
    5017,
    5012,
    4985,
    5021,
    5472,
    5251,
    4896,
    5022
  ],
  "clip_param": [
    0.3241089131619782,
    0.32579888678004076,
    0.3264193400718092,
    0.3294483807931389,
    0.3307668389981854,
    0.3341293961961535,
    0.34289304866743975,
    0.3314101287673197,
    0.3295728813622258,
    0.32957911552907737,
    0.33175252259080074,
    0.3265356911245958,
    0.32960540432793467,
    0.3312505705175607,
    0.3297246258232567,
    0.32883124739058545,
    0.32819758649430997,
    0.3520089689673699,
    0.345876014576078,
    0.3306896789289358,
    0.32583754364599976,
    0.32912776695675156,
    0.3291896523271638,
    0.3286805792793514,
    0.32967902266816335,
    0.32985213142622943,
    0.3522682603274678,
    0.3229334418446206,
    0.39375839907324506,
    0.33240364023732766
  ],
  "entcoeff": [
    0.001,
    0.001,
    0.0009234053188806584,
    0.0009505701094814736,
    0.001,
    0.0008975416887004052,
    0.0002819662413928312,
    0.001,
    0.001,
    0.001,
    0.0005741251978969038,
    0.001,
    0.001,
    0.0007803201554386564,
    0.001,
    0.001,
    0.001,
    0.001,
    0.001,
    0.001,
    0.0007429181434020904,
    0.001,
    0.001,
    0.001,
    0.001,
    0.001,
    0.001,
    0.0009285910302778389,
    0.001,
    0.001
  ],
  "optim_epochs": [
    27,
    27,
    27,
    27,
    27,
    27,
    28,
    27,
    27,
    27,
    27,
    26,
    27,
    26,
    27,
    27,
    27,
    27,
    27,
    27,
    27,
    27,
    27,
    27,
    27,
    27,
    30,
    28,
    25,
    27
  ],
  "optim_stepsize": [
    0.0011523096010360773,
    0.0011631847137004007,
    0.0011640675516978373,
    0.0011534650835372411,
    0.0011549399882047533,
    0.0011522200995117604,
    0.0011502364508173346,
    0.0011765623223132982,
    0.0011668159721863133,
    0.001167386119835156,
    0.0011666731212297745,
    0.001166485063233326,
    0.001172192932088525,
    0.0011792782757699385,
    0.0011757963937920578,
    0.001182254517034545,
    0.001183472431412438,
    0.0011714717614609007,
    0.001153035531446538,
    0.0011721396955648468,
    0.0012430853210205828,
    0.0011884977550807383,
    0.0011902702566658336,
    0.0011898486857475714,
    0.001193595664080181,
    0.0011936046143610707,
    0.001139534982517836,
    0.0012174848539321028,
    0.0011538208483710454,
    0.0011945206311060894
  ],
  "optim_minibatches": [
    3,
    2,
    2,
    2,
    2,
    2,
    2,
    2,
    2,
    2,
    2,
    3,
    2,
    3,
    2,
    2,
    2,
    2,
    2,
    2,
    2,
    3,
    3,
    3,
    3,
    3,
    2,
    2,
    3,
    3
  ],
  "adam_epsilon": [
    2.266228063700594e-06,
    2.1603250031661623e-07,
    1.1314023250166484e-06,
    2.571627722988912e-06,
    5.93606888232811e-06,
    1.0520930722718177e-06,
    2.2262373937599236e-06,
    2.875425276814718e-07,
    1.858792986305703e-07,
    1.4699406752763663e-07,
    2.0080979146697666e-05,
    3.779573733195433e-05,
    0.00010000000000000009,
    1.308971117331284e-06,
    7.654148140538067e-07,
    1.4507590985630593e-05,
    7.616008314941437e-08,
    1.368588982874765e-07,
    1.49466202124705e-07,
    8.621028645417013e-05,
    3.167865093911561e-06,
    4.0664464833382464e-08,
    2.294666482617611e-08,
    4.081623761261108e-08,
    6.667668181061675e-05,
    1.5937509748805304e-05,
    5.00022104336831e-05,
    1.05447320499723e-06,
    5.305827951513254e-07,
    3.2801909760007897e-06
  ],
  "schedule": [
    "linear",
    "linear",
    "linear",
    "linear",
    "linear",
    "linear",
    "linear",
    "linear",
    "linear",
    "linear",
    "linear",
    "linear",
    "linear",
    "linear",
    "linear",
    "linear",
    "linear",
    "linear",
    "linear",
    "linear",
    "linear",
    "linear",
    "linear",
    "linear",
    "linear",
    "linear",
    "linear",
    "linear",
    "linear",
    "linear"
  ],
  "num_envs": 4,
  "results_dir_name": "results",
  "storage_dir_name": "storage",
  "train_set": "remaining",
  "eval_set": "remaining",
  "OPENAI_LOG_FORMAT": "csv",
  "walltime_hrs": 0.3,
  "num_checkpoints": 100,
  "eval_ntrajs": 10,
  "eval_nsteps": 200,
  "eval_seed": 12345,
  "looping_tree": {
    "method": "fixed",
    "environment": "fixed",
    "total_timesteps": "fixed",
    "rng_seed": "zip",
    "policy_kwargs": "fixed",
    "gamma": "zip",
    "lam": "zip",
    "timesteps_per_actorbatch": "zip",
    "clip_param": "zip",
    "entcoeff": "zip",
    "optim_epochs": "zip",
    "optim_stepsize": "zip",
    "optim_minibatches": "zip",
    "adam_epsilon": "zip",
    "schedule": "zip"
  }
}