{
  "description": "Hyper-parameter optimization for ppo1 on a low frequency environment",
  "method": "ppo1",
  "environment": "drop_leg_100hz",
  "total_timesteps": 4000000,
  "rng_seed": [
    1000,
    0,
    0,
    1000,
    2000,
    1000,
    0,
    1000,
    0,
    0,
    2000,
    2000,
    2000,
    1000,
    1000,
    0,
    2000,
    0,
    0,
    2000,
    2000,
    2000,
    2000,
    0,
    1000,
    2000,
    1000,
    0,
    0,
    0
  ],
  "policy_kwargs": {
    "net_arch": [
      {
        "vf": [
          64,
          64
        ],
        "pi": [
          64,
          64
        ]
      }
    ]
  },
  "gamma": [
    0.36,
    0.36,
    0.36,
    0.36,
    0.36,
    0.36,
    0.36,
    0.36,
    0.36,
    0.36,
    0.36,
    0.36,
    0.36,
    0.36,
    0.36,
    0.36,
    0.36,
    0.36,
    0.36,
    0.36,
    0.36,
    0.36,
    0.36,
    0.36,
    0.36,
    0.36,
    0.36,
    0.36,
    0.36,
    0.36
  ],
  "lam": [
    0.99984375,
    0.99984375,
    0.99984375,
    0.99984375,
    0.99984375,
    0.99984375,
    0.99984375,
    0.99984375,
    0.99984375,
    0.99984375,
    0.99984375,
    0.99984375,
    0.99984375,
    0.99984375,
    0.99984375,
    0.99984375,
    0.99984375,
    0.99984375,
    0.99984375,
    0.99984375,
    0.99984375,
    0.99984375,
    0.99984375,
    0.99984375,
    0.99984375,
    0.99984375,
    0.99984375,
    0.99984375,
    0.99984375,
    0.99984375
  ],
  "timesteps_per_actorbatch": [
    16384,
    16384,
    16384,
    16384,
    16384,
    16384,
    16384,
    16384,
    16384,
    16384,
    16384,
    16384,
    16384,
    16384,
    16384,
    16384,
    16384,
    16384,
    16384,
    16384,
    16384,
    16384,
    16384,
    16384,
    16384,
    16384,
    16384,
    16384,
    16384,
    16384
  ],
  "clip_param": [
    0.28013863224449054,
    0.2875191747278476,
    0.28314284686918517,
    0.2788594207851851,
    0.28599240697443423,
    0.2889724520047263,
    0.29476139872608903,
    0.2733714936386254,
    0.2784007792705178,
    0.28494979474780935,
    0.2844443822376752,
    0.2876102025770683,
    0.2852560742447356,
    0.28518227789468076,
    0.2982071670934715,
    0.2920966751858544,
    0.2806064696323558,
    0.2826174674031179,
    0.271719168597343,
    0.28480491973349686,
    0.2756614727967819,
    0.2768364789352207,
    0.2942938234586687,
    0.2844496354337043,
    0.28361457971153964,
    0.2873404953809938,
    0.28716857195533785,
    0.3113914665155445,
    0.29218865595942034,
    0.280958722158434
  ],
  "entcoeff": [
    0.0005060980862105631,
    0.001,
    0.001,
    0.001,
    0.001,
    0.001,
    0.001,
    0.0005635537955624928,
    0.001,
    0.001,
    0.001,
    0.0006377014648889957,
    0.001,
    0.001,
    0.001,
    0.0005050614558536721,
    0.001,
    0.001,
    0.001,
    0.001,
    0.001,
    0.001,
    0.0009940151541898673,
    0.001,
    0.001,
    0.001,
    0.001,
    0.001,
    0.001,
    0.001
  ],
  "optim_epochs": [
    39,
    41,
    38,
    39,
    40,
    39,
    38,
    38,
    38,
    38,
    38,
    40,
    38,
    38,
    38,
    36,
    38,
    38,
    38,
    38,
    38,
    38,
    38,
    38,
    38,
    40,
    37,
    37,
    37,
    38
  ],
  "optim_stepsize": [
    0.00552622412371899,
    0.005187745438624058,
    0.005416087305290547,
    0.004962488457367281,
    0.005112206233486872,
    0.005143493238139234,
    0.005040152579841926,
    0.0059584802375278485,
    0.005640061204761544,
    0.005411137728658278,
    0.005460854297802683,
    0.0051974064253805215,
    0.005452389766910772,
    0.005472803218427252,
    0.005157553055783761,
    0.005566620561658819,
    0.005621570982132972,
    0.005611164608514464,
    0.005917706320855849,
    0.005563021737357029,
    0.005780955808526407,
    0.005586944907959529,
    0.005299389759304729,
    0.005648695586773698,
    0.0055335465447994584,
    0.005229887602254631,
    0.005676745821571193,
    0.005479106340921191,
    0.005617986623423246,
    0.005807793963577612
  ],
  "optim_minibatches": [
    2,
    2,
    2,
    3,
    3,
    3,
    3,
    2,
    2,
    2,
    2,
    3,
    2,
    2,
    3,
    2,
    2,
    2,
    2,
    2,
    2,
    2,
    3,
    2,
    2,
    3,
    2,
    2,
    2,
    2
  ],
  "adam_epsilon": [
    0.00010000000000000009,
    3.704290258784039e-08,
    3.864239740463692e-06,
    1.2083173066088236e-06,
    2.3201910978234735e-07,
    1.573793628033527e-07,
    5.2437212839004025e-06,
    4.7226876311944285e-05,
    5.678134280018728e-07,
    1.6829244957415392e-07,
    5.3997971399067404e-05,
    4.922653567114885e-06,
    5.01468917816875e-05,
    4.977933048526887e-05,
    3.658786848591548e-05,
    4.6274919726254007e-07,
    2.0759549378413796e-07,
    3.188075960343624e-05,
    4.253568489707051e-05,
    3.1156998377451604e-07,
    7.472945540215754e-05,
    4.4821743518518e-05,
    5.12445121998129e-08,
    2.3742499790642968e-06,
    9.763866289022841e-07,
    2.2707271084987426e-05,
    4.877775986776581e-06,
    4.241868838526195e-05,
    1.2227116431241777e-06,
    1.4172643712524285e-06
  ],
  "schedule": [
    "linear",
    "linear",
    "linear",
    "linear",
    "linear",
    "linear",
    "linear",
    "linear",
    "linear",
    "linear",
    "linear",
    "linear",
    "linear",
    "linear",
    "linear",
    "linear",
    "linear",
    "linear",
    "linear",
    "linear",
    "linear",
    "linear",
    "linear",
    "linear",
    "linear",
    "linear",
    "linear",
    "linear",
    "linear",
    "linear"
  ],
  "num_envs": 4,
  "results_dir_name": "results",
  "storage_dir_name": "storage",
  "train_set": "remaining",
  "eval_set": "remaining",
  "OPENAI_LOG_FORMAT": "csv",
  "walltime_hrs": 0.3,
  "num_checkpoints": 100,
  "eval_ntrajs": 10,
  "eval_nsteps": 200,
  "eval_seed": 12345,
  "looping_tree": {
    "method": "fixed",
    "environment": "fixed",
    "total_timesteps": "fixed",
    "rng_seed": "zip",
    "policy_kwargs": "fixed",
    "gamma": "zip",
    "lam": "zip",
    "timesteps_per_actorbatch": "zip",
    "clip_param": "zip",
    "entcoeff": "zip",
    "optim_epochs": "zip",
    "optim_stepsize": "zip",
    "optim_minibatches": "zip",
    "adam_epsilon": "zip",
    "schedule": "zip"
  }
}