{
  "description": "Hyper-parameter optimization for ppo1 on a low frequency environment",
  "method": "ppo1",
  "environment": "drop_leg_100hz",
  "total_timesteps": 4000000,
  "rng_seed": [
    1000,
    1000,
    2000,
    2000,
    1000,
    0,
    0,
    2000,
    1000,
    1000,
    2000,
    1000,
    2000,
    2000,
    1000,
    1000,
    0,
    0,
    2000,
    0,
    2000,
    1000,
    0,
    0,
    2000,
    0,
    2000,
    0,
    1000,
    0
  ],
  "policy_kwargs": {
    "net_arch": [
      {
        "vf": [
          64,
          64
        ],
        "pi": [
          64,
          64
        ]
      }
    ]
  },
  "gamma": [
    0.36,
    0.36,
    0.36,
    0.36,
    0.36,
    0.36,
    0.36,
    0.36,
    0.36,
    0.36,
    0.36,
    0.36,
    0.36,
    0.36,
    0.36,
    0.36,
    0.36,
    0.36,
    0.36,
    0.36,
    0.36,
    0.36,
    0.36,
    0.36,
    0.36,
    0.36,
    0.36,
    0.36,
    0.36,
    0.36
  ],
  "lam": [
    0.36,
    0.36,
    0.36,
    0.36,
    0.36,
    0.36,
    0.36,
    0.36,
    0.36,
    0.36,
    0.36,
    0.36,
    0.36,
    0.36,
    0.36,
    0.36,
    0.36,
    0.36,
    0.36,
    0.36,
    0.36,
    0.36,
    0.36,
    0.36,
    0.36,
    0.36,
    0.36,
    0.36,
    0.36,
    0.36
  ],
  "timesteps_per_actorbatch": [
    1106,
    1153,
    1160,
    1159,
    1146,
    1110,
    1157,
    1142,
    1172,
    1113,
    1149,
    1140,
    1090,
    1094,
    1118,
    1159,
    1090,
    1139,
    1225,
    1099,
    1166,
    1168,
    1204,
    1195,
    1114,
    1174,
    1081,
    1181,
    1199,
    1102
  ],
  "clip_param": [
    0.02,
    0.021543958852982843,
    0.022470959742674098,
    0.02287390709129762,
    0.02,
    0.022377108062218598,
    0.02,
    0.02,
    0.023833315975718382,
    0.020272607830034362,
    0.02,
    0.02,
    0.020077573416781076,
    0.020780555017674673,
    0.02354816738038297,
    0.02,
    0.02,
    0.02169414221061718,
    0.021884321896207044,
    0.02002948571453454,
    0.024084941045067147,
    0.02406289615326509,
    0.020602700128981057,
    0.020119747861531496,
    0.02360260914904995,
    0.02407247234095071,
    0.021035123472836127,
    0.021892914957066755,
    0.020544016811477588,
    0.02
  ],
  "entcoeff": [
    0.001,
    0.001,
    0.001,
    0.001,
    0.001,
    0.001,
    0.001,
    0.001,
    0.001,
    0.001,
    0.001,
    0.001,
    0.001,
    0.001,
    0.001,
    0.001,
    0.001,
    0.001,
    0.001,
    0.001,
    0.001,
    0.001,
    0.001,
    0.001,
    0.001,
    0.001,
    0.001,
    0.001,
    0.001,
    0.001
  ],
  "optim_epochs": [
    1,
    1,
    1,
    1,
    1,
    1,
    1,
    1,
    1,
    1,
    1,
    1,
    1,
    1,
    1,
    1,
    1,
    1,
    1,
    1,
    1,
    1,
    1,
    1,
    1,
    1,
    1,
    1,
    1,
    1
  ],
  "optim_stepsize": [
    0.011396487817457831,
    0.011391464601045764,
    0.01125716978970029,
    0.01116307703319176,
    0.011708998903948642,
    0.010835310855186985,
    0.011891916253833169,
    0.011527343980221965,
    0.011220395275778009,
    0.011362954976296124,
    0.011810577165972266,
    0.011801710382575525,
    0.011203699538293537,
    0.011060403905080009,
    0.010657267695697832,
    0.01298185094886927,
    0.011320773705604177,
    0.011253299701022604,
    0.011819498887376849,
    0.01151618811409589,
    0.011041067327013473,
    0.011044171035005393,
    0.011978722404851688,
    0.012013571330068399,
    0.010722426679362851,
    0.011021985723739788,
    0.011063460231236506,
    0.011621091297529371,
    0.0119928622600092,
    0.01115807419865305
  ],
  "optim_minibatches": [
    54,
    49,
    48,
    48,
    50,
    56,
    48,
    44,
    45,
    55,
    51,
    64,
    58,
    58,
    57,
    48,
    61,
    48,
    45,
    59,
    48,
    48,
    44,
    45,
    54,
    46,
    62,
    41,
    45,
    56
  ],
  "adam_epsilon": [
    8.303071695134664e-06,
    4.693765248054077e-05,
    2.2677428583383246e-06,
    3.624177627775967e-05,
    7.282043637981767e-05,
    0.00010000000000000009,
    9.394734042198148e-05,
    2.135067042641301e-06,
    4.555849586550874e-05,
    0.00010000000000000009,
    0.00010000000000000009,
    7.603992684787157e-05,
    7.029743027783569e-06,
    3.942186225716323e-05,
    0.00010000000000000009,
    1.6940367735029986e-07,
    5.494574943594129e-07,
    0.00010000000000000009,
    4.753680223105727e-07,
    8.934380650287259e-07,
    2.347223933384204e-08,
    3.3172207621970587e-06,
    5.502030751047552e-05,
    3.628936690150184e-06,
    1.3924488410046011e-05,
    1.514385915996694e-05,
    3.661074767563564e-06,
    0.00010000000000000009,
    1.4554992560650878e-05,
    1.6916178811447384e-06
  ],
  "schedule": [
    "linear",
    "constant",
    "linear",
    "linear",
    "linear",
    "constant",
    "linear",
    "linear",
    "linear",
    "linear",
    "linear",
    "linear",
    "linear",
    "linear",
    "linear",
    "linear",
    "linear",
    "linear",
    "linear",
    "linear",
    "linear",
    "linear",
    "linear",
    "linear",
    "linear",
    "linear",
    "linear",
    "linear",
    "linear",
    "linear"
  ],
  "num_envs": 4,
  "results_dir_name": "results",
  "storage_dir_name": "storage",
  "train_set": "remaining",
  "eval_set": "remaining",
  "OPENAI_LOG_FORMAT": "csv",
  "walltime_hrs": 0.3,
  "num_checkpoints": 100,
  "eval_ntrajs": 10,
  "eval_nsteps": 200,
  "eval_seed": 12345,
  "looping_tree": {
    "method": "fixed",
    "environment": "fixed",
    "total_timesteps": "fixed",
    "rng_seed": "zip",
    "policy_kwargs": "fixed",
    "gamma": "zip",
    "lam": "zip",
    "timesteps_per_actorbatch": "zip",
    "clip_param": "zip",
    "entcoeff": "zip",
    "optim_epochs": "zip",
    "optim_stepsize": "zip",
    "optim_minibatches": "zip",
    "adam_epsilon": "zip",
    "schedule": "zip"
  }
}