{
  "description": "Hyper-parameter optimization for ppo1 on a low frequency environment",
  "method": "ppo1",
  "environment": "drop_leg_100hz",
  "total_timesteps": 4000000,
  "rng_seed": [
    2000,
    1000,
    1000,
    2000,
    1000,
    0,
    1000,
    1000,
    1000,
    1000,
    1000,
    1000,
    2000,
    2000,
    2000,
    1000,
    2000,
    0,
    0,
    2000,
    2000,
    1000,
    1000,
    2000,
    1000,
    0,
    1000,
    2000,
    2000,
    0
  ],
  "policy_kwargs": {
    "net_arch": [
      {
        "vf": [
          64,
          64
        ],
        "pi": [
          64,
          64
        ]
      }
    ]
  },
  "gamma": [
    0.9220184454752586,
    0.9245684791877549,
    0.9246524948320279,
    0.9248214740227368,
    0.9248520703550053,
    0.9247843721809387,
    0.9250140219116735,
    0.9251256075916484,
    0.9254425782697298,
    0.9253835707940672,
    0.9252148056614005,
    0.9255738181830262,
    0.9255293751781496,
    0.9259517694835779,
    0.925732552256937,
    0.9261296110727646,
    0.9257897507194557,
    0.9258500370271405,
    0.9261565657168208,
    0.9257852435378972,
    0.9262652431165063,
    0.926051268133929,
    0.9262967574313606,
    0.9263216689870083,
    0.9269489772594327,
    0.9265105547363343,
    0.9263148769755594,
    0.9257987167843389,
    0.926679508463194,
    0.9268653951583755
  ],
  "lam": [
    0.4560096855176139,
    0.36,
    0.36,
    0.36,
    0.36,
    0.36,
    0.36,
    0.36,
    0.36,
    0.36,
    0.36,
    0.36,
    0.36,
    0.36,
    0.36,
    0.36,
    0.36,
    0.36,
    0.36,
    0.36,
    0.36,
    0.36,
    0.36,
    0.36,
    0.36,
    0.36,
    0.36,
    0.36,
    0.36,
    0.36
  ],
  "timesteps_per_actorbatch": [
    8253,
    8105,
    8148,
    8163,
    8163,
    8153,
    8145,
    8165,
    8118,
    8173,
    8231,
    8064,
    8046,
    7802,
    8007,
    7841,
    8067,
    8019,
    7853,
    8390,
    7769,
    7800,
    7635,
    7736,
    7491,
    7756,
    7740,
    8291,
    7657,
    7493
  ],
  "clip_param": [
    0.4683903382350296,
    0.4526014153010152,
    0.4522933428171902,
    0.4515191643433354,
    0.45091121210846563,
    0.45104189116097043,
    0.4505846203048243,
    0.4507468293738841,
    0.4496018412012312,
    0.452522458432886,
    0.4523016551315109,
    0.44995030431158467,
    0.44938113202216834,
    0.445303034329895,
    0.4488317726990063,
    0.448208460066705,
    0.45009087870515097,
    0.44943214636731393,
    0.4473713818736687,
    0.4476452656402446,
    0.4470813580205939,
    0.44708302086077467,
    0.44714760008962573,
    0.4469378688631967,
    0.4468834429568419,
    0.4450093554040394,
    0.44791013631555837,
    0.4529646467429684,
    0.44701457464947103,
    0.4445784686408731
  ],
  "entcoeff": [
    0.00026765105911559696,
    0.000456807148819322,
    0.0002518588904984927,
    0.00030749515185366427,
    1.8408471675508768e-05,
    2.5414808467384725e-06,
    2.2791317813524046e-05,
    4.528196841733203e-05,
    5.914971189720633e-05,
    4.123429985950822e-05,
    0.000356977412670336,
    0.0001612998284771267,
    0.0007265386443195141,
    4.504588013586852e-05,
    0.0006142016209980484,
    0.00010444030822635729,
    2.09280545835739e-05,
    0.000563241320865376,
    0.00017343699112722213,
    2.882567554148621e-05,
    3.541778680416184e-05,
    9.524029986382071e-06,
    0.0004111634891341916,
    6.622242457835569e-05,
    0.0001402668215011069,
    0.0001614269174451689,
    8.74934854439517e-06,
    0.000266700963291935,
    1.703557668992345e-05,
    5.2178620389526956e-05
  ],
  "optim_epochs": [
    36,
    36,
    36,
    36,
    36,
    36,
    36,
    36,
    36,
    35,
    36,
    35,
    36,
    35,
    35,
    35,
    35,
    35,
    35,
    36,
    35,
    35,
    35,
    35,
    35,
    35,
    35,
    35,
    35,
    34
  ],
  "optim_stepsize": [
    0.0012285930129797688,
    0.0012529631648598354,
    0.00125603782928356,
    0.0012596199089351676,
    0.001260445708038217,
    0.0012613443245451878,
    0.001260965135520781,
    0.001263663346656589,
    0.0012602001492336258,
    0.0012817437354554356,
    0.0012672871399121977,
    0.0012586008412834818,
    0.0012578006741631868,
    0.0012453419591515245,
    0.0012583491715498088,
    0.0012343580367889352,
    0.0012593706125859042,
    0.0012576096609648263,
    0.0012482793067452535,
    0.0012983137111827422,
    0.0012412578476171834,
    0.0012438437131257578,
    0.001231916952609614,
    0.001239585458700619,
    0.0012065678011900717,
    0.0012416383510593482,
    0.0012454826617086356,
    0.001296302162638229,
    0.0012394523651626673,
    0.0012265879164755288
  ],
  "optim_minibatches": [
    64,
    64,
    64,
    64,
    64,
    64,
    64,
    64,
    64,
    64,
    64,
    64,
    64,
    64,
    64,
    64,
    64,
    64,
    64,
    64,
    64,
    64,
    64,
    64,
    64,
    64,
    64,
    64,
    64,
    64
  ],
  "adam_epsilon": [
    1.230431814898475e-05,
    1.4575253140898164e-06,
    2.093845843011858e-07,
    5.647574293028362e-07,
    1.5791530406981983e-07,
    4.8881475786303976e-08,
    1.6973905345569873e-05,
    2.265840037693211e-08,
    9.0540840136396e-07,
    5.9741979494260444e-06,
    7.759689957029588e-05,
    1.3234512633271799e-06,
    1.4203175027434405e-06,
    8.118540943609121e-05,
    1.3628461216189139e-06,
    1.645367503252034e-05,
    5.015910815448598e-06,
    9.829087697029307e-07,
    7.72806264210228e-06,
    3.872591889232731e-08,
    3.704269074231833e-05,
    1.637400288559004e-05,
    2.088648457530672e-06,
    4.967820376794908e-07,
    5.298793063247434e-07,
    4.465000367459129e-07,
    5.5495324331170115e-08,
    1.3215931990488522e-05,
    2.514077049450354e-08,
    6.66291316277422e-05
  ],
  "schedule": [
    "linear",
    "linear",
    "linear",
    "linear",
    "linear",
    "linear",
    "linear",
    "linear",
    "linear",
    "linear",
    "linear",
    "linear",
    "linear",
    "linear",
    "linear",
    "linear",
    "linear",
    "linear",
    "linear",
    "linear",
    "linear",
    "linear",
    "linear",
    "linear",
    "linear",
    "linear",
    "linear",
    "linear",
    "linear",
    "linear"
  ],
  "num_envs": 4,
  "results_dir_name": "results",
  "storage_dir_name": "storage",
  "train_set": "remaining",
  "eval_set": "remaining",
  "OPENAI_LOG_FORMAT": "csv",
  "walltime_hrs": 0.3,
  "num_checkpoints": 100,
  "eval_ntrajs": 10,
  "eval_nsteps": 200,
  "eval_seed": 12345,
  "looping_tree": {
    "method": "fixed",
    "environment": "fixed",
    "total_timesteps": "fixed",
    "rng_seed": "zip",
    "policy_kwargs": "fixed",
    "gamma": "zip",
    "lam": "zip",
    "timesteps_per_actorbatch": "zip",
    "clip_param": "zip",
    "entcoeff": "zip",
    "optim_epochs": "zip",
    "optim_stepsize": "zip",
    "optim_minibatches": "zip",
    "adam_epsilon": "zip",
    "schedule": "zip"
  }
}