{
  "description": "Hyper-parameter optimization for ppo1 on a low frequency environment",
  "method": "ppo1",
  "environment": "drop_leg_100hz",
  "total_timesteps": 4000000,
  "rng_seed": [
    2000,
    1000,
    1000,
    2000,
    2000,
    1000,
    0,
    0,
    2000,
    2000,
    0,
    2000,
    2000,
    0,
    0,
    1000,
    0,
    1000,
    1000,
    1000,
    0,
    2000,
    0,
    1000,
    2000,
    0,
    0,
    2000,
    0,
    0
  ],
  "policy_kwargs": {
    "net_arch": [
      {
        "vf": [
          64,
          64
        ],
        "pi": [
          64,
          64
        ]
      }
    ]
  },
  "gamma": [
    0.36,
    0.36,
    0.36,
    0.36,
    0.36,
    0.36,
    0.36,
    0.36,
    0.36,
    0.36,
    0.36,
    0.36,
    0.36,
    0.36,
    0.36,
    0.36,
    0.36,
    0.36,
    0.36,
    0.36,
    0.36,
    0.36,
    0.36,
    0.36,
    0.36,
    0.36,
    0.36,
    0.36,
    0.36,
    0.36
  ],
  "lam": [
    0.36,
    0.36,
    0.36,
    0.36,
    0.36,
    0.36,
    0.36,
    0.36,
    0.36,
    0.36,
    0.36,
    0.36,
    0.36,
    0.36,
    0.36,
    0.36,
    0.36,
    0.36,
    0.36,
    0.36,
    0.36,
    0.36,
    0.36,
    0.36,
    0.36,
    0.36,
    0.36,
    0.36,
    0.36,
    0.36
  ],
  "timesteps_per_actorbatch": [
    474,
    471,
    472,
    472,
    469,
    471,
    472,
    473,
    474,
    475,
    465,
    483,
    476,
    477,
    475,
    475,
    491,
    485,
    476,
    461,
    475,
    457,
    470,
    557,
    504,
    485,
    442,
    433,
    477,
    430
  ],
  "clip_param": [
    0.02,
    0.02,
    0.02,
    0.02,
    0.02,
    0.02,
    0.02,
    0.02,
    0.02,
    0.02,
    0.02,
    0.02,
    0.02,
    0.02,
    0.02,
    0.02,
    0.02,
    0.02,
    0.02,
    0.02,
    0.02,
    0.02,
    0.02,
    0.02,
    0.02,
    0.02,
    0.02,
    0.02,
    0.02,
    0.02
  ],
  "entcoeff": [
    0.001,
    0.001,
    0.001,
    0.001,
    0.001,
    0.001,
    0.001,
    0.001,
    0.001,
    0.001,
    0.001,
    0.001,
    0.001,
    0.001,
    0.001,
    0.001,
    0.0009829037803471721,
    0.0007187791711103452,
    0.001,
    0.001,
    0.001,
    0.001,
    0.001,
    0.001,
    0.0005019340761857804,
    0.001,
    0.001,
    0.001,
    0.001,
    0.001
  ],
  "optim_epochs": [
    102,
    103,
    104,
    104,
    103,
    105,
    105,
    108,
    108,
    111,
    105,
    111,
    112,
    111,
    113,
    113,
    114,
    115,
    98,
    101,
    105,
    113,
    96,
    116,
    117,
    114,
    112,
    109,
    115,
    107
  ],
  "optim_stepsize": [
    2.8651628950085207e-05,
    2.8290473872791577e-05,
    2.8122443742318978e-05,
    2.7901110858368098e-05,
    2.7954065863975603e-05,
    2.7490298493242042e-05,
    2.7849284912453382e-05,
    2.6713217296489053e-05,
    2.6514751448947203e-05,
    2.563796329510714e-05,
    2.794352748866252e-05,
    2.5821494017583185e-05,
    2.5448737551099026e-05,
    2.5701431755339997e-05,
    2.5208478003159657e-05,
    2.507092224687224e-05,
    2.579550420362371e-05,
    2.462521494849081e-05,
    2.939376213302147e-05,
    2.8053434972243486e-05,
    2.7186503500147286e-05,
    2.4605223236183068e-05,
    2.9191346318058973e-05,
    2.4637235933997865e-05,
    2.4601432369949618e-05,
    2.4358892483962272e-05,
    2.4767049474969405e-05,
    2.5162747382927316e-05,
    2.419334718048048e-05,
    2.6426822163340515e-05
  ],
  "optim_minibatches": [
    64,
    64,
    64,
    64,
    64,
    64,
    64,
    64,
    64,
    64,
    64,
    64,
    64,
    64,
    64,
    64,
    64,
    64,
    64,
    64,
    64,
    64,
    64,
    64,
    64,
    64,
    64,
    64,
    64,
    64
  ],
  "adam_epsilon": [
    4.903030171928328e-08,
    2.2185800618140356e-08,
    1.1131706967184947e-08,
    5.149499528617869e-06,
    5.085161749926386e-05,
    2.9400264293791454e-06,
    1.502118294546437e-06,
    5.5590263779429406e-08,
    5.039260479463485e-07,
    7.527897178805325e-08,
    1.1534232634581701e-06,
    8.014240192605248e-06,
    4.645946050145265e-07,
    5.864783140493004e-05,
    2.3207905698037782e-08,
    4.5953199088583125e-06,
    2.3344313127895781e-07,
    3.223529032832412e-05,
    1.8380666066414595e-05,
    4.15833257295061e-07,
    1.6638907088246985e-07,
    1.051247381566754e-07,
    1.2811365136820597e-08,
    7.036538184370387e-08,
    3.7452487140496543e-07,
    2.2031340009684253e-06,
    4.223659429492931e-08,
    4.224191821348186e-06,
    9.592539839859349e-08,
    1.1990427461272245e-08
  ],
  "schedule": [
    "linear",
    "linear",
    "linear",
    "linear",
    "linear",
    "linear",
    "linear",
    "linear",
    "linear",
    "linear",
    "linear",
    "linear",
    "linear",
    "linear",
    "linear",
    "linear",
    "linear",
    "linear",
    "linear",
    "linear",
    "linear",
    "linear",
    "linear",
    "linear",
    "linear",
    "linear",
    "linear",
    "linear",
    "linear",
    "linear"
  ],
  "num_envs": 4,
  "results_dir_name": "results",
  "storage_dir_name": "storage",
  "train_set": "remaining",
  "eval_set": "remaining",
  "OPENAI_LOG_FORMAT": "csv",
  "walltime_hrs": 0.3,
  "num_checkpoints": 100,
  "eval_ntrajs": 10,
  "eval_nsteps": 200,
  "eval_seed": 12345,
  "looping_tree": {
    "method": "fixed",
    "environment": "fixed",
    "total_timesteps": "fixed",
    "rng_seed": "zip",
    "policy_kwargs": "fixed",
    "gamma": "zip",
    "lam": "zip",
    "timesteps_per_actorbatch": "zip",
    "clip_param": "zip",
    "entcoeff": "zip",
    "optim_epochs": "zip",
    "optim_stepsize": "zip",
    "optim_minibatches": "zip",
    "adam_epsilon": "zip",
    "schedule": "zip"
  }
}