{
  "description": "Hyper-parameter optimization for ppo1 on a low frequency environment",
  "method": "ppo1",
  "environment": "drop_leg_100hz",
  "total_timesteps": 4000000,
  "rng_seed": [
    0,
    2000,
    1000,
    0,
    2000,
    1000,
    0,
    2000,
    2000,
    2000,
    1000,
    2000,
    1000,
    1000,
    2000,
    1000,
    2000,
    0,
    1000,
    2000,
    2000,
    0,
    0,
    1000,
    1000,
    1000,
    0,
    2000,
    2000,
    1000
  ],
  "policy_kwargs": {
    "net_arch": [
      {
        "vf": [
          64,
          64
        ],
        "pi": [
          64,
          64
        ]
      }
    ]
  },
  "gamma": [
    0.36,
    0.36,
    0.36,
    0.36,
    0.36,
    0.36,
    0.36,
    0.36,
    0.36,
    0.36,
    0.36,
    0.36,
    0.36,
    0.36,
    0.36,
    0.36,
    0.36,
    0.36,
    0.36,
    0.36,
    0.36,
    0.36,
    0.36,
    0.36,
    0.36,
    0.36,
    0.36,
    0.36,
    0.36,
    0.36
  ],
  "lam": [
    0.36,
    0.36,
    0.36,
    0.36,
    0.36,
    0.36,
    0.36,
    0.36,
    0.36,
    0.36,
    0.36,
    0.36,
    0.36,
    0.36,
    0.36,
    0.36,
    0.36,
    0.36,
    0.36,
    0.36,
    0.36,
    0.36,
    0.36,
    0.36,
    0.36,
    0.36,
    0.36,
    0.36,
    0.36,
    0.36
  ],
  "timesteps_per_actorbatch": [
    1178,
    1160,
    1156,
    1153,
    1146,
    1147,
    1145,
    1138,
    1129,
    1147,
    1136,
    1199,
    1091,
    1060,
    1119,
    1203,
    1037,
    1206,
    1118,
    1038,
    1044,
    1204,
    1126,
    1096,
    1182,
    1023,
    1037,
    1135,
    1003,
    1025
  ],
  "clip_param": [
    150.21585791078627,
    155.7366987902121,
    155.99705444447096,
    156.43927028829586,
    155.45335007677215,
    157.2373999024533,
    157.65977272227366,
    155.85161667341688,
    157.29268585662828,
    159.04744251365005,
    161.85266705194167,
    167.40438774043477,
    151.373653251643,
    153.75947317281825,
    156.79957997875366,
    173.64251888238934,
    150.84183225113557,
    172.57575757198808,
    174.41759201742624,
    150.53873036886688,
    156.37341157074198,
    173.99900725937286,
    170.9654687499819,
    161.2983827558625,
    181.48962234814917,
    159.0977761755815,
    158.1183289311886,
    178.79257805532075,
    156.4081331776656,
    160.84775022183038
  ],
  "entcoeff": [
    0.0002662374360808607,
    0.001,
    0.00013135366420089978,
    0.00010596148164630504,
    0.0008498319016458526,
    3.79946867603884e-05,
    0.0004018642195394829,
    0.00027832751426509257,
    0.00010883067509364628,
    3.642824925430106e-06,
    4.9431021032359144e-05,
    0.0006216092748125703,
    7.93355123174759e-05,
    0.00026919421988807666,
    0.00047724310683177506,
    0.00032705174497581614,
    0.00019153009712604823,
    0.0003851049533546854,
    0.0005305528667543292,
    0.00013917005554290815,
    0.0004547893093333943,
    0.0008674289121597955,
    0.0007473921317513168,
    8.203612939893188e-06,
    0.0005161022643288233,
    0.0005796976414634541,
    0.0009227534393781066,
    0.00016802952034132467,
    0.00034454803693448414,
    0.00025270590789923364
  ],
  "optim_epochs": [
    4,
    4,
    4,
    4,
    4,
    4,
    4,
    4,
    4,
    4,
    4,
    4,
    4,
    4,
    4,
    4,
    4,
    4,
    4,
    4,
    4,
    4,
    4,
    4,
    4,
    4,
    4,
    4,
    4,
    3
  ],
  "optim_stepsize": [
    0.000224504373926431,
    0.00022322006157083545,
    0.00022274175773674402,
    0.00022243243646335583,
    0.00022237057720638574,
    0.00022195008997109213,
    0.00022164867412463452,
    0.00022051953361234804,
    0.00022095291169660022,
    0.00022014782884045852,
    0.00022219431718830212,
    0.00021932118965848992,
    0.0002188774998390141,
    0.00022170720321919312,
    0.00021759868947767723,
    0.00021957472796467766,
    0.0002170549566606833,
    0.00021723238202593078,
    0.00021850305981871323,
    0.00021760367385982644,
    0.0002198196506755844,
    0.00021699660795827905,
    0.00022045802812399007,
    0.00021452286802204436,
    0.00021580092478675793,
    0.00021845793868250314,
    0.00021333686981128848,
    0.0002166908060208435,
    0.00021591297123540576,
    0.00021953309386767495
  ],
  "optim_minibatches": [
    16,
    16,
    16,
    16,
    16,
    16,
    16,
    15,
    15,
    15,
    18,
    15,
    12,
    17,
    12,
    18,
    13,
    15,
    17,
    13,
    18,
    14,
    20,
    11,
    15,
    17,
    12,
    18,
    14,
    18
  ],
  "adam_epsilon": [
    1.682057430739173e-05,
    1.0289244047512829e-06,
    7.202556804156529e-05,
    1.4811296191602512e-07,
    6.494469438267661e-08,
    5.415825049610082e-06,
    3.5797742426583995e-08,
    1.2576690126911112e-06,
    2.136782131346151e-08,
    8.027125197391294e-08,
    6.707435505846282e-08,
    3.7882572795536097e-07,
    5.072830263061412e-08,
    6.160248491258432e-07,
    1.2457622637487189e-05,
    4.932752429563829e-06,
    6.577718533718292e-08,
    7.444126856909497e-08,
    2.153587273161366e-08,
    5.807023121580764e-07,
    5.088734255335494e-05,
    1.2250698086966462e-05,
    8.00009518352079e-07,
    1.1273240208806871e-07,
    1.0298415231500553e-06,
    3.323856702562206e-08,
    1.0190217154437052e-05,
    5.1694484283155526e-08,
    3.528109896631246e-06,
    7.064376002076e-08
  ],
  "schedule": [
    "linear",
    "linear",
    "linear",
    "linear",
    "linear",
    "linear",
    "linear",
    "linear",
    "linear",
    "linear",
    "linear",
    "linear",
    "linear",
    "linear",
    "linear",
    "linear",
    "linear",
    "linear",
    "linear",
    "linear",
    "linear",
    "linear",
    "linear",
    "linear",
    "linear",
    "linear",
    "linear",
    "linear",
    "linear",
    "linear"
  ],
  "num_envs": 4,
  "results_dir_name": "results",
  "storage_dir_name": "storage",
  "train_set": "remaining",
  "eval_set": "remaining",
  "OPENAI_LOG_FORMAT": "csv",
  "walltime_hrs": 0.3,
  "num_checkpoints": 100,
  "eval_ntrajs": 10,
  "eval_nsteps": 200,
  "eval_seed": 12345,
  "looping_tree": {
    "method": "fixed",
    "environment": "fixed",
    "total_timesteps": "fixed",
    "rng_seed": "zip",
    "policy_kwargs": "fixed",
    "gamma": "zip",
    "lam": "zip",
    "timesteps_per_actorbatch": "zip",
    "clip_param": "zip",
    "entcoeff": "zip",
    "optim_epochs": "zip",
    "optim_stepsize": "zip",
    "optim_minibatches": "zip",
    "adam_epsilon": "zip",
    "schedule": "zip"
  }
}