{
  "description": "Hyper-parameter optimization for ppo1 on a low frequency environment",
  "method": "ppo1",
  "environment": "drop_leg_100hz",
  "total_timesteps": 4000000,
  "rng_seed": [
    2000,
    1000,
    0,
    0,
    2000,
    0,
    0,
    0,
    2000,
    0,
    0,
    0,
    2000,
    0,
    2000,
    0,
    0,
    2000,
    0,
    0,
    2000,
    1000,
    2000,
    1000,
    1000,
    1000,
    1000,
    0,
    1000,
    0
  ],
  "policy_kwargs": {
    "net_arch": [
      {
        "vf": [
          64,
          64
        ],
        "pi": [
          64,
          64
        ]
      }
    ]
  },
  "gamma": [
    0.4833681574017853,
    0.4903745822132778,
    0.4804046784052325,
    0.4903081665355681,
    0.49244618100666826,
    0.4845731584584275,
    0.47379071109637816,
    0.48653364866338444,
    0.45735019848044234,
    0.4854475800760334,
    0.4550011609043678,
    0.47383858934292244,
    0.44516712528439306,
    0.4338053922239795,
    0.5018845564331571,
    0.4433490173155161,
    0.42772262870554933,
    0.422263094413459,
    0.4699825696972383,
    0.42552571020141183,
    0.5007559885958228,
    0.3988841312257727,
    0.44647185627798003,
    0.42102139172407205,
    0.3964760976651762,
    0.4369436283184224,
    0.4501397111363308,
    0.38916098748477057,
    0.47489938344770555,
    0.451716252633956
  ],
  "lam": [
    0.36,
    0.36,
    0.36,
    0.36,
    0.36,
    0.36,
    0.36,
    0.36,
    0.36,
    0.36,
    0.36,
    0.36,
    0.36,
    0.36,
    0.36,
    0.36,
    0.36,
    0.36,
    0.36,
    0.36,
    0.36,
    0.36,
    0.36,
    0.36,
    0.36,
    0.36,
    0.36,
    0.36,
    0.36,
    0.36
  ],
  "timesteps_per_actorbatch": [
    420,
    413,
    422,
    411,
    425,
    409,
    427,
    403,
    426,
    395,
    426,
    387,
    426,
    392,
    381,
    436,
    427,
    405,
    384,
    429,
    437,
    398,
    377,
    423,
    409,
    382,
    435,
    401,
    438,
    432
  ],
  "clip_param": [
    0.02,
    0.02,
    0.02,
    0.02,
    0.02,
    0.02,
    0.02,
    0.02,
    0.02,
    0.02,
    0.02,
    0.02,
    0.02,
    0.02,
    0.02,
    0.02,
    0.02,
    0.02,
    0.02,
    0.02,
    0.02,
    0.02,
    0.02,
    0.02,
    0.02,
    0.02,
    0.02,
    0.02,
    0.02,
    0.02
  ],
  "entcoeff": [
    4.450104203339495e-05,
    9.628395592510745e-05,
    0.0006680910800741348,
    0.001,
    0.001,
    0.001,
    0.001,
    0.00021221306651428236,
    0.0005388184316719121,
    0.0003827839795774762,
    0.000670463493374891,
    0.0004347054264385104,
    0.00018703394181496052,
    3.9844371864626006e-05,
    0.001,
    0.0003863161405872165,
    4.273593471737356e-05,
    0.001,
    6.61414399128202e-05,
    5.089048654782855e-05,
    0.0002479208303488474,
    6.832294437325882e-05,
    0.0008930131614021442,
    0.000572920957028916,
    0.00015531428754052767,
    0.00035139031238289807,
    0.0006475230035334329,
    0.00024396445629453799,
    0.00030966957851875476,
    0.00040787205856829083
  ],
  "optim_epochs": [
    2,
    2,
    2,
    2,
    2,
    2,
    2,
    2,
    2,
    2,
    2,
    2,
    2,
    2,
    2,
    2,
    2,
    2,
    2,
    2,
    2,
    2,
    2,
    2,
    2,
    2,
    2,
    2,
    2,
    2
  ],
  "optim_stepsize": [
    0.0029473133909543366,
    0.002935669427501799,
    0.002993177795347504,
    0.0029818604226869065,
    0.0030448900837697222,
    0.0029659347906507397,
    0.003065364383248137,
    0.0029362162415489525,
    0.0031306463787962435,
    0.002888296831268535,
    0.0031425720397333535,
    0.002858550836881407,
    0.0031698856524645996,
    0.0029657168930239297,
    0.0029867253692136666,
    0.00322524440756937,
    0.0032088526314563966,
    0.0030716109187488997,
    0.0028691037070246515,
    0.0032170339424107534,
    0.0031844517606016724,
    0.0030700905499953493,
    0.0028993421199821116,
    0.003220588126137068,
    0.003150865262518965,
    0.0029192825344649762,
    0.0032869259199112006,
    0.0031090628166394736,
    0.0032950978022920656,
    0.0033133936633648066
  ],
  "optim_minibatches": [
    1,
    1,
    1,
    1,
    1,
    1,
    1,
    1,
    1,
    1,
    1,
    1,
    1,
    1,
    1,
    1,
    1,
    1,
    1,
    1,
    1,
    1,
    1,
    1,
    1,
    1,
    1,
    1,
    1,
    1
  ],
  "adam_epsilon": [
    1.7020144537556565e-07,
    6.366988520340766e-05,
    9.814052777023945e-06,
    0.00010000000000000009,
    3.472376675602376e-05,
    8.64519494469193e-06,
    1.67803294294846e-05,
    6.2244399218278395e-06,
    3.636380378161859e-07,
    5.76397580901519e-07,
    3.149024159587531e-07,
    1.0035917108508795e-06,
    1.6644190190782484e-05,
    2.7589360853493543e-05,
    0.00010000000000000009,
    5.111871607614508e-05,
    2.8558228621473947e-06,
    5.4000540064247214e-05,
    5.020513871253241e-05,
    2.7650690250080632e-05,
    6.128115408847664e-05,
    3.962443113639627e-05,
    9.934697947816732e-06,
    3.618381508039599e-07,
    8.835273615385982e-06,
    8.559321378691554e-05,
    1.1340651427251615e-05,
    7.36363706654435e-05,
    9.462524972253497e-06,
    3.1345495858324356e-06
  ],
  "schedule": [
    "linear",
    "linear",
    "linear",
    "linear",
    "linear",
    "linear",
    "linear",
    "linear",
    "linear",
    "linear",
    "linear",
    "linear",
    "linear",
    "linear",
    "linear",
    "linear",
    "linear",
    "linear",
    "linear",
    "linear",
    "linear",
    "linear",
    "linear",
    "linear",
    "linear",
    "linear",
    "linear",
    "linear",
    "linear",
    "linear"
  ],
  "num_envs": 4,
  "results_dir_name": "results",
  "storage_dir_name": "storage",
  "train_set": "remaining",
  "eval_set": "remaining",
  "OPENAI_LOG_FORMAT": "csv",
  "walltime_hrs": 0.3,
  "num_checkpoints": 100,
  "eval_ntrajs": 10,
  "eval_nsteps": 200,
  "eval_seed": 12345,
  "looping_tree": {
    "method": "fixed",
    "environment": "fixed",
    "total_timesteps": "fixed",
    "rng_seed": "zip",
    "policy_kwargs": "fixed",
    "gamma": "zip",
    "lam": "zip",
    "timesteps_per_actorbatch": "zip",
    "clip_param": "zip",
    "entcoeff": "zip",
    "optim_epochs": "zip",
    "optim_stepsize": "zip",
    "optim_minibatches": "zip",
    "adam_epsilon": "zip",
    "schedule": "zip"
  }
}