{
  "description": "Hyper-parameter optimization for ppo1 on a low frequency environment",
  "method": "ppo1",
  "environment": "drop_leg_100hz",
  "total_timesteps": 4000000,
  "rng_seed": [
    0,
    0,
    0,
    2000,
    2000,
    0,
    2000,
    1000,
    2000,
    2000,
    2000,
    2000,
    1000,
    0,
    0,
    0,
    0,
    2000,
    0,
    1000,
    1000,
    2000,
    2000,
    0,
    0,
    1000,
    1000,
    1000,
    0,
    0
  ],
  "policy_kwargs": {
    "net_arch": [
      {
        "vf": [
          64,
          64
        ],
        "pi": [
          64,
          64
        ]
      }
    ]
  },
  "gamma": [
    0.9911030305824932,
    0.7002209797263267,
    0.9497290382380563,
    0.9974781795537939,
    0.9996097916225486,
    0.9533737328882211,
    0.8919237099599696,
    0.9917497198677442,
    0.9685729090730014,
    0.4472372156673414,
    0.9978667696723637,
    0.8129776171165182,
    0.8018878116045797,
    0.9997973769935444,
    0.9989553793611827,
    0.9888912263204682,
    0.9993521172803659,
    0.9657639319237462,
    0.9679218739249967,
    0.9997703629177629,
    0.9997916452174063,
    0.9992816076554223,
    0.956603416862203,
    0.9456642999141969,
    0.9987606000617917,
    0.9540793980192183,
    0.9923830869145496,
    0.9801006087162994,
    0.9946893100458313,
    0.9991612276135222
  ],
  "lam": [
    0.9547499375813253,
    0.8876487659061014,
    0.9961096359068375,
    0.7279380935059395,
    0.9997713854949971,
    0.9067832618558815,
    0.9960291250799536,
    0.8326797498924297,
    0.9645810210967913,
    0.9724292169632412,
    0.9391224358913537,
    0.9977973828139505,
    0.9996629951658532,
    0.9934520157351553,
    0.9960588771241933,
    0.9900759733479583,
    0.6807938283150188,
    0.9367547000691252,
    0.9978198710887445,
    0.9987848663548745,
    0.8338920250295063,
    0.9992467733003974,
    0.9378600870208893,
    0.9897354692647037,
    0.9808072232224941,
    0.881698000889202,
    0.9442186190866575,
    0.9285462961847037,
    0.9780795684229384,
    0.9455460773564394
  ],
  "timesteps_per_actorbatch": [
    293,
    1288,
    4595,
    8555,
    500,
    3035,
    3832,
    8263,
    154,
    766,
    3636,
    10153,
    10517,
    81,
    15363,
    2490,
    1633,
    4387,
    2732,
    83,
    6428,
    3351,
    1453,
    8186,
    5789,
    66,
    66,
    382,
    1321,
    1015
  ],
  "clip_param": [
    0.0692202166055075,
    0.07593126237347725,
    0.17871852766997967,
    0.022226371665265927,
    0.02657049421534768,
    0.11294141070181414,
    8.729765657005938,
    0.16347639706904285,
    0.15950240514467892,
    2.754890359281011,
    24.35283389564194,
    1.3001484844129636,
    0.40342201415484236,
    3.931732432184561,
    119.68879007649869,
    0.2550155157665736,
    0.3253039114466233,
    0.2408671765474569,
    11.492522795808274,
    0.09371996468186321,
    0.33012546354410327,
    14.479269166656708,
    0.08320991600729466,
    1.0927626646532431,
    0.20624914990698548,
    0.050136937414043146,
    100.69270380293656,
    0.07652626280485494,
    0.04037440130008948,
    0.3556008579184746
  ],
  "entcoeff": [
    1.0435990620987288e-05,
    0.00019506302909619666,
    0.0001749677469213288,
    0.0002172532711748131,
    0.0009362150743909756,
    0.00011494748383038909,
    2.3293097498294583e-05,
    9.582688471701335e-05,
    0.0005626869667219814,
    3.878455366075477e-06,
    0.0009662074526579656,
    9.91884084413296e-05,
    0.0008792307252011757,
    3.912121686552647e-06,
    0.0005985921993139702,
    0.00011318900941789423,
    0.00027423372987956177,
    0.00031039774580343265,
    4.488094716111875e-06,
    4.6235376883527784e-07,
    5.1456656038780175e-05,
    0.0001506107300771974,
    0.0003916404194455176,
    0.00012835304228256433,
    0.00018913588321603335,
    7.971880540220162e-05,
    0.000598665524250547,
    0.0007404403026688762,
    0.0006156747385400762,
    0.00021504330522153668
  ],
  "optim_epochs": [
    2,
    74,
    2,
    2,
    24,
    2,
    15,
    11,
    4,
    9,
    46,
    41,
    21,
    4,
    90,
    103,
    6,
    27,
    34,
    54,
    4,
    2,
    38,
    49,
    64,
    44,
    34,
    24,
    61,
    5
  ],
  "optim_stepsize": [
    4.179067760256233e-05,
    4.5358149672145895e-05,
    0.04978862302746107,
    0.0008231324623545946,
    0.0017549358771956438,
    0.011225667295364795,
    0.005828789004641036,
    0.03385423511424381,
    2.0946874328502362e-05,
    0.02443516313102916,
    5.633739642287317e-05,
    0.002549468995862143,
    0.009058368734731682,
    0.00042150871883824535,
    0.005309154553309706,
    0.025290745685832124,
    1.206903500290736e-05,
    0.004366411928812259,
    0.004800881821967673,
    0.0023417772290213286,
    4.2383536631750474e-05,
    0.012128112587379778,
    5.3588052444551397e-05,
    0.0006612348065289339,
    0.007747151578815589,
    8.37277681825992e-05,
    0.0007135358907922151,
    0.00028599318421306083,
    0.00015120230171961099,
    0.004141611656797535
  ],
  "optim_minibatches": [
    5,
    31,
    2,
    6,
    3,
    8,
    51,
    2,
    1,
    11,
    1,
    1,
    24,
    2,
    1,
    2,
    2,
    58,
    10,
    24,
    63,
    47,
    47,
    1,
    4,
    7,
    4,
    10,
    2,
    2
  ],
  "adam_epsilon": [
    1.0195387347774254e-08,
    1.4048358503301491e-08,
    5.842076354913274e-06,
    6.361431270705292e-05,
    1.0708647169749881e-07,
    1.5797783484269695e-07,
    2.8518535272442075e-07,
    4.485449422380449e-06,
    2.7167926116531317e-08,
    2.268352011077379e-05,
    2.474874539772168e-08,
    1.1639990048752796e-07,
    1.9309683590824096e-07,
    7.04972382018608e-06,
    3.0577020933764304e-07,
    5.1574352803141835e-05,
    3.9326498384312826e-05,
    1.6671773496635348e-08,
    1.6015027399130451e-06,
    8.92241062659266e-06,
    5.9073371750126235e-08,
    3.3065429904270395e-05,
    3.5430601009144634e-07,
    6.579613261478562e-06,
    6.397120621785513e-05,
    1.1885058645896111e-05,
    8.990450139781401e-07,
    5.6761391931260376e-05,
    2.567061032911941e-05,
    2.3407790300804126e-05
  ],
  "schedule": [
    "linear",
    "linear",
    "linear",
    "linear",
    "linear",
    "linear",
    "linear",
    "linear",
    "linear",
    "linear",
    "linear",
    "linear",
    "linear",
    "linear",
    "linear",
    "linear",
    "linear",
    "linear",
    "linear",
    "linear",
    "linear",
    "linear",
    "linear",
    "linear",
    "linear",
    "linear",
    "linear",
    "linear",
    "linear",
    "linear"
  ],
  "num_envs": 4,
  "results_dir_name": "results",
  "storage_dir_name": "storage",
  "train_set": "remaining",
  "eval_set": "remaining",
  "OPENAI_LOG_FORMAT": "csv",
  "walltime_hrs": 0.3,
  "num_checkpoints": 100,
  "eval_ntrajs": 10,
  "eval_nsteps": 200,
  "eval_seed": 12345,
  "looping_tree": {
    "method": "fixed",
    "environment": "fixed",
    "total_timesteps": "fixed",
    "rng_seed": "zip",
    "policy_kwargs": "fixed",
    "gamma": "zip",
    "lam": "zip",
    "timesteps_per_actorbatch": "zip",
    "clip_param": "zip",
    "entcoeff": "zip",
    "optim_epochs": "zip",
    "optim_stepsize": "zip",
    "optim_minibatches": "zip",
    "adam_epsilon": "zip",
    "schedule": "zip"
  }
}