{
  "description": "Hyper-parameter optimization for ppo1 on a low frequency environment",
  "method": "ppo1",
  "environment": "drop_leg_100hz",
  "total_timesteps": 4000000,
  "rng_seed": [
    0,
    2000,
    0,
    1000,
    1000,
    0,
    1000,
    1000,
    0,
    1000,
    0,
    0,
    0,
    1000,
    2000,
    2000,
    1000,
    0,
    0,
    2000,
    2000,
    1000,
    0,
    2000,
    2000,
    0,
    2000,
    0,
    1000,
    2000
  ],
  "policy_kwargs": {
    "net_arch": [
      {
        "vf": [
          64,
          64
        ],
        "pi": [
          64,
          64
        ]
      }
    ]
  },
  "gamma": [
    0.36,
    0.36,
    0.36,
    0.36,
    0.36,
    0.36,
    0.36,
    0.36,
    0.36,
    0.36,
    0.36,
    0.36,
    0.36,
    0.36,
    0.36,
    0.36,
    0.36,
    0.36,
    0.36,
    0.36,
    0.36,
    0.36,
    0.36,
    0.36,
    0.36,
    0.36,
    0.36,
    0.36,
    0.36,
    0.36
  ],
  "lam": [
    0.36,
    0.36,
    0.36,
    0.36,
    0.36,
    0.36,
    0.36,
    0.36,
    0.36,
    0.36,
    0.36,
    0.36,
    0.36,
    0.36,
    0.36,
    0.36,
    0.36,
    0.36,
    0.36,
    0.36,
    0.36,
    0.36,
    0.36,
    0.36,
    0.36,
    0.36,
    0.36,
    0.36,
    0.36,
    0.36
  ],
  "timesteps_per_actorbatch": [
    1267,
    1264,
    1279,
    1271,
    1272,
    1257,
    1270,
    1261,
    1271,
    1246,
    1261,
    1217,
    1211,
    1249,
    1211,
    1193,
    1265,
    1262,
    1183,
    1167,
    1170,
    1189,
    1187,
    1181,
    1186,
    1164,
    1220,
    1214,
    1167,
    1159
  ],
  "clip_param": [
    1.0151221100161225,
    1.0367764785150817,
    1.037539486329149,
    1.0402778470911547,
    1.0565756196538363,
    1.0865088609835971,
    1.0576684863402692,
    1.0769067707380637,
    1.0328098328438868,
    1.1819743009827273,
    0.9962339490533708,
    1.1591888006298727,
    1.1672187395606786,
    0.9856649704175929,
    1.2120591448696432,
    1.2004343792530854,
    0.9888944242472563,
    1.2283561391574174,
    1.1655108727643633,
    1.1550315438960779,
    1.0921395402783458,
    1.2337546228890501,
    0.9845175818650519,
    1.2075331737906625,
    1.001898715557927,
    1.1920995143158317,
    1.2443520720434371,
    1.2680172978243667,
    1.01941267075536,
    1.2167676513748096
  ],
  "entcoeff": [
    0.001,
    0.00027083003433692735,
    0.0008220415142509699,
    0.00039422975637984695,
    2.589887613629859e-05,
    0.00026168862812373536,
    0.00017200508258534883,
    0.00045690262543957575,
    0.0003931888280805616,
    0.0003567426900024611,
    0.000983037052549501,
    0.00038985851214159935,
    0.0009408097166340525,
    0.0006271972603227965,
    0.0005697688902416898,
    0.00027525013536826694,
    0.0005518128216517682,
    0.0007652721638259447,
    0.0009430386998506259,
    9.555066029974967e-05,
    0.0006243572923019359,
    1.4061508008242123e-05,
    0.00025502019460044574,
    0.0004320774816008745,
    0.0005660325789542412,
    0.00048376619646154186,
    8.038605310699929e-05,
    1.630486275167567e-05,
    7.252729609679967e-05,
    0.00045742832273651705
  ],
  "optim_epochs": [
    6,
    6,
    6,
    6,
    6,
    6,
    6,
    6,
    6,
    6,
    6,
    6,
    6,
    6,
    6,
    6,
    6,
    6,
    6,
    6,
    6,
    6,
    6,
    6,
    6,
    6,
    6,
    6,
    6,
    6
  ],
  "optim_stepsize": [
    0.00040211179976573056,
    0.0003969109860902467,
    0.0004009465122092931,
    0.00040158099445474014,
    0.0003996508713370685,
    0.0004016098981792876,
    0.00039953984197767234,
    0.0003981163872614993,
    0.0004019968100649362,
    0.00038869094456631505,
    0.00040557346533763653,
    0.0003918366202336139,
    0.00039113113694037345,
    0.0004062974487295474,
    0.0003877843831283336,
    0.0003888559277277132,
    0.0004109640184832028,
    0.00038451601222850863,
    0.0003913607357559659,
    0.00039249859831193507,
    0.0003970713614115433,
    0.00038735512946566636,
    0.00040748471480393686,
    0.0003887858750278924,
    0.00040555146681522816,
    0.0003881152634070614,
    0.0003860138488958759,
    0.0003851899619533624,
    0.0004041400327836627,
    0.0003833712242066121
  ],
  "optim_minibatches": [
    64,
    64,
    64,
    64,
    64,
    64,
    64,
    64,
    64,
    64,
    64,
    64,
    64,
    64,
    64,
    64,
    64,
    64,
    64,
    64,
    64,
    64,
    64,
    64,
    64,
    64,
    64,
    64,
    64,
    64
  ],
  "adam_epsilon": [
    7.586429866409321e-06,
    2.1189466974125042e-06,
    7.398711984445739e-08,
    4.7073520291332466e-05,
    4.5427327430629875e-05,
    4.2994426522655076e-06,
    1.9896003743949108e-05,
    5.8144630937506225e-05,
    1.4030161837675364e-05,
    1.2765442135867603e-07,
    1.882018346581861e-07,
    9.337996618249188e-05,
    3.916731478708878e-05,
    4.267895901576641e-05,
    7.036802614259405e-08,
    1.8574082696788087e-08,
    6.395917478675061e-07,
    4.383508303935596e-07,
    1.5011712880341138e-08,
    1.0854630551558897e-05,
    1.0098530434262457e-06,
    3.4942566782013506e-05,
    4.3341666236587703e-07,
    1.680235774752881e-05,
    7.573933716906682e-05,
    1.134910089443634e-05,
    7.14735806154809e-05,
    6.416877559961462e-05,
    4.0475274940159894e-05,
    7.26987983646447e-07
  ],
  "schedule": [
    "linear",
    "linear",
    "linear",
    "linear",
    "linear",
    "linear",
    "linear",
    "linear",
    "linear",
    "linear",
    "linear",
    "linear",
    "linear",
    "linear",
    "linear",
    "linear",
    "linear",
    "linear",
    "linear",
    "linear",
    "linear",
    "linear",
    "linear",
    "linear",
    "linear",
    "linear",
    "linear",
    "linear",
    "linear",
    "linear"
  ],
  "num_envs": 4,
  "results_dir_name": "results",
  "storage_dir_name": "storage",
  "train_set": "remaining",
  "eval_set": "remaining",
  "OPENAI_LOG_FORMAT": "csv",
  "walltime_hrs": 0.3,
  "num_checkpoints": 100,
  "eval_ntrajs": 10,
  "eval_nsteps": 200,
  "eval_seed": 12345,
  "looping_tree": {
    "method": "fixed",
    "environment": "fixed",
    "total_timesteps": "fixed",
    "rng_seed": "zip",
    "policy_kwargs": "fixed",
    "gamma": "zip",
    "lam": "zip",
    "timesteps_per_actorbatch": "zip",
    "clip_param": "zip",
    "entcoeff": "zip",
    "optim_epochs": "zip",
    "optim_stepsize": "zip",
    "optim_minibatches": "zip",
    "adam_epsilon": "zip",
    "schedule": "zip"
  }
}