{
  "description": "Hyper-parameter optimization for ppo1 on a low frequency environment",
  "method": "ppo1",
  "environment": "drop_leg_100hz",
  "total_timesteps": 4000000,
  "rng_seed": [
    0,
    1000,
    2000
  ],
  "policy_kwargs": {
    "net_arch": [
      {
        "vf": [
          64,
          64
        ],
        "pi": [
          64,
          64
        ]
      }
    ]
  },
  "gamma": [
    0.9997590437018126,
    0.9054044301890327,
    0.9993829210521938,
    0.9971835110217684,
    0.8284487204283852,
    0.9992929389504299,
    0.9988213496711454,
    0.9989954961125189,
    0.9540584193122859,
    0.8712102317647284
  ],
  "lam": [
    0.9957128871803625,
    0.9705892904088101,
    0.982942270246556,
    0.9934187272517353,
    0.9991545006716211,
    0.9981824136786682,
    0.996304230285396,
    0.9968001986393453,
    0.9996062324736832,
    0.9948071742407625
  ],
  "timesteps_per_actorbatch": [
    362,
    4655,
    15644,
    11827,
    7131,
    1174,
    2681,
    10303,
    65,
    664
  ],
  "clip_param": [
    0.16564738170422388,
    41.19739538093596,
    1.1428069577335098,
    0.10222872505796153,
    1.5359436207372508,
    15.466024379124768,
    19.809397467036053,
    41.45318507121092,
    0.24591554162723625,
    22.13466093445489
  ],
  "entcoeff": [
    8.176537764422993e-05,
    1.4017396668350249e-05,
    0.00022374159399084404,
    3.3667920910557204e-05,
    7.953032451545835e-05,
    0.000446518262169148,
    0.00019132428551906473,
    2.0551002949498217e-07,
    1.5016170323498064e-05,
    0.0006691334299246494
  ],
  "optim_epochs": [
    94,
    57,
    84,
    22,
    121,
    34,
    32,
    102,
    2,
    14
  ],
  "optim_stepsize": [
    0.03986137528482073,
    1.392617258746507e-05,
    0.002307563558688016,
    0.0772514378789751,
    0.008236988212309488,
    0.002011730559887608,
    0.011140637377021428,
    0.09796722998506575,
    0.0010186014518548054,
    0.002590296219205726
  ],
  "optim_minibatches": [
    11,
    3,
    15,
    6,
    3,
    5,
    1,
    2,
    7,
    9
  ],
  "adam_epsilon": [
    9.432901898573354e-06,
    2.70298987195493e-06,
    3.0750912040815765e-08,
    6.601512443753042e-06,
    2.0231203526032884e-07,
    5.064451180308003e-06,
    3.71833202798546e-05,
    3.472196845933994e-05,
    1.1357895228678998e-07,
    3.9137789991539865e-05
  ],
  "schedule": [
    "linear",
    "linear",
    "linear",
    "linear",
    "linear",
    "linear",
    "linear",
    "linear",
    "linear",
    "linear"
  ],
  "num_envs": 4,
  "results_dir_name": "results",
  "storage_dir_name": "storage",
  "train_set": "remaining",
  "eval_set": "remaining",
  "OPENAI_LOG_FORMAT": "csv",
  "walltime_hrs": 0.3,
  "num_checkpoints": 100,
  "eval_ntrajs": 10,
  "eval_nsteps": 200,
  "eval_seed": 12345,
  "looping_tree": {
    "method": "fixed",
    "environment": "fixed",
    "total_timesteps": "fixed",
    "rng_seed": "cartesian",
    "policy_kwargs": "fixed",
    "gamma": "zip",
    "lam": "zip",
    "timesteps_per_actorbatch": "zip",
    "clip_param": "zip",
    "entcoeff": "zip",
    "optim_epochs": "zip",
    "optim_stepsize": "zip",
    "optim_minibatches": "zip",
    "adam_epsilon": "zip",
    "schedule": "zip"
  }
}