{
  "description": "Hyper-parameter optimization for ppo1 on a low frequency environment",
  "method": "ppo1",
  "environment": "drop_leg_100hz",
  "total_timesteps": 4000000,
  "rng_seed": [
    0,
    1000,
    2000
  ],
  "policy_kwargs": {
    "net_arch": [
      {
        "vf": [
          64,
          64
        ],
        "pi": [
          64,
          64
        ]
      }
    ]
  },
  "gamma": [
    0.9795023237405251,
    0.9997213829647805,
    0.999304937027727,
    0.9982783654344084,
    0.999779334990183,
    0.9993854074143953,
    0.5418414445233886,
    0.5251189613939604,
    0.5664094876160872,
    0.998846170454696
  ],
  "lam": [
    0.8935350998988699,
    0.9991774006201413,
    0.9043969551476143,
    0.9996031009128519,
    0.9431417931695779,
    0.9868161339875638,
    0.9950995178737666,
    0.9810578301049449,
    0.9987626542490056,
    0.9978449404273783
  ],
  "timesteps_per_actorbatch": [
    241,
    532,
    769,
    2901,
    721,
    2039,
    305,
    1026,
    6196,
    14390
  ],
  "clip_param": [
    0.04635503121815915,
    8.390570835894229,
    2.5910435946099897,
    28.65231363450742,
    0.5024208690200698,
    0.42035935241901073,
    0.02020561729383873,
    7.731334619701917,
    0.6788296851089664,
    172.87551264258389
  ],
  "entcoeff": [
    3.88261956052785e-06,
    0.0004871008243615817,
    0.0006064206285153863,
    0.00020227671356605123,
    0.00016166320650634868,
    7.265999443241259e-05,
    0.00015158176249305505,
    0.000871741067270507,
    0.00020310427205659872,
    0.00015226968103049262
  ],
  "optim_epochs": [
    12,
    27,
    54,
    2,
    28,
    8,
    9,
    17,
    6,
    92
  ],
  "optim_stepsize": [
    0.0007848752884822698,
    0.009260595182922932,
    0.0008508832622022671,
    0.00020124419965394653,
    1.778338893376791e-05,
    0.009041153167940975,
    0.054212687535780006,
    5.035519610884024e-05,
    0.00024485043092754963,
    0.09129447851279726
  ],
  "optim_minibatches": [
    10,
    2,
    2,
    2,
    1,
    11,
    4,
    21,
    52,
    52
  ],
  "adam_epsilon": [
    4.740492284142495e-05,
    7.361274468214995e-08,
    2.514643931740475e-05,
    4.611326675780447e-06,
    1.145302426818576e-05,
    3.7006134946711923e-07,
    3.0495889883075906e-06,
    1.046222015496326e-06,
    3.724521862812258e-05,
    8.810731708511507e-07
  ],
  "schedule": [
    "linear",
    "linear",
    "linear",
    "linear",
    "linear",
    "linear",
    "linear",
    "linear",
    "linear",
    "linear"
  ],
  "num_envs": 4,
  "results_dir_name": "results",
  "storage_dir_name": "storage",
  "train_set": "remaining",
  "eval_set": "remaining",
  "OPENAI_LOG_FORMAT": "csv",
  "walltime_hrs": 0.3,
  "num_checkpoints": 100,
  "eval_ntrajs": 10,
  "eval_nsteps": 200,
  "eval_seed": 12345,
  "looping_tree": {
    "method": "fixed",
    "environment": "fixed",
    "total_timesteps": "fixed",
    "rng_seed": "cartesian",
    "policy_kwargs": "fixed",
    "gamma": "zip",
    "lam": "zip",
    "timesteps_per_actorbatch": "zip",
    "clip_param": "zip",
    "entcoeff": "zip",
    "optim_epochs": "zip",
    "optim_stepsize": "zip",
    "optim_minibatches": "zip",
    "adam_epsilon": "zip",
    "schedule": "zip"
  }
}