{
  "description": "Hyper-parameter optimization for ppo1 on a low frequency environment",
  "method": "ppo1",
  "environment": "drop_leg_100hz",
  "total_timesteps": 4000000,
  "rng_seed": [
    0,
    1000,
    2000
  ],
  "policy_kwargs": {
    "net_arch": [
      {
        "vf": [
          64,
          64
        ],
        "pi": [
          64,
          64
        ]
      }
    ]
  },
  "gamma": [
    0.9793977579533301,
    0.9942328892165254,
    0.991422457027265,
    0.41198178091439797,
    0.8370066202679523,
    0.9887214595077805,
    0.9983215477810593,
    0.9961086882552543,
    0.8868384740766408,
    0.9843827298982739
  ],
  "lam": [
    0.9961311406949914,
    0.9990955435096239,
    0.9246668135690324,
    0.6051987322719341,
    0.9988909975800674,
    0.9997155187341669,
    0.8820984651176089,
    0.9455126745699268,
    0.9813188758727309,
    0.9879897259001413
  ],
  "timesteps_per_actorbatch": [
    14394,
    112,
    1378,
    5879,
    5858,
    249,
    1183,
    10144,
    503,
    2802
  ],
  "clip_param": [
    88.09234964991515,
    0.08283717632549507,
    97.57334396883638,
    36.503105941244456,
    33.797977245886074,
    0.21801849633054773,
    0.021759112523046818,
    0.25418757546144705,
    6.772832379365088,
    71.61939815946228
  ],
  "entcoeff": [
    8.679180684594505e-05,
    5.827258302430154e-05,
    0.0004992135131435048,
    0.0007445951084473764,
    7.630763946131123e-05,
    1.5687163880235124e-06,
    0.00027167836306017364,
    5.643264323886367e-05,
    2.6080598928777627e-06,
    6.018507535781683e-06
  ],
  "optim_epochs": [
    4,
    6,
    1,
    12,
    7,
    27,
    10,
    11,
    69,
    5
  ],
  "optim_stepsize": [
    0.01887715455426403,
    0.00524577285338712,
    0.010114561781925692,
    0.04695447315909149,
    0.0007663716234130588,
    0.04975606634896094,
    0.003268700456055922,
    0.00011019309605354211,
    0.0003435138696842263,
    0.03893642803118235
  ],
  "optim_minibatches": [
    2,
    12,
    17,
    3,
    2,
    5,
    16,
    1,
    2,
    2
  ],
  "adam_epsilon": [
    1.4230197487128104e-05,
    2.470280326529514e-05,
    1.0667830727103406e-06,
    1.7336403483805324e-08,
    9.56546560942347e-07,
    2.945584881406008e-06,
    9.08637919766439e-08,
    6.664999772526733e-07,
    7.145534879524269e-05,
    4.3798444944390186e-07
  ],
  "schedule": [
    "linear",
    "linear",
    "linear",
    "linear",
    "linear",
    "linear",
    "linear",
    "linear",
    "linear",
    "linear"
  ],
  "num_envs": 4,
  "results_dir_name": "results",
  "storage_dir_name": "storage",
  "train_set": "remaining",
  "eval_set": "remaining",
  "OPENAI_LOG_FORMAT": "csv",
  "walltime_hrs": 0.3,
  "num_checkpoints": 100,
  "eval_ntrajs": 10,
  "eval_nsteps": 200,
  "eval_seed": 12345,
  "looping_tree": {
    "method": "fixed",
    "environment": "fixed",
    "total_timesteps": "fixed",
    "rng_seed": "cartesian",
    "policy_kwargs": "fixed",
    "gamma": "zip",
    "lam": "zip",
    "timesteps_per_actorbatch": "zip",
    "clip_param": "zip",
    "entcoeff": "zip",
    "optim_epochs": "zip",
    "optim_stepsize": "zip",
    "optim_minibatches": "zip",
    "adam_epsilon": "zip",
    "schedule": "zip"
  }
}