{
  "description": "Hyper-parameter optimization for ppo1 on a low frequency environment",
  "method": "ppo1",
  "environment": "drop_leg_100hz",
  "total_timesteps": 4000000,
  "rng_seed": [
    0,
    1000,
    2000
  ],
  "policy_kwargs": {
    "net_arch": [
      {
        "vf": [
          64,
          64
        ],
        "pi": [
          64,
          64
        ]
      }
    ]
  },
  "gamma": [
    0.6799050061442214,
    0.9997279498921345,
    0.46393589186220807,
    0.4388544269278103,
    0.9623020423951663,
    0.9989894799158836,
    0.9996013235619424,
    0.9978995544451185,
    0.9943414111716304,
    0.9997440665444391
  ],
  "lam": [
    0.8363530165523476,
    0.6062143240871548,
    0.9997198963540115,
    0.9858149123970109,
    0.994093676136646,
    0.985721868861709,
    0.9998417811280232,
    0.9995716021946642,
    0.9994309573924433,
    0.9971423928266919
  ],
  "timesteps_per_actorbatch": [
    121,
    1759,
    559,
    4695,
    526,
    685,
    151,
    548,
    178,
    1405
  ],
  "clip_param": [
    0.6099872783050176,
    0.03154300554587745,
    3.059832425198903,
    42.953161659467824,
    36.66746451765488,
    1.0871872104616411,
    1.1781252881183129,
    27.284756238116895,
    0.07266702554849278,
    3.1616086835256714
  ],
  "entcoeff": [
    5.8451066478438805e-06,
    0.00015641541224013344,
    1.1511478562887036e-05,
    0.0007960464640728728,
    2.1032617483197635e-05,
    0.0009074127795384081,
    4.203081088805281e-05,
    2.6384824594762403e-05,
    9.133783911519865e-05,
    0.0005947010994061705
  ],
  "optim_epochs": [
    3,
    36,
    62,
    51,
    15,
    2,
    6,
    78,
    38,
    38
  ],
  "optim_stepsize": [
    0.0010258203922683836,
    0.011376912320841428,
    0.00019900701856703058,
    0.021086903939336234,
    0.0003974179489793216,
    8.179964947022828e-05,
    0.0012145360414834393,
    0.05482135305416392,
    0.0003137257034615462,
    0.002733483597201929
  ],
  "optim_minibatches": [
    1,
    38,
    1,
    7,
    22,
    9,
    16,
    3,
    18,
    34
  ],
  "adam_epsilon": [
    2.03589529177101e-08,
    1.5125646191197315e-08,
    4.44519904148354e-08,
    1.140709520023117e-07,
    2.772626741650144e-07,
    5.505365638522365e-06,
    1.909450076312881e-05,
    4.56099186902371e-06,
    5.67224469596585e-07,
    1.7351146139412628e-08
  ],
  "schedule": [
    "linear",
    "linear",
    "linear",
    "linear",
    "linear",
    "linear",
    "linear",
    "linear",
    "linear",
    "linear"
  ],
  "num_envs": 4,
  "results_dir_name": "results",
  "storage_dir_name": "storage",
  "train_set": "remaining",
  "eval_set": "remaining",
  "OPENAI_LOG_FORMAT": "csv",
  "walltime_hrs": 0.3,
  "num_checkpoints": 100,
  "eval_ntrajs": 10,
  "eval_nsteps": 200,
  "eval_seed": 12345,
  "looping_tree": {
    "method": "fixed",
    "environment": "fixed",
    "total_timesteps": "fixed",
    "rng_seed": "cartesian",
    "policy_kwargs": "fixed",
    "gamma": "zip",
    "lam": "zip",
    "timesteps_per_actorbatch": "zip",
    "clip_param": "zip",
    "entcoeff": "zip",
    "optim_epochs": "zip",
    "optim_stepsize": "zip",
    "optim_minibatches": "zip",
    "adam_epsilon": "zip",
    "schedule": "zip"
  }
}