{
  "description": "Hyper-parameter optimization for ppo1 on a low frequency environment",
  "method": "ppo1",
  "environment": "drop_leg_100hz",
  "total_timesteps": 4000000,
  "rng_seed": [
    0,
    1000,
    2000
  ],
  "policy_kwargs": {
    "net_arch": [
      {
        "vf": [
          64,
          64
        ],
        "pi": [
          64,
          64
        ]
      }
    ]
  },
  "gamma": [
    0.9989961154508937,
    0.9996797316215076,
    0.5115187249835174,
    0.6967077859853266,
    0.9782259350615191,
    0.8846714246299847,
    0.9930300448372089,
    0.9909595879206018,
    0.9991938360376632,
    0.993920206199883
  ],
  "lam": [
    0.9551007234752168,
    0.9565302537124615,
    0.9990274352286955,
    0.7544646359314968,
    0.9937470450170458,
    0.772801236820694,
    0.9761435443466187,
    0.9868891848419651,
    0.8543839294125333,
    0.989748837802688
  ],
  "timesteps_per_actorbatch": [
    9407,
    761,
    362,
    802,
    3186,
    5191,
    278,
    285,
    5805,
    136
  ],
  "clip_param": [
    169.8222338429544,
    192.42195786254436,
    28.923418547288534,
    146.57518940283293,
    68.01924009960581,
    0.037194806816127954,
    0.6063365245725327,
    101.27748823517948,
    1.2733886346899468,
    1.710242168146927
  ],
  "entcoeff": [
    0.0007116796492188721,
    2.0738295218678656e-05,
    0.00026558523022382366,
    0.00019992914647381217,
    4.103807312117088e-05,
    3.29701825769195e-05,
    0.0003559223050730068,
    0.00010017342713240928,
    4.4834144355519574e-05,
    7.62977365051958e-06
  ],
  "optim_epochs": [
    1,
    24,
    3,
    7,
    40,
    9,
    1,
    79,
    47,
    2
  ],
  "optim_stepsize": [
    0.0012573489493993913,
    0.0005188504626000095,
    0.009929358058809531,
    5.5900232287561544e-05,
    0.00010229448387918639,
    1.859026112145219e-05,
    1.0584389662804192e-05,
    0.0027660301469333566,
    0.03483525982688733,
    3.193299715292821e-05
  ],
  "optim_minibatches": [
    1,
    50,
    7,
    12,
    2,
    5,
    53,
    23,
    15,
    28
  ],
  "adam_epsilon": [
    3.918962179407193e-08,
    1.0810688103446076e-05,
    4.0074689336644586e-08,
    8.995804856377959e-08,
    1.4924484426011809e-06,
    4.0407950081561045e-08,
    8.012391335684952e-07,
    7.37096508073845e-08,
    8.64062924509794e-07,
    3.621955957534146e-05
  ],
  "schedule": [
    "linear",
    "linear",
    "linear",
    "linear",
    "linear",
    "linear",
    "linear",
    "linear",
    "linear",
    "linear"
  ],
  "num_envs": 4,
  "results_dir_name": "results",
  "storage_dir_name": "storage",
  "train_set": "remaining",
  "eval_set": "remaining",
  "OPENAI_LOG_FORMAT": "csv",
  "walltime_hrs": 0.3,
  "num_checkpoints": 100,
  "eval_ntrajs": 10,
  "eval_nsteps": 200,
  "eval_seed": 12345,
  "looping_tree": {
    "method": "fixed",
    "environment": "fixed",
    "total_timesteps": "fixed",
    "rng_seed": "cartesian",
    "policy_kwargs": "fixed",
    "gamma": "zip",
    "lam": "zip",
    "timesteps_per_actorbatch": "zip",
    "clip_param": "zip",
    "entcoeff": "zip",
    "optim_epochs": "zip",
    "optim_stepsize": "zip",
    "optim_minibatches": "zip",
    "adam_epsilon": "zip",
    "schedule": "zip"
  }
}