{
  "description": "Hyper-parameter optimization for ppo1 on a low frequency environment",
  "method": "ppo1",
  "environment": "drop_leg_100hz",
  "total_timesteps": 4000000,
  "rng_seed": [
    0,
    1000,
    2000
  ],
  "policy_kwargs": {
    "net_arch": [
      {
        "vf": [
          64,
          64
        ],
        "pi": [
          64,
          64
        ]
      }
    ]
  },
  "gamma": [
    0.8832559872766459,
    0.7359631329746195,
    0.9573370457749972,
    0.47875653903538007,
    0.7119239753310941,
    0.9997160160095382,
    0.865812016455946,
    0.9983168500945364,
    0.998407179828291,
    0.9997629835309634
  ],
  "lam": [
    0.9943068474967811,
    0.9466475162680663,
    0.9834794155112101,
    0.989289452876923,
    0.896425318758441,
    0.9959777459716493,
    0.7753041655516922,
    0.9903215320306049,
    0.9698797272443871,
    0.7378855374459644
  ],
  "timesteps_per_actorbatch": [
    2400,
    3540,
    165,
    3631,
    172,
    10007,
    2153,
    10232,
    363,
    81
  ],
  "clip_param": [
    0.3685803804562408,
    140.04155999680899,
    14.819872896710985,
    31.806140375875312,
    2.004107470911514,
    0.0937559655567538,
    0.36560624823651244,
    1.917295401718771,
    2.716182296725314,
    26.8150375310013
  ],
  "entcoeff": [
    1.3368584420251796e-05,
    3.9472118505249136e-07,
    7.654035741696874e-05,
    0.0006376649567912628,
    0.00041061034386763646,
    0.00033749628748863046,
    0.00012779851874522387,
    4.067018923573132e-05,
    2.2068327040938092e-05,
    0.0005010960751195256
  ],
  "optim_epochs": [
    18,
    24,
    34,
    13,
    4,
    2,
    28,
    3,
    11,
    83
  ],
  "optim_stepsize": [
    0.004099287587140432,
    0.030810848243120935,
    0.0050991154743742,
    1.6137274271970347e-05,
    0.0006878485251341612,
    0.0003231318859262512,
    0.0019685491419794065,
    0.014832105304401757,
    0.00025957483521496733,
    0.020207924343523663
  ],
  "optim_minibatches": [
    55,
    29,
    62,
    12,
    7,
    8,
    28,
    3,
    3,
    4
  ],
  "adam_epsilon": [
    5.229550621377302e-05,
    9.791725659397484e-06,
    3.7145081158937875e-06,
    1.2805516591124882e-08,
    1.8767224342330478e-05,
    1.3359787103377106e-06,
    3.430795917618814e-07,
    3.57838363691869e-05,
    6.046267195142537e-05,
    1.1883429354056893e-05
  ],
  "schedule": [
    "linear",
    "linear",
    "linear",
    "linear",
    "linear",
    "linear",
    "linear",
    "linear",
    "linear",
    "linear"
  ],
  "num_envs": 4,
  "results_dir_name": "results",
  "storage_dir_name": "storage",
  "train_set": "remaining",
  "eval_set": "remaining",
  "OPENAI_LOG_FORMAT": "csv",
  "walltime_hrs": 0.3,
  "num_checkpoints": 100,
  "eval_ntrajs": 10,
  "eval_nsteps": 200,
  "eval_seed": 12345,
  "looping_tree": {
    "method": "fixed",
    "environment": "fixed",
    "total_timesteps": "fixed",
    "rng_seed": "cartesian",
    "policy_kwargs": "fixed",
    "gamma": "zip",
    "lam": "zip",
    "timesteps_per_actorbatch": "zip",
    "clip_param": "zip",
    "entcoeff": "zip",
    "optim_epochs": "zip",
    "optim_stepsize": "zip",
    "optim_minibatches": "zip",
    "adam_epsilon": "zip",
    "schedule": "zip"
  }
}