{
  "description": "Hyper-parameter optimization for ppo1 on a low frequency environment",
  "method": "ppo1",
  "environment": "drop_leg_100hz",
  "total_timesteps": 4000000,
  "rng_seed": [
    0,
    1000,
    2000
  ],
  "policy_kwargs": {
    "net_arch": [
      {
        "vf": [
          64,
          64
        ],
        "pi": [
          64,
          64
        ]
      }
    ]
  },
  "gamma": [
    0.9994826896316394,
    0.9997672088064272,
    0.8294363040308137,
    0.7374793743421302,
    0.5641943842289858,
    0.9980740786308723,
    0.9091967014528797,
    0.907885780745654,
    0.7802858776325438,
    0.998940266290999
  ],
  "lam": [
    0.999797364877998,
    0.982958220865517,
    0.46200024328528455,
    0.9943404573120938,
    0.9989199154680332,
    0.8480538139571422,
    0.9989089416232646,
    0.9909347619679288,
    0.6720039495450008,
    0.9998103636695805
  ],
  "timesteps_per_actorbatch": [
    206,
    451,
    2066,
    4413,
    1007,
    6471,
    74,
    193,
    3595,
    67
  ],
  "clip_param": [
    0.06068693561997071,
    0.2765900184876414,
    0.08872720757200692,
    0.28731989876152936,
    0.1359332774063083,
    0.0892355741121596,
    9.282317918974444,
    107.39783756762516,
    0.12196106598181491,
    39.81806901622928
  ],
  "entcoeff": [
    1.038882743759511e-05,
    0.00042316839680429566,
    9.201294907293415e-05,
    0.00013320761607655825,
    9.119790621454458e-06,
    2.5769091013130148e-05,
    7.4419602862091055e-06,
    8.96848967262162e-05,
    1.833693111891571e-05,
    0.00012037987179746968
  ],
  "optim_epochs": [
    2,
    86,
    62,
    2,
    34,
    11,
    128,
    9,
    4,
    13
  ],
  "optim_stepsize": [
    0.0006717488180319802,
    3.811722614002332e-05,
    1.2370232051679875e-05,
    0.013375476727462872,
    0.05401185491008083,
    0.00027044795193729217,
    0.02119784268083962,
    1.652558362075038e-05,
    0.00455417115618316,
    0.003933346116662198
  ],
  "optim_minibatches": [
    36,
    16,
    1,
    3,
    1,
    23,
    1,
    15,
    2,
    2
  ],
  "adam_epsilon": [
    4.493930433495788e-06,
    1.0092369808231947e-08,
    5.387522510252136e-06,
    1.6293930544235605e-06,
    5.58954840429985e-07,
    5.145151703996099e-07,
    7.352816391446581e-07,
    1.0620906843892706e-07,
    3.7938618121084797e-07,
    1.3642361475353876e-08
  ],
  "schedule": [
    "linear",
    "linear",
    "linear",
    "linear",
    "linear",
    "linear",
    "linear",
    "linear",
    "linear",
    "linear"
  ],
  "num_envs": 4,
  "results_dir_name": "results",
  "storage_dir_name": "storage",
  "train_set": "remaining",
  "eval_set": "remaining",
  "OPENAI_LOG_FORMAT": "csv",
  "walltime_hrs": 0.3,
  "num_checkpoints": 100,
  "eval_ntrajs": 10,
  "eval_nsteps": 200,
  "eval_seed": 12345,
  "looping_tree": {
    "method": "fixed",
    "environment": "fixed",
    "total_timesteps": "fixed",
    "rng_seed": "cartesian",
    "policy_kwargs": "fixed",
    "gamma": "zip",
    "lam": "zip",
    "timesteps_per_actorbatch": "zip",
    "clip_param": "zip",
    "entcoeff": "zip",
    "optim_epochs": "zip",
    "optim_stepsize": "zip",
    "optim_minibatches": "zip",
    "adam_epsilon": "zip",
    "schedule": "zip"
  }
}