{
  "description": "Hyper-parameter optimization for ppo1 on a low frequency environment",
  "method": "ppo1",
  "environment": "drop_leg_100hz",
  "total_timesteps": 4000000,
  "rng_seed": [
    0,
    1000,
    2000
  ],
  "policy_kwargs": {
    "net_arch": [
      {
        "vf": [
          64,
          64
        ],
        "pi": [
          64,
          64
        ]
      }
    ]
  },
  "gamma": [
    0.9012077229223215,
    0.9988742698075127,
    0.5307992350532171,
    0.9989570784086972,
    0.9998081524763096,
    0.9169907084502005,
    0.8825540492082561,
    0.9977737998655526,
    0.8224612947893987,
    0.9695700849369252
  ],
  "lam": [
    0.8438996698449248,
    0.9425099577172678,
    0.989389711284079,
    0.8290069554176513,
    0.9961043974696127,
    0.9992810737053952,
    0.6390639646190402,
    0.7547454023543623,
    0.9996263219914125,
    0.9608775094549362
  ],
  "timesteps_per_actorbatch": [
    349,
    108,
    109,
    5555,
    135,
    862,
    2731,
    4057,
    231,
    268
  ],
  "clip_param": [
    166.6566503795257,
    0.05337101974849732,
    0.056037828020545445,
    0.782394193196615,
    0.165721932528268,
    0.6595350284381257,
    0.020748591655280525,
    92.78661611636367,
    38.54647730401045,
    0.4681088888824202
  ],
  "entcoeff": [
    6.987011438887232e-05,
    0.0008405118083363095,
    5.888691572101028e-05,
    1.067339225309448e-05,
    0.0002491516572526525,
    1.3256728532094259e-05,
    0.00012061411818745264,
    0.0002620404695993878,
    7.390611184323389e-05,
    6.644432587532911e-06
  ],
  "optim_epochs": [
    21,
    16,
    6,
    9,
    90,
    26,
    29,
    2,
    2,
    3
  ],
  "optim_stepsize": [
    0.00011872479319741824,
    0.016200944649941467,
    0.0005301822522350398,
    4.66149354578691e-05,
    6.791647529743538e-05,
    0.00012895362786486138,
    0.030518395091695696,
    0.037503585377860964,
    0.002065722303357918,
    0.02060782065237773
  ],
  "optim_minibatches": [
    1,
    3,
    2,
    51,
    54,
    6,
    2,
    57,
    4,
    17
  ],
  "adam_epsilon": [
    1.7858372502732225e-08,
    1.8143746020191998e-05,
    3.781958221734458e-08,
    8.231101100504635e-05,
    3.285747490368934e-06,
    5.384349793750272e-05,
    2.6639251139809564e-06,
    2.303539047536787e-06,
    1.591793780274198e-05,
    2.1017264178426764e-06
  ],
  "schedule": [
    "linear",
    "linear",
    "linear",
    "linear",
    "linear",
    "linear",
    "linear",
    "linear",
    "linear",
    "linear"
  ],
  "num_envs": 4,
  "results_dir_name": "results",
  "storage_dir_name": "storage",
  "train_set": "remaining",
  "eval_set": "remaining",
  "OPENAI_LOG_FORMAT": "csv",
  "walltime_hrs": 0.3,
  "num_checkpoints": 100,
  "eval_ntrajs": 10,
  "eval_nsteps": 200,
  "eval_seed": 12345,
  "looping_tree": {
    "method": "fixed",
    "environment": "fixed",
    "total_timesteps": "fixed",
    "rng_seed": "cartesian",
    "policy_kwargs": "fixed",
    "gamma": "zip",
    "lam": "zip",
    "timesteps_per_actorbatch": "zip",
    "clip_param": "zip",
    "entcoeff": "zip",
    "optim_epochs": "zip",
    "optim_stepsize": "zip",
    "optim_minibatches": "zip",
    "adam_epsilon": "zip",
    "schedule": "zip"
  }
}