{
  "description": "Hyper-parameter optimization for ppo1 on a low frequency environment",
  "method": "ppo1",
  "environment": "drop_leg_100hz",
  "total_timesteps": 4000000,
  "rng_seed": [
    0,
    1000,
    2000
  ],
  "policy_kwargs": {
    "net_arch": [
      {
        "vf": [
          64,
          64
        ],
        "pi": [
          64,
          64
        ]
      }
    ]
  },
  "gamma": [
    0.6875999588229729,
    0.983839456875066,
    0.9942965750987726,
    0.9983544581175532,
    0.8252116735985747,
    0.6255458364935879,
    0.9795670375622745,
    0.9994706686865024,
    0.8144328645256851,
    0.47452274340808676
  ],
  "lam": [
    0.8051003273644552,
    0.4604255597192567,
    0.9961655759597388,
    0.9985214418179484,
    0.8535481777776723,
    0.8773464883312952,
    0.9957864352715626,
    0.9985417862378161,
    0.8409427116718278,
    0.9988693418170733
  ],
  "timesteps_per_actorbatch": [
    1610,
    966,
    947,
    160,
    626,
    1591,
    5243,
    64,
    68,
    1495
  ],
  "clip_param": [
    0.301325082051248,
    0.20450193602990424,
    2.3149898133845195,
    0.026306753999516323,
    5.556626668461564,
    11.799457893971146,
    0.024426762598905995,
    0.22438238458472676,
    0.3608363031282084,
    30.049277136631506
  ],
  "entcoeff": [
    0.00017059647199462157,
    0.0006271024767600647,
    3.9518434109467666e-06,
    0.00023635146889151043,
    4.37719358945439e-05,
    2.628720806875579e-05,
    4.608613088630218e-05,
    0.0009508790061589498,
    0.0009784016970708046,
    9.942759366581343e-06
  ],
  "optim_epochs": [
    12,
    105,
    96,
    7,
    67,
    92,
    26,
    6,
    40,
    3
  ],
  "optim_stepsize": [
    0.026699507053147872,
    0.001129340753506623,
    0.00011422466638828613,
    0.043241487971966835,
    0.0021913839942370172,
    0.06590812219823652,
    0.013125166859540842,
    0.029637144888235222,
    0.006635807124435691,
    0.0006721682754904731
  ],
  "optim_minibatches": [
    18,
    15,
    6,
    1,
    3,
    35,
    33,
    39,
    1,
    3
  ],
  "adam_epsilon": [
    6.06987847779621e-08,
    6.989785047984993e-06,
    5.0811344296821046e-05,
    7.221899682183802e-07,
    1.7829692176901878e-07,
    3.392640019506587e-05,
    8.355742861542634e-07,
    3.73677751970502e-05,
    1.1645661639236356e-08,
    1.2568847342841433e-05
  ],
  "schedule": [
    "linear",
    "linear",
    "linear",
    "linear",
    "linear",
    "linear",
    "linear",
    "linear",
    "linear",
    "linear"
  ],
  "num_envs": 4,
  "results_dir_name": "results",
  "storage_dir_name": "storage",
  "train_set": "remaining",
  "eval_set": "remaining",
  "OPENAI_LOG_FORMAT": "csv",
  "walltime_hrs": 0.3,
  "num_checkpoints": 100,
  "eval_ntrajs": 10,
  "eval_nsteps": 200,
  "eval_seed": 12345,
  "looping_tree": {
    "method": "fixed",
    "environment": "fixed",
    "total_timesteps": "fixed",
    "rng_seed": "cartesian",
    "policy_kwargs": "fixed",
    "gamma": "zip",
    "lam": "zip",
    "timesteps_per_actorbatch": "zip",
    "clip_param": "zip",
    "entcoeff": "zip",
    "optim_epochs": "zip",
    "optim_stepsize": "zip",
    "optim_minibatches": "zip",
    "adam_epsilon": "zip",
    "schedule": "zip"
  }
}