{
  "description": "Hyper-parameter optimization for ppo1 on a low frequency environment",
  "method": "ppo1",
  "environment": "drop_leg_100hz",
  "total_timesteps": 4000000,
  "rng_seed": [
    0,
    1000,
    2000
  ],
  "policy_kwargs": {
    "net_arch": [
      {
        "vf": [
          64,
          64
        ],
        "pi": [
          64,
          64
        ]
      }
    ]
  },
  "gamma": [
    0.9975646336032912,
    0.9841841265290131,
    0.5378239288429494,
    0.9929195474036585,
    0.9972065542233836,
    0.9821994109968845,
    0.7798436640854391,
    0.9961648597848114,
    0.9950592431329129,
    0.9965801658022995
  ],
  "lam": [
    0.7562279101253991,
    0.9864698091552877,
    0.9919523995180355,
    0.9997030180246477,
    0.9973768633230571,
    0.9998408390091537,
    0.9983956666360817,
    0.7991928175155801,
    0.4576055813822453,
    0.9997588249642219
  ],
  "timesteps_per_actorbatch": [
    299,
    133,
    192,
    420,
    2576,
    11829,
    2947,
    2636,
    841,
    72
  ],
  "clip_param": [
    133.1895022656396,
    0.4083608416359603,
    0.07332202586777274,
    16.05966616106628,
    1.2512480674157855,
    0.05495504610650698,
    0.17276093064750653,
    0.11119248102766857,
    46.213200758110865,
    0.07221484808732657
  ],
  "entcoeff": [
    0.00044566750108299434,
    0.00032119540772552986,
    3.454427515183012e-05,
    3.3056363560491774e-05,
    0.00010762791150289679,
    6.214054509996191e-05,
    0.0003194581654632509,
    0.0006480301255032139,
    0.00021319059993929088,
    5.6287283542475454e-05
  ],
  "optim_epochs": [
    6,
    3,
    116,
    17,
    16,
    4,
    41,
    4,
    13,
    62
  ],
  "optim_stepsize": [
    4.542552966815669e-05,
    1.1519932780672951e-05,
    0.0001685847274510303,
    0.018274882571904245,
    0.021323768279863643,
    4.3450147355309757e-05,
    0.002027028433708974,
    5.430585725208096e-05,
    0.0006370973389861905,
    1.2456382076459822e-05
  ],
  "optim_minibatches": [
    2,
    15,
    54,
    40,
    35,
    54,
    2,
    37,
    16,
    13
  ],
  "adam_epsilon": [
    3.3318110138577093e-07,
    8.09089947718659e-05,
    4.258127939641757e-06,
    1.4834867387842902e-05,
    1.748253291481476e-05,
    2.3911334463443973e-05,
    9.220407724675843e-07,
    1.779122664893717e-05,
    1.4558665233630609e-06,
    1.6379247949830872e-06
  ],
  "schedule": [
    "linear",
    "linear",
    "linear",
    "linear",
    "linear",
    "linear",
    "linear",
    "linear",
    "linear",
    "linear"
  ],
  "num_envs": 4,
  "results_dir_name": "results",
  "storage_dir_name": "storage",
  "train_set": "remaining",
  "eval_set": "remaining",
  "OPENAI_LOG_FORMAT": "csv",
  "walltime_hrs": 0.3,
  "num_checkpoints": 100,
  "eval_ntrajs": 10,
  "eval_nsteps": 200,
  "eval_seed": 12345,
  "looping_tree": {
    "method": "fixed",
    "environment": "fixed",
    "total_timesteps": "fixed",
    "rng_seed": "cartesian",
    "policy_kwargs": "fixed",
    "gamma": "zip",
    "lam": "zip",
    "timesteps_per_actorbatch": "zip",
    "clip_param": "zip",
    "entcoeff": "zip",
    "optim_epochs": "zip",
    "optim_stepsize": "zip",
    "optim_minibatches": "zip",
    "adam_epsilon": "zip",
    "schedule": "zip"
  }
}