{
  "description": "Hyper-parameter optimization for ppo1 on a low frequency environment",
  "method": "ppo1",
  "environment": "drop_leg_100hz",
  "total_timesteps": 4000000,
  "rng_seed": [
    0,
    1000,
    2000
  ],
  "policy_kwargs": {
    "net_arch": [
      {
        "vf": [
          64,
          64
        ],
        "pi": [
          64,
          64
        ]
      }
    ]
  },
  "gamma": [
    0.9996758249809332,
    0.9974346973610851,
    0.8228161334116388,
    0.9991613449248115,
    0.9979590333679432,
    0.9455003790755007,
    0.986355401942084,
    0.9998198435961619,
    0.7733509479390653,
    0.9813496325306869
  ],
  "lam": [
    0.9985495051167556,
    0.9982727595625404,
    0.9758674315277994,
    0.9942597355779933,
    0.8118542993943738,
    0.9994469894728935,
    0.9809995612295768,
    0.9996095023060727,
    0.9997055540271335,
    0.9778657975421942
  ],
  "timesteps_per_actorbatch": [
    219,
    127,
    1298,
    10305,
    277,
    4628,
    139,
    654,
    15460,
    1266
  ],
  "clip_param": [
    2.3874331425919753,
    189.07686405604747,
    10.473484508405898,
    0.34122830961682465,
    0.11699906935060751,
    0.15587965298214446,
    0.24397512012067993,
    22.054198656107307,
    67.26628344599834,
    4.999394270577391
  ],
  "entcoeff": [
    3.953175456738788e-05,
    0.00011706076829438492,
    0.0007065803098453843,
    0.0001023321195962303,
    4.3769924396626974e-05,
    5.261878227876741e-06,
    3.878671592831128e-05,
    0.0005644524607245022,
    3.292398407718606e-05,
    1.7495669915647953e-05
  ],
  "optim_epochs": [
    40,
    93,
    3,
    7,
    3,
    4,
    1,
    2,
    1,
    9
  ],
  "optim_stepsize": [
    7.053096447979619e-05,
    0.09788227442012516,
    0.0012907802821956918,
    1.2863583572973542e-05,
    0.010660742610817698,
    0.0038690433226654434,
    0.0017739971144111262,
    0.0980998760144335,
    0.0011158829841473109,
    4.221676089073688e-05
  ],
  "optim_minibatches": [
    6,
    25,
    4,
    2,
    51,
    1,
    25,
    10,
    4,
    1
  ],
  "adam_epsilon": [
    3.4643163203285345e-05,
    3.96172325443093e-06,
    1.2606346543623555e-07,
    4.5723156140818414e-07,
    9.098166913316403e-06,
    9.945178814807009e-06,
    2.901358557849155e-06,
    2.15951726921364e-08,
    1.196988798387784e-08,
    2.9495336964037752e-08
  ],
  "schedule": [
    "linear",
    "linear",
    "linear",
    "linear",
    "linear",
    "linear",
    "linear",
    "linear",
    "linear",
    "linear"
  ],
  "num_envs": 4,
  "results_dir_name": "results",
  "storage_dir_name": "storage",
  "train_set": "remaining",
  "eval_set": "remaining",
  "OPENAI_LOG_FORMAT": "csv",
  "walltime_hrs": 0.3,
  "num_checkpoints": 100,
  "eval_ntrajs": 10,
  "eval_nsteps": 200,
  "eval_seed": 12345,
  "looping_tree": {
    "method": "fixed",
    "environment": "fixed",
    "total_timesteps": "fixed",
    "rng_seed": "cartesian",
    "policy_kwargs": "fixed",
    "gamma": "zip",
    "lam": "zip",
    "timesteps_per_actorbatch": "zip",
    "clip_param": "zip",
    "entcoeff": "zip",
    "optim_epochs": "zip",
    "optim_stepsize": "zip",
    "optim_minibatches": "zip",
    "adam_epsilon": "zip",
    "schedule": "zip"
  }
}