{
  "description": "Hyper-parameter optimization for ppo1 on a low frequency environment",
  "method": "ppo1",
  "environment": "drop_leg_100hz",
  "total_timesteps": 4000000,
  "rng_seed": [
    0,
    1000,
    2000
  ],
  "policy_kwargs": {
    "net_arch": [
      {
        "vf": [
          64,
          64
        ],
        "pi": [
          64,
          64
        ]
      }
    ]
  },
  "gamma": [
    0.9989653481276825,
    0.9976751947648861,
    0.9909760705684627,
    0.9890075507310334,
    0.8992272129912187,
    0.8901649307905687,
    0.999646252451419,
    0.9972885304835458,
    0.9700609368503126,
    0.9995198275254944
  ],
  "lam": [
    0.9981641664830708,
    0.9963184472637057,
    0.8747035537718368,
    0.9920826279216288,
    0.9995855317920309,
    0.999360801215654,
    0.9348866328014404,
    0.9989969370541637,
    0.9996660969673978,
    0.9762469360511176
  ],
  "timesteps_per_actorbatch": [
    3000,
    872,
    7540,
    8700,
    206,
    190,
    7644,
    1144,
    668,
    588
  ],
  "clip_param": [
    137.44835430897322,
    0.3806569348827806,
    3.6372607123595113,
    0.43949017047110855,
    0.1442310994356948,
    0.021228632310200016,
    0.053903640956627044,
    0.031231479823126247,
    1.2638909641161806,
    0.9393819149905647
  ],
  "entcoeff": [
    0.00010386666462804232,
    0.0002485421797304348,
    3.145070406400601e-05,
    0.0006098592654798101,
    8.400606634725444e-06,
    2.8108858069080527e-05,
    5.86965337676643e-06,
    7.956115054266778e-06,
    7.917779260867489e-05,
    0.00013462110774727185
  ],
  "optim_epochs": [
    62,
    23,
    3,
    14,
    8,
    1,
    108,
    2,
    13,
    2
  ],
  "optim_stepsize": [
    1.0525997867040866e-05,
    1.4938338827538943e-05,
    0.00034188300153190754,
    0.05884181776498269,
    0.014213505227287818,
    0.0008543281661962745,
    0.00544685028508585,
    0.0017056928915127703,
    0.00013543237028790632,
    0.007468773349123603
  ],
  "optim_minibatches": [
    13,
    4,
    1,
    5,
    8,
    46,
    34,
    12,
    50,
    1
  ],
  "adam_epsilon": [
    2.1651013242856373e-07,
    2.869138488909473e-08,
    3.0811854810727214e-05,
    1.1936148689610098e-08,
    2.6297660008779875e-06,
    4.629767806244821e-08,
    8.149154914627786e-08,
    2.4155619501185693e-05,
    8.200350989595556e-08,
    1.0856234931615768e-06
  ],
  "schedule": [
    "linear",
    "linear",
    "linear",
    "linear",
    "linear",
    "linear",
    "linear",
    "linear",
    "linear",
    "linear"
  ],
  "num_envs": 4,
  "results_dir_name": "results",
  "storage_dir_name": "storage",
  "train_set": "remaining",
  "eval_set": "remaining",
  "OPENAI_LOG_FORMAT": "csv",
  "walltime_hrs": 0.3,
  "num_checkpoints": 100,
  "eval_ntrajs": 10,
  "eval_nsteps": 200,
  "eval_seed": 12345,
  "looping_tree": {
    "method": "fixed",
    "environment": "fixed",
    "total_timesteps": "fixed",
    "rng_seed": "cartesian",
    "policy_kwargs": "fixed",
    "gamma": "zip",
    "lam": "zip",
    "timesteps_per_actorbatch": "zip",
    "clip_param": "zip",
    "entcoeff": "zip",
    "optim_epochs": "zip",
    "optim_stepsize": "zip",
    "optim_minibatches": "zip",
    "adam_epsilon": "zip",
    "schedule": "zip"
  }
}