{
  "description": "Hyper-parameter optimization for ppo1 on a low frequency environment",
  "method": "ppo1",
  "environment": "drop_leg_100hz",
  "total_timesteps": 4000000,
  "rng_seed": [
    0,
    1000,
    2000
  ],
  "policy_kwargs": {
    "net_arch": [
      {
        "vf": [
          64,
          64
        ],
        "pi": [
          64,
          64
        ]
      }
    ]
  },
  "gamma": [
    0.9977460745686537,
    0.9988067006320227,
    0.9960990709161948,
    0.8968646408524303,
    0.9997586532230539,
    0.9958671824434745,
    0.9966051014872394,
    0.998372403614485,
    0.9987279651763414,
    0.7940298484587509
  ],
  "lam": [
    0.8990549976039698,
    0.9997077635780595,
    0.876002914482121,
    0.9264192362507395,
    0.9379414106688903,
    0.9580246271249698,
    0.9946981462219571,
    0.9134467058906935,
    0.803607836910142,
    0.9997665450182032
  ],
  "timesteps_per_actorbatch": [
    7625,
    1154,
    1632,
    1137,
    2579,
    97,
    14320,
    289,
    140,
    3565
  ],
  "clip_param": [
    0.034174217538939906,
    0.04374873888738921,
    21.802134557184207,
    0.02157322937432273,
    1.3460244191586022,
    199.8276132267838,
    0.08239059561363356,
    97.95481103294283,
    0.04768313985124565,
    5.630345508547691
  ],
  "entcoeff": [
    7.056152225278588e-05,
    5.096493001786085e-05,
    5.6047485014749826e-05,
    0.0001566382788501003,
    2.078525759392593e-05,
    0.0002041023270639612,
    0.00010140834663033921,
    3.5769344259221725e-05,
    1.9485109362054617e-05,
    0.0005065731951214459
  ],
  "optim_epochs": [
    2,
    13,
    26,
    11,
    109,
    113,
    3,
    107,
    13,
    111
  ],
  "optim_stepsize": [
    0.0002850976717669714,
    0.00018662684376131116,
    0.0007876520059016671,
    0.04874654686925164,
    0.06859784669784251,
    1.852707091681697e-05,
    0.029985257553191324,
    1.3033764768379716e-05,
    0.005535286769588954,
    0.0008696108411286433
  ],
  "optim_minibatches": [
    21,
    21,
    3,
    3,
    12,
    8,
    4,
    5,
    22,
    3
  ],
  "adam_epsilon": [
    4.14887073734017e-05,
    1.882413652789441e-08,
    1.00560442580807e-06,
    3.011222704065357e-07,
    6.661262434602207e-07,
    1.0251413068549003e-05,
    1.0350529462489784e-07,
    7.556675048112406e-08,
    1.6064083680245342e-07,
    6.748998587731859e-07
  ],
  "schedule": [
    "linear",
    "linear",
    "linear",
    "linear",
    "linear",
    "linear",
    "linear",
    "linear",
    "linear",
    "linear"
  ],
  "num_envs": 4,
  "results_dir_name": "results",
  "storage_dir_name": "storage",
  "train_set": "remaining",
  "eval_set": "remaining",
  "OPENAI_LOG_FORMAT": "csv",
  "walltime_hrs": 0.3,
  "num_checkpoints": 100,
  "eval_ntrajs": 10,
  "eval_nsteps": 200,
  "eval_seed": 12345,
  "looping_tree": {
    "method": "fixed",
    "environment": "fixed",
    "total_timesteps": "fixed",
    "rng_seed": "cartesian",
    "policy_kwargs": "fixed",
    "gamma": "zip",
    "lam": "zip",
    "timesteps_per_actorbatch": "zip",
    "clip_param": "zip",
    "entcoeff": "zip",
    "optim_epochs": "zip",
    "optim_stepsize": "zip",
    "optim_minibatches": "zip",
    "adam_epsilon": "zip",
    "schedule": "zip"
  }
}