{
  "description": "Hyper-parameter optimization for ppo1 on a low frequency environment",
  "method": "ppo1",
  "environment": "drop_leg_100hz",
  "total_timesteps": 4000000,
  "rng_seed": [
    0,
    1000,
    2000
  ],
  "policy_kwargs": {
    "net_arch": [
      {
        "vf": [
          64,
          64
        ],
        "pi": [
          64,
          64
        ]
      }
    ]
  },
  "gamma": [
    0.9993712763316576,
    0.9973836854088413,
    0.9989535933282055,
    0.7640597515961645,
    0.9687685618804454,
    0.9991995386378862,
    0.9732044444180517,
    0.9981595845635074,
    0.9995236320581731,
    0.9877252788222501
  ],
  "lam": [
    0.9707909229674445,
    0.9863102358696123,
    0.9235212357867224,
    0.5301088445646166,
    0.874725698058977,
    0.9578760056504828,
    0.9991555814007812,
    0.9643782457260628,
    0.9987833190072951,
    0.9949053985520986
  ],
  "timesteps_per_actorbatch": [
    522,
    189,
    2484,
    9030,
    5396,
    97,
    6156,
    135,
    1759,
    180
  ],
  "clip_param": [
    0.650770928592066,
    1.507609168702159,
    0.19857757530325826,
    0.12762241536933364,
    15.37570613980983,
    14.109468560785416,
    19.490767002257083,
    0.11458609772058646,
    10.700213072067474,
    0.5836507418066978
  ],
  "entcoeff": [
    6.358665745026773e-05,
    0.00012418941221972393,
    1.0180669698473102e-05,
    1.7862091568932164e-05,
    3.190114151912309e-05,
    0.0006800199220008899,
    0.00038682504878682943,
    9.721366880884163e-07,
    0.00010545063631100935,
    5.233201042353446e-05
  ],
  "optim_epochs": [
    1,
    21,
    2,
    1,
    94,
    3,
    10,
    8,
    2,
    2
  ],
  "optim_stepsize": [
    0.000638241399470979,
    0.008539893742514959,
    0.00044793994745597935,
    8.192469361407756e-05,
    0.018585153292716827,
    0.00045127764159972895,
    5.7128228493168856e-05,
    0.07104152330579162,
    0.0004461190641982245,
    0.0010698153750136707
  ],
  "optim_minibatches": [
    10,
    3,
    16,
    3,
    10,
    8,
    20,
    24,
    4,
    64
  ],
  "adam_epsilon": [
    2.4421480447160604e-05,
    2.30488882792853e-05,
    1.215209340996982e-07,
    1.6653698102018812e-07,
    1.314958555208222e-05,
    2.6086622293241164e-08,
    2.5915679785518763e-06,
    2.018787055937412e-05,
    1.553169522767023e-05,
    5.373362849148559e-06
  ],
  "schedule": [
    "linear",
    "linear",
    "linear",
    "linear",
    "linear",
    "linear",
    "linear",
    "linear",
    "linear",
    "linear"
  ],
  "num_envs": 4,
  "results_dir_name": "results",
  "storage_dir_name": "storage",
  "train_set": "remaining",
  "eval_set": "remaining",
  "OPENAI_LOG_FORMAT": "csv",
  "walltime_hrs": 0.3,
  "num_checkpoints": 100,
  "eval_ntrajs": 10,
  "eval_nsteps": 200,
  "eval_seed": 12345,
  "looping_tree": {
    "method": "fixed",
    "environment": "fixed",
    "total_timesteps": "fixed",
    "rng_seed": "cartesian",
    "policy_kwargs": "fixed",
    "gamma": "zip",
    "lam": "zip",
    "timesteps_per_actorbatch": "zip",
    "clip_param": "zip",
    "entcoeff": "zip",
    "optim_epochs": "zip",
    "optim_stepsize": "zip",
    "optim_minibatches": "zip",
    "adam_epsilon": "zip",
    "schedule": "zip"
  }
}