{
  "description": "Hyper-parameter optimization for ppo1 on a low frequency environment",
  "method": "ppo1",
  "environment": "drop_leg_100hz",
  "total_timesteps": 4000000,
  "rng_seed": [
    0,
    1000,
    2000
  ],
  "policy_kwargs": {
    "net_arch": [
      {
        "vf": [
          64,
          64
        ],
        "pi": [
          64,
          64
        ]
      }
    ]
  },
  "gamma": [
    0.8529909471541712,
    0.9980263209922854,
    0.9998360941169019,
    0.9998303436474526,
    0.9990451609281389,
    0.998514772873338,
    0.9708655619653044,
    0.9041500859993478,
    0.8685141865933693,
    0.9988560862269674
  ],
  "lam": [
    0.5478620410053148,
    0.7570724799114179,
    0.9669253922382406,
    0.993584231372236,
    0.9998092258437985,
    0.9998119025464193,
    0.9616714906512462,
    0.6953347386756723,
    0.6544056519099681,
    0.40921025962840174
  ],
  "timesteps_per_actorbatch": [
    80,
    100,
    134,
    435,
    1896,
    4535,
    9956,
    430,
    610,
    1904
  ],
  "clip_param": [
    63.355240485717744,
    0.3545177636899436,
    5.992962881967009,
    2.1810664851140786,
    30.720326851820637,
    117.43413719493014,
    106.31326275493903,
    4.963219435594712,
    1.0410692555060743,
    0.27709065099317787
  ],
  "entcoeff": [
    7.253822885157457e-05,
    2.7815693973313843e-06,
    0.00035649029849442926,
    0.000587870529286821,
    0.0006704486866881363,
    0.000246453552801779,
    9.28189039706698e-06,
    0.00022778164317779984,
    3.006315080608488e-06,
    4.285453753270579e-06
  ],
  "optim_epochs": [
    61,
    2,
    2,
    1,
    26,
    6,
    6,
    4,
    1,
    3
  ],
  "optim_stepsize": [
    6.871456108752757e-05,
    0.051232830080367636,
    0.00030377456237431816,
    0.03401997811129613,
    0.00048187750021035075,
    0.0002457375843296226,
    0.013427280370038722,
    0.0013144884907582725,
    0.00017215406056492693,
    7.050962211255228e-05
  ],
  "optim_minibatches": [
    9,
    22,
    31,
    1,
    2,
    30,
    2,
    24,
    31,
    9
  ],
  "adam_epsilon": [
    9.263340150277728e-05,
    3.9547983405955327e-07,
    2.2310157198209344e-06,
    8.301851743692345e-07,
    6.04607735322577e-08,
    1.6479739514946978e-07,
    2.8297035202431573e-07,
    3.669009750449777e-08,
    6.795321876954663e-07,
    1.0204474193165197e-06
  ],
  "schedule": [
    "linear",
    "linear",
    "linear",
    "linear",
    "linear",
    "linear",
    "linear",
    "linear",
    "linear",
    "linear"
  ],
  "num_envs": 4,
  "results_dir_name": "results",
  "storage_dir_name": "storage",
  "train_set": "remaining",
  "eval_set": "remaining",
  "OPENAI_LOG_FORMAT": "csv",
  "walltime_hrs": 0.3,
  "num_checkpoints": 100,
  "eval_ntrajs": 10,
  "eval_nsteps": 200,
  "eval_seed": 12345,
  "looping_tree": {
    "method": "fixed",
    "environment": "fixed",
    "total_timesteps": "fixed",
    "rng_seed": "cartesian",
    "policy_kwargs": "fixed",
    "gamma": "zip",
    "lam": "zip",
    "timesteps_per_actorbatch": "zip",
    "clip_param": "zip",
    "entcoeff": "zip",
    "optim_epochs": "zip",
    "optim_stepsize": "zip",
    "optim_minibatches": "zip",
    "adam_epsilon": "zip",
    "schedule": "zip"
  }
}