{
  "description": "Hyper-parameter optimization for ppo1 on a low frequency environment",
  "method": "ppo1",
  "environment": "drop_leg_100hz",
  "total_timesteps": 4000000,
  "rng_seed": [
    0,
    1000,
    2000
  ],
  "policy_kwargs": {
    "net_arch": [
      {
        "vf": [
          64,
          64
        ],
        "pi": [
          64,
          64
        ]
      }
    ]
  },
  "gamma": [
    0.8529934043792137,
    0.7748179321589932,
    0.724927938126126,
    0.9621374075103697,
    0.9943836014423776,
    0.9944687093453782,
    0.992003265215784,
    0.9992226175489185,
    0.9844127761165089,
    0.9998101087388083
  ],
  "lam": [
    0.9789673915230455,
    0.9666464386661131,
    0.9731604124009138,
    0.9973769023365587,
    0.9732815563071933,
    0.4581455769372126,
    0.9989580317165913,
    0.9539632221654281,
    0.9997945095638296,
    0.9833302887147368
  ],
  "timesteps_per_actorbatch": [
    6513,
    633,
    1244,
    1570,
    10758,
    758,
    8730,
    697,
    602,
    13308
  ],
  "clip_param": [
    14.259998587478131,
    0.04589227187294807,
    19.27951822971644,
    112.43453738582845,
    29.596766250766812,
    0.07265384968438822,
    128.1691760912583,
    54.98540831304697,
    121.8250527702808,
    28.76626860029687
  ],
  "entcoeff": [
    4.322075816780788e-07,
    2.7583281035768784e-05,
    2.8899276906854423e-05,
    0.0005723562092499703,
    0.00010125924221997083,
    0.00034569569612164034,
    3.546470360662752e-05,
    4.5020862844996454e-05,
    8.20504781166612e-05,
    0.0008935445810084145
  ],
  "optim_epochs": [
    1,
    5,
    34,
    26,
    61,
    5,
    2,
    37,
    2,
    18
  ],
  "optim_stepsize": [
    2.3495054679762482e-05,
    3.905249595430927e-05,
    4.0645702941750795e-05,
    0.0006633610837936707,
    0.061752825472121006,
    2.6210238871043264e-05,
    0.001043918722566083,
    0.005236110746206043,
    0.00012086656549550279,
    0.0037627435108647756
  ],
  "optim_minibatches": [
    16,
    5,
    47,
    2,
    6,
    19,
    26,
    1,
    31,
    5
  ],
  "adam_epsilon": [
    2.509146397345743e-07,
    8.43415602250464e-07,
    2.538953319952142e-07,
    3.0206156962123792e-06,
    3.4616046890233787e-07,
    8.747482814117639e-07,
    6.786037440654034e-07,
    4.2394277710719824e-08,
    1.8004649456598797e-06,
    2.4677415988258333e-08
  ],
  "schedule": [
    "linear",
    "linear",
    "linear",
    "linear",
    "linear",
    "linear",
    "linear",
    "linear",
    "linear",
    "linear"
  ],
  "num_envs": 4,
  "results_dir_name": "results",
  "storage_dir_name": "storage",
  "train_set": "remaining",
  "eval_set": "remaining",
  "OPENAI_LOG_FORMAT": "csv",
  "walltime_hrs": 0.3,
  "num_checkpoints": 100,
  "eval_ntrajs": 10,
  "eval_nsteps": 200,
  "eval_seed": 12345,
  "looping_tree": {
    "method": "fixed",
    "environment": "fixed",
    "total_timesteps": "fixed",
    "rng_seed": "cartesian",
    "policy_kwargs": "fixed",
    "gamma": "zip",
    "lam": "zip",
    "timesteps_per_actorbatch": "zip",
    "clip_param": "zip",
    "entcoeff": "zip",
    "optim_epochs": "zip",
    "optim_stepsize": "zip",
    "optim_minibatches": "zip",
    "adam_epsilon": "zip",
    "schedule": "zip"
  }
}