{
  "description": "Hyper-parameter optimization for ppo1 on a low frequency environment",
  "method": "ppo1",
  "environment": "drop_leg_100hz",
  "total_timesteps": 4000000,
  "rng_seed": [
    0,
    1000,
    2000
  ],
  "policy_kwargs": {
    "net_arch": [
      {
        "vf": [
          64,
          64
        ],
        "pi": [
          64,
          64
        ]
      }
    ]
  },
  "gamma": [
    0.9837562805129043,
    0.9983227192254795,
    0.9996268736258322,
    0.937765455263438,
    0.9859084343539418,
    0.8255734910934021,
    0.9779738930595585,
    0.900502472608287,
    0.9363029120276184,
    0.9932918605680848
  ],
  "lam": [
    0.9817309428363902,
    0.9081087482621119,
    0.997978273663191,
    0.9979488941593495,
    0.900510684731556,
    0.9989624930543501,
    0.9977146293292701,
    0.9994748147335313,
    0.983078655032776,
    0.9885258744548509
  ],
  "timesteps_per_actorbatch": [
    1588,
    66,
    718,
    108,
    132,
    389,
    72,
    14583,
    325,
    2722
  ],
  "clip_param": [
    147.1680504766599,
    0.9722202137900059,
    0.37323967658106194,
    0.09253923788565753,
    0.16630289609741683,
    1.4350085218599113,
    27.73692756221205,
    9.906732634275675,
    171.7478098542888,
    100.71186443095684
  ],
  "entcoeff": [
    1.1732276460284662e-05,
    1.858188016325191e-05,
    0.00029562377967128306,
    3.420224061988315e-05,
    3.3350803502565363e-06,
    0.00018077099088643399,
    0.0006383848834475151,
    4.49024052060427e-05,
    0.00018152091851159982,
    7.736158777661714e-05
  ],
  "optim_epochs": [
    8,
    58,
    117,
    6,
    20,
    22,
    121,
    123,
    86,
    28
  ],
  "optim_stepsize": [
    0.027361075676322046,
    0.000987184928137405,
    0.00956239886163674,
    0.0021230338959927902,
    0.0022901228787665,
    0.0023781479358057625,
    0.05963147487904606,
    0.08313401602761065,
    1.339239337639856e-05,
    0.001989122974726985
  ],
  "optim_minibatches": [
    6,
    19,
    8,
    3,
    8,
    2,
    1,
    3,
    6,
    7
  ],
  "adam_epsilon": [
    8.024434425817316e-07,
    1.4004795778374676e-07,
    1.0581946937776776e-05,
    1.257665910509109e-05,
    5.8030995474907075e-08,
    2.904568319822743e-07,
    4.792167710795675e-06,
    2.6456789794823256e-05,
    4.274481668874927e-07,
    1.5516653642584845e-07
  ],
  "schedule": [
    "linear",
    "linear",
    "linear",
    "linear",
    "linear",
    "linear",
    "linear",
    "linear",
    "linear",
    "linear"
  ],
  "num_envs": 4,
  "results_dir_name": "results",
  "storage_dir_name": "storage",
  "train_set": "remaining",
  "eval_set": "remaining",
  "OPENAI_LOG_FORMAT": "csv",
  "walltime_hrs": 0.3,
  "num_checkpoints": 100,
  "eval_ntrajs": 10,
  "eval_nsteps": 200,
  "eval_seed": 12345,
  "looping_tree": {
    "method": "fixed",
    "environment": "fixed",
    "total_timesteps": "fixed",
    "rng_seed": "cartesian",
    "policy_kwargs": "fixed",
    "gamma": "zip",
    "lam": "zip",
    "timesteps_per_actorbatch": "zip",
    "clip_param": "zip",
    "entcoeff": "zip",
    "optim_epochs": "zip",
    "optim_stepsize": "zip",
    "optim_minibatches": "zip",
    "adam_epsilon": "zip",
    "schedule": "zip"
  }
}