{
  "description": "Hyper-parameter optimization for ppo1 on a low frequency environment",
  "method": "ppo1",
  "environment": "drop_leg_100hz",
  "total_timesteps": 4000000,
  "rng_seed": [
    0,
    1000,
    2000
  ],
  "policy_kwargs": {
    "net_arch": [
      {
        "vf": [
          64,
          64
        ],
        "pi": [
          64,
          64
        ]
      }
    ]
  },
  "gamma": [
    0.9997060812673577,
    0.926750151516545,
    0.9972557064708755,
    0.9912690801967541,
    0.9175404379057004,
    0.9981111546289198,
    0.997509877664989,
    0.950209473580475,
    0.9928621293819728,
    0.9985901254804541
  ],
  "lam": [
    0.9995267136078929,
    0.9997299341828815,
    0.7755387732634927,
    0.7496641030947174,
    0.9994609407329069,
    0.9547539663717454,
    0.9989225942670689,
    0.9593284111945282,
    0.9927135583212168,
    0.9966677004711315
  ],
  "timesteps_per_actorbatch": [
    129,
    1632,
    233,
    480,
    160,
    6816,
    9675,
    108,
    6078,
    73
  ],
  "clip_param": [
    0.04337028355182176,
    7.75700889040322,
    0.10536371205087418,
    0.12428180306146987,
    6.427584449326476,
    102.32137784394301,
    0.7522847273551397,
    0.10058283007667665,
    152.0065732558125,
    0.17375254944206023
  ],
  "entcoeff": [
    0.0009391108660002048,
    9.796160152161719e-06,
    1.0694832434313608e-06,
    0.00036475010982858693,
    5.756572521811894e-05,
    5.3159414021245304e-05,
    0.0008225036117707285,
    4.960113151105621e-05,
    0.000705859800917247,
    0.0005563135519257877
  ],
  "optim_epochs": [
    3,
    7,
    7,
    1,
    3,
    3,
    2,
    33,
    1,
    55
  ],
  "optim_stepsize": [
    1.488058566641584e-05,
    0.005126965413547701,
    0.0017573749304431432,
    5.6376353260782806e-05,
    0.00018066947526785814,
    0.00011205043404487524,
    0.02116197605774728,
    0.00944974142092632,
    0.08387476532367269,
    0.00018282631930266544
  ],
  "optim_minibatches": [
    1,
    26,
    9,
    2,
    1,
    25,
    24,
    13,
    10,
    8
  ],
  "adam_epsilon": [
    7.755336287965153e-06,
    5.067144625915618e-07,
    8.333189034863865e-05,
    4.814767505306318e-06,
    1.6864961254513724e-05,
    2.872692013130925e-05,
    2.713764673426679e-07,
    2.7990189819395088e-08,
    9.316810498985503e-08,
    4.0380660290589504e-07
  ],
  "schedule": [
    "linear",
    "linear",
    "linear",
    "linear",
    "linear",
    "linear",
    "linear",
    "linear",
    "linear",
    "linear"
  ],
  "num_envs": 4,
  "results_dir_name": "results",
  "storage_dir_name": "storage",
  "train_set": "remaining",
  "eval_set": "remaining",
  "OPENAI_LOG_FORMAT": "csv",
  "walltime_hrs": 0.3,
  "num_checkpoints": 100,
  "eval_ntrajs": 10,
  "eval_nsteps": 200,
  "eval_seed": 12345,
  "looping_tree": {
    "method": "fixed",
    "environment": "fixed",
    "total_timesteps": "fixed",
    "rng_seed": "cartesian",
    "policy_kwargs": "fixed",
    "gamma": "zip",
    "lam": "zip",
    "timesteps_per_actorbatch": "zip",
    "clip_param": "zip",
    "entcoeff": "zip",
    "optim_epochs": "zip",
    "optim_stepsize": "zip",
    "optim_minibatches": "zip",
    "adam_epsilon": "zip",
    "schedule": "zip"
  }
}