{
  "description": "Hyper-parameter optimization for ppo1 on a low frequency environment",
  "method": "ppo1",
  "environment": "drop_leg_100hz",
  "total_timesteps": 4000000,
  "rng_seed": [
    0,
    1000,
    2000
  ],
  "policy_kwargs": {
    "net_arch": [
      {
        "vf": [
          64,
          64
        ],
        "pi": [
          64,
          64
        ]
      }
    ]
  },
  "gamma": [
    0.9700759268557585,
    0.9700781138784099,
    0.9700750167680943,
    0.9700756260771517,
    0.9700758490008002,
    0.9700755774971173,
    0.9700753466579138,
    0.9700757263268764,
    0.9700757946994545,
    0.9700758220199748
  ],
  "lam": [
    0.9265046567648626,
    0.9265030018308524,
    0.9265065942170738,
    0.9265051677608005,
    0.9265038573092197,
    0.9265047252287527,
    0.9265053190389904,
    0.9265038044987506,
    0.9265033900056053,
    0.9265041487933452
  ],
  "timesteps_per_actorbatch": [
    264,
    264,
    264,
    264,
    264,
    264,
    264,
    264,
    264,
    264
  ],
  "clip_param": [
    0.11623634116926458,
    0.11623645993855528,
    0.11623361182909157,
    0.11623739452325571,
    0.11623573757980975,
    0.1162372631309161,
    0.11623768992118387,
    0.11623720920620742,
    0.11623633207310574,
    0.11623742121365166
  ],
  "entcoeff": [
    1.7716694105549947e-06,
    1.7717285410382448e-06,
    1.7721659347270804e-06,
    1.7723154961137356e-06,
    1.7715655001688127e-06,
    1.7718280032176821e-06,
    1.7719777027551942e-06,
    1.7718467475489256e-06,
    1.77187326035939e-06,
    1.771964467532152e-06
  ],
  "optim_epochs": [
    5,
    5,
    5,
    5,
    5,
    5,
    5,
    5,
    5,
    5
  ],
  "optim_stepsize": [
    0.0010838838473069279,
    0.0010838754826227178,
    0.0010838998269479998,
    0.0010838996273378567,
    0.0010839092507789645,
    0.0010838956466653954,
    0.0010838901719898656,
    0.0010839004434539056,
    0.0010839053242950578,
    0.00108389499805293
  ],
  "optim_minibatches": [
    6,
    6,
    6,
    6,
    6,
    6,
    6,
    6,
    6,
    6
  ],
  "adam_epsilon": [
    2.9502540159829954e-05,
    2.95054304602159e-05,
    2.9502666782739902e-05,
    2.9502184286090856e-05,
    2.9501360064295085e-05,
    2.950257037379351e-05,
    2.9502395476024002e-05,
    2.9501646514657667e-05,
    2.950283475629594e-05,
    2.9502042961974513e-05
  ],
  "schedule": [
    "linear",
    "linear",
    "linear",
    "linear",
    "linear",
    "linear",
    "linear",
    "linear",
    "linear",
    "linear"
  ],
  "num_envs": 4,
  "results_dir_name": "results",
  "storage_dir_name": "storage",
  "train_set": "remaining",
  "eval_set": "remaining",
  "OPENAI_LOG_FORMAT": "csv",
  "walltime_hrs": 0.3,
  "num_checkpoints": 100,
  "eval_ntrajs": 10,
  "eval_nsteps": 200,
  "eval_seed": 12345,
  "looping_tree": {
    "method": "fixed",
    "environment": "fixed",
    "total_timesteps": "fixed",
    "rng_seed": "cartesian",
    "policy_kwargs": "fixed",
    "gamma": "zip",
    "lam": "zip",
    "timesteps_per_actorbatch": "zip",
    "clip_param": "zip",
    "entcoeff": "zip",
    "optim_epochs": "zip",
    "optim_stepsize": "zip",
    "optim_minibatches": "zip",
    "adam_epsilon": "zip",
    "schedule": "zip"
  }
}