{
  "description": "Hyper-parameter optimization for ppo1 on a low frequency environment",
  "method": "ppo1",
  "environment": "drop_leg_100hz",
  "total_timesteps": 4000000,
  "rng_seed": [
    0,
    1000,
    2000
  ],
  "policy_kwargs": {
    "net_arch": [
      {
        "vf": [
          64,
          64
        ],
        "pi": [
          64,
          64
        ]
      }
    ]
  },
  "gamma": [
    0.9988958234471995,
    0.8062235232192753,
    0.9990010179298214,
    0.9995520887821521,
    0.9996942820337503,
    0.9988450803057585,
    0.9925078952630169,
    0.9996689955840362,
    0.7299512462626419,
    0.9548334085286112
  ],
  "lam": [
    0.9947369560549054,
    0.9958845101460966,
    0.998343795148538,
    0.721280077626895,
    0.9988274819355747,
    0.9522104678636006,
    0.9805878483519211,
    0.9947558563075879,
    0.9260071727194215,
    0.9007508001366664
  ],
  "timesteps_per_actorbatch": [
    148,
    279,
    356,
    71,
    97,
    140,
    12457,
    995,
    91,
    913
  ],
  "clip_param": [
    1.2636662935403724,
    0.6806268700282759,
    0.023153797451530518,
    0.032387420634932315,
    3.4638453281329338,
    0.049012639004688954,
    98.97089201977168,
    7.4945488677621634,
    0.03812397316328042,
    11.534045636943977
  ],
  "entcoeff": [
    5.886342778030041e-05,
    1.361107091691497e-05,
    5.7839992485187685e-06,
    0.00015248319247035687,
    2.9373093769171218e-05,
    7.552368473143948e-05,
    3.602290543071576e-05,
    0.0007311723313790608,
    2.097322222973228e-05,
    2.1558440358589223e-06
  ],
  "optim_epochs": [
    57,
    7,
    32,
    20,
    13,
    10,
    69,
    1,
    1,
    2
  ],
  "optim_stepsize": [
    0.08430685105579981,
    0.004503743235501544,
    0.0019914668477027495,
    0.004320837635100637,
    0.0039563806541908775,
    0.043149646061019974,
    0.02298393660501301,
    0.00019770646335136454,
    0.005183936541703455,
    0.0065509890398770315
  ],
  "optim_minibatches": [
    2,
    5,
    3,
    11,
    4,
    6,
    34,
    6,
    22,
    18
  ],
  "adam_epsilon": [
    1.4093858254852336e-06,
    2.690077545918528e-08,
    5.797946927899376e-07,
    3.2561977688788214e-08,
    2.645510814404509e-07,
    3.757953378155947e-07,
    3.0300284565577535e-08,
    1.796469802695021e-05,
    4.5999648831598595e-06,
    2.9420649588736953e-07
  ],
  "schedule": [
    "linear",
    "linear",
    "linear",
    "linear",
    "linear",
    "linear",
    "linear",
    "linear",
    "linear",
    "linear"
  ],
  "num_envs": 4,
  "results_dir_name": "results",
  "storage_dir_name": "storage",
  "train_set": "remaining",
  "eval_set": "remaining",
  "OPENAI_LOG_FORMAT": "csv",
  "walltime_hrs": 0.3,
  "num_checkpoints": 100,
  "eval_ntrajs": 10,
  "eval_nsteps": 200,
  "eval_seed": 12345,
  "looping_tree": {
    "method": "fixed",
    "environment": "fixed",
    "total_timesteps": "fixed",
    "rng_seed": "cartesian",
    "policy_kwargs": "fixed",
    "gamma": "zip",
    "lam": "zip",
    "timesteps_per_actorbatch": "zip",
    "clip_param": "zip",
    "entcoeff": "zip",
    "optim_epochs": "zip",
    "optim_stepsize": "zip",
    "optim_minibatches": "zip",
    "adam_epsilon": "zip",
    "schedule": "zip"
  }
}