{
  "description": "Hyper-parameter optimization for ppo1 on a low frequency environment",
  "method": "ppo1",
  "environment": "drop_leg_100hz",
  "total_timesteps": 4000000,
  "rng_seed": [
    0,
    1000,
    2000
  ],
  "policy_kwargs": {
    "net_arch": [
      {
        "vf": [
          64,
          64
        ],
        "pi": [
          64,
          64
        ]
      }
    ]
  },
  "gamma": [
    0.9993979647492974,
    0.9590445520730271,
    0.974476241496064,
    0.612615928181846,
    0.8483059928210251,
    0.9996378897069689,
    0.9592200041679196,
    0.8629430762158492,
    0.9955742414046311,
    0.68978844894997
  ],
  "lam": [
    0.955224559162182,
    0.7114437126916204,
    0.999669856871795,
    0.999473875994318,
    0.9997293993377164,
    0.9957671704096207,
    0.9747595832565902,
    0.5716559664276267,
    0.9346248541774658,
    0.9997368086187409
  ],
  "timesteps_per_actorbatch": [
    584,
    8934,
    515,
    7182,
    11977,
    10290,
    125,
    539,
    629,
    368
  ],
  "clip_param": [
    0.02839533791096661,
    0.07715166620128873,
    111.13123484135349,
    0.12051601778989347,
    0.4281900022871936,
    0.07358361949431903,
    44.30753987122837,
    0.08218297800920632,
    7.588666008374778,
    5.5635397841581735
  ],
  "entcoeff": [
    5.398011175605067e-05,
    0.00014704309038900967,
    0.0003176382136556585,
    0.00013070454316889315,
    1.7286822863229795e-05,
    3.610676649792518e-05,
    8.570206713854624e-05,
    5.385659199236404e-06,
    0.00017074443453956776,
    1.2398968374766253e-05
  ],
  "optim_epochs": [
    22,
    89,
    1,
    2,
    33,
    96,
    11,
    48,
    7,
    3
  ],
  "optim_stepsize": [
    0.011437653115978602,
    0.004535110137757387,
    0.00022612010140882847,
    6.123996135391546e-05,
    3.0060605709025756e-05,
    0.0008841917770065746,
    2.1191453974890846e-05,
    0.005438356653637175,
    8.273346134560366e-05,
    0.0002791780645730342
  ],
  "optim_minibatches": [
    36,
    5,
    9,
    3,
    40,
    3,
    5,
    4,
    2,
    8
  ],
  "adam_epsilon": [
    4.814012575882682e-05,
    9.27971087274967e-06,
    8.583880009254413e-08,
    4.2377909605531263e-07,
    2.4498855934994127e-07,
    5.8884030904663536e-08,
    6.429089384898823e-05,
    3.165081034607424e-07,
    2.953623966468136e-07,
    6.603767316147792e-07
  ],
  "schedule": [
    "linear",
    "linear",
    "linear",
    "linear",
    "linear",
    "linear",
    "linear",
    "linear",
    "linear",
    "linear"
  ],
  "num_envs": 4,
  "results_dir_name": "results",
  "storage_dir_name": "storage",
  "train_set": "remaining",
  "eval_set": "remaining",
  "OPENAI_LOG_FORMAT": "csv",
  "walltime_hrs": 0.3,
  "num_checkpoints": 100,
  "eval_ntrajs": 10,
  "eval_nsteps": 200,
  "eval_seed": 12345,
  "looping_tree": {
    "method": "fixed",
    "environment": "fixed",
    "total_timesteps": "fixed",
    "rng_seed": "cartesian",
    "policy_kwargs": "fixed",
    "gamma": "zip",
    "lam": "zip",
    "timesteps_per_actorbatch": "zip",
    "clip_param": "zip",
    "entcoeff": "zip",
    "optim_epochs": "zip",
    "optim_stepsize": "zip",
    "optim_minibatches": "zip",
    "adam_epsilon": "zip",
    "schedule": "zip"
  }
}