{
  "description": "Hyper-parameter optimization for ppo1 on a low frequency environment",
  "method": "ppo1",
  "environment": "drop_leg_100hz",
  "total_timesteps": 4000000,
  "rng_seed": [
    0,
    1000,
    2000
  ],
  "policy_kwargs": {
    "net_arch": [
      {
        "vf": [
          64,
          64
        ],
        "pi": [
          64,
          64
        ]
      }
    ]
  },
  "gamma": [
    0.9993513336633032,
    0.9902031784956258,
    0.9946812728487762,
    0.9997517757277589,
    0.5804101570890732,
    0.9997568785688621,
    0.6085723137425321,
    0.9614819084162874,
    0.9995235320662722,
    0.9971244598667414
  ],
  "lam": [
    0.9119047009339369,
    0.9984411499207718,
    0.44485068389957727,
    0.9264501295152923,
    0.9997405617961606,
    0.9954685726579862,
    0.7914667300685596,
    0.9669478322896917,
    0.9931800938432981,
    0.8080479883354259
  ],
  "timesteps_per_actorbatch": [
    2405,
    104,
    2995,
    286,
    4538,
    73,
    14107,
    552,
    300,
    174
  ],
  "clip_param": [
    0.32209508464244063,
    1.8176955664024543,
    10.487556192964837,
    32.40544707847852,
    26.3652222168572,
    1.0425639388174914,
    4.02469775061011,
    55.09280851669147,
    26.179261270961558,
    31.45938138321063
  ],
  "entcoeff": [
    1.4899480301669384e-05,
    0.00013835707356534544,
    0.0003940326654752966,
    0.0008748905431311454,
    4.2573674729410297e-07,
    3.0400291894966233e-05,
    0.00020300573147587878,
    0.00037621968924997574,
    9.248296329731625e-06,
    0.0002267615315818085
  ],
  "optim_epochs": [
    27,
    125,
    52,
    15,
    9,
    59,
    34,
    8,
    102,
    85
  ],
  "optim_stepsize": [
    0.010166165086915946,
    0.0030757570852110536,
    0.00169481920934188,
    0.0002925547297868749,
    0.00010976159107759348,
    0.01184531155423798,
    0.00240951065453905,
    1.53516639767518e-05,
    0.0005677638471145652,
    0.07706041625487066
  ],
  "optim_minibatches": [
    7,
    2,
    2,
    29,
    62,
    35,
    2,
    24,
    1,
    46
  ],
  "adam_epsilon": [
    1.7211106157650073e-06,
    3.489831909470489e-06,
    2.3155656383348443e-07,
    1.5798167136205552e-08,
    1.40368737079946e-06,
    2.013208088133534e-05,
    4.7432618512910135e-05,
    2.8131040432228795e-06,
    1.1466244278433616e-06,
    2.0348059391763803e-08
  ],
  "schedule": [
    "linear",
    "linear",
    "linear",
    "linear",
    "linear",
    "linear",
    "linear",
    "linear",
    "linear",
    "linear"
  ],
  "num_envs": 4,
  "results_dir_name": "results",
  "storage_dir_name": "storage",
  "train_set": "remaining",
  "eval_set": "remaining",
  "OPENAI_LOG_FORMAT": "csv",
  "walltime_hrs": 0.3,
  "num_checkpoints": 100,
  "eval_ntrajs": 10,
  "eval_nsteps": 200,
  "eval_seed": 12345,
  "looping_tree": {
    "method": "fixed",
    "environment": "fixed",
    "total_timesteps": "fixed",
    "rng_seed": "cartesian",
    "policy_kwargs": "fixed",
    "gamma": "zip",
    "lam": "zip",
    "timesteps_per_actorbatch": "zip",
    "clip_param": "zip",
    "entcoeff": "zip",
    "optim_epochs": "zip",
    "optim_stepsize": "zip",
    "optim_minibatches": "zip",
    "adam_epsilon": "zip",
    "schedule": "zip"
  }
}