{
  "description": "Hyper-parameter optimization for ppo1 on a low frequency environment",
  "method": "ppo1",
  "environment": "drop_leg_100hz",
  "total_timesteps": 4000000,
  "rng_seed": [
    0,
    1000,
    2000
  ],
  "policy_kwargs": {
    "net_arch": [
      {
        "vf": [
          64,
          64
        ],
        "pi": [
          64,
          64
        ]
      }
    ]
  },
  "gamma": [
    0.9994264670121732,
    0.9984531173337923,
    0.9996624761415608,
    0.9996210355131787,
    0.9985342003354241,
    0.9995073782660912,
    0.9934926207355381,
    0.5502439403981307,
    0.7617842665889405,
    0.9987633016032474
  ],
  "lam": [
    0.9673799964360709,
    0.9944823193891162,
    0.9878374315310159,
    0.9988740054078431,
    0.6569218472940848,
    0.9812455163515887,
    0.6329770315089228,
    0.997026338156053,
    0.6845461217460109,
    0.9726050935608288
  ],
  "timesteps_per_actorbatch": [
    272,
    2555,
    3831,
    1919,
    164,
    6393,
    792,
    3991,
    116,
    10929
  ],
  "clip_param": [
    0.665156438494796,
    4.117114140972447,
    0.992605966687282,
    13.881760970344402,
    51.59580403394388,
    0.36721152183802097,
    0.025510844015085063,
    0.5556963606570681,
    0.13750681974586118,
    25.90579443336476
  ],
  "entcoeff": [
    0.00016838910886032022,
    9.955049313411814e-05,
    1.8697162515549826e-05,
    0.00018774758690449982,
    0.00016550046284288707,
    0.0003540506360878058,
    0.0001356949594626854,
    6.990846563032336e-06,
    0.0004151158218244309,
    0.0005576328620298608
  ],
  "optim_epochs": [
    27,
    4,
    36,
    46,
    7,
    2,
    4,
    2,
    3,
    2
  ],
  "optim_stepsize": [
    0.003468358663135868,
    0.0002310385226076149,
    1.1678817313845342e-05,
    0.049356506614276034,
    5.837156558410047e-05,
    1.1113254602117716e-05,
    0.00027813377142362855,
    0.005850309655574878,
    0.0007316461984594519,
    1.8683979400879313e-05
  ],
  "optim_minibatches": [
    19,
    30,
    60,
    6,
    1,
    47,
    45,
    4,
    1,
    9
  ],
  "adam_epsilon": [
    5.229615712488517e-08,
    1.1962155631124316e-05,
    1.34568197551159e-06,
    3.89667898459933e-08,
    1.185892035402806e-05,
    1.5193434603421137e-07,
    2.5580441351239552e-08,
    4.379560281500058e-07,
    1.1737337182717845e-06,
    5.203799451540639e-08
  ],
  "schedule": [
    "linear",
    "linear",
    "linear",
    "linear",
    "linear",
    "linear",
    "linear",
    "linear",
    "linear",
    "linear"
  ],
  "num_envs": 4,
  "results_dir_name": "results",
  "storage_dir_name": "storage",
  "train_set": "remaining",
  "eval_set": "remaining",
  "OPENAI_LOG_FORMAT": "csv",
  "walltime_hrs": 0.3,
  "num_checkpoints": 100,
  "eval_ntrajs": 10,
  "eval_nsteps": 200,
  "eval_seed": 12345,
  "looping_tree": {
    "method": "fixed",
    "environment": "fixed",
    "total_timesteps": "fixed",
    "rng_seed": "cartesian",
    "policy_kwargs": "fixed",
    "gamma": "zip",
    "lam": "zip",
    "timesteps_per_actorbatch": "zip",
    "clip_param": "zip",
    "entcoeff": "zip",
    "optim_epochs": "zip",
    "optim_stepsize": "zip",
    "optim_minibatches": "zip",
    "adam_epsilon": "zip",
    "schedule": "zip"
  }
}