{
  "description": "Hyper-parameter optimization for ppo1 on a low frequency environment",
  "method": "ppo1",
  "environment": "drop_leg_100hz",
  "total_timesteps": 4000000,
  "rng_seed": [
    0,
    1000,
    2000
  ],
  "policy_kwargs": {
    "net_arch": [
      {
        "vf": [
          64,
          64
        ],
        "pi": [
          64,
          64
        ]
      }
    ]
  },
  "gamma": [
    0.9995078010773922,
    0.9998084108765292,
    0.8874726509392606,
    0.9994988896999688,
    0.9356478607170362,
    0.582855987973278,
    0.9990580393821906,
    0.9968869923810424,
    0.5332483100077159,
    0.987123201199367
  ],
  "lam": [
    0.9047172957353741,
    0.9989893333069397,
    0.4736947530449014,
    0.9894961074811208,
    0.9996790653385498,
    0.8932610474610202,
    0.9997632611610926,
    0.9975143609830059,
    0.9943747296933316,
    0.9981153760845278
  ],
  "timesteps_per_actorbatch": [
    7334,
    2073,
    7257,
    11186,
    450,
    3556,
    12769,
    497,
    2622,
    249
  ],
  "clip_param": [
    94.1987871401759,
    0.39538007625164123,
    15.706118794763807,
    32.75798107386613,
    0.12801904032270867,
    106.18615180044864,
    56.14187202138498,
    97.74768775112386,
    29.594134217805998,
    3.0277299872058716
  ],
  "entcoeff": [
    5.706317169522087e-05,
    0.0002475407701016358,
    8.54221210430519e-05,
    0.0009481485948144358,
    1.0906108386144529e-06,
    4.219076717467778e-05,
    0.0005938353598083734,
    0.00010076630871764878,
    0.00020556246472913542,
    2.7556290992632048e-05
  ],
  "optim_epochs": [
    80,
    5,
    98,
    123,
    93,
    11,
    12,
    13,
    51,
    40
  ],
  "optim_stepsize": [
    0.005285287000567436,
    0.05315652978065914,
    5.2156340823025076e-05,
    0.006697096231675036,
    0.0021551710266509423,
    2.493816645273128e-05,
    0.00038821786819823433,
    0.0003214434494729779,
    0.050828327188129505,
    1.825120296883882e-05
  ],
  "optim_minibatches": [
    32,
    10,
    22,
    1,
    1,
    3,
    2,
    57,
    34,
    49
  ],
  "adam_epsilon": [
    8.910936183310476e-05,
    6.447095870245244e-05,
    5.73046169174825e-07,
    1.9159143473326202e-08,
    6.204499909056632e-06,
    8.342197444839634e-05,
    1.8860405737296244e-08,
    3.5438448410213104e-05,
    1.440572914575993e-08,
    1.5118314252703725e-06
  ],
  "schedule": [
    "linear",
    "linear",
    "linear",
    "linear",
    "linear",
    "linear",
    "linear",
    "linear",
    "linear",
    "linear"
  ],
  "num_envs": 4,
  "results_dir_name": "results",
  "storage_dir_name": "storage",
  "train_set": "remaining",
  "eval_set": "remaining",
  "OPENAI_LOG_FORMAT": "csv",
  "walltime_hrs": 0.3,
  "num_checkpoints": 100,
  "eval_ntrajs": 10,
  "eval_nsteps": 200,
  "eval_seed": 12345,
  "looping_tree": {
    "method": "fixed",
    "environment": "fixed",
    "total_timesteps": "fixed",
    "rng_seed": "cartesian",
    "policy_kwargs": "fixed",
    "gamma": "zip",
    "lam": "zip",
    "timesteps_per_actorbatch": "zip",
    "clip_param": "zip",
    "entcoeff": "zip",
    "optim_epochs": "zip",
    "optim_stepsize": "zip",
    "optim_minibatches": "zip",
    "adam_epsilon": "zip",
    "schedule": "zip"
  }
}