{
  "description": "Hyper-parameter optimization for ppo1 on a low frequency environment",
  "method": "ppo1",
  "environment": "drop_leg_100hz",
  "total_timesteps": 4000000,
  "rng_seed": [
    0,
    1000,
    2000
  ],
  "policy_kwargs": {
    "net_arch": [
      {
        "vf": [
          64,
          64
        ],
        "pi": [
          64,
          64
        ]
      }
    ]
  },
  "gamma": [
    0.9980594454684523,
    0.8082827996949763,
    0.8799416829096731,
    0.8750821703588222,
    0.9603501949361996,
    0.9977655628514659,
    0.9965208848833419,
    0.8228695249922446,
    0.9706346842433334,
    0.9827352799749561
  ],
  "lam": [
    0.9339073768971089,
    0.7211326010601143,
    0.9979732677645189,
    0.959074533934487,
    0.6355925142790866,
    0.9919612306064838,
    0.9969348378921378,
    0.9982970498728085,
    0.9983510502977437,
    0.9890534688692755
  ],
  "timesteps_per_actorbatch": [
    163,
    1872,
    307,
    2012,
    1146,
    138,
    1888,
    156,
    5920,
    2166
  ],
  "clip_param": [
    31.267289340879223,
    10.708760534807425,
    0.3682837963556597,
    0.2537469001142539,
    0.2559923026705898,
    185.22353824643824,
    0.14311706671059282,
    0.08115944618444088,
    16.673378968047487,
    4.244933382808803
  ],
  "entcoeff": [
    2.897897665469974e-05,
    0.0006926929869833848,
    0.00015707373354515792,
    0.0004752114045672229,
    3.4396002906454646e-06,
    2.431855060020318e-05,
    1.1391395028571018e-06,
    1.338360118951237e-05,
    0.0008313163755789619,
    0.0007422056676514878
  ],
  "optim_epochs": [
    84,
    7,
    3,
    99,
    1,
    8,
    23,
    90,
    120,
    25
  ],
  "optim_stepsize": [
    0.03626094252166234,
    1.4656361339377465e-05,
    0.0008785185086191717,
    0.0004108312143011941,
    0.0002487822907909431,
    3.460514699875777e-05,
    0.00022325727205662366,
    0.001516034395492044,
    0.010787335737869797,
    3.317561654119643e-05
  ],
  "optim_minibatches": [
    3,
    58,
    17,
    8,
    1,
    16,
    36,
    6,
    2,
    14
  ],
  "adam_epsilon": [
    1.5288048755001838e-07,
    2.736312049753802e-07,
    2.2329287242968453e-08,
    4.186069931731173e-05,
    2.451286238102121e-07,
    7.294562564542602e-08,
    3.401677918924564e-06,
    5.799262442487122e-05,
    6.495432864746338e-06,
    1.6459861816444453e-06
  ],
  "schedule": [
    "linear",
    "linear",
    "linear",
    "linear",
    "linear",
    "linear",
    "linear",
    "linear",
    "linear",
    "linear"
  ],
  "num_envs": 4,
  "results_dir_name": "results",
  "storage_dir_name": "storage",
  "train_set": "remaining",
  "eval_set": "remaining",
  "OPENAI_LOG_FORMAT": "csv",
  "walltime_hrs": 0.3,
  "num_checkpoints": 100,
  "eval_ntrajs": 10,
  "eval_nsteps": 200,
  "eval_seed": 12345,
  "looping_tree": {
    "method": "fixed",
    "environment": "fixed",
    "total_timesteps": "fixed",
    "rng_seed": "cartesian",
    "policy_kwargs": "fixed",
    "gamma": "zip",
    "lam": "zip",
    "timesteps_per_actorbatch": "zip",
    "clip_param": "zip",
    "entcoeff": "zip",
    "optim_epochs": "zip",
    "optim_stepsize": "zip",
    "optim_minibatches": "zip",
    "adam_epsilon": "zip",
    "schedule": "zip"
  }
}