{
  "description": "Hyper-parameter optimization for trpo on a low frequency environment",
  "method": "trpo",
  "environment": "drop_leg_100hz",
  "total_timesteps": 4000000,
  "rng_seed": [
    0,
    1000,
    2000
  ],
  "policy_kwargs": {
    "net_arch": [
      {
        "vf": [
          64,
          64
        ],
        "pi": [
          64,
          64
        ]
      }
    ]
  },
  "timesteps_per_batch": [
    867,
    390,
    244,
    241,
    246,
    257,
    139,
    339,
    190,
    96
  ],
  "gamma": [
    0.9556020390999559,
    0.9491985273686054,
    0.9455424849925688,
    0.9434637729595536,
    0.9443598698684141,
    0.9380737986662285,
    0.9354749220967503,
    0.9527991508093313,
    0.9552202041698674,
    0.9296546354446016
  ],
  "lam": [
    0.36,
    0.36,
    0.36,
    0.36,
    0.36,
    0.9673815630277697,
    0.36,
    0.36,
    0.36,
    0.36
  ],
  "max_kl": [
    0.07579500169082815,
    0.11666226532835096,
    0.1453071245597978,
    0.12314121437408784,
    0.10421781773545057,
    0.14120245379757518,
    0.2696570499202358,
    0.1940230724306344,
    0.11649301450476314,
    0.09764615069931332
  ],
  "cg_iters": [
    19,
    20,
    20,
    20,
    20,
    20,
    20,
    20,
    20,
    20
  ],
  "entcoeff": [
    0.00016008240666719577,
    1.7980544397468417e-05,
    0.0005802218934908415,
    0.0005407552519571026,
    7.487071646294686e-07,
    0.0006008444279516767,
    0.0009970817455511405,
    0.00032463884579361844,
    0.0006068379338807662,
    0.0009354431276346063
  ],
  "cg_damping": [
    1.0,
    1.0,
    1.0,
    1.0,
    1.0,
    1.0,
    1.0,
    1.0,
    1.0,
    1.0
  ],
  "vf_stepsize": [
    0.005002171025733111,
    0.007998385521115503,
    0.008578652363263696,
    0.011342891830502438,
    0.010068057310546814,
    0.01226736012683718,
    0.021754800024883846,
    0.02535360743814257,
    0.020605447948652298,
    0.029999999999999995
  ],
  "vf_iters": [
    6,
    5,
    3,
    6,
    2,
    4,
    2,
    3,
    2,
    3
  ],
  "vf_minibatches": [
    15,
    11,
    12,
    5,
    6,
    9,
    9,
    5,
    13,
    4
  ],
  "num_envs": 4,
  "results_dir_name": "results",
  "storage_dir_name": "storage",
  "train_set": "remaining",
  "eval_set": "remaining",
  "OPENAI_LOG_FORMAT": "csv",
  "walltime_hrs": 0.3,
  "num_checkpoints": 100,
  "eval_ntrajs": 10,
  "eval_nsteps": 200,
  "eval_seed": 12345,
  "looping_tree": {
    "method": "fixed",
    "environment": "fixed",
    "total_timesteps": "fixed",
    "rng_seed": "cartesian",
    "policy_kwargs": "fixed",
    "timesteps_per_batch": "zip",
    "gamma": "zip",
    "lam": "zip",
    "max_kl": "zip",
    "cg_iters": "zip",
    "entcoeff": "zip",
    "cg_damping": "zip",
    "vf_stepsize": "zip",
    "vf_iters": "zip",
    "vf_minibatches": "zip"
  }
}