{
  "description": "Hyper-parameter optimization for trpo on a low frequency environment",
  "method": "trpo",
  "environment": "drop_leg_100hz",
  "total_timesteps": 4000000,
  "rng_seed": [
    0,
    1000,
    2000
  ],
  "policy_kwargs": {
    "net_arch": [
      {
        "vf": [
          64,
          64
        ],
        "pi": [
          64,
          64
        ]
      }
    ]
  },
  "timesteps_per_batch": [
    1596,
    1993,
    2031,
    2075,
    2126,
    2166,
    2213,
    2265,
    2298,
    2334
  ],
  "gamma": [
    0.9595684683587287,
    0.95905873093357,
    0.959022115361015,
    0.9589428042130086,
    0.9588951289689681,
    0.9587730334000245,
    0.9586711785392719,
    0.9585933195243848,
    0.9584649997461551,
    0.9584175573798733
  ],
  "lam": [
    0.36,
    0.4555518896354077,
    0.4493845848046286,
    0.4421619850461006,
    0.4319051316275657,
    0.4261236547101662,
    0.42441945727521635,
    0.40138538450669237,
    0.41718880405462655,
    0.41169882492075216
  ],
  "max_kl": [
    0.030976111876215733,
    0.0373056483812194,
    0.038128799119666434,
    0.03926489660228985,
    0.040573301992674185,
    0.04154583657623564,
    0.0426771106646814,
    0.04397876530091312,
    0.04491586532921195,
    0.04584806927772985
  ],
  "cg_iters": [
    13,
    12,
    12,
    12,
    12,
    12,
    12,
    12,
    12,
    12
  ],
  "entcoeff": [
    0.0005994772830246364,
    0.0008613044600197944,
    0.00044223106137382634,
    0.0001434302358162248,
    0.00016338671515514906,
    0.0008961899610402534,
    0.0009348161078321506,
    5.491505533029198e-05,
    0.00023701393250175342,
    0.0008401055637606244
  ],
  "cg_damping": [
    1.0,
    1.0,
    1.0,
    1.0,
    1.0,
    1.0,
    1.0,
    1.0,
    1.0,
    1.0
  ],
  "vf_stepsize": [
    0.0023291036406107185,
    0.0026166138855858966,
    0.002664551425659259,
    0.002678915972973547,
    0.002711894879400092,
    0.002747367766759662,
    0.0027797143775280947,
    0.0028227050014002883,
    0.0028413116313897855,
    0.002869219766529911
  ],
  "vf_iters": [
    11,
    9,
    9,
    9,
    9,
    9,
    9,
    9,
    9,
    9
  ],
  "vf_minibatches": [
    23,
    21,
    21,
    21,
    21,
    21,
    20,
    20,
    20,
    20
  ],
  "num_envs": 4,
  "results_dir_name": "results",
  "storage_dir_name": "storage",
  "train_set": "remaining",
  "eval_set": "remaining",
  "OPENAI_LOG_FORMAT": "csv",
  "walltime_hrs": 0.3,
  "num_checkpoints": 100,
  "eval_ntrajs": 10,
  "eval_nsteps": 200,
  "eval_seed": 12345,
  "looping_tree": {
    "method": "fixed",
    "environment": "fixed",
    "total_timesteps": "fixed",
    "rng_seed": "cartesian",
    "policy_kwargs": "fixed",
    "timesteps_per_batch": "zip",
    "gamma": "zip",
    "lam": "zip",
    "max_kl": "zip",
    "cg_iters": "zip",
    "entcoeff": "zip",
    "cg_damping": "zip",
    "vf_stepsize": "zip",
    "vf_iters": "zip",
    "vf_minibatches": "zip"
  }
}