{
  "description": "Hyper-parameter optimization for trpo on a low frequency environment",
  "method": "trpo",
  "environment": "drop_leg_100hz",
  "total_timesteps": 4000000,
  "rng_seed": [
    0,
    1000,
    2000
  ],
  "policy_kwargs": {
    "net_arch": [
      {
        "vf": [
          64,
          64
        ],
        "pi": [
          64,
          64
        ]
      }
    ]
  },
  "timesteps_per_batch": [
    83,
    91,
    254,
    771,
    297,
    11903,
    6337,
    499,
    1089,
    608
  ],
  "gamma": [
    0.9986713481901599,
    0.9997677881174726,
    0.9988614770088732,
    0.9959593938456534,
    0.9941739307799065,
    0.9796523550770956,
    0.9770299663584764,
    0.9981888400244369,
    0.9240013852618315,
    0.997109910826517
  ],
  "lam": [
    0.9997365615122187,
    0.982560412499101,
    0.8838319846626425,
    0.9390273903162999,
    0.9627006892686293,
    0.9973255837845224,
    0.9987872176141203,
    0.9924709000847658,
    0.9982507047236504,
    0.991090239431765
  ],
  "max_kl": [
    0.035133874100896745,
    0.07985361790239506,
    0.2463570897047236,
    0.040904654623237544,
    0.028762875213753362,
    0.028767510363017154,
    0.03652905230869609,
    0.009479545170819332,
    0.002847799443013423,
    0.05070543266624603
  ],
  "cg_iters": [
    4,
    2,
    6,
    4,
    4,
    4,
    12,
    9,
    10,
    4
  ],
  "entcoeff": [
    2.4220753613185367e-05,
    8.281743140998665e-05,
    3.363251511236323e-05,
    0.00013545705010006227,
    0.00091333884907252,
    0.00014251475533724723,
    0.00022063977375223368,
    0.0002614594070110477,
    0.00020212212158085083,
    0.0009853788530616258
  ],
  "cg_damping": [
    0.00028868907755565104,
    0.0010347123476217323,
    0.025705750540305126,
    0.0007018900797079467,
    0.001009264137387639,
    0.0003750418997925554,
    0.0003293188983116106,
    0.0190312444182898,
    0.05707290879901644,
    0.000536205870855378
  ],
  "vf_stepsize": [
    0.003777133354996433,
    0.019331370489442844,
    0.00035278554736227014,
    0.0009038840557029104,
    0.008730953745147116,
    0.0006502331895599842,
    3.0414936167340707e-06,
    0.0012546750827021312,
    7.305335094530734e-05,
    0.0077781025925227785
  ],
  "vf_iters": [
    17,
    1,
    1,
    4,
    2,
    1,
    9,
    2,
    4,
    3
  ],
  "vf_minibatches": [
    1,
    55,
    32,
    53,
    8,
    27,
    1,
    29,
    12,
    25
  ],
  "num_envs": 4,
  "results_dir_name": "results",
  "storage_dir_name": "storage",
  "train_set": "remaining",
  "eval_set": "remaining",
  "OPENAI_LOG_FORMAT": "csv",
  "walltime_hrs": 0.3,
  "num_checkpoints": 100,
  "eval_ntrajs": 10,
  "eval_nsteps": 200,
  "eval_seed": 12345,
  "looping_tree": {
    "method": "fixed",
    "environment": "fixed",
    "total_timesteps": "fixed",
    "rng_seed": "cartesian",
    "policy_kwargs": "fixed",
    "timesteps_per_batch": "zip",
    "gamma": "zip",
    "lam": "zip",
    "max_kl": "zip",
    "cg_iters": "zip",
    "entcoeff": "zip",
    "cg_damping": "zip",
    "vf_stepsize": "zip",
    "vf_iters": "zip",
    "vf_minibatches": "zip"
  }
}