{
  "description": "Hyper-parameter optimization for trpo on a low frequency environment",
  "method": "trpo",
  "environment": "drop_leg_100hz",
  "total_timesteps": 4000000,
  "rng_seed": [
    0,
    1000,
    2000
  ],
  "policy_kwargs": {
    "net_arch": [
      {
        "vf": [
          64,
          64
        ],
        "pi": [
          64,
          64
        ]
      }
    ]
  },
  "timesteps_per_batch": [
    615,
    76,
    2038,
    359,
    1476,
    6025,
    9542,
    164,
    66,
    164
  ],
  "gamma": [
    0.9998286576329138,
    0.7268024127821093,
    0.9997371800177408,
    0.9931666158225654,
    0.994263105351379,
    0.9501481883174778,
    0.9972257496818904,
    0.46252050515548626,
    0.9961928270395777,
    0.9977297578507505
  ],
  "lam": [
    0.9954797900846881,
    0.9998404663991657,
    0.9739650004983651,
    0.9952500723139964,
    0.9653738965885033,
    0.7609048968245353,
    0.8856922421683808,
    0.9969512583395869,
    0.9994544002168918,
    0.9896253299559351
  ],
  "max_kl": [
    0.014758885889327016,
    0.08080303079494705,
    0.001559096294535064,
    0.0015206350923332003,
    0.026942672402973662,
    0.11378943014547643,
    0.010074132624360018,
    0.099989621567805,
    0.5067560598914677,
    0.06375144312754183
  ],
  "cg_iters": [
    11,
    2,
    10,
    1,
    1,
    9,
    1,
    17,
    4,
    2
  ],
  "entcoeff": [
    0.00043004305420050873,
    0.00018938836215272474,
    3.752613623508902e-06,
    0.0009900748654186752,
    6.351809390981388e-06,
    0.00012349180705457813,
    2.5837558450324575e-05,
    8.639796600968913e-06,
    4.765103150704366e-05,
    1.1677117162111134e-05
  ],
  "cg_damping": [
    0.002600832150029419,
    0.0008201037449900318,
    0.028802668653639223,
    0.07587205392881043,
    0.0012553457365942163,
    0.01414522120154908,
    0.2918508334748749,
    0.1414550395177197,
    0.015805268186356296,
    0.8705747600139525
  ],
  "vf_stepsize": [
    0.0007362810974301159,
    0.0018904663874619986,
    0.003012979168070647,
    0.0037251988289802042,
    5.3329704403419746e-05,
    0.0055707304516021015,
    0.002342066741063225,
    0.00024844444379460096,
    0.01744441718179303,
    7.427799726682667e-06
  ],
  "vf_iters": [
    2,
    4,
    2,
    7,
    6,
    5,
    15,
    5,
    23,
    16
  ],
  "vf_minibatches": [
    7,
    13,
    1,
    1,
    10,
    14,
    16,
    3,
    2,
    4
  ],
  "num_envs": 4,
  "results_dir_name": "results",
  "storage_dir_name": "storage",
  "train_set": "remaining",
  "eval_set": "remaining",
  "OPENAI_LOG_FORMAT": "csv",
  "walltime_hrs": 0.3,
  "num_checkpoints": 100,
  "eval_ntrajs": 10,
  "eval_nsteps": 200,
  "eval_seed": 12345,
  "looping_tree": {
    "method": "fixed",
    "environment": "fixed",
    "total_timesteps": "fixed",
    "rng_seed": "cartesian",
    "policy_kwargs": "fixed",
    "timesteps_per_batch": "zip",
    "gamma": "zip",
    "lam": "zip",
    "max_kl": "zip",
    "cg_iters": "zip",
    "entcoeff": "zip",
    "cg_damping": "zip",
    "vf_stepsize": "zip",
    "vf_iters": "zip",
    "vf_minibatches": "zip"
  }
}