{
  "description": "Hyper-parameter optimization for trpo on a low frequency environment",
  "method": "trpo",
  "environment": "drop_leg_100hz",
  "total_timesteps": 4000000,
  "rng_seed": [
    0,
    1000,
    2000
  ],
  "policy_kwargs": {
    "net_arch": [
      {
        "vf": [
          64,
          64
        ],
        "pi": [
          64,
          64
        ]
      }
    ]
  },
  "timesteps_per_batch": [
    1107,
    106,
    349,
    2565,
    8901,
    367,
    209,
    1164,
    477,
    71
  ],
  "gamma": [
    0.9547499375813253,
    0.8876487659061014,
    0.9961096359068375,
    0.7279380935059395,
    0.9997713854949971,
    0.9067832618558815,
    0.9960291250799536,
    0.8326797498924297,
    0.9645810210967913,
    0.9724292169632412
  ],
  "lam": [
    0.9345944703028364,
    0.9929093773860527,
    0.9989481239431446,
    0.9995859102435961,
    0.9706996802467,
    0.9980398583978415,
    0.9986187436672095,
    0.9995637542803257,
    0.8281896466360311,
    0.984535862261192
  ],
  "max_kl": [
    0.0028981549908680517,
    0.0030856127235158173,
    0.005509770224912987,
    0.0013426328928774788,
    0.0015152016191746632,
    0.004037690484015014,
    0.07673784906986789,
    0.0051869428859018935,
    0.005101200782354334,
    0.03513520285395728
  ],
  "cg_iters": [
    2,
    7,
    7,
    8,
    19,
    5,
    2,
    5,
    14,
    1
  ],
  "entcoeff": [
    8.114342001946405e-06,
    0.0005860256399222987,
    1.3292052757067902e-05,
    1.2828179520408316e-05,
    0.0001970332436918566,
    1.2327153885961286e-05,
    0.00011915336410188971,
    8.939256546707254e-05,
    3.054697114361271e-05,
    7.488519458369223e-05
  ],
  "cg_damping": [
    0.00041790677602562376,
    0.00045358149672145904,
    0.49788623027461043,
    0.008231324623545947,
    0.017549358771956444,
    0.11225667295364787,
    0.05828789004641037,
    0.3385423511424379,
    0.00020946874328502384,
    0.24435163131029164
  ],
  "vf_stepsize": [
    0.00010251162589205213,
    0.005967030630113648,
    9.420975830780523e-06,
    0.00018485829022591016,
    4.263141841938177e-05,
    0.00026065400757815477,
    0.018264005428407,
    7.653621628853852e-06,
    7.143472310055332e-06,
    0.0005648248948026796
  ],
  "vf_iters": [
    1,
    1,
    9,
    21,
    2,
    3,
    3,
    8,
    1,
    14
  ],
  "vf_minibatches": [
    2,
    1,
    5,
    5,
    14,
    3,
    1,
    14,
    6,
    22
  ],
  "num_envs": 4,
  "results_dir_name": "results",
  "storage_dir_name": "storage",
  "train_set": "remaining",
  "eval_set": "remaining",
  "OPENAI_LOG_FORMAT": "csv",
  "walltime_hrs": 0.3,
  "num_checkpoints": 100,
  "eval_ntrajs": 10,
  "eval_nsteps": 200,
  "eval_seed": 12345,
  "looping_tree": {
    "method": "fixed",
    "environment": "fixed",
    "total_timesteps": "fixed",
    "rng_seed": "cartesian",
    "policy_kwargs": "fixed",
    "timesteps_per_batch": "zip",
    "gamma": "zip",
    "lam": "zip",
    "max_kl": "zip",
    "cg_iters": "zip",
    "entcoeff": "zip",
    "cg_damping": "zip",
    "vf_stepsize": "zip",
    "vf_iters": "zip",
    "vf_minibatches": "zip"
  }
}