{
  "description": "Hyper-parameter optimization for trpo on a low frequency environment",
  "method": "trpo",
  "environment": "drop_leg_100hz",
  "total_timesteps": 4000000,
  "rng_seed": [
    0,
    1000,
    2000
  ],
  "policy_kwargs": {
    "net_arch": [
      {
        "vf": [
          64,
          64
        ],
        "pi": [
          64,
          64
        ]
      }
    ]
  },
  "timesteps_per_batch": [
    2443,
    2314,
    2406,
    2607,
    2113,
    2482,
    2523,
    2563,
    1922,
    2574
  ],
  "gamma": [
    0.9636632266464626,
    0.9627573589132209,
    0.958843478966999,
    0.9624082215574274,
    0.9543750446698743,
    0.9539923631393975,
    0.9569117410678234,
    0.955603332812277,
    0.9567978520594891,
    0.9507430016132613
  ],
  "lam": [
    0.36,
    0.36,
    0.36,
    0.36,
    0.36,
    0.9839651669986562,
    0.36,
    0.36,
    0.36,
    0.9837848826045329
  ],
  "max_kl": [
    0.0499904603498426,
    0.04253227270833105,
    0.03561733671728057,
    0.06853897405360675,
    0.02114143676551275,
    0.03936866272779992,
    0.04748746553230418,
    0.04925626327206331,
    0.08531906446845988,
    0.04296433067390614
  ],
  "cg_iters": [
    14,
    20,
    20,
    20,
    20,
    20,
    20,
    7,
    20,
    20
  ],
  "entcoeff": [
    0.000925175373202595,
    0.0004760598290194225,
    0.0007651147621336614,
    0.00046446624447975477,
    0.0001704352842884271,
    0.0009035013163736322,
    0.00020662601196639775,
    0.00038265495535671855,
    1.6500023570290713e-06,
    2.962849734862699e-06
  ],
  "cg_damping": [
    1.0,
    1.0,
    1.0,
    1.0,
    1.0,
    1.0,
    0.0016846428686747388,
    1.0,
    1.0,
    1.0
  ],
  "vf_stepsize": [
    0.006874912101135408,
    0.029999999999999995,
    0.029999999999999995,
    0.029999999999999995,
    0.029999999999999995,
    0.029999999999999995,
    0.029999999999999995,
    0.029999999999999995,
    0.029999999999999995,
    0.029999999999999995
  ],
  "vf_iters": [
    13,
    24,
    24,
    24,
    24,
    24,
    24,
    24,
    24,
    24
  ],
  "vf_minibatches": [
    7,
    2,
    1,
    1,
    1,
    1,
    1,
    1,
    1,
    1
  ],
  "num_envs": 4,
  "results_dir_name": "results",
  "storage_dir_name": "storage",
  "train_set": "remaining",
  "eval_set": "remaining",
  "OPENAI_LOG_FORMAT": "csv",
  "walltime_hrs": 0.3,
  "num_checkpoints": 100,
  "eval_ntrajs": 10,
  "eval_nsteps": 200,
  "eval_seed": 12345,
  "looping_tree": {
    "method": "fixed",
    "environment": "fixed",
    "total_timesteps": "fixed",
    "rng_seed": "cartesian",
    "policy_kwargs": "fixed",
    "timesteps_per_batch": "zip",
    "gamma": "zip",
    "lam": "zip",
    "max_kl": "zip",
    "cg_iters": "zip",
    "entcoeff": "zip",
    "cg_damping": "zip",
    "vf_stepsize": "zip",
    "vf_iters": "zip",
    "vf_minibatches": "zip"
  }
}