{
  "description": "Hyper-parameter optimization for trpo on a low frequency environment",
  "method": "trpo",
  "environment": "drop_leg_100hz",
  "total_timesteps": 4000000,
  "rng_seed": [
    0,
    1000,
    2000
  ],
  "policy_kwargs": {
    "net_arch": [
      {
        "vf": [
          64,
          64
        ],
        "pi": [
          64,
          64
        ]
      }
    ]
  },
  "timesteps_per_batch": [
    8174,
    16384,
    16384,
    16384,
    16384,
    15092,
    16384,
    15102,
    16384,
    15625
  ],
  "gamma": [
    0.9384121477110579,
    0.9011077379529541,
    0.889760846050323,
    0.839222906850289,
    0.8339796406877796,
    0.8837502427164188,
    0.5871823917289029,
    0.8512060983411794,
    0.7586758902957244,
    0.8416706283627319
  ],
  "lam": [
    0.36,
    0.36,
    0.36,
    0.36,
    0.36,
    0.36,
    0.36,
    0.36,
    0.36,
    0.36
  ],
  "max_kl": [
    0.13987168990963358,
    0.64,
    0.64,
    0.64,
    0.64,
    0.5066764269260949,
    0.64,
    0.523015562459788,
    0.044642520083314104,
    0.37147935624652334
  ],
  "cg_iters": [
    18,
    20,
    20,
    20,
    20,
    20,
    20,
    20,
    20,
    20
  ],
  "entcoeff": [
    1.5762293563629917e-05,
    6.805994535455029e-06,
    5.093100718755895e-06,
    0.00033699758017762747,
    0.0004973986380153532,
    2.0590188815981084e-05,
    0.001,
    0.00011901737982242833,
    0.000996436233539674,
    0.00020245777735262513
  ],
  "cg_damping": [
    1.0,
    1.0,
    1.0,
    1.0,
    0.00010000000000000009,
    0.26773165360782275,
    1.0,
    0.447980177760987,
    1.0,
    0.5284098629562024
  ],
  "vf_stepsize": [
    0.0015590502478508013,
    0.01557939924398883,
    3.2822105550893396e-05,
    3.3707554953931876e-05,
    0.0017098694651099225,
    0.0005959294551722123,
    0.029999999999999995,
    0.0013684767543255443,
    0.0005440442964492098,
    0.0011800798810067937
  ],
  "vf_iters": [
    24,
    24,
    24,
    24,
    24,
    24,
    24,
    24,
    24,
    24
  ],
  "vf_minibatches": [
    20,
    17,
    64,
    4,
    25,
    18,
    64,
    24,
    51,
    27
  ],
  "num_envs": 4,
  "results_dir_name": "results",
  "storage_dir_name": "storage",
  "train_set": "remaining",
  "eval_set": "remaining",
  "OPENAI_LOG_FORMAT": "csv",
  "walltime_hrs": 0.3,
  "num_checkpoints": 100,
  "eval_ntrajs": 10,
  "eval_nsteps": 200,
  "eval_seed": 12345,
  "looping_tree": {
    "method": "fixed",
    "environment": "fixed",
    "total_timesteps": "fixed",
    "rng_seed": "cartesian",
    "policy_kwargs": "fixed",
    "timesteps_per_batch": "zip",
    "gamma": "zip",
    "lam": "zip",
    "max_kl": "zip",
    "cg_iters": "zip",
    "entcoeff": "zip",
    "cg_damping": "zip",
    "vf_stepsize": "zip",
    "vf_iters": "zip",
    "vf_minibatches": "zip"
  }
}