{
  "description": "Hyper-parameter optimization for trpo on a low frequency environment",
  "method": "trpo",
  "environment": "drop_leg_100hz",
  "total_timesteps": 4000000,
  "rng_seed": [
    0,
    1000,
    2000
  ],
  "policy_kwargs": {
    "net_arch": [
      {
        "vf": [
          64,
          64
        ],
        "pi": [
          64,
          64
        ]
      }
    ]
  },
  "timesteps_per_batch": [
    111,
    64,
    64,
    64,
    64,
    64,
    64,
    64,
    64,
    64
  ],
  "gamma": [
    0.9481199554889281,
    0.9492127667895406,
    0.9487816291497694,
    0.9486864208845015,
    0.9482212748785851,
    0.9479719142078666,
    0.9470582740385831,
    0.9476211446701411,
    0.9466924676763818,
    0.9462274316175131
  ],
  "lam": [
    0.36,
    0.36,
    0.36,
    0.36,
    0.36,
    0.36,
    0.36,
    0.36,
    0.36,
    0.36
  ],
  "max_kl": [
    0.0012500000000000002,
    0.0012500000000000002,
    0.0012500000000000002,
    0.0012500000000000002,
    0.0012500000000000002,
    0.0012500000000000002,
    0.0012500000000000002,
    0.0012500000000000002,
    0.0012500000000000002,
    0.0012500000000000002
  ],
  "cg_iters": [
    20,
    20,
    20,
    20,
    20,
    20,
    20,
    20,
    20,
    20
  ],
  "entcoeff": [
    0.0009028155721609727,
    0.0006055476853080913,
    0.001,
    0.001,
    0.0008714297587959105,
    7.60868601997932e-05,
    0.001,
    0.00038562837876251983,
    0.001,
    0.001
  ],
  "cg_damping": [
    0.38331807485744485,
    0.11268326600396007,
    1.0,
    1.0,
    0.0013928632925329142,
    0.01743045288339493,
    0.6098910261471586,
    0.6679787690708267,
    0.06234180863319543,
    1.0
  ],
  "vf_stepsize": [
    0.0035909690476470303,
    0.003800516995596478,
    0.003751566000617003,
    0.0037497003446543605,
    0.003730218418054219,
    0.003707280965468196,
    0.00383803579011761,
    0.003679539233805103,
    0.0036469016966505685,
    0.0035889486486196105
  ],
  "vf_iters": [
    24,
    24,
    24,
    24,
    24,
    24,
    24,
    24,
    24,
    24
  ],
  "vf_minibatches": [
    64,
    64,
    64,
    64,
    64,
    64,
    64,
    64,
    64,
    64
  ],
  "num_envs": 4,
  "results_dir_name": "results",
  "storage_dir_name": "storage",
  "train_set": "remaining",
  "eval_set": "remaining",
  "OPENAI_LOG_FORMAT": "csv",
  "walltime_hrs": 0.3,
  "num_checkpoints": 100,
  "eval_ntrajs": 10,
  "eval_nsteps": 200,
  "eval_seed": 12345,
  "looping_tree": {
    "method": "fixed",
    "environment": "fixed",
    "total_timesteps": "fixed",
    "rng_seed": "cartesian",
    "policy_kwargs": "fixed",
    "timesteps_per_batch": "zip",
    "gamma": "zip",
    "lam": "zip",
    "max_kl": "zip",
    "cg_iters": "zip",
    "entcoeff": "zip",
    "cg_damping": "zip",
    "vf_stepsize": "zip",
    "vf_iters": "zip",
    "vf_minibatches": "zip"
  }
}