{
  "description": "Hyper-parameter optimization for trpo on a low frequency environment",
  "method": "trpo",
  "environment": "drop_leg_100hz",
  "total_timesteps": 4000000,
  "rng_seed": [
    0,
    1000,
    2000
  ],
  "policy_kwargs": {
    "net_arch": [
      {
        "vf": [
          64,
          64
        ],
        "pi": [
          64,
          64
        ]
      }
    ]
  },
  "timesteps_per_batch": [
    2399,
    3279,
    5284,
    4726,
    8960,
    8985,
    13048,
    16384,
    6624,
    5182
  ],
  "gamma": [
    0.9634925908092826,
    0.9629268412904002,
    0.95868995310815,
    0.9583915751486297,
    0.9506524397820382,
    0.9490238770279444,
    0.9472418583403321,
    0.9479425358697329,
    0.9432913336584613,
    0.9275116665319529
  ],
  "lam": [
    0.36,
    0.36,
    0.36,
    0.36,
    0.36,
    0.36,
    0.999310672625829,
    0.36,
    0.9955191281356662,
    0.36
  ],
  "max_kl": [
    0.07001313774512927,
    0.12254550654793056,
    0.22197600167988385,
    0.21296980806816054,
    0.3956692463836504,
    0.4235879252928198,
    0.4073476264343252,
    0.0921855507181972,
    0.09147270258039919,
    0.2633523933076255
  ],
  "cg_iters": [
    6,
    4,
    2,
    2,
    1,
    1,
    1,
    1,
    1,
    1
  ],
  "entcoeff": [
    7.636464190998119e-05,
    0.0008242141619843583,
    3.7648939486552616e-05,
    1.1590422548207626e-05,
    0.0004493724779378492,
    0.0007173013832084373,
    0.0007087348132460613,
    1.3934808804580072e-06,
    1.635366673124847e-05,
    5.413910568286364e-05
  ],
  "cg_damping": [
    1.0,
    1.0,
    1.0,
    0.00010000000000000009,
    1.0,
    1.0,
    0.00010000000000000009,
    0.00010000000000000009,
    1.0,
    0.00026449442756009203
  ],
  "vf_stepsize": [
    0.029999999999999995,
    0.029999999999999995,
    0.029999999999999995,
    0.029999999999999995,
    0.029999999999999995,
    0.029999999999999995,
    0.029999999999999995,
    0.029999999999999995,
    0.029999999999999995,
    0.029999999999999995
  ],
  "vf_iters": [
    24,
    24,
    24,
    24,
    24,
    24,
    24,
    24,
    24,
    24
  ],
  "vf_minibatches": [
    11,
    18,
    19,
    19,
    64,
    3,
    20,
    15,
    16,
    16
  ],
  "num_envs": 4,
  "results_dir_name": "results",
  "storage_dir_name": "storage",
  "train_set": "remaining",
  "eval_set": "remaining",
  "OPENAI_LOG_FORMAT": "csv",
  "walltime_hrs": 0.3,
  "num_checkpoints": 100,
  "eval_ntrajs": 10,
  "eval_nsteps": 200,
  "eval_seed": 12345,
  "looping_tree": {
    "method": "fixed",
    "environment": "fixed",
    "total_timesteps": "fixed",
    "rng_seed": "cartesian",
    "policy_kwargs": "fixed",
    "timesteps_per_batch": "zip",
    "gamma": "zip",
    "lam": "zip",
    "max_kl": "zip",
    "cg_iters": "zip",
    "entcoeff": "zip",
    "cg_damping": "zip",
    "vf_stepsize": "zip",
    "vf_iters": "zip",
    "vf_minibatches": "zip"
  }
}