{
  "description": "Hyper-parameter optimization for trpo on a low frequency environment",
  "method": "trpo",
  "environment": "drop_leg_100hz",
  "total_timesteps": 4000000,
  "rng_seed": [
    0,
    1000,
    2000
  ],
  "policy_kwargs": {
    "net_arch": [
      {
        "vf": [
          64,
          64
        ],
        "pi": [
          64,
          64
        ]
      }
    ]
  },
  "timesteps_per_batch": [
    3199,
    3974,
    12001,
    5747,
    5760,
    4107,
    5354,
    5368,
    5383,
    5386
  ],
  "gamma": [
    0.915829475717742,
    0.9287283080446167,
    0.8808834480619656,
    0.9163878777182344,
    0.9162583757921723,
    0.8930376412781198,
    0.9127558517465761,
    0.912782846572156,
    0.9128352669936453,
    0.9129129041676646
  ],
  "lam": [
    0.8967021477787189,
    0.846697438353493,
    0.9713212725078781,
    0.9062530438363923,
    0.9051990422773704,
    0.5892866348710133,
    0.8654272091941261,
    0.8641222573189822,
    0.86231012146551,
    0.8612833802703922
  ],
  "max_kl": [
    0.031674227519949257,
    0.05044826279550877,
    0.09465232758842895,
    0.06290218911118971,
    0.06315348586215683,
    0.06179398212615436,
    0.06313168285556273,
    0.06341945482353557,
    0.06387601337508134,
    0.06404231647239067
  ],
  "cg_iters": [
    8,
    9,
    6,
    8,
    8,
    9,
    8,
    8,
    8,
    8
  ],
  "entcoeff": [
    0.0002877805180627131,
    0.00041714651840637715,
    4.087435654193483e-06,
    6.078630070203383e-05,
    3.465491358982089e-05,
    6.0906961114970355e-05,
    7.098675431619985e-05,
    7.98267505287756e-05,
    0.00010442761809365309,
    0.00032528530258148133
  ],
  "cg_damping": [
    0.1412161343353602,
    0.05309562242394581,
    0.00010000000000000009,
    0.008301207596842584,
    0.008606564091231688,
    0.003249436982643637,
    0.00783414610010007,
    0.008022633481181334,
    0.008191319847739223,
    0.008346801488062607
  ],
  "vf_stepsize": [
    0.006139585255327761,
    0.0057779038545754035,
    0.01254449453074399,
    0.007502461803663662,
    0.007532143367821615,
    0.016349137444121812,
    0.00880691246861774,
    0.008814762290842866,
    0.008820432729361548,
    0.008821633651555584
  ],
  "vf_iters": [
    4,
    4,
    2,
    3,
    3,
    3,
    3,
    3,
    3,
    3
  ],
  "vf_minibatches": [
    31,
    23,
    21,
    23,
    23,
    12,
    20,
    20,
    20,
    20
  ],
  "num_envs": 4,
  "results_dir_name": "results",
  "storage_dir_name": "storage",
  "train_set": "remaining",
  "eval_set": "remaining",
  "OPENAI_LOG_FORMAT": "csv",
  "walltime_hrs": 0.3,
  "num_checkpoints": 100,
  "eval_ntrajs": 10,
  "eval_nsteps": 200,
  "eval_seed": 12345,
  "looping_tree": {
    "method": "fixed",
    "environment": "fixed",
    "total_timesteps": "fixed",
    "rng_seed": "cartesian",
    "policy_kwargs": "fixed",
    "timesteps_per_batch": "zip",
    "gamma": "zip",
    "lam": "zip",
    "max_kl": "zip",
    "cg_iters": "zip",
    "entcoeff": "zip",
    "cg_damping": "zip",
    "vf_stepsize": "zip",
    "vf_iters": "zip",
    "vf_minibatches": "zip"
  }
}