{
  "description": "Hyper-parameter optimization for trpo on a low frequency environment",
  "method": "trpo",
  "environment": "drop_leg_100hz",
  "total_timesteps": 4000000,
  "rng_seed": [
    0,
    1000,
    2000
  ],
  "policy_kwargs": {
    "net_arch": [
      {
        "vf": [
          64,
          64
        ],
        "pi": [
          64,
          64
        ]
      }
    ]
  },
  "timesteps_per_batch": [
    3816,
    7139,
    9473,
    15665,
    11999,
    16384,
    16384,
    12891,
    8493,
    8993
  ],
  "gamma": [
    0.9719832550314016,
    0.9744744784018944,
    0.9753204175892255,
    0.9734931911849889,
    0.9704066559239848,
    0.9702817190853078,
    0.9695984634254211,
    0.9702570281199623,
    0.9762515008919423,
    0.9722377420490823
  ],
  "lam": [
    0.36,
    0.36,
    0.36,
    0.36,
    0.9962299432891896,
    0.9445610495621803,
    0.36,
    0.9904896169112057,
    0.36,
    0.36
  ],
  "max_kl": [
    0.08245491151283137,
    0.04758403387807579,
    0.25178347720396493,
    0.015905175215140795,
    0.048453380018486515,
    0.5376714296941463,
    0.006834991173976882,
    0.0012500000000000002,
    0.0012500000000000002,
    0.0012500000000000002
  ],
  "cg_iters": [
    16,
    20,
    20,
    20,
    20,
    20,
    20,
    20,
    20,
    20
  ],
  "entcoeff": [
    2.5705939359906153e-06,
    0.00018344636919791972,
    3.1799997596878455e-05,
    4.774049079958063e-05,
    8.47992868441731e-06,
    0.00010254942716810517,
    0.00015263414337698096,
    0.0009287382917881893,
    0.0008249494579792486,
    0.00011911784489167628
  ],
  "cg_damping": [
    1.0,
    1.0,
    1.0,
    1.0,
    1.0,
    1.0,
    1.0,
    1.0,
    1.0,
    1.0
  ],
  "vf_stepsize": [
    0.005584878480857425,
    0.029999999999999995,
    0.029999999999999995,
    0.029999999999999995,
    0.029999999999999995,
    0.029999999999999995,
    0.029999999999999995,
    0.029999999999999995,
    0.029999999999999995,
    0.029999999999999995
  ],
  "vf_iters": [
    8,
    10,
    14,
    16,
    14,
    10,
    6,
    11,
    16,
    7
  ],
  "vf_minibatches": [
    61,
    64,
    64,
    64,
    64,
    64,
    64,
    64,
    64,
    64
  ],
  "num_envs": 4,
  "results_dir_name": "results",
  "storage_dir_name": "storage",
  "train_set": "remaining",
  "eval_set": "remaining",
  "OPENAI_LOG_FORMAT": "csv",
  "walltime_hrs": 0.3,
  "num_checkpoints": 100,
  "eval_ntrajs": 10,
  "eval_nsteps": 200,
  "eval_seed": 12345,
  "looping_tree": {
    "method": "fixed",
    "environment": "fixed",
    "total_timesteps": "fixed",
    "rng_seed": "cartesian",
    "policy_kwargs": "fixed",
    "timesteps_per_batch": "zip",
    "gamma": "zip",
    "lam": "zip",
    "max_kl": "zip",
    "cg_iters": "zip",
    "entcoeff": "zip",
    "cg_damping": "zip",
    "vf_stepsize": "zip",
    "vf_iters": "zip",
    "vf_minibatches": "zip"
  }
}