{
  "description": "Hyper-parameter optimization for trpo on a low frequency environment",
  "method": "trpo",
  "environment": "drop_leg_100hz",
  "total_timesteps": 4000000,
  "rng_seed": [
    0,
    1000,
    2000
  ],
  "policy_kwargs": {
    "net_arch": [
      {
        "vf": [
          64,
          64
        ],
        "pi": [
          64,
          64
        ]
      }
    ]
  },
  "timesteps_per_batch": [
    2706,
    2610,
    2527,
    2025,
    2223,
    2378,
    2799,
    2704,
    2564,
    2585
  ],
  "gamma": [
    0.9735169324605045,
    0.9762260189311001,
    0.968815504954488,
    0.976084019308068,
    0.9679315026033659,
    0.9789692220853925,
    0.9723801836231645,
    0.9735705796632307,
    0.9740698556817201,
    0.9741535490475516
  ],
  "lam": [
    0.36,
    0.36,
    0.36,
    0.36,
    0.36,
    0.36,
    0.36,
    0.36,
    0.9667476578895184,
    0.9691741360782655
  ],
  "max_kl": [
    0.64,
    0.64,
    0.64,
    0.64,
    0.64,
    0.64,
    0.64,
    0.64,
    0.64,
    0.64
  ],
  "cg_iters": [
    4,
    4,
    4,
    4,
    4,
    4,
    4,
    4,
    4,
    4
  ],
  "entcoeff": [
    0.000512434054638036,
    0.0004981004814662418,
    0.00044425556787889973,
    3.532740900463494e-05,
    8.807576637895392e-05,
    0.00010222892391783929,
    0.0009526820743506175,
    0.0004189474087148894,
    7.553992494203455e-05,
    2.993737936430647e-05
  ],
  "cg_damping": [
    0.00010000000000000009,
    0.0002865828314436359,
    0.00010000000000000009,
    0.0020452267663759534,
    0.00010000000000000009,
    0.00010000000000000009,
    0.00010000000000000009,
    0.010722997536240226,
    0.00010000000000000009,
    0.00010000000000000009
  ],
  "vf_stepsize": [
    0.029999999999999995,
    0.029999999999999995,
    0.029999999999999995,
    0.029999999999999995,
    0.029999999999999995,
    0.029999999999999995,
    0.029999999999999995,
    0.029999999999999995,
    0.029999999999999995,
    0.029999999999999995
  ],
  "vf_iters": [
    24,
    24,
    24,
    24,
    24,
    24,
    11,
    24,
    24,
    24
  ],
  "vf_minibatches": [
    15,
    14,
    15,
    14,
    15,
    13,
    16,
    15,
    14,
    14
  ],
  "num_envs": 4,
  "results_dir_name": "results",
  "storage_dir_name": "storage",
  "train_set": "remaining",
  "eval_set": "remaining",
  "OPENAI_LOG_FORMAT": "csv",
  "walltime_hrs": 0.3,
  "num_checkpoints": 100,
  "eval_ntrajs": 10,
  "eval_nsteps": 200,
  "eval_seed": 12345,
  "looping_tree": {
    "method": "fixed",
    "environment": "fixed",
    "total_timesteps": "fixed",
    "rng_seed": "cartesian",
    "policy_kwargs": "fixed",
    "timesteps_per_batch": "zip",
    "gamma": "zip",
    "lam": "zip",
    "max_kl": "zip",
    "cg_iters": "zip",
    "entcoeff": "zip",
    "cg_damping": "zip",
    "vf_stepsize": "zip",
    "vf_iters": "zip",
    "vf_minibatches": "zip"
  }
}