{
  "description": "Hyper-parameter optimization for trpo on a low frequency environment",
  "method": "trpo",
  "environment": "drop_leg_100hz",
  "total_timesteps": 4000000,
  "rng_seed": [
    0,
    1000,
    2000
  ],
  "policy_kwargs": {
    "net_arch": [
      {
        "vf": [
          64,
          64
        ],
        "pi": [
          64,
          64
        ]
      }
    ]
  },
  "timesteps_per_batch": [
    1624,
    1408,
    1251,
    1206,
    1165,
    1307,
    1216,
    1223,
    1446,
    1530
  ],
  "gamma": [
    0.961218377358333,
    0.954297261159975,
    0.948314619212567,
    0.9459776725742993,
    0.9377629467806179,
    0.9418504563415556,
    0.9518293151963042,
    0.925892020017772,
    0.9410365847770682,
    0.9507720622509888
  ],
  "lam": [
    0.36,
    0.36,
    0.36,
    0.36,
    0.36,
    0.36,
    0.36,
    0.36,
    0.36,
    0.36
  ],
  "max_kl": [
    0.03845070199291483,
    0.035540867103605794,
    0.035000441966662334,
    0.03565467385717032,
    0.06483176648018704,
    0.022701254696241346,
    0.05587309466463545,
    0.0366989297537729,
    0.046639567878708245,
    0.023389455732202077
  ],
  "cg_iters": [
    20,
    20,
    20,
    20,
    20,
    20,
    20,
    20,
    20,
    20
  ],
  "entcoeff": [
    0.0007368612363826696,
    0.0005145154990177479,
    0.0004921720466390289,
    0.00041686661415940807,
    1.5435377262679677e-06,
    2.0721442310744075e-05,
    8.0384205442153e-05,
    0.0009633527536629485,
    0.0007559583332683525,
    1.672076855520788e-05
  ],
  "cg_damping": [
    1.0,
    1.0,
    1.0,
    1.0,
    1.0,
    1.0,
    1.0,
    1.0,
    0.027913637807649636,
    1.0
  ],
  "vf_stepsize": [
    0.0009270898376968263,
    0.00043893265531316523,
    0.0003251468188179929,
    0.000295495630862096,
    0.00036935878737658236,
    0.0002880031934748606,
    0.00037009780186597553,
    0.00041934440361025296,
    0.0004372411940463362,
    0.00030352271382973146
  ],
  "vf_iters": [
    9,
    9,
    12,
    15,
    13,
    19,
    24,
    24,
    20,
    24
  ],
  "vf_minibatches": [
    45,
    64,
    64,
    64,
    64,
    64,
    64,
    64,
    64,
    64
  ],
  "num_envs": 4,
  "results_dir_name": "results",
  "storage_dir_name": "storage",
  "train_set": "remaining",
  "eval_set": "remaining",
  "OPENAI_LOG_FORMAT": "csv",
  "walltime_hrs": 0.3,
  "num_checkpoints": 100,
  "eval_ntrajs": 10,
  "eval_nsteps": 200,
  "eval_seed": 12345,
  "looping_tree": {
    "method": "fixed",
    "environment": "fixed",
    "total_timesteps": "fixed",
    "rng_seed": "cartesian",
    "policy_kwargs": "fixed",
    "timesteps_per_batch": "zip",
    "gamma": "zip",
    "lam": "zip",
    "max_kl": "zip",
    "cg_iters": "zip",
    "entcoeff": "zip",
    "cg_damping": "zip",
    "vf_stepsize": "zip",
    "vf_iters": "zip",
    "vf_minibatches": "zip"
  }
}