{
  "description": "Hyper-parameter optimization for ppo1 on a low frequency environment",
  "method": "ppo1",
  "environment": "drop_leg_100hz",
  "total_timesteps": 4000000,
  "rng_seed": [
    0,
    1000,
    2000
  ],
  "policy_kwargs": {
    "net_arch": [
      {
        "vf": [
          64,
          64
        ],
        "pi": [
          64,
          64
        ]
      }
    ]
  },
  "gamma": [
    0.9277752639215451,
    0.6647656734582732,
    0.767160252315722,
    0.36,
    0.36,
    0.8485448001310747,
    0.7369397082713718,
    0.612819425526944,
    0.6288867613168863,
    0.6290163935086794
  ],
  "lam": [
    0.9986129738725125,
    0.9974206474507971,
    0.9670086744089553,
    0.9924703840998272,
    0.9767373938932993,
    0.9922493635283951,
    0.9790458426580706,
    0.9933823567628705,
    0.9881067611936597,
    0.9921320982157034
  ],
  "timesteps_per_actorbatch": [
    868,
    562,
    370,
    513,
    277,
    481,
    478,
    531,
    293,
    364
  ],
  "clip_param": [
    0.26956902524322945,
    1.4247360673072953,
    0.02,
    0.2867764444089363,
    0.031001791049931338,
    0.02,
    0.07781788551677646,
    0.042971659521984125,
    0.06893535282756702,
    0.06452595328466494
  ],
  "entcoeff": [
    3.141666012893701e-06,
    -3.3881317890172014e-21,
    -3.3881317890172014e-21,
    -3.3881317890172014e-21,
    3.2776792115682745e-06,
    -3.3881317890172014e-21,
    1.2770426568974928e-07,
    -3.3881317890172014e-21,
    -3.3881317890172014e-21,
    -3.3881317890172014e-21
  ],
  "optim_epochs": [
    9,
    12,
    32,
    20,
    30,
    17,
    9,
    15,
    9,
    12
  ],
  "optim_stepsize": [
    0.004588648704663342,
    0.00041041834174934753,
    0.0008100167152628628,
    0.0003155673596865121,
    0.0002640624149318451,
    0.0006022667644484855,
    0.0007288064553480874,
    0.0005804866110540399,
    0.0008744951406418429,
    0.0010041940163035981
  ],
  "optim_minibatches": [
    1,
    2,
    1,
    3,
    3,
    2,
    2,
    2,
    2,
    3
  ],
  "adam_epsilon": [
    0.00010000000000000009,
    8.687467880667776e-05,
    1.2374834568668551e-05,
    1.0316970947982435e-05,
    7.949870344227511e-06,
    2.1346302373497008e-05,
    2.382498347774318e-05,
    1.8133745754249065e-05,
    1.9638401348038832e-05,
    2.364430801817282e-05
  ],
  "schedule": [
    "linear",
    "linear",
    "linear",
    "linear",
    "linear",
    "linear",
    "linear",
    "linear",
    "linear",
    "linear"
  ],
  "num_envs": 4,
  "results_dir_name": "results",
  "storage_dir_name": "storage",
  "train_set": "remaining",
  "eval_set": "remaining",
  "OPENAI_LOG_FORMAT": "csv",
  "walltime_hrs": 0.3,
  "num_checkpoints": 100,
  "eval_ntrajs": 10,
  "eval_nsteps": 200,
  "eval_seed": 12345,
  "looping_tree": {
    "method": "fixed",
    "environment": "fixed",
    "total_timesteps": "fixed",
    "rng_seed": "cartesian",
    "policy_kwargs": "fixed",
    "gamma": "zip",
    "lam": "zip",
    "timesteps_per_actorbatch": "zip",
    "clip_param": "zip",
    "entcoeff": "zip",
    "optim_epochs": "zip",
    "optim_stepsize": "zip",
    "optim_minibatches": "zip",
    "adam_epsilon": "zip",
    "schedule": "zip"
  }
}