{
  "description": "Hyper-parameter optimization for ppo1 on a low frequency environment",
  "method": "ppo1",
  "environment": "drop_leg_100hz",
  "total_timesteps": 4000000,
  "rng_seed": [
    0,
    1000,
    2000
  ],
  "policy_kwargs": {
    "net_arch": [
      {
        "vf": [
          64,
          64
        ],
        "pi": [
          64,
          64
        ]
      }
    ]
  },
  "gamma": [
    0.7917407049757667,
    0.7172858273336129,
    0.8304647446834654,
    0.8705362343137935,
    0.8890639850823796,
    0.799633623340935,
    0.8211866220701913,
    0.8084212170641616,
    0.869191639958292,
    0.825068931695023
  ],
  "lam": [
    0.5385117012969182,
    0.36,
    0.7132161400946273,
    0.38410960688194495,
    0.36,
    0.36,
    0.36,
    0.36,
    0.36,
    0.36
  ],
  "timesteps_per_actorbatch": [
    209,
    329,
    492,
    550,
    447,
    289,
    427,
    335,
    308,
    325
  ],
  "clip_param": [
    0.2877606310611577,
    1.9432384769030777,
    0.20122410925041434,
    0.12573217754756677,
    0.421027041767861,
    0.20382825094077187,
    0.3929515941313675,
    0.2914520360436184,
    0.2431940617676029,
    0.2177633595250785
  ],
  "entcoeff": [
    7.788273798480989e-07,
    2.0195326913284582e-07,
    7.831896606381576e-06,
    1.9116403884654573e-06,
    7.725823323057429e-06,
    7.202416169717853e-06,
    3.7635398401151094e-06,
    5.5958717785878815e-06,
    1.0492751383684942e-05,
    1.0560600447554191e-05
  ],
  "optim_epochs": [
    75,
    60,
    127,
    105,
    107,
    78,
    88,
    87,
    71,
    72
  ],
  "optim_stepsize": [
    2.191147880023344e-05,
    3.0615036373671054e-05,
    0.00010552014532934768,
    1.7705066568826403e-05,
    5.0392375996606505e-05,
    7.7484014596491e-05,
    2.603902995601593e-05,
    4.5113332050977216e-05,
    3.292425688725406e-05,
    3.480372331221469e-05
  ],
  "optim_minibatches": [
    4,
    3,
    4,
    4,
    4,
    3,
    3,
    4,
    4,
    4
  ],
  "adam_epsilon": [
    9.999999999999982e-09,
    5.0429880132291555e-08,
    1.0099881109142011e-07,
    4.2496376599314475e-08,
    7.388270139859645e-08,
    6.352800888235152e-08,
    1.012283992022883e-07,
    8.775189182630228e-08,
    8.30981658261955e-08,
    9.870987589070901e-08
  ],
  "schedule": [
    "linear",
    "linear",
    "linear",
    "linear",
    "linear",
    "linear",
    "linear",
    "linear",
    "linear",
    "linear"
  ],
  "num_envs": 4,
  "results_dir_name": "results",
  "storage_dir_name": "storage",
  "train_set": "remaining",
  "eval_set": "remaining",
  "OPENAI_LOG_FORMAT": "csv",
  "walltime_hrs": 0.3,
  "num_checkpoints": 100,
  "eval_ntrajs": 10,
  "eval_nsteps": 200,
  "eval_seed": 12345,
  "looping_tree": {
    "method": "fixed",
    "environment": "fixed",
    "total_timesteps": "fixed",
    "rng_seed": "cartesian",
    "policy_kwargs": "fixed",
    "gamma": "zip",
    "lam": "zip",
    "timesteps_per_actorbatch": "zip",
    "clip_param": "zip",
    "entcoeff": "zip",
    "optim_epochs": "zip",
    "optim_stepsize": "zip",
    "optim_minibatches": "zip",
    "adam_epsilon": "zip",
    "schedule": "zip"
  }
}