{
  "description": "Hyper-parameter optimization for ppo1 on a low frequency environment",
  "method": "ppo1",
  "environment": "drop_leg_100hz",
  "total_timesteps": 4000000,
  "rng_seed": [
    0,
    1000,
    2000
  ],
  "policy_kwargs": {
    "net_arch": [
      {
        "vf": [
          64,
          64
        ],
        "pi": [
          64,
          64
        ]
      }
    ]
  },
  "gamma": [
    0.9713622259711704,
    0.9480106298192441,
    0.9355655457134575,
    0.9558239505150695,
    0.8507074972032458,
    0.9035807498705397,
    0.8801483923592791,
    0.9196003414792028,
    0.9236506030921041,
    0.8744037354801377
  ],
  "lam": [
    0.720098873285179,
    0.42873810368349885,
    0.36,
    0.36,
    0.36,
    0.36,
    0.44221917287450163,
    0.36,
    0.36,
    0.36
  ],
  "timesteps_per_actorbatch": [
    717,
    781,
    1198,
    1039,
    1103,
    1019,
    955,
    1054,
    750,
    967
  ],
  "clip_param": [
    0.321308672170146,
    0.07596831231793552,
    0.07525721238353196,
    0.1309657268472303,
    0.17677834828834255,
    0.1759802200416038,
    0.08243197600954438,
    0.06608128320461698,
    0.1295131052600017,
    0.062046309721236426
  ],
  "entcoeff": [
    4.506563882536283e-06,
    -3.3881317890172014e-21,
    1.5012285325907156e-06,
    6.716498814999405e-07,
    -3.3881317890172014e-21,
    2.285715875060971e-06,
    4.443513133344851e-07,
    -3.3881317890172014e-21,
    9.004323133390187e-08,
    -3.3881317890172014e-21
  ],
  "optim_epochs": [
    119,
    80,
    122,
    128,
    128,
    119,
    99,
    112,
    100,
    104
  ],
  "optim_stepsize": [
    9.999999999999997e-06,
    2.5835024751172834e-05,
    1.0063325905153711e-05,
    2.8656991553014888e-05,
    1.8494057930675993e-05,
    9.999999999999997e-06,
    9.999999999999997e-06,
    9.999999999999997e-06,
    9.999999999999997e-06,
    9.999999999999997e-06
  ],
  "optim_minibatches": [
    5,
    4,
    3,
    3,
    4,
    3,
    3,
    3,
    3,
    4
  ],
  "adam_epsilon": [
    4.7432808093358744e-08,
    9.999999999999982e-09,
    2.8372542867521478e-08,
    9.392812547726723e-08,
    1.1296230966854582e-07,
    3.4419030631231897e-08,
    5.6697666760383735e-08,
    4.066698552683828e-08,
    5.075425409488187e-08,
    3.810380577546729e-08
  ],
  "schedule": [
    "linear",
    "linear",
    "linear",
    "linear",
    "linear",
    "linear",
    "linear",
    "linear",
    "linear",
    "linear"
  ],
  "num_envs": 4,
  "results_dir_name": "results",
  "storage_dir_name": "storage",
  "train_set": "remaining",
  "eval_set": "remaining",
  "OPENAI_LOG_FORMAT": "csv",
  "walltime_hrs": 0.3,
  "num_checkpoints": 100,
  "eval_ntrajs": 10,
  "eval_nsteps": 200,
  "eval_seed": 12345,
  "looping_tree": {
    "method": "fixed",
    "environment": "fixed",
    "total_timesteps": "fixed",
    "rng_seed": "cartesian",
    "policy_kwargs": "fixed",
    "gamma": "zip",
    "lam": "zip",
    "timesteps_per_actorbatch": "zip",
    "clip_param": "zip",
    "entcoeff": "zip",
    "optim_epochs": "zip",
    "optim_stepsize": "zip",
    "optim_minibatches": "zip",
    "adam_epsilon": "zip",
    "schedule": "zip"
  }
}