{
  "description": "Hyper-parameter optimization for ppo1 on a low frequency environment",
  "method": "ppo1",
  "environment": "drop_leg_100hz",
  "total_timesteps": 4000000,
  "rng_seed": [
    0,
    1000,
    2000
  ],
  "policy_kwargs": {
    "net_arch": [
      {
        "vf": [
          64,
          64
        ],
        "pi": [
          64,
          64
        ]
      }
    ]
  },
  "gamma": [
    0.9987520609011892,
    0.9997131568720803,
    0.9352271851994931,
    0.9984757697778068,
    0.8180120733605214,
    0.9255274520412639,
    0.7090969743288211,
    0.48954741650076294,
    0.36,
    0.5399380096400859
  ],
  "lam": [
    0.4260582103607601,
    0.999076137927504,
    0.8348173417751424,
    0.5904218140409736,
    0.9980216202566968,
    0.9897115803981978,
    0.9928717677208989,
    0.9849972407488026,
    0.9945113207151888,
    0.990881054872741
  ],
  "timesteps_per_actorbatch": [
    989,
    494,
    132,
    75,
    289,
    116,
    101,
    137,
    137,
    153
  ],
  "clip_param": [
    0.0650524991123361,
    83.86771045902837,
    197.89125104100455,
    0.15793962116367546,
    0.055660060575738066,
    0.02,
    0.1726892695960948,
    0.025889059678085094,
    0.04722861504784341,
    0.05388222943423984
  ],
  "entcoeff": [
    2.5661679373175206e-05,
    8.581461589858483e-07,
    8.811191562006921e-06,
    7.395442305689232e-07,
    -3.3881317890172014e-21,
    4.0194243695042995e-07,
    2.080885149461706e-06,
    -3.3881317890172014e-21,
    7.084721870777484e-07,
    1.9616504852745793e-06
  ],
  "optim_epochs": [
    30,
    65,
    6,
    17,
    8,
    7,
    9,
    11,
    6,
    6
  ],
  "optim_stepsize": [
    2.8783284415135224e-05,
    0.00016397689103426455,
    0.005530545914558665,
    1.063692992832571e-05,
    4.732664823095969e-05,
    0.00023059110709890704,
    0.00016471577104612686,
    9.845022254984319e-05,
    6.501253121090983e-05,
    0.00019734941125468456
  ],
  "optim_minibatches": [
    30,
    1,
    2,
    2,
    2,
    2,
    3,
    4,
    2,
    3
  ],
  "adam_epsilon": [
    3.487348980053569e-08,
    5.300234422341997e-08,
    5.867516085703155e-07,
    3.3563680567729704e-06,
    0.00010000000000000009,
    9.539969217605315e-05,
    6.129173147593189e-05,
    0.00010000000000000009,
    3.225579101729317e-05,
    3.442684153155615e-05
  ],
  "schedule": [
    "linear",
    "linear",
    "linear",
    "linear",
    "linear",
    "linear",
    "linear",
    "linear",
    "linear",
    "linear"
  ],
  "num_envs": 4,
  "results_dir_name": "results",
  "storage_dir_name": "storage",
  "train_set": "remaining",
  "eval_set": "remaining",
  "OPENAI_LOG_FORMAT": "csv",
  "walltime_hrs": 0.3,
  "num_checkpoints": 100,
  "eval_ntrajs": 10,
  "eval_nsteps": 200,
  "eval_seed": 12345,
  "looping_tree": {
    "method": "fixed",
    "environment": "fixed",
    "total_timesteps": "fixed",
    "rng_seed": "cartesian",
    "policy_kwargs": "fixed",
    "gamma": "zip",
    "lam": "zip",
    "timesteps_per_actorbatch": "zip",
    "clip_param": "zip",
    "entcoeff": "zip",
    "optim_epochs": "zip",
    "optim_stepsize": "zip",
    "optim_minibatches": "zip",
    "adam_epsilon": "zip",
    "schedule": "zip"
  }
}