{
  "description": "Hyper-parameter optimization for ppo1 on a low frequency environment",
  "method": "ppo1",
  "environment": "drop_leg_100hz",
  "total_timesteps": 4000000,
  "rng_seed": [
    0,
    1000,
    2000
  ],
  "policy_kwargs": {
    "net_arch": [
      {
        "vf": [
          64,
          64
        ],
        "pi": [
          64,
          64
        ]
      }
    ]
  },
  "gamma": [
    0.9177807382639631,
    0.9819978474801903,
    0.4567901424202374,
    0.6170028353926831,
    0.5414057135066601,
    0.6317761332302194,
    0.36486499732554456,
    0.36,
    0.36,
    0.36
  ],
  "lam": [
    0.9402825840144104,
    0.953036702348645,
    0.9988212472357564,
    0.7926657713579525,
    0.36,
    0.8646406629510496,
    0.7883207578235117,
    0.7453211516888014,
    0.4031889969184056,
    0.7643635617164022
  ],
  "timesteps_per_actorbatch": [
    15230,
    6307,
    7245,
    137,
    98,
    298,
    159,
    102,
    138,
    151
  ],
  "clip_param": [
    0.0703256141806422,
    137.64030260086386,
    183.84426196902697,
    0.02,
    0.0759283207894003,
    0.047228381232950846,
    0.18014390282596002,
    0.2043752717310024,
    0.11313127890692071,
    0.265962034760339
  ],
  "entcoeff": [
    0.0008407350172280543,
    4.713217443735366e-05,
    0.000304641779672821,
    -3.3881317890172014e-21,
    6.009091316958689e-06,
    -3.3881317890172014e-21,
    3.45227624213882e-06,
    2.0040818124886293e-06,
    -3.3881317890172014e-21,
    1.0161849911892288e-08
  ],
  "optim_epochs": [
    44,
    92,
    5,
    128,
    128,
    128,
    128,
    128,
    128,
    128
  ],
  "optim_stepsize": [
    0.00016778081937187961,
    0.00017708654177006158,
    0.0005591312914099016,
    2.841571887971886e-05,
    1.589147199180228e-05,
    1.617400110027765e-05,
    9.999999999999997e-06,
    1.9247057037187064e-05,
    1.0302688528796932e-05,
    1.787892048279956e-05
  ],
  "optim_minibatches": [
    3,
    30,
    3,
    5,
    7,
    5,
    6,
    5,
    7,
    6
  ],
  "adam_epsilon": [
    5.545953671271456e-08,
    1.5704643166673435e-08,
    1.1165803734243253e-06,
    1.518916087995063e-08,
    9.18682695496871e-07,
    1.380143608344723e-07,
    4.5030896429774116e-08,
    2.1955443196032414e-07,
    5.3393542472077496e-08,
    1.2135516287085124e-07
  ],
  "schedule": [
    "linear",
    "linear",
    "linear",
    "linear",
    "linear",
    "linear",
    "linear",
    "linear",
    "linear",
    "linear"
  ],
  "num_envs": 4,
  "results_dir_name": "results",
  "storage_dir_name": "storage",
  "train_set": "remaining",
  "eval_set": "remaining",
  "OPENAI_LOG_FORMAT": "csv",
  "walltime_hrs": 0.3,
  "num_checkpoints": 100,
  "eval_ntrajs": 10,
  "eval_nsteps": 200,
  "eval_seed": 12345,
  "looping_tree": {
    "method": "fixed",
    "environment": "fixed",
    "total_timesteps": "fixed",
    "rng_seed": "cartesian",
    "policy_kwargs": "fixed",
    "gamma": "zip",
    "lam": "zip",
    "timesteps_per_actorbatch": "zip",
    "clip_param": "zip",
    "entcoeff": "zip",
    "optim_epochs": "zip",
    "optim_stepsize": "zip",
    "optim_minibatches": "zip",
    "adam_epsilon": "zip",
    "schedule": "zip"
  }
}