{
  "description": "Hyper-parameter optimization for ppo1 on a low frequency environment",
  "method": "ppo1",
  "environment": "drop_leg_100hz",
  "total_timesteps": 4000000,
  "rng_seed": [
    0,
    1000,
    2000
  ],
  "policy_kwargs": {
    "net_arch": [
      {
        "vf": [
          64,
          64
        ],
        "pi": [
          64,
          64
        ]
      }
    ]
  },
  "gamma": [
    0.9995543685425466,
    0.9993819981255431,
    0.7015826430778438,
    0.36,
    0.9752394270149634,
    0.8785555907555263,
    0.3917826649151749,
    0.5342420080076888,
    0.36,
    0.36
  ],
  "lam": [
    0.7001222199825066,
    0.9890190559553246,
    0.4605638336047315,
    0.9798074833876367,
    0.9773072469733962,
    0.986241892587615,
    0.9993852996302779,
    0.9975596496957064,
    0.9939321944086081,
    0.9923871958046633
  ],
  "timesteps_per_actorbatch": [
    9691,
    2000,
    232,
    137,
    227,
    64,
    86,
    148,
    158,
    183
  ],
  "clip_param": [
    0.04714058425580369,
    142.96804338344134,
    0.32911657120072935,
    0.026302521466755047,
    0.20312042468347147,
    0.021656229878936475,
    0.02,
    0.02,
    0.020717962430774374,
    0.02499206166425522
  ],
  "entcoeff": [
    0.00030962365653415633,
    0.0003350465069547463,
    2.7922450800852947e-06,
    4.29431822104311e-06,
    8.699585036746762e-07,
    -3.3881317890172014e-21,
    4.481087584402057e-06,
    3.959797679435136e-06,
    -3.3881317890172014e-21,
    2.6082538510288708e-06
  ],
  "optim_epochs": [
    59,
    5,
    77,
    7,
    11,
    6,
    6,
    9,
    10,
    9
  ],
  "optim_stepsize": [
    0.05434468178006709,
    2.114574867693478e-05,
    2.9752047795875292e-05,
    9.999999999999997e-06,
    1.7122234702528306e-05,
    9.999999999999997e-06,
    0.00021665393939522375,
    3.534601449222221e-05,
    0.00014171078828694326,
    7.467427562277358e-05
  ],
  "optim_minibatches": [
    1,
    6,
    5,
    1,
    1,
    2,
    2,
    3,
    3,
    3
  ],
  "adam_epsilon": [
    1.363646007178952e-08,
    1.3983187327511811e-05,
    8.907361910133626e-08,
    7.343865649754604e-07,
    2.425193615379766e-05,
    0.00010000000000000009,
    0.00010000000000000009,
    7.714114898216458e-05,
    2.336528794591435e-05,
    4.38480867729256e-05
  ],
  "schedule": [
    "linear",
    "linear",
    "linear",
    "linear",
    "linear",
    "linear",
    "linear",
    "linear",
    "linear",
    "linear"
  ],
  "num_envs": 4,
  "results_dir_name": "results",
  "storage_dir_name": "storage",
  "train_set": "remaining",
  "eval_set": "remaining",
  "OPENAI_LOG_FORMAT": "csv",
  "walltime_hrs": 0.3,
  "num_checkpoints": 100,
  "eval_ntrajs": 10,
  "eval_nsteps": 200,
  "eval_seed": 12345,
  "looping_tree": {
    "method": "fixed",
    "environment": "fixed",
    "total_timesteps": "fixed",
    "rng_seed": "cartesian",
    "policy_kwargs": "fixed",
    "gamma": "zip",
    "lam": "zip",
    "timesteps_per_actorbatch": "zip",
    "clip_param": "zip",
    "entcoeff": "zip",
    "optim_epochs": "zip",
    "optim_stepsize": "zip",
    "optim_minibatches": "zip",
    "adam_epsilon": "zip",
    "schedule": "zip"
  }
}