{
  "description": "Hyper-parameter optimization for ppo1 on a low frequency environment",
  "method": "ppo1",
  "environment": "drop_leg_100hz",
  "total_timesteps": 4000000,
  "rng_seed": [
    0,
    1000,
    2000
  ],
  "policy_kwargs": {
    "net_arch": [
      {
        "vf": [
          64,
          64
        ],
        "pi": [
          64,
          64
        ]
      }
    ]
  },
  "gamma": [
    0.932705741366471,
    0.68948854997047,
    0.6626343344198473,
    0.5654817430562042,
    0.9706712419910893,
    0.36,
    0.36,
    0.36,
    0.36,
    0.36
  ],
  "lam": [
    0.9997777536351417,
    0.9996328599799463,
    0.8382470794070657,
    0.9996539502839424,
    0.99967920614585,
    0.9974641048660088,
    0.9982136336009254,
    0.9981542803600302,
    0.9966331157827423,
    0.9952143482467058
  ],
  "timesteps_per_actorbatch": [
    95,
    8090,
    291,
    214,
    90,
    64,
    112,
    91,
    80,
    156
  ],
  "clip_param": [
    182.37009114142836,
    0.049701851434624626,
    1.0627889969627147,
    1.5174406654340094,
    4.467941234520762,
    0.02,
    0.26854489513280233,
    0.06219279084989854,
    0.0352813159512845,
    0.06690609871723155
  ],
  "entcoeff": [
    4.1774208915295935e-06,
    2.054701539023818e-05,
    1.187266021859875e-05,
    1.1374040210542884e-05,
    1.6304847591178004e-06,
    -3.3881317890172014e-21,
    -3.3881317890172014e-21,
    -3.3881317890172014e-21,
    -3.3881317890172014e-21,
    -3.3881317890172014e-21
  ],
  "optim_epochs": [
    3,
    2,
    2,
    108,
    7,
    6,
    11,
    7,
    9,
    8
  ],
  "optim_stepsize": [
    0.09211367215456875,
    0.057123935094489375,
    0.058784930657066733,
    0.006969755211813679,
    2.913552185211078e-05,
    0.010470370469319465,
    0.0006325482288416637,
    0.0010880434271946361,
    0.00032499691511820466,
    0.00027603155621013425
  ],
  "optim_minibatches": [
    9,
    26,
    4,
    1,
    11,
    4,
    3,
    3,
    3,
    4
  ],
  "adam_epsilon": [
    1.0608943561358648e-08,
    4.677566072445544e-08,
    1.2108154227175927e-08,
    2.5481027800135615e-08,
    1.353941690827995e-05,
    2.902888542652477e-05,
    1.5032910060806983e-05,
    3.122841031259497e-06,
    1.0441435591466128e-05,
    1.052806422945594e-05
  ],
  "schedule": [
    "linear",
    "linear",
    "linear",
    "linear",
    "linear",
    "linear",
    "linear",
    "linear",
    "linear",
    "linear"
  ],
  "num_envs": 4,
  "results_dir_name": "results",
  "storage_dir_name": "storage",
  "train_set": "remaining",
  "eval_set": "remaining",
  "OPENAI_LOG_FORMAT": "csv",
  "walltime_hrs": 0.3,
  "num_checkpoints": 100,
  "eval_ntrajs": 10,
  "eval_nsteps": 200,
  "eval_seed": 12345,
  "looping_tree": {
    "method": "fixed",
    "environment": "fixed",
    "total_timesteps": "fixed",
    "rng_seed": "cartesian",
    "policy_kwargs": "fixed",
    "gamma": "zip",
    "lam": "zip",
    "timesteps_per_actorbatch": "zip",
    "clip_param": "zip",
    "entcoeff": "zip",
    "optim_epochs": "zip",
    "optim_stepsize": "zip",
    "optim_minibatches": "zip",
    "adam_epsilon": "zip",
    "schedule": "zip"
  }
}