{
  "description": "Hyper-parameter optimization for ppo1 on a low frequency environment",
  "method": "ppo1",
  "environment": "drop_leg_100hz",
  "total_timesteps": 4000000,
  "rng_seed": [
    0,
    1000,
    2000
  ],
  "policy_kwargs": {
    "net_arch": [
      {
        "vf": [
          64,
          64
        ],
        "pi": [
          64,
          64
        ]
      }
    ]
  },
  "gamma": [
    0.9286978905514508,
    0.9789787734137844,
    0.9038919027422949,
    0.9713661211026571,
    0.933273237560294,
    0.9436693176733775,
    0.9353298892836528,
    0.9357781381852162,
    0.9453993047840865,
    0.9293504574284681
  ],
  "lam": [
    0.8599384733884221,
    0.5189291059043742,
    0.7485162675487308,
    0.374500933610995,
    0.36,
    0.3887347370233192,
    0.36,
    0.36,
    0.38880165270461864,
    0.36
  ],
  "timesteps_per_actorbatch": [
    516,
    231,
    487,
    1787,
    1049,
    1534,
    1517,
    1360,
    1651,
    1308
  ],
  "clip_param": [
    0.5948747323865432,
    3.7220530362828916,
    5.835737511462301,
    1.461007907468072,
    0.8416097782164502,
    2.3790941088763087,
    1.1667330098388389,
    1.0223859696508488,
    1.1791340263678622,
    1.1481283004276779
  ],
  "entcoeff": [
    1.4034465280747819e-05,
    6.430491141319322e-06,
    9.748529015507416e-06,
    4.834305302659391e-06,
    4.197545602589743e-06,
    3.7461152940799076e-06,
    4.737623763504956e-06,
    3.9005379766597225e-06,
    3.846246443231175e-06,
    4.23995454810539e-06
  ],
  "optim_epochs": [
    55,
    83,
    111,
    116,
    112,
    112,
    121,
    110,
    116,
    111
  ],
  "optim_stepsize": [
    5.755293101209808e-05,
    3.60371001320424e-05,
    6.068122616171285e-05,
    2.164679700741069e-05,
    1.7133718286131996e-05,
    1.7293391895298936e-05,
    1.8283142304279025e-05,
    1.7852482385176496e-05,
    1.7720383084957958e-05,
    1.7637626356468466e-05
  ],
  "optim_minibatches": [
    10,
    10,
    3,
    6,
    3,
    4,
    5,
    4,
    4,
    4
  ],
  "adam_epsilon": [
    2.1307116385758113e-07,
    6.499581045374066e-07,
    1.559355969536318e-07,
    2.3705570007619953e-07,
    2.399979854651899e-07,
    1.8894920843291303e-07,
    2.1883512363495274e-07,
    1.5598072742107322e-07,
    1.3002118643634474e-07,
    1.2113693820762818e-07
  ],
  "schedule": [
    "linear",
    "linear",
    "linear",
    "linear",
    "linear",
    "linear",
    "linear",
    "linear",
    "linear",
    "linear"
  ],
  "num_envs": 4,
  "results_dir_name": "results",
  "storage_dir_name": "storage",
  "train_set": "remaining",
  "eval_set": "remaining",
  "OPENAI_LOG_FORMAT": "csv",
  "walltime_hrs": 0.3,
  "num_checkpoints": 100,
  "eval_ntrajs": 10,
  "eval_nsteps": 200,
  "eval_seed": 12345,
  "looping_tree": {
    "method": "fixed",
    "environment": "fixed",
    "total_timesteps": "fixed",
    "rng_seed": "cartesian",
    "policy_kwargs": "fixed",
    "gamma": "zip",
    "lam": "zip",
    "timesteps_per_actorbatch": "zip",
    "clip_param": "zip",
    "entcoeff": "zip",
    "optim_epochs": "zip",
    "optim_stepsize": "zip",
    "optim_minibatches": "zip",
    "adam_epsilon": "zip",
    "schedule": "zip"
  }
}