{
  "description": "Hyper-parameter optimization for ppo1 on a low frequency environment",
  "method": "ppo1",
  "environment": "drop_leg_100hz",
  "total_timesteps": 4000000,
  "rng_seed": [
    0,
    1000,
    2000
  ],
  "policy_kwargs": {
    "net_arch": [
      {
        "vf": [
          64,
          64
        ],
        "pi": [
          64,
          64
        ]
      }
    ]
  },
  "gamma": [
    0.8892424079895294,
    0.8976711322715626,
    0.8854308213906352,
    0.9338402670685486,
    0.9094211422263597,
    0.9101959479118378,
    0.8866905808576379,
    0.9079721103389221,
    0.9058975445974912,
    0.8986504088444057
  ],
  "lam": [
    0.49288382668101227,
    0.36,
    0.36,
    0.36,
    0.36,
    0.36,
    0.36,
    0.36,
    0.36,
    0.36
  ],
  "timesteps_per_actorbatch": [
    639,
    503,
    492,
    502,
    514,
    550,
    505,
    513,
    554,
    498
  ],
  "clip_param": [
    1.2092708718020757,
    1.0670307315299499,
    0.6393535678852461,
    0.8564955291003078,
    0.7993863994546504,
    0.7496283499054595,
    1.0496579587041381,
    0.8386308192075059,
    0.7531339668285952,
    0.8361201994290111
  ],
  "entcoeff": [
    -3.3881317890172014e-21,
    1.3844460554549259e-06,
    -3.3881317890172014e-21,
    1.8369484777909167e-07,
    3.8734014713787635e-07,
    2.4949509532259716e-07,
    -3.3881317890172014e-21,
    -3.3881317890172014e-21,
    -3.3881317890172014e-21,
    1.8893007983331732e-07
  ],
  "optim_epochs": [
    128,
    128,
    128,
    121,
    128,
    121,
    128,
    128,
    128,
    128
  ],
  "optim_stepsize": [
    9.999999999999997e-06,
    9.999999999999997e-06,
    9.999999999999997e-06,
    9.999999999999997e-06,
    9.999999999999997e-06,
    9.999999999999997e-06,
    1.0317455957280554e-05,
    9.999999999999997e-06,
    1.0236678672985023e-05,
    9.999999999999997e-06
  ],
  "optim_minibatches": [
    5,
    4,
    4,
    4,
    4,
    5,
    5,
    4,
    4,
    4
  ],
  "adam_epsilon": [
    1.250676757040804e-07,
    6.290224571516306e-08,
    1.9312482877487947e-07,
    9.100255829855452e-08,
    1.3337165809816867e-07,
    9.563366907216705e-08,
    7.793947638919383e-08,
    1.0725738038918244e-07,
    1.6005646614044056e-07,
    1.5170299574887514e-07
  ],
  "schedule": [
    "linear",
    "linear",
    "linear",
    "linear",
    "linear",
    "linear",
    "linear",
    "linear",
    "linear",
    "linear"
  ],
  "num_envs": 4,
  "results_dir_name": "results",
  "storage_dir_name": "storage",
  "train_set": "remaining",
  "eval_set": "remaining",
  "OPENAI_LOG_FORMAT": "csv",
  "walltime_hrs": 0.3,
  "num_checkpoints": 100,
  "eval_ntrajs": 10,
  "eval_nsteps": 200,
  "eval_seed": 12345,
  "looping_tree": {
    "method": "fixed",
    "environment": "fixed",
    "total_timesteps": "fixed",
    "rng_seed": "cartesian",
    "policy_kwargs": "fixed",
    "gamma": "zip",
    "lam": "zip",
    "timesteps_per_actorbatch": "zip",
    "clip_param": "zip",
    "entcoeff": "zip",
    "optim_epochs": "zip",
    "optim_stepsize": "zip",
    "optim_minibatches": "zip",
    "adam_epsilon": "zip",
    "schedule": "zip"
  }
}