{
  "description": "Hyper-parameter optimization for ppo1 on a low frequency environment",
  "method": "ppo1",
  "environment": "drop_leg_100hz",
  "total_timesteps": 4000000,
  "rng_seed": [
    0,
    1000,
    2000
  ],
  "policy_kwargs": {
    "net_arch": [
      {
        "vf": [
          64,
          64
        ],
        "pi": [
          64,
          64
        ]
      }
    ]
  },
  "gamma": [
    0.9492943989250106,
    0.9705666466296661,
    0.9334969132495371,
    0.8438887778645903,
    0.931845315224217,
    0.8650711903456576,
    0.9147496766538066,
    0.9091151981980434,
    0.9044065667831584,
    0.8984278425975734
  ],
  "lam": [
    0.36,
    0.5673059053349938,
    0.36,
    0.36,
    0.36,
    0.36,
    0.36,
    0.3641667629713219,
    0.36,
    0.36
  ],
  "timesteps_per_actorbatch": [
    635,
    414,
    551,
    411,
    377,
    398,
    580,
    554,
    402,
    413
  ],
  "clip_param": [
    1.455115789865831,
    1.0231587861222502,
    0.35992118765101455,
    1.2041569531840433,
    0.8449013139272404,
    0.583702740223124,
    0.7580187904867061,
    0.5902502307654894,
    0.3574299363407176,
    0.5591969080924857
  ],
  "entcoeff": [
    -3.3881317890172014e-21,
    -3.3881317890172014e-21,
    -3.3881317890172014e-21,
    1.2672814882549818e-06,
    -3.3881317890172014e-21,
    -3.3881317890172014e-21,
    1.158526565520941e-06,
    -3.3881317890172014e-21,
    -3.3881317890172014e-21,
    -3.3881317890172014e-21
  ],
  "optim_epochs": [
    128,
    128,
    128,
    128,
    128,
    128,
    115,
    99,
    117,
    128
  ],
  "optim_stepsize": [
    1.9756820600865852e-05,
    1.3886647316874248e-05,
    9.999999999999997e-06,
    1.4791363357754251e-05,
    9.999999999999997e-06,
    9.999999999999997e-06,
    2.0097026841175662e-05,
    1.0759200264526076e-05,
    9.999999999999997e-06,
    9.999999999999997e-06
  ],
  "optim_minibatches": [
    4,
    3,
    4,
    4,
    4,
    3,
    3,
    4,
    4,
    4
  ],
  "adam_epsilon": [
    1.8172637775519582e-07,
    9.999999999999982e-09,
    2.1763161962298018e-07,
    1.1053635696619406e-07,
    1.5491951932263272e-07,
    8.123449993065196e-08,
    1.3945308065971407e-07,
    1.0243934493810486e-07,
    1.3305358524277693e-07,
    1.0100903267765289e-07
  ],
  "schedule": [
    "linear",
    "linear",
    "linear",
    "linear",
    "linear",
    "linear",
    "linear",
    "linear",
    "linear",
    "linear"
  ],
  "num_envs": 4,
  "results_dir_name": "results",
  "storage_dir_name": "storage",
  "train_set": "remaining",
  "eval_set": "remaining",
  "OPENAI_LOG_FORMAT": "csv",
  "walltime_hrs": 0.3,
  "num_checkpoints": 100,
  "eval_ntrajs": 10,
  "eval_nsteps": 200,
  "eval_seed": 12345,
  "looping_tree": {
    "method": "fixed",
    "environment": "fixed",
    "total_timesteps": "fixed",
    "rng_seed": "cartesian",
    "policy_kwargs": "fixed",
    "gamma": "zip",
    "lam": "zip",
    "timesteps_per_actorbatch": "zip",
    "clip_param": "zip",
    "entcoeff": "zip",
    "optim_epochs": "zip",
    "optim_stepsize": "zip",
    "optim_minibatches": "zip",
    "adam_epsilon": "zip",
    "schedule": "zip"
  }
}