{
  "description": "Hyper-parameter optimization for ppo1 on a low frequency environment",
  "method": "ppo1",
  "environment": "drop_leg_100hz",
  "total_timesteps": 4000000,
  "rng_seed": [
    0,
    1000,
    2000
  ],
  "policy_kwargs": {
    "net_arch": [
      {
        "vf": [
          64,
          64
        ],
        "pi": [
          64,
          64
        ]
      }
    ]
  },
  "gamma": [
    0.7698809769679971,
    0.9311927095751689,
    0.5641516937638485,
    0.633963505260899,
    0.6921834402786996,
    0.9220692755200472,
    0.5615290147995431,
    0.7211509155715755,
    0.36,
    0.5447723864642107
  ],
  "lam": [
    0.9293727426691434,
    0.9803151266109673,
    0.9839543310047826,
    0.9978733868569483,
    0.9879342364314324,
    0.9924474000739268,
    0.9936437701298136,
    0.9907480391541951,
    0.9940547626606506,
    0.9933989774990082
  ],
  "timesteps_per_actorbatch": [
    209,
    149,
    1535,
    510,
    726,
    324,
    250,
    260,
    374,
    352
  ],
  "clip_param": [
    0.8017764289790625,
    0.026212714109536354,
    0.47429512882640157,
    0.08889960116802338,
    0.035617191642030796,
    0.06646339026184304,
    0.05508483184270022,
    0.05272732517787989,
    0.04612884886199239,
    0.05271766793429802
  ],
  "entcoeff": [
    -3.3881317890172014e-21,
    3.0214407921316706e-06,
    1.3471530011392468e-06,
    8.444363960563423e-06,
    7.652459225578245e-06,
    2.2609010206017844e-06,
    1.3991799281763888e-06,
    -3.3881317890172014e-21,
    7.754699012190703e-06,
    5.349221880825647e-06
  ],
  "optim_epochs": [
    31,
    6,
    20,
    25,
    10,
    9,
    11,
    8,
    13,
    16
  ],
  "optim_stepsize": [
    0.00017419396313133367,
    0.005689523857478592,
    7.947179631473743e-05,
    0.0003522796608503167,
    0.0007617980225927618,
    0.0005797956430957527,
    0.0006954047925447587,
    0.0012948744690824618,
    0.00040511215696475256,
    0.000636879333583733
  ],
  "optim_minibatches": [
    1,
    2,
    2,
    2,
    2,
    3,
    2,
    2,
    3,
    2
  ],
  "adam_epsilon": [
    2.0824324268217984e-06,
    3.589358919799604e-05,
    2.3326595446686136e-05,
    8.48185736271167e-05,
    7.414192755413495e-05,
    1.594823472940982e-05,
    3.096616300717256e-05,
    8.861751110254114e-06,
    1.7404684297989812e-05,
    3.699452697069098e-05
  ],
  "schedule": [
    "linear",
    "linear",
    "linear",
    "linear",
    "linear",
    "linear",
    "linear",
    "linear",
    "linear",
    "linear"
  ],
  "num_envs": 4,
  "results_dir_name": "results",
  "storage_dir_name": "storage",
  "train_set": "remaining",
  "eval_set": "remaining",
  "OPENAI_LOG_FORMAT": "csv",
  "walltime_hrs": 0.3,
  "num_checkpoints": 100,
  "eval_ntrajs": 10,
  "eval_nsteps": 200,
  "eval_seed": 12345,
  "looping_tree": {
    "method": "fixed",
    "environment": "fixed",
    "total_timesteps": "fixed",
    "rng_seed": "cartesian",
    "policy_kwargs": "fixed",
    "gamma": "zip",
    "lam": "zip",
    "timesteps_per_actorbatch": "zip",
    "clip_param": "zip",
    "entcoeff": "zip",
    "optim_epochs": "zip",
    "optim_stepsize": "zip",
    "optim_minibatches": "zip",
    "adam_epsilon": "zip",
    "schedule": "zip"
  }
}