{
  "description": "Hyper-parameter optimization for ppo1 on a low frequency environment",
  "method": "ppo1",
  "environment": "drop_leg_100hz",
  "total_timesteps": 4000000,
  "rng_seed": [
    0,
    1000,
    2000
  ],
  "policy_kwargs": {
    "net_arch": [
      {
        "vf": [
          64,
          64
        ],
        "pi": [
          64,
          64
        ]
      }
    ]
  },
  "gamma": [
    0.7353418311169149,
    0.6773471766579282,
    0.8178737760072381,
    0.6115952386180101,
    0.7599522190914243,
    0.8616354559679238,
    0.8748521668393503,
    0.7114448051966291,
    0.8290084028667873,
    0.838317692359406
  ],
  "lam": [
    0.36,
    0.5099565871996333,
    0.36,
    0.36,
    0.36,
    0.36,
    0.36,
    0.36,
    0.36,
    0.36
  ],
  "timesteps_per_actorbatch": [
    710,
    833,
    1081,
    736,
    958,
    1205,
    709,
    862,
    938,
    741
  ],
  "clip_param": [
    4.1329157639192715,
    0.7140730741119777,
    0.8440416944516022,
    3.9997159083818974,
    1.805478476701852,
    1.2949250031924875,
    1.2830729586184744,
    1.5260406355863363,
    1.9240447133386673,
    1.604644977331637
  ],
  "entcoeff": [
    -3.3881317890172014e-21,
    -3.3881317890172014e-21,
    -3.3881317890172014e-21,
    4.5158113771332596e-07,
    -3.3881317890172014e-21,
    1.055505405266665e-06,
    -3.3881317890172014e-21,
    -3.3881317890172014e-21,
    4.530806773153572e-07,
    -3.3881317890172014e-21
  ],
  "optim_epochs": [
    110,
    128,
    128,
    114,
    128,
    128,
    128,
    110,
    123,
    128
  ],
  "optim_stepsize": [
    9.999999999999997e-06,
    9.999999999999997e-06,
    1.0655366913780314e-05,
    1.087804982003476e-05,
    9.999999999999997e-06,
    9.999999999999997e-06,
    1.0353096568804066e-05,
    9.999999999999997e-06,
    9.999999999999997e-06,
    9.999999999999997e-06
  ],
  "optim_minibatches": [
    5,
    2,
    4,
    3,
    3,
    4,
    3,
    3,
    3,
    4
  ],
  "adam_epsilon": [
    3.5994019274380343e-06,
    4.700969536964038e-07,
    2.343145283870692e-06,
    5.73815631166165e-07,
    9.579464788045803e-07,
    2.8013386331674913e-07,
    3.992981829673298e-07,
    5.678996443777138e-07,
    8.784520978631399e-07,
    3.6823838397094823e-07
  ],
  "schedule": [
    "linear",
    "linear",
    "linear",
    "linear",
    "linear",
    "linear",
    "linear",
    "linear",
    "linear",
    "linear"
  ],
  "num_envs": 4,
  "results_dir_name": "results",
  "storage_dir_name": "storage",
  "train_set": "remaining",
  "eval_set": "remaining",
  "OPENAI_LOG_FORMAT": "csv",
  "walltime_hrs": 0.3,
  "num_checkpoints": 100,
  "eval_ntrajs": 10,
  "eval_nsteps": 200,
  "eval_seed": 12345,
  "looping_tree": {
    "method": "fixed",
    "environment": "fixed",
    "total_timesteps": "fixed",
    "rng_seed": "cartesian",
    "policy_kwargs": "fixed",
    "gamma": "zip",
    "lam": "zip",
    "timesteps_per_actorbatch": "zip",
    "clip_param": "zip",
    "entcoeff": "zip",
    "optim_epochs": "zip",
    "optim_stepsize": "zip",
    "optim_minibatches": "zip",
    "adam_epsilon": "zip",
    "schedule": "zip"
  }
}