{
  "description": "Hyper-parameter optimization for ppo1 on a low frequency environment",
  "method": "ppo1",
  "environment": "drop_leg_100hz",
  "total_timesteps": 4000000,
  "rng_seed": [
    0,
    1000,
    2000
  ],
  "policy_kwargs": {
    "net_arch": [
      {
        "vf": [
          64,
          64
        ],
        "pi": [
          64,
          64
        ]
      }
    ]
  },
  "gamma": [
    0.99057920635281,
    0.9941768213155444,
    0.9667113174318691,
    0.99400333630612,
    0.9762298874163292,
    0.7129580409394914,
    0.9503691347896455,
    0.5363557068154035,
    0.523000715556954,
    0.6376913343782864
  ],
  "lam": [
    0.999666803088833,
    0.9990923020153244,
    0.9997123737855199,
    0.9997950649163925,
    0.9994524467015667,
    0.9925498520880803,
    0.9942205416920723,
    0.9929198632438887,
    0.9859708878073714,
    0.996213350888107
  ],
  "timesteps_per_actorbatch": [
    1003,
    1482,
    187,
    619,
    134,
    180,
    211,
    228,
    205,
    139
  ],
  "clip_param": [
    164.27428967876892,
    0.33994138550503367,
    0.036847636737850326,
    0.9555462137272775,
    1.937261804280204,
    2.0631510152750194,
    0.02463211600232415,
    0.052111194217419006,
    0.13666644825151816,
    0.06151776632474276
  ],
  "entcoeff": [
    0.0002735984221504219,
    5.437826269547849e-05,
    6.146527453731745e-05,
    5.610375602519323e-05,
    1.1463217103998889e-05,
    5.838188942526519e-05,
    9.372269413254834e-06,
    4.49893108639567e-06,
    6.790998790564821e-06,
    6.9284838591960846e-06
  ],
  "optim_epochs": [
    76,
    2,
    85,
    22,
    8,
    35,
    7,
    14,
    13,
    12
  ],
  "optim_stepsize": [
    0.06704333473264795,
    2.416455005906438e-05,
    2.1830885274554417e-05,
    0.002319557498877321,
    9.256582681845617e-05,
    0.00014518242270092078,
    0.00035955421605984216,
    0.0005376094117681172,
    0.0008259255669099173,
    0.00042067646017360694
  ],
  "optim_minibatches": [
    33,
    62,
    4,
    3,
    3,
    10,
    2,
    1,
    1,
    2
  ],
  "adam_epsilon": [
    6.831276269460813e-06,
    3.173831428820444e-08,
    2.079990108868834e-06,
    2.4191236468359057e-05,
    9.453711685692696e-08,
    1.1620474142136637e-06,
    1.371650246464499e-06,
    6.254803178321084e-06,
    2.6245440924752076e-05,
    1.0419082184521708e-05
  ],
  "schedule": [
    "linear",
    "linear",
    "linear",
    "linear",
    "linear",
    "linear",
    "linear",
    "linear",
    "linear",
    "linear"
  ],
  "num_envs": 4,
  "results_dir_name": "results",
  "storage_dir_name": "storage",
  "train_set": "remaining",
  "eval_set": "remaining",
  "OPENAI_LOG_FORMAT": "csv",
  "walltime_hrs": 0.3,
  "num_checkpoints": 100,
  "eval_ntrajs": 10,
  "eval_nsteps": 200,
  "eval_seed": 12345,
  "looping_tree": {
    "method": "fixed",
    "environment": "fixed",
    "total_timesteps": "fixed",
    "rng_seed": "cartesian",
    "policy_kwargs": "fixed",
    "gamma": "zip",
    "lam": "zip",
    "timesteps_per_actorbatch": "zip",
    "clip_param": "zip",
    "entcoeff": "zip",
    "optim_epochs": "zip",
    "optim_stepsize": "zip",
    "optim_minibatches": "zip",
    "adam_epsilon": "zip",
    "schedule": "zip"
  }
}