{
  "description": "Hyper-parameter optimization for ppo1 on a low frequency environment",
  "method": "ppo1",
  "environment": "drop_leg_100hz",
  "total_timesteps": 4000000,
  "rng_seed": [
    0,
    1000,
    2000
  ],
  "policy_kwargs": {
    "net_arch": [
      {
        "vf": [
          64,
          64
        ],
        "pi": [
          64,
          64
        ]
      }
    ]
  },
  "gamma": [
    0.8457614417188923,
    0.965132506209625,
    0.8368270450921328,
    0.9274419756702322,
    0.9258556405054258,
    0.9428025238856743,
    0.9252444811196636,
    0.9465042113222727,
    0.9513200429906834,
    0.9286590650242365
  ],
  "lam": [
    0.8587697055893755,
    0.6339675605672712,
    0.6143942148593138,
    0.39763778658851545,
    0.36,
    0.40729196246856414,
    0.4718380231936852,
    0.4723605008043934,
    0.41798286226990866,
    0.4610438823046846
  ],
  "timesteps_per_actorbatch": [
    1033,
    1683,
    1485,
    1449,
    1426,
    1356,
    1488,
    1110,
    1301,
    1123
  ],
  "clip_param": [
    4.463877412135754,
    4.121305408284825,
    2.9781326449266,
    4.348458259805155,
    1.2244480042095258,
    5.489053335521074,
    1.587919276510862,
    1.6651366927400038,
    1.2022658443822245,
    1.6101747007537806
  ],
  "entcoeff": [
    3.3802764266172815e-06,
    1.6056685878232773e-07,
    4.19050899982204e-06,
    2.0192867360797825e-06,
    3.949952621562219e-06,
    5.432991076738289e-06,
    3.032736615507527e-06,
    2.7547698555739376e-06,
    3.5301346757999735e-06,
    2.999154019895458e-06
  ],
  "optim_epochs": [
    100,
    89,
    105,
    109,
    105,
    94,
    114,
    111,
    123,
    116
  ],
  "optim_stepsize": [
    5.933969014614599e-05,
    2.2059720755763192e-05,
    1.610685483996827e-05,
    2.2834386061535955e-05,
    1.6172113675755912e-05,
    1.9089028280635622e-05,
    1.735783677116743e-05,
    2.2689842820325008e-05,
    1.89451081326121e-05,
    1.454464573070156e-05
  ],
  "optim_minibatches": [
    3,
    2,
    2,
    5,
    4,
    3,
    4,
    3,
    5,
    4
  ],
  "adam_epsilon": [
    7.70913064578976e-07,
    3.862769621970716e-07,
    9.637760255968465e-08,
    3.1869079134338527e-07,
    1.1760257964252403e-07,
    9.052645182459354e-08,
    5.5797797375869606e-08,
    1.0766125012826659e-07,
    7.871427769865691e-08,
    1.0108141094371586e-07
  ],
  "schedule": [
    "linear",
    "linear",
    "linear",
    "linear",
    "linear",
    "linear",
    "linear",
    "linear",
    "linear",
    "linear"
  ],
  "num_envs": 4,
  "results_dir_name": "results",
  "storage_dir_name": "storage",
  "train_set": "remaining",
  "eval_set": "remaining",
  "OPENAI_LOG_FORMAT": "csv",
  "walltime_hrs": 0.3,
  "num_checkpoints": 100,
  "eval_ntrajs": 10,
  "eval_nsteps": 200,
  "eval_seed": 12345,
  "looping_tree": {
    "method": "fixed",
    "environment": "fixed",
    "total_timesteps": "fixed",
    "rng_seed": "cartesian",
    "policy_kwargs": "fixed",
    "gamma": "zip",
    "lam": "zip",
    "timesteps_per_actorbatch": "zip",
    "clip_param": "zip",
    "entcoeff": "zip",
    "optim_epochs": "zip",
    "optim_stepsize": "zip",
    "optim_minibatches": "zip",
    "adam_epsilon": "zip",
    "schedule": "zip"
  }
}