{
  "description": "Hyper-parameter optimization for ppo1 on a low frequency environment",
  "method": "ppo1",
  "environment": "drop_leg_100hz",
  "total_timesteps": 4000000,
  "rng_seed": [
    0,
    1000,
    2000
  ],
  "policy_kwargs": {
    "net_arch": [
      {
        "vf": [
          64,
          64
        ],
        "pi": [
          64,
          64
        ]
      }
    ]
  },
  "gamma": [
    0.9818030323382146,
    0.9840756556717448,
    0.9589531474848373,
    0.9850848954031834,
    0.8573254332261873,
    0.9442997879891891,
    0.9224996925298423,
    0.9257211490636293,
    0.9024923368992344,
    0.9690842403082145
  ],
  "lam": [
    0.5406857033091559,
    0.4514437872707543,
    0.6648345622758769,
    0.3633242191152123,
    0.3791699696930019,
    0.3919608702698928,
    0.400129450957315,
    0.38633211502353026,
    0.36474442448556565,
    0.4943966681727521
  ],
  "timesteps_per_actorbatch": [
    1927,
    1779,
    243,
    608,
    286,
    805,
    308,
    275,
    369,
    329
  ],
  "clip_param": [
    5.30608024064519,
    0.1943435100790305,
    4.212831642483398,
    3.9517627396764006,
    4.164437077095577,
    1.2240009089215047,
    0.8754410808881761,
    0.6194461163282018,
    0.9277975118727778,
    1.338694938005203
  ],
  "entcoeff": [
    5.849581722310736e-06,
    4.4651174500729645e-06,
    1.4404114912544327e-06,
    1.158292904847205e-06,
    1.6114677722185685e-06,
    2.4845450005656023e-06,
    3.4354732685149863e-06,
    2.8408964667923653e-06,
    6.412612136449013e-06,
    1.7795211848766396e-06
  ],
  "optim_epochs": [
    76,
    93,
    125,
    64,
    109,
    116,
    114,
    107,
    126,
    94
  ],
  "optim_stepsize": [
    5.421139618688887e-05,
    4.1140210428500135e-05,
    2.464804602824268e-05,
    1.2435316506228917e-05,
    1.690755798015409e-05,
    1.651341732027078e-05,
    1.031516521812407e-05,
    1.0004488418112789e-05,
    1.240919014605832e-05,
    1.198752661227523e-05
  ],
  "optim_minibatches": [
    5,
    2,
    4,
    5,
    3,
    4,
    5,
    6,
    4,
    6
  ],
  "adam_epsilon": [
    3.391471946992508e-08,
    5.821918338084013e-07,
    2.7978962156451564e-08,
    5.512154798328503e-08,
    3.657361512796976e-08,
    5.108907057839747e-08,
    5.3355123134867696e-08,
    1.23971496763888e-07,
    1.2543115946429407e-07,
    8.591605516984723e-08
  ],
  "schedule": [
    "linear",
    "linear",
    "linear",
    "linear",
    "linear",
    "linear",
    "linear",
    "linear",
    "linear",
    "linear"
  ],
  "num_envs": 4,
  "results_dir_name": "results",
  "storage_dir_name": "storage",
  "train_set": "remaining",
  "eval_set": "remaining",
  "OPENAI_LOG_FORMAT": "csv",
  "walltime_hrs": 0.3,
  "num_checkpoints": 100,
  "eval_ntrajs": 10,
  "eval_nsteps": 200,
  "eval_seed": 12345,
  "looping_tree": {
    "method": "fixed",
    "environment": "fixed",
    "total_timesteps": "fixed",
    "rng_seed": "cartesian",
    "policy_kwargs": "fixed",
    "gamma": "zip",
    "lam": "zip",
    "timesteps_per_actorbatch": "zip",
    "clip_param": "zip",
    "entcoeff": "zip",
    "optim_epochs": "zip",
    "optim_stepsize": "zip",
    "optim_minibatches": "zip",
    "adam_epsilon": "zip",
    "schedule": "zip"
  }
}