{
  "description": "Hyper-parameter optimization for ppo1 on a low frequency environment",
  "method": "ppo1",
  "environment": "drop_leg_100hz",
  "total_timesteps": 4000000,
  "rng_seed": [
    0,
    1000,
    2000
  ],
  "policy_kwargs": {
    "net_arch": [
      {
        "vf": [
          64,
          64
        ],
        "pi": [
          64,
          64
        ]
      }
    ]
  },
  "gamma": [
    0.8987822679982322,
    0.9453183451425468,
    0.9878602565784883,
    0.9103656036100081,
    0.9648056636466288,
    0.9406913156479169,
    0.9436862591636208,
    0.9054109555673683,
    0.9086695328278016,
    0.9475344367127121
  ],
  "lam": [
    0.41733689439344135,
    0.36,
    0.639829512246997,
    0.36,
    0.5149375729703343,
    0.39960039660558644,
    0.36,
    0.36,
    0.36,
    0.36
  ],
  "timesteps_per_actorbatch": [
    676,
    218,
    302,
    749,
    331,
    438,
    394,
    384,
    404,
    384
  ],
  "clip_param": [
    1.8728379006067164,
    3.0199492958285674,
    1.2259450318841612,
    5.720032373519204,
    0.9290082641176032,
    1.773638073959446,
    2.85215188327147,
    2.601108475338562,
    1.5997156968162247,
    1.608994136024503
  ],
  "entcoeff": [
    -3.3881317890172014e-21,
    -3.3881317890172014e-21,
    2.694861528705596e-07,
    -3.3881317890172014e-21,
    1.1012863345001642e-06,
    2.0740833186797728e-07,
    3.538251498013935e-07,
    -3.3881317890172014e-21,
    -3.3881317890172014e-21,
    5.865505564238174e-07
  ],
  "optim_epochs": [
    128,
    128,
    128,
    73,
    128,
    128,
    128,
    128,
    113,
    124
  ],
  "optim_stepsize": [
    1.1165281402304762e-05,
    9.999999999999997e-06,
    9.999999999999997e-06,
    9.999999999999997e-06,
    1.4043805692253004e-05,
    9.999999999999997e-06,
    9.999999999999997e-06,
    9.999999999999997e-06,
    9.999999999999997e-06,
    9.999999999999997e-06
  ],
  "optim_minibatches": [
    4,
    4,
    4,
    4,
    3,
    3,
    3,
    3,
    3,
    3
  ],
  "adam_epsilon": [
    7.084156258317733e-07,
    3.0479995677982435e-07,
    2.4691047731187437e-07,
    1.2697213389804856e-07,
    6.53661625027886e-07,
    3.0012587596985934e-07,
    4.673784553286049e-07,
    2.071553114916886e-07,
    3.528603272511013e-07,
    3.5699030561624306e-07
  ],
  "schedule": [
    "linear",
    "linear",
    "linear",
    "linear",
    "linear",
    "linear",
    "linear",
    "linear",
    "linear",
    "linear"
  ],
  "num_envs": 4,
  "results_dir_name": "results",
  "storage_dir_name": "storage",
  "train_set": "remaining",
  "eval_set": "remaining",
  "OPENAI_LOG_FORMAT": "csv",
  "walltime_hrs": 0.3,
  "num_checkpoints": 100,
  "eval_ntrajs": 10,
  "eval_nsteps": 200,
  "eval_seed": 12345,
  "looping_tree": {
    "method": "fixed",
    "environment": "fixed",
    "total_timesteps": "fixed",
    "rng_seed": "cartesian",
    "policy_kwargs": "fixed",
    "gamma": "zip",
    "lam": "zip",
    "timesteps_per_actorbatch": "zip",
    "clip_param": "zip",
    "entcoeff": "zip",
    "optim_epochs": "zip",
    "optim_stepsize": "zip",
    "optim_minibatches": "zip",
    "adam_epsilon": "zip",
    "schedule": "zip"
  }
}