{
  "description": "Hyper-parameter optimization for ppo1 on a low frequency environment",
  "method": "ppo1",
  "environment": "drop_leg_100hz",
  "total_timesteps": 4000000,
  "rng_seed": [
    0,
    1000,
    2000
  ],
  "policy_kwargs": {
    "net_arch": [
      {
        "vf": [
          64,
          64
        ],
        "pi": [
          64,
          64
        ]
      }
    ]
  },
  "gamma": [
    0.6974212066272374,
    0.9743530891071223,
    0.8847541251249889,
    0.93565034980711,
    0.923455342942851,
    0.91973178138526,
    0.8028859290470653,
    0.9201031378524345,
    0.8857895442886702,
    0.9307389833781384
  ],
  "lam": [
    0.36,
    0.40101850551520635,
    0.36,
    0.3617729340496044,
    0.36,
    0.36,
    0.36,
    0.36,
    0.36,
    0.36
  ],
  "timesteps_per_actorbatch": [
    645,
    362,
    248,
    782,
    430,
    599,
    558,
    537,
    654,
    513
  ],
  "clip_param": [
    0.6824318033173777,
    0.09363219293494311,
    0.13217822258553646,
    0.26846994758265263,
    0.46000063195462526,
    0.2635536886112131,
    0.27088685278362307,
    0.19284644600692338,
    0.1808411198088486,
    0.18972679394600628
  ],
  "entcoeff": [
    8.280528225029325e-07,
    2.3133360851446722e-07,
    -3.3881317890172014e-21,
    -3.3881317890172014e-21,
    -3.3881317890172014e-21,
    9.564723777696947e-08,
    -3.3881317890172014e-21,
    -3.3881317890172014e-21,
    -3.3881317890172014e-21,
    3.869346563832773e-07
  ],
  "optim_epochs": [
    128,
    97,
    128,
    88,
    128,
    104,
    89,
    107,
    105,
    113
  ],
  "optim_stepsize": [
    2.939493739838888e-05,
    4.1405079486188736e-05,
    1.6675966919882763e-05,
    5.165180190055499e-05,
    1.7109966076186125e-05,
    3.489916740724468e-05,
    1.4407296443746815e-05,
    2.426640405458597e-05,
    2.7227581008023518e-05,
    2.605312493242104e-05
  ],
  "optim_minibatches": [
    6,
    6,
    7,
    5,
    5,
    5,
    6,
    6,
    6,
    5
  ],
  "adam_epsilon": [
    2.2459920729373518e-08,
    4.370851723104204e-08,
    1.73023041417575e-07,
    2.964265894810583e-08,
    4.9135516036147676e-08,
    1.0459624371349366e-07,
    7.404063445304141e-08,
    7.268068814038869e-08,
    1.34002466860673e-07,
    6.899877985233314e-08
  ],
  "schedule": [
    "linear",
    "linear",
    "linear",
    "linear",
    "linear",
    "linear",
    "linear",
    "linear",
    "linear",
    "linear"
  ],
  "num_envs": 4,
  "results_dir_name": "results",
  "storage_dir_name": "storage",
  "train_set": "remaining",
  "eval_set": "remaining",
  "OPENAI_LOG_FORMAT": "csv",
  "walltime_hrs": 0.3,
  "num_checkpoints": 100,
  "eval_ntrajs": 10,
  "eval_nsteps": 200,
  "eval_seed": 12345,
  "looping_tree": {
    "method": "fixed",
    "environment": "fixed",
    "total_timesteps": "fixed",
    "rng_seed": "cartesian",
    "policy_kwargs": "fixed",
    "gamma": "zip",
    "lam": "zip",
    "timesteps_per_actorbatch": "zip",
    "clip_param": "zip",
    "entcoeff": "zip",
    "optim_epochs": "zip",
    "optim_stepsize": "zip",
    "optim_minibatches": "zip",
    "adam_epsilon": "zip",
    "schedule": "zip"
  }
}