{
  "description": "Hyper-parameter optimization for ppo1 on a low frequency environment",
  "method": "ppo1",
  "environment": "drop_leg_100hz",
  "total_timesteps": 4000000,
  "rng_seed": [
    0,
    1000,
    2000
  ],
  "policy_kwargs": {
    "net_arch": [
      {
        "vf": [
          64,
          64
        ],
        "pi": [
          64,
          64
        ]
      }
    ]
  },
  "gamma": [
    0.9811134824807972,
    0.6999012414962797,
    0.64684228090107,
    0.9814178253538506,
    0.9383940274661784,
    0.9678813242424725,
    0.9538362339057194,
    0.936868284694677,
    0.9219062142161085,
    0.9150155516023473
  ],
  "lam": [
    0.7841009574551023,
    0.38853922984451594,
    0.3862356203961923,
    0.43440069488918653,
    0.36,
    0.36,
    0.36,
    0.36,
    0.36,
    0.36
  ],
  "timesteps_per_actorbatch": [
    1629,
    1901,
    1090,
    254,
    603,
    388,
    436,
    491,
    435,
    499
  ],
  "clip_param": [
    4.675174590525102,
    4.181085881388116,
    3.9877728058499686,
    0.18843436712733616,
    3.0194228478738654,
    0.5464189364136136,
    2.0712114641872605,
    0.6074436048357642,
    0.9348805500153059,
    0.9986118977888915
  ],
  "entcoeff": [
    7.471308423224519e-06,
    8.409550522556224e-06,
    4.05715848681247e-06,
    4.697878180881641e-06,
    -3.3881317890172014e-21,
    -3.3881317890172014e-21,
    8.314781498707895e-07,
    -3.3881317890172014e-21,
    -3.3881317890172014e-21,
    1.069598350377515e-07
  ],
  "optim_epochs": [
    126,
    114,
    121,
    106,
    127,
    127,
    128,
    128,
    128,
    128
  ],
  "optim_stepsize": [
    4.915444651419256e-05,
    5.8297268651739256e-05,
    1.093458121400951e-05,
    2.442587179610836e-05,
    9.999999999999997e-06,
    1.1286351958298072e-05,
    1.0847406785229912e-05,
    1.0805653622950947e-05,
    9.999999999999997e-06,
    1.1331389925464339e-05
  ],
  "optim_minibatches": [
    9,
    3,
    6,
    9,
    5,
    4,
    4,
    4,
    4,
    4
  ],
  "adam_epsilon": [
    6.490287032993063e-07,
    1.5039649943413425e-07,
    6.16156646297127e-08,
    3.871954995932688e-07,
    7.373872608302501e-08,
    1.6846626568881395e-07,
    1.1682930757955958e-07,
    1.3738467696864758e-07,
    1.2152906958794864e-07,
    1.1678089102289814e-07
  ],
  "schedule": [
    "linear",
    "linear",
    "linear",
    "linear",
    "linear",
    "linear",
    "linear",
    "linear",
    "linear",
    "linear"
  ],
  "num_envs": 4,
  "results_dir_name": "results",
  "storage_dir_name": "storage",
  "train_set": "remaining",
  "eval_set": "remaining",
  "OPENAI_LOG_FORMAT": "csv",
  "walltime_hrs": 0.3,
  "num_checkpoints": 100,
  "eval_ntrajs": 10,
  "eval_nsteps": 200,
  "eval_seed": 12345,
  "looping_tree": {
    "method": "fixed",
    "environment": "fixed",
    "total_timesteps": "fixed",
    "rng_seed": "cartesian",
    "policy_kwargs": "fixed",
    "gamma": "zip",
    "lam": "zip",
    "timesteps_per_actorbatch": "zip",
    "clip_param": "zip",
    "entcoeff": "zip",
    "optim_epochs": "zip",
    "optim_stepsize": "zip",
    "optim_minibatches": "zip",
    "adam_epsilon": "zip",
    "schedule": "zip"
  }
}