{
  "description": "Hyper-parameter optimization for ppo1 on a low frequency environment",
  "method": "ppo1",
  "environment": "drop_leg_100hz",
  "total_timesteps": 4000000,
  "rng_seed": [
    0,
    1000,
    2000
  ],
  "policy_kwargs": {
    "net_arch": [
      {
        "vf": [
          64,
          64
        ],
        "pi": [
          64,
          64
        ]
      }
    ]
  },
  "gamma": [
    0.9947936604241711,
    0.44631824319925706,
    0.416430767976927,
    0.5109649342433387,
    0.4193643452920245,
    0.6997889573327447,
    0.36,
    0.5663936787567446,
    0.36,
    0.36
  ],
  "lam": [
    0.638474023383397,
    0.9997818826865479,
    0.9990104548844624,
    0.568494034864115,
    0.9994422459845372,
    0.9968627082133857,
    0.9743202498996888,
    0.9948082457300836,
    0.9664003817076355,
    0.9828527080860944
  ],
  "timesteps_per_actorbatch": [
    70,
    313,
    74,
    170,
    96,
    70,
    138,
    107,
    92,
    105
  ],
  "clip_param": [
    130.3105253860758,
    145.23712948076815,
    163.48982071353439,
    11.278559889774925,
    0.057296659254169796,
    0.08926530712825381,
    0.05605508547170369,
    0.040355516711796706,
    0.09620455653861519,
    0.03727415621755184
  ],
  "entcoeff": [
    8.111849904246742e-05,
    1.711609919137155e-05,
    5.988953991751274e-06,
    3.934801095775212e-05,
    3.624353915771099e-06,
    1.1838200209155396e-05,
    3.830869380589631e-06,
    5.844137479386767e-06,
    2.085853390766412e-06,
    -3.3881317890172014e-21
  ],
  "optim_epochs": [
    4,
    31,
    4,
    7,
    35,
    1,
    5,
    3,
    4,
    6
  ],
  "optim_stepsize": [
    1.3228010363153806e-05,
    1.2967199355350461e-05,
    0.0009685168330441271,
    1.2195529685600068e-05,
    2.6518591572149833e-05,
    2.7604165887088458e-05,
    0.00010530386110165965,
    0.0003920945233989072,
    0.0005214931023407089,
    0.00041580937129780815
  ],
  "optim_minibatches": [
    2,
    12,
    3,
    1,
    2,
    3,
    3,
    2,
    2,
    3
  ],
  "adam_epsilon": [
    1.7869429542172502e-08,
    8.724538982403525e-08,
    5.884511825070274e-05,
    7.913146720499188e-06,
    2.4102937862074238e-08,
    1.229761221501319e-05,
    1.3993013519491273e-05,
    8.233972783643728e-06,
    3.3603573280783505e-05,
    1.7749706234753416e-05
  ],
  "schedule": [
    "linear",
    "linear",
    "linear",
    "linear",
    "linear",
    "linear",
    "linear",
    "linear",
    "linear",
    "linear"
  ],
  "num_envs": 4,
  "results_dir_name": "results",
  "storage_dir_name": "storage",
  "train_set": "remaining",
  "eval_set": "remaining",
  "OPENAI_LOG_FORMAT": "csv",
  "walltime_hrs": 0.3,
  "num_checkpoints": 100,
  "eval_ntrajs": 10,
  "eval_nsteps": 200,
  "eval_seed": 12345,
  "looping_tree": {
    "method": "fixed",
    "environment": "fixed",
    "total_timesteps": "fixed",
    "rng_seed": "cartesian",
    "policy_kwargs": "fixed",
    "gamma": "zip",
    "lam": "zip",
    "timesteps_per_actorbatch": "zip",
    "clip_param": "zip",
    "entcoeff": "zip",
    "optim_epochs": "zip",
    "optim_stepsize": "zip",
    "optim_minibatches": "zip",
    "adam_epsilon": "zip",
    "schedule": "zip"
  }
}