{
  "description": "Hyper-parameter optimization for ppo1 on a low frequency environment",
  "method": "ppo1",
  "environment": "drop_leg_100hz",
  "total_timesteps": 4000000,
  "rng_seed": [
    0,
    1000,
    2000
  ],
  "policy_kwargs": {
    "net_arch": [
      {
        "vf": [
          64,
          64
        ],
        "pi": [
          64,
          64
        ]
      }
    ]
  },
  "gamma": [
    0.922270179187848,
    0.874575829304825,
    0.857965050371203,
    0.927763298334973,
    0.9333962799957399,
    0.9151435715357821,
    0.9387482701167666,
    0.9262576679559806,
    0.9320146852668124,
    0.9237490216728464
  ],
  "lam": [
    0.36,
    0.36,
    0.36,
    0.36,
    0.36,
    0.36,
    0.36,
    0.36,
    0.36,
    0.36
  ],
  "timesteps_per_actorbatch": [
    1473,
    876,
    1176,
    1257,
    977,
    1339,
    1346,
    1218,
    1157,
    1145
  ],
  "clip_param": [
    0.6895234181203589,
    0.8694426593455137,
    2.508222622220756,
    0.8413953635865439,
    1.1595588406674957,
    1.2099601905862905,
    1.7063446366476915,
    1.577470587982256,
    1.2116088388783004,
    1.1837094416635359
  ],
  "entcoeff": [
    7.315773519924283e-06,
    3.6491635558149962e-06,
    5.363455929744582e-06,
    3.6716401332813135e-06,
    2.51729207425605e-06,
    3.955568871333756e-06,
    3.0856808030418425e-06,
    3.431896781425864e-06,
    3.312856081467698e-06,
    4.171405922253431e-06
  ],
  "optim_epochs": [
    128,
    103,
    124,
    103,
    109,
    106,
    104,
    107,
    108,
    108
  ],
  "optim_stepsize": [
    2.0384820511321217e-05,
    1.834968548545528e-05,
    2.5857292104015208e-05,
    1.669795600984758e-05,
    2.016104173828768e-05,
    1.9250559421834052e-05,
    1.9178410802545245e-05,
    1.9860800974259378e-05,
    1.9474945983404078e-05,
    1.977218200984806e-05
  ],
  "optim_minibatches": [
    5,
    4,
    4,
    4,
    4,
    4,
    4,
    4,
    4,
    4
  ],
  "adam_epsilon": [
    3.206167386431177e-08,
    7.770374220937124e-08,
    7.212141876489524e-08,
    6.738993924014336e-08,
    8.494520076656412e-08,
    7.971625204213545e-08,
    8.594515197121716e-08,
    1.0856589448015069e-07,
    1.2209713456836778e-07,
    9.950210515774203e-08
  ],
  "schedule": [
    "linear",
    "linear",
    "linear",
    "linear",
    "linear",
    "linear",
    "linear",
    "linear",
    "linear",
    "linear"
  ],
  "num_envs": 4,
  "results_dir_name": "results",
  "storage_dir_name": "storage",
  "train_set": "remaining",
  "eval_set": "remaining",
  "OPENAI_LOG_FORMAT": "csv",
  "walltime_hrs": 0.3,
  "num_checkpoints": 100,
  "eval_ntrajs": 10,
  "eval_nsteps": 200,
  "eval_seed": 12345,
  "looping_tree": {
    "method": "fixed",
    "environment": "fixed",
    "total_timesteps": "fixed",
    "rng_seed": "cartesian",
    "policy_kwargs": "fixed",
    "gamma": "zip",
    "lam": "zip",
    "timesteps_per_actorbatch": "zip",
    "clip_param": "zip",
    "entcoeff": "zip",
    "optim_epochs": "zip",
    "optim_stepsize": "zip",
    "optim_minibatches": "zip",
    "adam_epsilon": "zip",
    "schedule": "zip"
  }
}