{
  "description": "Hyper-parameter optimization for ppo1 on a low frequency environment",
  "method": "ppo1",
  "environment": "drop_leg_100hz",
  "total_timesteps": 4000000,
  "rng_seed": [
    0,
    1000,
    2000
  ],
  "policy_kwargs": {
    "net_arch": [
      {
        "vf": [
          64,
          64
        ],
        "pi": [
          64,
          64
        ]
      }
    ]
  },
  "gamma": [
    0.9531771096740138,
    0.917811160394594,
    0.9328337219084293,
    0.9474351000807066,
    0.9271429258085311,
    0.9277626616720052,
    0.9024803856837692,
    0.9220992265781294,
    0.9215129640526829,
    0.9215647172500571
  ],
  "lam": [
    0.5382087315588315,
    0.37206791269718065,
    0.36,
    0.36,
    0.36,
    0.36,
    0.36,
    0.36,
    0.36,
    0.36
  ],
  "timesteps_per_actorbatch": [
    620,
    742,
    637,
    670,
    662,
    529,
    723,
    615,
    725,
    692
  ],
  "clip_param": [
    1.0185665391445653,
    1.3321906292089873,
    0.6753899615519792,
    0.9678357283889086,
    1.1916067752816375,
    0.9846691626455275,
    1.0798982212564716,
    0.9105026539681099,
    1.101830198535877,
    0.9337932498528481
  ],
  "entcoeff": [
    -3.3881317890172014e-21,
    -3.3881317890172014e-21,
    -3.3881317890172014e-21,
    -3.3881317890172014e-21,
    -3.3881317890172014e-21,
    -3.3881317890172014e-21,
    -3.3881317890172014e-21,
    -3.3881317890172014e-21,
    -3.3881317890172014e-21,
    -3.3881317890172014e-21
  ],
  "optim_epochs": [
    128,
    128,
    128,
    128,
    128,
    128,
    128,
    128,
    126,
    128
  ],
  "optim_stepsize": [
    9.999999999999997e-06,
    9.999999999999997e-06,
    9.999999999999997e-06,
    1.0851147072221751e-05,
    9.999999999999997e-06,
    9.999999999999997e-06,
    1.0102726607705631e-05,
    1.008090238365791e-05,
    9.999999999999997e-06,
    9.999999999999997e-06
  ],
  "optim_minibatches": [
    4,
    4,
    4,
    4,
    4,
    5,
    4,
    5,
    5,
    4
  ],
  "adam_epsilon": [
    2.665224567826255e-07,
    2.3860447132963213e-07,
    2.607939684815102e-07,
    1.537146567514353e-07,
    1.1805985256795665e-07,
    2.0642011742646973e-07,
    1.6878310384348257e-07,
    1.4055227980906767e-07,
    1.9225308891318968e-07,
    1.6841056025590766e-07
  ],
  "schedule": [
    "linear",
    "linear",
    "linear",
    "linear",
    "linear",
    "linear",
    "linear",
    "linear",
    "linear",
    "linear"
  ],
  "num_envs": 4,
  "results_dir_name": "results",
  "storage_dir_name": "storage",
  "train_set": "remaining",
  "eval_set": "remaining",
  "OPENAI_LOG_FORMAT": "csv",
  "walltime_hrs": 0.3,
  "num_checkpoints": 100,
  "eval_ntrajs": 10,
  "eval_nsteps": 200,
  "eval_seed": 12345,
  "looping_tree": {
    "method": "fixed",
    "environment": "fixed",
    "total_timesteps": "fixed",
    "rng_seed": "cartesian",
    "policy_kwargs": "fixed",
    "gamma": "zip",
    "lam": "zip",
    "timesteps_per_actorbatch": "zip",
    "clip_param": "zip",
    "entcoeff": "zip",
    "optim_epochs": "zip",
    "optim_stepsize": "zip",
    "optim_minibatches": "zip",
    "adam_epsilon": "zip",
    "schedule": "zip"
  }
}