{
  "description": "Hyper-parameter optimization for ppo1 on a low frequency environment",
  "method": "ppo1",
  "environment": "drop_leg_100hz",
  "total_timesteps": 4000000,
  "rng_seed": [
    0,
    1000,
    2000
  ],
  "policy_kwargs": {
    "net_arch": [
      {
        "vf": [
          64,
          64
        ],
        "pi": [
          64,
          64
        ]
      }
    ]
  },
  "gamma": [
    0.8237388783734041,
    0.8450306020896724,
    0.9338191279249212,
    0.5942792193836229,
    0.9584901155993919,
    0.7987494276678793,
    0.7905039548739642,
    0.9075540146708568,
    0.9013250835232104,
    0.9096764990923296
  ],
  "lam": [
    0.7492505109033321,
    0.3857691072116757,
    0.3925062244055585,
    0.7534534040185543,
    0.4405321037749931,
    0.3908870242680954,
    0.38716446921875347,
    0.36,
    0.3650192367951276,
    0.36
  ],
  "timesteps_per_actorbatch": [
    276,
    322,
    916,
    241,
    753,
    458,
    663,
    488,
    522,
    574
  ],
  "clip_param": [
    0.2827430489282652,
    2.420011041403171,
    0.40460139379272547,
    5.808183004947022,
    0.44423521456284043,
    1.9888035652332063,
    0.8029063718692583,
    1.268715198427933,
    1.0656858141604817,
    0.8736687997320401
  ],
  "entcoeff": [
    6.050038521856769e-06,
    5.728386632591032e-07,
    1.365428169782642e-06,
    2.3960377381921764e-06,
    -3.3881317890172014e-21,
    6.250149499399862e-07,
    -3.3881317890172014e-21,
    -3.3881317890172014e-21,
    3.250357476258096e-07,
    4.141440287404788e-08
  ],
  "optim_epochs": [
    88,
    125,
    107,
    113,
    128,
    127,
    128,
    125,
    128,
    126
  ],
  "optim_stepsize": [
    5.9198386404558725e-05,
    4.915435449851168e-05,
    4.0121497643096156e-05,
    1.5520316587123498e-05,
    1.1473320008039578e-05,
    9.999999999999997e-06,
    9.999999999999997e-06,
    1.1150291514559365e-05,
    9.999999999999997e-06,
    9.999999999999997e-06
  ],
  "optim_minibatches": [
    4,
    9,
    4,
    5,
    4,
    5,
    4,
    4,
    4,
    4
  ],
  "adam_epsilon": [
    1.0546799827972114e-06,
    3.201702556976417e-07,
    1.0475035307486863e-06,
    1.5275262554098185e-07,
    6.557599024639496e-08,
    1.7480913977574296e-07,
    1.311220065313068e-07,
    1.7287219639719917e-07,
    1.5765079479117224e-07,
    1.2548594664798082e-07
  ],
  "schedule": [
    "linear",
    "linear",
    "linear",
    "linear",
    "linear",
    "linear",
    "linear",
    "linear",
    "linear",
    "linear"
  ],
  "num_envs": 4,
  "results_dir_name": "results",
  "storage_dir_name": "storage",
  "train_set": "remaining",
  "eval_set": "remaining",
  "OPENAI_LOG_FORMAT": "csv",
  "walltime_hrs": 0.3,
  "num_checkpoints": 100,
  "eval_ntrajs": 10,
  "eval_nsteps": 200,
  "eval_seed": 12345,
  "looping_tree": {
    "method": "fixed",
    "environment": "fixed",
    "total_timesteps": "fixed",
    "rng_seed": "cartesian",
    "policy_kwargs": "fixed",
    "gamma": "zip",
    "lam": "zip",
    "timesteps_per_actorbatch": "zip",
    "clip_param": "zip",
    "entcoeff": "zip",
    "optim_epochs": "zip",
    "optim_stepsize": "zip",
    "optim_minibatches": "zip",
    "adam_epsilon": "zip",
    "schedule": "zip"
  }
}