{
  "description": "Hyper-parameter optimization for ppo1 on a low frequency environment",
  "method": "ppo1",
  "environment": "drop_leg_100hz",
  "total_timesteps": 4000000,
  "rng_seed": [
    0,
    1000,
    2000
  ],
  "policy_kwargs": {
    "net_arch": [
      {
        "vf": [
          64,
          64
        ],
        "pi": [
          64,
          64
        ]
      }
    ]
  },
  "gamma": [
    0.999821016411374,
    0.9998387530500515,
    0.9998420963603559,
    0.9995912679758706,
    0.999647768785388,
    0.7318323058288722,
    0.7410781674953326,
    0.8934635941502814,
    0.9516843438339339,
    0.8535703450827535
  ],
  "lam": [
    0.6476272752323983,
    0.9997701530170271,
    0.9936399763527094,
    0.9593471528512718,
    0.9778979236050688,
    0.950125031839028,
    0.9868642263248708,
    0.9624129390090189,
    0.9635732280275195,
    0.9909177218998858
  ],
  "timesteps_per_actorbatch": [
    3872,
    7779,
    8884,
    1737,
    1757,
    413,
    338,
    889,
    82,
    72
  ],
  "clip_param": [
    120.24055738764926,
    0.049339677432295226,
    0.2531241216182614,
    0.0327362817276644,
    0.9045652610907855,
    0.5333075618219189,
    0.17082205142185472,
    0.07229064484023195,
    0.12111542452470331,
    0.13600869511120883
  ],
  "entcoeff": [
    1.8049200422980332e-05,
    1.8081928336850885e-05,
    0.0001020988618857602,
    1.018911275553249e-05,
    2.763760041724524e-06,
    1.2631575770642218e-06,
    3.2137610471294176e-06,
    2.1556887968705213e-05,
    4.261613885951703e-06,
    1.5173149041677326e-05
  ],
  "optim_epochs": [
    42,
    120,
    91,
    32,
    4,
    23,
    25,
    6,
    15,
    6
  ],
  "optim_stepsize": [
    0.07373753121854404,
    0.00072092114459699,
    0.00018468433989722948,
    0.006069313698676907,
    0.005510495749682116,
    0.002736557301644686,
    0.002070017092087662,
    0.0006911200348199381,
    0.0007088617769409667,
    0.0006923312799582662
  ],
  "optim_minibatches": [
    42,
    3,
    5,
    1,
    5,
    7,
    1,
    2,
    11,
    2
  ],
  "adam_epsilon": [
    1.0105360905919717e-08,
    1.6097392801594796e-08,
    1.076217832231536e-05,
    2.861964499101557e-05,
    8.510233290168787e-06,
    9.0950777575258e-06,
    2.7595202525940272e-05,
    6.343901670432476e-06,
    2.677474068296092e-05,
    3.0676005083155014e-06
  ],
  "schedule": [
    "linear",
    "linear",
    "linear",
    "linear",
    "linear",
    "linear",
    "linear",
    "linear",
    "linear",
    "linear"
  ],
  "num_envs": 4,
  "results_dir_name": "results",
  "storage_dir_name": "storage",
  "train_set": "remaining",
  "eval_set": "remaining",
  "OPENAI_LOG_FORMAT": "csv",
  "walltime_hrs": 0.3,
  "num_checkpoints": 100,
  "eval_ntrajs": 10,
  "eval_nsteps": 200,
  "eval_seed": 12345,
  "looping_tree": {
    "method": "fixed",
    "environment": "fixed",
    "total_timesteps": "fixed",
    "rng_seed": "cartesian",
    "policy_kwargs": "fixed",
    "gamma": "zip",
    "lam": "zip",
    "timesteps_per_actorbatch": "zip",
    "clip_param": "zip",
    "entcoeff": "zip",
    "optim_epochs": "zip",
    "optim_stepsize": "zip",
    "optim_minibatches": "zip",
    "adam_epsilon": "zip",
    "schedule": "zip"
  }
}