{
  "description": "Hyper-parameter optimization for ppo1 on a low frequency environment",
  "method": "ppo1",
  "environment": "drop_leg_100hz",
  "total_timesteps": 4000000,
  "rng_seed": [
    0,
    1000,
    2000
  ],
  "policy_kwargs": {
    "net_arch": [
      {
        "vf": [
          64,
          64
        ],
        "pi": [
          64,
          64
        ]
      }
    ]
  },
  "gamma": [
    0.9998058205745082,
    0.48877789943793204,
    0.9991919478963782,
    0.9778319210921468,
    0.9030080213963346,
    0.5488056186178558,
    0.8776926223488806,
    0.7466042184058161,
    0.6935710967788076,
    0.36
  ],
  "lam": [
    0.9997622854261903,
    0.9997377796996189,
    0.9743967052797007,
    0.9994834837426609,
    0.9913121133271026,
    0.9971039753216434,
    0.9855911192410721,
    0.990245854856301,
    0.9893664989500467,
    0.9935633817929657
  ],
  "timesteps_per_actorbatch": [
    14809,
    73,
    68,
    88,
    106,
    185,
    179,
    144,
    164,
    147
  ],
  "clip_param": [
    17.11581886030532,
    5.351639476971157,
    0.19167951838898872,
    0.08208080446015001,
    0.02156065562521294,
    0.02,
    0.02,
    0.02,
    0.0319192527248803,
    0.02
  ],
  "entcoeff": [
    0.0006425569296480136,
    2.0392233287800655e-05,
    2.482950334655097e-07,
    1.3421261414756218e-06,
    -3.3881317890172014e-21,
    8.084353247261567e-08,
    1.4490779854060417e-07,
    -3.3881317890172014e-21,
    3.0994599267378015e-06,
    2.513925406226327e-06
  ],
  "optim_epochs": [
    1,
    10,
    12,
    2,
    27,
    10,
    10,
    8,
    10,
    10
  ],
  "optim_stepsize": [
    0.032407621959369665,
    0.07895542770315493,
    0.007056984469189219,
    0.005033000801891829,
    2.5395894922089095e-05,
    0.001387145957230843,
    8.29051721382737e-05,
    0.000317917529658672,
    0.00011691128601519763,
    0.00011576352179241275
  ],
  "optim_minibatches": [
    7,
    6,
    9,
    1,
    2,
    3,
    3,
    3,
    3,
    2
  ],
  "adam_epsilon": [
    1.5971161220523198e-08,
    5.300673415138521e-06,
    7.414702711409693e-08,
    6.1556109446235356e-06,
    4.938678362129035e-06,
    6.698470876091107e-05,
    1.3378204961032522e-05,
    1.1992919260278263e-05,
    2.1621578647512446e-05,
    1.7466512038962827e-05
  ],
  "schedule": [
    "linear",
    "linear",
    "linear",
    "linear",
    "linear",
    "linear",
    "linear",
    "linear",
    "linear",
    "linear"
  ],
  "num_envs": 4,
  "results_dir_name": "results",
  "storage_dir_name": "storage",
  "train_set": "remaining",
  "eval_set": "remaining",
  "OPENAI_LOG_FORMAT": "csv",
  "walltime_hrs": 0.3,
  "num_checkpoints": 100,
  "eval_ntrajs": 10,
  "eval_nsteps": 200,
  "eval_seed": 12345,
  "looping_tree": {
    "method": "fixed",
    "environment": "fixed",
    "total_timesteps": "fixed",
    "rng_seed": "cartesian",
    "policy_kwargs": "fixed",
    "gamma": "zip",
    "lam": "zip",
    "timesteps_per_actorbatch": "zip",
    "clip_param": "zip",
    "entcoeff": "zip",
    "optim_epochs": "zip",
    "optim_stepsize": "zip",
    "optim_minibatches": "zip",
    "adam_epsilon": "zip",
    "schedule": "zip"
  }
}