{
  "description": "Hyper-parameter optimization for ppo1 on a low frequency environment",
  "method": "ppo1",
  "environment": "drop_leg_100hz",
  "total_timesteps": 4000000,
  "rng_seed": [
    0,
    1000,
    2000
  ],
  "policy_kwargs": {
    "net_arch": [
      {
        "vf": [
          64,
          64
        ],
        "pi": [
          64,
          64
        ]
      }
    ]
  },
  "gamma": [
    0.7582551192682316,
    0.6129465838112653,
    0.6911672415332167,
    0.9254723176633239,
    0.9054471870525364,
    0.9305451369956288,
    0.9452165077975794,
    0.9386229448717108,
    0.9270959873288815,
    0.9253618649970861
  ],
  "lam": [
    0.8472718385088074,
    0.6563282312335669,
    0.3919473833751007,
    0.36,
    0.3637558974687294,
    0.36141187819533127,
    0.36,
    0.36,
    0.36,
    0.36
  ],
  "timesteps_per_actorbatch": [
    1934,
    1679,
    1552,
    2096,
    1098,
    1338,
    1608,
    1379,
    1359,
    1325
  ],
  "clip_param": [
    0.1747700742514409,
    0.9666562794776996,
    1.0155814061755941,
    1.075213638287877,
    1.920372882532922,
    0.4703960648367054,
    1.9443763794196036,
    1.327583773476518,
    1.4275824767707121,
    1.3699926633883934
  ],
  "entcoeff": [
    9.734798389597053e-06,
    7.84699098468095e-06,
    2.26449192840896e-06,
    3.7042661942591813e-06,
    3.1774469972297005e-06,
    3.197051447258688e-06,
    3.617704060835897e-06,
    2.9252072204702108e-06,
    3.56713280705568e-06,
    3.5191610805965166e-06
  ],
  "optim_epochs": [
    61,
    108,
    100,
    110,
    118,
    109,
    112,
    107,
    109,
    108
  ],
  "optim_stepsize": [
    2.38064832358419e-05,
    5.6816526441049654e-05,
    4.58433707083914e-05,
    2.3484484334266606e-05,
    2.1626182858786882e-05,
    1.8715667178213117e-05,
    2.3391534956073478e-05,
    2.132942416970817e-05,
    2.006676922027123e-05,
    1.7261700156728273e-05
  ],
  "optim_minibatches": [
    8,
    8,
    4,
    5,
    4,
    4,
    4,
    5,
    5,
    4
  ],
  "adam_epsilon": [
    5.611565498795025e-07,
    5.322507335763327e-07,
    6.022905786966543e-08,
    3.191024641094583e-07,
    2.3956229086994953e-07,
    9.96426293642961e-08,
    1.0369862419333656e-07,
    1.0970508846958577e-07,
    1.268862964292491e-07,
    1.1282092044978356e-07
  ],
  "schedule": [
    "linear",
    "linear",
    "linear",
    "linear",
    "linear",
    "linear",
    "linear",
    "linear",
    "linear",
    "linear"
  ],
  "num_envs": 4,
  "results_dir_name": "results",
  "storage_dir_name": "storage",
  "train_set": "remaining",
  "eval_set": "remaining",
  "OPENAI_LOG_FORMAT": "csv",
  "walltime_hrs": 0.3,
  "num_checkpoints": 100,
  "eval_ntrajs": 10,
  "eval_nsteps": 200,
  "eval_seed": 12345,
  "looping_tree": {
    "method": "fixed",
    "environment": "fixed",
    "total_timesteps": "fixed",
    "rng_seed": "cartesian",
    "policy_kwargs": "fixed",
    "gamma": "zip",
    "lam": "zip",
    "timesteps_per_actorbatch": "zip",
    "clip_param": "zip",
    "entcoeff": "zip",
    "optim_epochs": "zip",
    "optim_stepsize": "zip",
    "optim_minibatches": "zip",
    "adam_epsilon": "zip",
    "schedule": "zip"
  }
}