{
  "description": "Hyper-parameter optimization for ppo1 on a low frequency environment",
  "method": "ppo1",
  "environment": "drop_leg_100hz",
  "total_timesteps": 4000000,
  "rng_seed": [
    2000,
    1000,
    1000,
    2000,
    1000,
    0,
    1000,
    1000,
    1000,
    1000,
    1000,
    1000,
    2000,
    2000,
    2000,
    1000,
    2000,
    0,
    0,
    2000,
    2000,
    1000,
    1000,
    2000,
    1000,
    0,
    1000,
    2000,
    2000,
    0
  ],
  "policy_kwargs": {
    "net_arch": [
      {
        "vf": [
          64,
          64
        ],
        "pi": [
          64,
          64
        ]
      }
    ]
  },
  "gamma": [
    0.9927832791921087,
    0.9974238681569529,
    0.9994240909839722,
    0.9998249801287344,
    0.996279177979173,
    0.9986511340929481,
    0.9988886887959333,
    0.9987469808051908,
    0.9925760184883756,
    0.9963024355359075,
    0.9993819767537138,
    0.99984375,
    0.99984375,
    0.9970419030932084,
    0.9975213091684973,
    0.9991114652561097,
    0.9965415816286094,
    0.999472727175857,
    0.9979831081185244,
    0.99984375,
    0.9955266685710444,
    0.99984375,
    0.9979389546693345,
    0.99984375,
    0.9986176056898793,
    0.9995135000932137,
    0.997528684169861,
    0.9953153953287467,
    0.9951677094392457,
    0.9818379669128054
  ],
  "lam": [
    0.9997146092808292,
    0.99984375,
    0.99984375,
    0.9995063528479754,
    0.99908792988984,
    0.9995245465714181,
    0.99984375,
    0.9986081808793016,
    0.9998010181682426,
    0.9994046486265834,
    0.9990783517770876,
    0.9709466924201118,
    0.99984375,
    0.99984375,
    0.9922923987898592,
    0.9959985414512765,
    0.9823397720878868,
    0.9997343506054792,
    0.9990938341070459,
    0.99984375,
    0.99984375,
    0.99984375,
    0.9980791200010399,
    0.9970820486587506,
    0.99984375,
    0.9993680515510464,
    0.9992817318736399,
    0.9989136099766908,
    0.9997480305008065,
    0.999675884248142
  ],
  "timesteps_per_actorbatch": [
    13502,
    5107,
    1520,
    2411,
    7226,
    16384,
    16384,
    4414,
    11130,
    16384,
    659,
    616,
    308,
    6138,
    64,
    64,
    64,
    6835,
    194,
    2798,
    2412,
    359,
    75,
    682,
    3397,
    77,
    4545,
    16384,
    5182,
    2130
  ],
  "clip_param": [
    84.2972382337104,
    199.99999999999991,
    199.99999999999991,
    180.94210810490227,
    199.99999999999991,
    97.37221512045315,
    199.99999999999991,
    199.99999999999991,
    4.172499077473396,
    111.66555014448686,
    199.99999999999991,
    60.622787181532374,
    199.99999999999991,
    42.06353633893253,
    54.693495050416516,
    5.680910028221093,
    0.5330719426374113,
    155.98335769864113,
    4.1780308038219465,
    88.18022302478137,
    76.86580975438156,
    199.99999999999991,
    37.59856201836702,
    170.06542353061081,
    49.797228602571096,
    12.560591582597706,
    140.67018770979564,
    34.09529550443305,
    199.99999999999991,
    199.99999999999991
  ],
  "entcoeff": [
    6.874478306573316e-05,
    6.92905978172511e-07,
    2.375708833199336e-05,
    1.030986346859962e-05,
    9.472049447397064e-05,
    2.4835645890606097e-05,
    6.292476346078084e-05,
    4.0927783402047216e-05,
    1.5074832629990708e-05,
    0.0007055620094899293,
    3.1524846405607025e-05,
    0.00017952964597816212,
    3.507074900966347e-05,
    0.0001291161078414484,
    -3.3881317890172014e-21,
    1.267791709281266e-05,
    -3.3881317890172014e-21,
    7.85636263514237e-05,
    -3.3881317890172014e-21,
    5.632582610583615e-05,
    8.226610740493725e-06,
    3.9917167802943515e-05,
    -3.3881317890172014e-21,
    1.099065799787478e-05,
    0.00013451585706829156,
    6.635684495656426e-05,
    5.79488160832184e-08,
    0.00030017263506682386,
    5.715207630117843e-07,
    5.082197683525802e-20
  ],
  "optim_epochs": [
    128,
    15,
    10,
    66,
    54,
    128,
    25,
    10,
    16,
    59,
    2,
    128,
    6,
    128,
    14,
    1,
    128,
    3,
    128,
    128,
    127,
    46,
    128,
    128,
    35,
    1,
    9,
    128,
    128,
    60
  ],
  "optim_stepsize": [
    0.10000000000000002,
    0.10000000000000002,
    0.10000000000000002,
    0.10000000000000002,
    0.10000000000000002,
    0.10000000000000002,
    0.10000000000000002,
    0.10000000000000002,
    0.09494203236303791,
    0.10000000000000002,
    0.10000000000000002,
    0.10000000000000002,
    0.10000000000000002,
    0.05782054713398461,
    0.10000000000000002,
    0.10000000000000002,
    0.10000000000000002,
    0.09694679044199338,
    0.10000000000000002,
    0.01873981485652316,
    0.10000000000000002,
    0.10000000000000002,
    0.10000000000000002,
    0.10000000000000002,
    0.10000000000000002,
    0.10000000000000002,
    0.10000000000000002,
    0.10000000000000002,
    0.10000000000000002,
    0.07066559815560555
  ],
  "optim_minibatches": [
    10,
    14,
    3,
    2,
    49,
    2,
    8,
    7,
    47,
    21,
    4,
    64,
    10,
    37,
    64,
    64,
    8,
    2,
    64,
    7,
    4,
    5,
    64,
    7,
    2,
    64,
    51,
    6,
    34,
    41
  ],
  "adam_epsilon": [
    1.4676102267688522e-06,
    9.239203975386002e-07,
    1.5195250464138798e-06,
    1.8662455518720295e-06,
    6.860192498486268e-07,
    1.9288540869010008e-06,
    1.3553648747760273e-06,
    5.684381805209953e-07,
    2.2045324862212185e-06,
    1.0929355175224041e-06,
    1.9328419328799313e-06,
    2.2824461527582953e-05,
    3.0333557957793515e-06,
    2.732314825963776e-06,
    9.937451966302549e-06,
    2.3320337972509826e-06,
    2.0571705168992253e-05,
    9.423365282167831e-07,
    6.02581814821732e-06,
    4.803070534338135e-06,
    1.0185442926866782e-06,
    1.1751467334427958e-05,
    2.135639038031286e-05,
    3.165067676472961e-05,
    1.4515591401512492e-06,
    4.061888804220326e-06,
    5.708915784301582e-07,
    5.042884394813769e-06,
    4.826596723548817e-07,
    2.561962030322283e-06
  ],
  "schedule": [
    "linear",
    "linear",
    "constant",
    "constant",
    "linear",
    "linear",
    "constant",
    "constant",
    "linear",
    "linear",
    "linear",
    "constant",
    "linear",
    "constant",
    "constant",
    "constant",
    "constant",
    "linear",
    "constant",
    "constant",
    "constant",
    "constant",
    "constant",
    "constant",
    "linear",
    "constant",
    "constant",
    "linear",
    "linear",
    "linear"
  ],
  "num_envs": 4,
  "results_dir_name": "results",
  "storage_dir_name": "storage",
  "train_set": "remaining",
  "eval_set": "remaining",
  "OPENAI_LOG_FORMAT": "csv",
  "walltime_hrs": 0.3,
  "num_checkpoints": 100,
  "eval_ntrajs": 10,
  "eval_nsteps": 200,
  "eval_seed": 12345,
  "looping_tree": {
    "method": "fixed",
    "environment": "fixed",
    "total_timesteps": "fixed",
    "rng_seed": "zip",
    "policy_kwargs": "fixed",
    "gamma": "zip",
    "lam": "zip",
    "timesteps_per_actorbatch": "zip",
    "clip_param": "zip",
    "entcoeff": "zip",
    "optim_epochs": "zip",
    "optim_stepsize": "zip",
    "optim_minibatches": "zip",
    "adam_epsilon": "zip",
    "schedule": "zip"
  }
}