{
  "description": "Hyper-parameter optimization for ppo1 on a low frequency environment",
  "method": "ppo1",
  "environment": "drop_leg_100hz",
  "total_timesteps": 4000000,
  "rng_seed": [
    2000,
    1000,
    1000,
    1000,
    2000,
    2000,
    0,
    0,
    1000,
    2000,
    0,
    2000,
    2000,
    1000,
    1000,
    1000,
    1000,
    1000,
    2000,
    0,
    1000,
    0,
    0,
    2000,
    1000,
    0,
    0,
    0,
    0,
    2000
  ],
  "policy_kwargs": {
    "net_arch": [
      {
        "vf": [
          64,
          64
        ],
        "pi": [
          64,
          64
        ]
      }
    ]
  },
  "gamma": [
    0.99984375,
    0.784576459787104,
    0.985645401256942,
    0.9910430728811149,
    0.4155620963095714,
    0.99984375,
    0.8738289935346171,
    0.9920342455285696,
    0.99984375,
    0.9953417139862343,
    0.99984375,
    0.99984375,
    0.9740263874856501,
    0.99984375,
    0.99984375,
    0.976439175648329,
    0.36,
    0.99984375,
    0.9914761898385294,
    0.99984375,
    0.99984375,
    0.7172812480767526,
    0.977462532106871,
    0.9920882802059882,
    0.9980072880858996,
    0.9887841144475327,
    0.99984375,
    0.9582942103243859,
    0.99984375,
    0.8951090649469516
  ],
  "lam": [
    0.99984375,
    0.99984375,
    0.99984375,
    0.9967458704992396,
    0.99984375,
    0.7988078176336906,
    0.99984375,
    0.99984375,
    0.757872953059577,
    0.99984375,
    0.9943098846129271,
    0.8494028709735755,
    0.97995042945333,
    0.99984375,
    0.99984375,
    0.9973339031056929,
    0.99984375,
    0.36,
    0.99984375,
    0.925345787666584,
    0.99984375,
    0.99984375,
    0.9891887049596597,
    0.99984375,
    0.9872972628804948,
    0.99984375,
    0.99984375,
    0.9788234215019561,
    0.9947615643107782,
    0.99984375
  ],
  "timesteps_per_actorbatch": [
    16384,
    16384,
    554,
    16384,
    16384,
    942,
    16384,
    64,
    64,
    64,
    16384,
    64,
    16384,
    16384,
    16384,
    16384,
    16384,
    64,
    64,
    64,
    16384,
    16384,
    16384,
    64,
    64,
    16384,
    16384,
    491,
    64,
    16384
  ],
  "clip_param": [
    199.99999999999991,
    8.085406114773907,
    199.99999999999991,
    0.3868230864677515,
    199.99999999999991,
    199.99999999999991,
    199.99999999999991,
    14.48478569790931,
    199.99999999999991,
    199.99999999999991,
    199.99999999999991,
    199.99999999999991,
    199.99999999999991,
    199.99999999999991,
    1.6393978904565096,
    199.99999999999991,
    199.99999999999991,
    199.99999999999991,
    199.99999999999991,
    145.0449595966107,
    199.99999999999991,
    7.147222082515072,
    1.4779437814838885,
    199.99999999999991,
    4.374645854220023,
    199.99999999999991,
    9.234177624837221,
    199.99999999999991,
    13.684268992916806,
    199.99999999999991
  ],
  "entcoeff": [
    -3.3881317890172014e-21,
    3.1474913228075362e-06,
    0.001,
    -3.3881317890172014e-21,
    0.001,
    0.0008613179540751044,
    2.6068069649046183e-05,
    0.001,
    0.001,
    0.001,
    -3.3881317890172014e-21,
    0.001,
    0.001,
    6.095037440616173e-06,
    -3.3881317890172014e-21,
    2.035392630267353e-05,
    5.6001505671258956e-05,
    0.00013475352131228486,
    0.00013580333170379495,
    0.000632941703542435,
    3.8122042161508455e-05,
    0.001,
    8.701507526916627e-06,
    0.001,
    -3.3881317890172014e-21,
    1.096346804995648e-05,
    5.428268929107415e-05,
    4.390907261156375e-05,
    0.001,
    5.072692145563148e-05
  ],
  "optim_epochs": [
    128,
    128,
    1,
    128,
    1,
    3,
    4,
    128,
    128,
    6,
    128,
    5,
    128,
    128,
    128,
    128,
    1,
    128,
    10,
    128,
    1,
    128,
    128,
    8,
    1,
    6,
    128,
    128,
    1,
    13
  ],
  "optim_stepsize": [
    0.10000000000000002,
    0.10000000000000002,
    0.10000000000000002,
    0.10000000000000002,
    0.10000000000000002,
    0.10000000000000002,
    0.10000000000000002,
    0.10000000000000002,
    0.10000000000000002,
    0.10000000000000002,
    0.10000000000000002,
    0.10000000000000002,
    0.10000000000000002,
    0.10000000000000002,
    0.10000000000000002,
    0.10000000000000002,
    0.10000000000000002,
    0.10000000000000002,
    0.10000000000000002,
    0.10000000000000002,
    0.10000000000000002,
    0.10000000000000002,
    0.10000000000000002,
    0.10000000000000002,
    0.10000000000000002,
    0.10000000000000002,
    0.008645639060189562,
    0.10000000000000002,
    0.10000000000000002,
    0.10000000000000002
  ],
  "optim_minibatches": [
    64,
    64,
    1,
    64,
    64,
    64,
    1,
    64,
    4,
    64,
    64,
    64,
    1,
    2,
    1,
    3,
    64,
    64,
    64,
    1,
    2,
    64,
    64,
    3,
    4,
    1,
    64,
    64,
    64,
    6
  ],
  "adam_epsilon": [
    2.430705048940758e-07,
    3.038668009744352e-05,
    2.0894720897944122e-06,
    4.8375016608400665e-06,
    6.900065252803466e-07,
    3.098861340860399e-07,
    0.00010000000000000009,
    4.43862553628271e-06,
    2.2644592611476213e-05,
    3.336861274959557e-07,
    1.4123922099857748e-07,
    2.769251005078278e-06,
    4.226496699116694e-06,
    1.987805625372035e-08,
    2.2083126063909776e-06,
    0.00010000000000000009,
    9.476815366605949e-07,
    3.8976369905893094e-05,
    8.775703477559154e-08,
    0.00010000000000000009,
    0.00010000000000000009,
    1.306390179626979e-05,
    4.3405969089191805e-06,
    4.2477766665548743e-07,
    8.955835267983822e-06,
    0.00010000000000000009,
    2.4164642816952748e-05,
    0.00010000000000000009,
    7.168371150632721e-06,
    0.00010000000000000009
  ],
  "schedule": [
    "linear",
    "linear",
    "constant",
    "constant",
    "constant",
    "constant",
    "constant",
    "constant",
    "constant",
    "constant",
    "linear",
    "constant",
    "constant",
    "constant",
    "constant",
    "linear",
    "linear",
    "linear",
    "constant",
    "constant",
    "constant",
    "constant",
    "linear",
    "constant",
    "constant",
    "constant",
    "linear",
    "constant",
    "constant",
    "linear"
  ],
  "num_envs": 4,
  "results_dir_name": "results",
  "storage_dir_name": "storage",
  "train_set": "remaining",
  "eval_set": "remaining",
  "OPENAI_LOG_FORMAT": "csv",
  "walltime_hrs": 0.3,
  "num_checkpoints": 100,
  "eval_ntrajs": 10,
  "eval_nsteps": 200,
  "eval_seed": 12345,
  "looping_tree": {
    "method": "fixed",
    "environment": "fixed",
    "total_timesteps": "fixed",
    "rng_seed": "zip",
    "policy_kwargs": "fixed",
    "gamma": "zip",
    "lam": "zip",
    "timesteps_per_actorbatch": "zip",
    "clip_param": "zip",
    "entcoeff": "zip",
    "optim_epochs": "zip",
    "optim_stepsize": "zip",
    "optim_minibatches": "zip",
    "adam_epsilon": "zip",
    "schedule": "zip"
  }
}