{
  "description": "Hyper-parameter optimization for ppo1 on a low frequency environment",
  "method": "ppo1",
  "environment": "drop_leg_100hz",
  "total_timesteps": 4000000,
  "rng_seed": [
    2000,
    0,
    1000,
    2000,
    1000,
    0,
    1000,
    0,
    0,
    0,
    1000,
    2000,
    0,
    2000,
    1000,
    0,
    0,
    0,
    1000,
    1000,
    2000,
    0,
    0,
    1000,
    0,
    0,
    2000,
    1000,
    1000,
    2000
  ],
  "policy_kwargs": {
    "net_arch": [
      {
        "vf": [
          64,
          64
        ],
        "pi": [
          64,
          64
        ]
      }
    ]
  },
  "gamma": [
    0.998184655419567,
    0.36,
    0.36,
    0.9821623096202124,
    0.9182053329328388,
    0.36,
    0.36,
    0.36,
    0.36,
    0.99984375,
    0.9353406785162035,
    0.99984375,
    0.99984375,
    0.9391155666695924,
    0.9982501031909871,
    0.99984375,
    0.99984375,
    0.36,
    0.99984375,
    0.36,
    0.9926946579774557,
    0.99984375,
    0.9705005054111087,
    0.9021473407076339,
    0.36,
    0.9905083905579347,
    0.36,
    0.9404045191529463,
    0.9461758341141656,
    0.99984375
  ],
  "lam": [
    0.9833730259678097,
    0.99984375,
    0.36,
    0.9949920824418451,
    0.955622560569185,
    0.6310025620944428,
    0.99984375,
    0.36,
    0.8063570521701442,
    0.9875294418822076,
    0.36,
    0.9977556336910514,
    0.36,
    0.9873245005387288,
    0.36,
    0.9990984999620587,
    0.36,
    0.99984375,
    0.9850986637018484,
    0.997903579209735,
    0.36,
    0.99984375,
    0.7192521656329621,
    0.36,
    0.9974579776571902,
    0.99984375,
    0.9475698259632411,
    0.99984375,
    0.36,
    0.9976289663476855
  ],
  "timesteps_per_actorbatch": [
    64,
    64,
    64,
    16384,
    64,
    569,
    64,
    64,
    526,
    64,
    16384,
    64,
    16384,
    16384,
    64,
    64,
    64,
    64,
    64,
    1200,
    64,
    64,
    16384,
    64,
    64,
    16384,
    64,
    64,
    16384,
    64
  ],
  "clip_param": [
    1.0272701711086658,
    199.99999999999991,
    199.99999999999991,
    199.99999999999991,
    199.99999999999991,
    199.99999999999991,
    199.99999999999991,
    199.99999999999991,
    199.99999999999991,
    199.99999999999991,
    199.99999999999991,
    199.99999999999991,
    199.99999999999991,
    199.99999999999991,
    199.99999999999991,
    199.99999999999991,
    199.99999999999991,
    199.99999999999991,
    0.41601813059058296,
    199.99999999999991,
    199.99999999999991,
    199.99999999999991,
    199.99999999999991,
    199.99999999999991,
    199.99999999999991,
    199.99999999999991,
    199.99999999999991,
    199.99999999999991,
    199.99999999999991,
    199.99999999999991
  ],
  "entcoeff": [
    -3.3881317890172014e-21,
    0.001,
    3.0212262210401766e-06,
    -3.3881317890172014e-21,
    0.00017283586508532698,
    4.7742558146202296e-05,
    -3.3881317890172014e-21,
    0.001,
    7.902425112046616e-05,
    0.001,
    1.6300680496218155e-05,
    0.001,
    0.001,
    -3.3881317890172014e-21,
    7.139723814512669e-05,
    6.247760002168044e-05,
    2.1710661330207584e-05,
    -3.3881317890172014e-21,
    -3.3881317890172014e-21,
    0.001,
    0.00018363200295002969,
    0.001,
    -3.3881317890172014e-21,
    -3.3881317890172014e-21,
    -3.3881317890172014e-21,
    0.001,
    0.001,
    -3.3881317890172014e-21,
    -3.3881317890172014e-21,
    0.001
  ],
  "optim_epochs": [
    128,
    1,
    128,
    128,
    128,
    1,
    128,
    128,
    6,
    1,
    1,
    128,
    128,
    12,
    1,
    1,
    1,
    128,
    1,
    128,
    13,
    128,
    128,
    128,
    16,
    128,
    128,
    128,
    128,
    1
  ],
  "optim_stepsize": [
    0.10000000000000002,
    0.10000000000000002,
    0.10000000000000002,
    0.10000000000000002,
    0.10000000000000002,
    0.10000000000000002,
    0.10000000000000002,
    0.10000000000000002,
    0.10000000000000002,
    0.10000000000000002,
    0.10000000000000002,
    0.10000000000000002,
    0.10000000000000002,
    0.10000000000000002,
    0.10000000000000002,
    0.10000000000000002,
    0.10000000000000002,
    0.10000000000000002,
    0.10000000000000002,
    0.10000000000000002,
    0.10000000000000002,
    0.10000000000000002,
    0.10000000000000002,
    0.10000000000000002,
    0.10000000000000002,
    0.10000000000000002,
    0.10000000000000002,
    0.10000000000000002,
    0.10000000000000002,
    0.10000000000000002
  ],
  "optim_minibatches": [
    2,
    64,
    64,
    7,
    64,
    64,
    1,
    1,
    64,
    64,
    64,
    4,
    64,
    64,
    64,
    13,
    64,
    1,
    28,
    3,
    64,
    64,
    64,
    64,
    64,
    1,
    1,
    1,
    64,
    64
  ],
  "adam_epsilon": [
    9.547558698456394e-06,
    7.599606109953525e-07,
    9.999999999999982e-09,
    9.999999999999982e-09,
    9.667095404565086e-06,
    9.999999999999982e-09,
    2.6220064984662603e-07,
    9.999999999999982e-09,
    9.999999999999982e-09,
    0.00010000000000000009,
    9.311119107931413e-06,
    5.4686725179445446e-08,
    0.00010000000000000009,
    9.999999999999982e-09,
    4.547781536538355e-06,
    1.6242240161735437e-07,
    6.483439722394843e-06,
    9.999999999999982e-09,
    5.830622976023029e-06,
    9.999999999999982e-09,
    8.391680976999685e-06,
    9.999999999999982e-09,
    0.00010000000000000009,
    3.969208566705576e-08,
    1.7473483553396769e-06,
    9.999999999999982e-09,
    9.999999999999982e-09,
    5.118663111720103e-07,
    3.6945857415921466e-07,
    0.00010000000000000009
  ],
  "schedule": [
    "linear",
    "constant",
    "linear",
    "constant",
    "constant",
    "constant",
    "constant",
    "constant",
    "constant",
    "linear",
    "constant",
    "constant",
    "constant",
    "constant",
    "linear",
    "constant",
    "linear",
    "constant",
    "linear",
    "linear",
    "linear",
    "constant",
    "linear",
    "constant",
    "constant",
    "constant",
    "constant",
    "constant",
    "constant",
    "constant"
  ],
  "num_envs": 4,
  "results_dir_name": "results",
  "storage_dir_name": "storage",
  "train_set": "remaining",
  "eval_set": "remaining",
  "OPENAI_LOG_FORMAT": "csv",
  "walltime_hrs": 0.3,
  "num_checkpoints": 100,
  "eval_ntrajs": 10,
  "eval_nsteps": 200,
  "eval_seed": 12345,
  "looping_tree": {
    "method": "fixed",
    "environment": "fixed",
    "total_timesteps": "fixed",
    "rng_seed": "zip",
    "policy_kwargs": "fixed",
    "gamma": "zip",
    "lam": "zip",
    "timesteps_per_actorbatch": "zip",
    "clip_param": "zip",
    "entcoeff": "zip",
    "optim_epochs": "zip",
    "optim_stepsize": "zip",
    "optim_minibatches": "zip",
    "adam_epsilon": "zip",
    "schedule": "zip"
  }
}