{
  "description": "Hyper-parameter optimization for ppo1 on a low frequency environment",
  "method": "ppo1",
  "environment": "drop_leg_100hz",
  "total_timesteps": 4000000,
  "rng_seed": [
    2000,
    1000,
    0,
    2000,
    2000,
    1000,
    0,
    0,
    0,
    0,
    2000,
    2000,
    0,
    0,
    0,
    1000,
    0,
    1000,
    2000,
    0,
    2000,
    1000,
    2000,
    2000,
    2000,
    1000,
    1000,
    1000,
    1000,
    1000
  ],
  "policy_kwargs": {
    "net_arch": [
      {
        "vf": [
          64,
          64
        ],
        "pi": [
          64,
          64
        ]
      }
    ]
  },
  "gamma": [
    0.99984375,
    0.9352034652878114,
    0.99984375,
    0.99984375,
    0.99984375,
    0.99984375,
    0.99984375,
    0.5827319792328688,
    0.977491248191896,
    0.99984375,
    0.99984375,
    0.9866800778628754,
    0.36,
    0.99984375,
    0.99984375,
    0.36,
    0.99984375,
    0.99984375,
    0.99984375,
    0.977723160636819,
    0.99984375,
    0.9986344999665918,
    0.9992631282346361,
    0.36,
    0.9924596041372721,
    0.9500548455965708,
    0.36,
    0.99984375,
    0.9726611269036313,
    0.9990426372524431
  ],
  "lam": [
    0.99984375,
    0.9892345944412677,
    0.9977430001051597,
    0.9967568875845122,
    0.9394698228353559,
    0.99984375,
    0.9902666759543588,
    0.987885523787141,
    0.9947861710446566,
    0.99984375,
    0.99984375,
    0.9912440796776204,
    0.99984375,
    0.9929720401843716,
    0.9967850164790656,
    0.9949854915290482,
    0.9995228280699355,
    0.9993025951816279,
    0.99984375,
    0.636053850858733,
    0.99984375,
    0.99984375,
    0.99984375,
    0.36,
    0.9975378498872874,
    0.9793942644039615,
    0.9861221468161618,
    0.9983472683930459,
    0.9058153679046693,
    0.99984375
  ],
  "timesteps_per_actorbatch": [
    64,
    64,
    641,
    495,
    64,
    64,
    762,
    238,
    16384,
    64,
    212,
    420,
    64,
    1059,
    64,
    64,
    64,
    78,
    708,
    16384,
    64,
    64,
    123,
    934,
    70,
    64,
    16384,
    406,
    64,
    64
  ],
  "clip_param": [
    199.99999999999991,
    199.99999999999991,
    199.99999999999991,
    199.99999999999991,
    199.99999999999991,
    199.99999999999991,
    199.99999999999991,
    199.99999999999991,
    199.99999999999991,
    199.99999999999991,
    199.99999999999991,
    199.99999999999991,
    199.99999999999991,
    199.99999999999991,
    199.99999999999991,
    199.99999999999991,
    199.99999999999991,
    199.99999999999991,
    26.695422049879838,
    199.99999999999991,
    199.99999999999991,
    199.99999999999991,
    199.99999999999991,
    199.99999999999991,
    199.99999999999991,
    199.99999999999991,
    199.99999999999991,
    199.99999999999991,
    199.99999999999991,
    199.99999999999991
  ],
  "entcoeff": [
    0.001,
    0.001,
    0.00012232878928216144,
    2.8656223905731627e-05,
    0.001,
    0.00015683565673757217,
    0.001,
    0.001,
    0.00011846772230564724,
    0.0005531479613831889,
    0.001,
    0.001,
    -3.3881317890172014e-21,
    0.001,
    4.862017668206247e-05,
    0.001,
    0.001,
    8.962698145965057e-05,
    6.419923493053831e-05,
    0.0001194859055605315,
    1.054149799721503e-05,
    0.001,
    9.990476496423671e-05,
    0.001,
    0.001,
    0.001,
    -3.3881317890172014e-21,
    0.0001840416461046549,
    0.001,
    -3.3881317890172014e-21
  ],
  "optim_epochs": [
    1,
    1,
    128,
    69,
    1,
    1,
    26,
    1,
    1,
    1,
    1,
    1,
    1,
    128,
    1,
    1,
    7,
    4,
    128,
    3,
    1,
    1,
    2,
    128,
    1,
    1,
    128,
    22,
    1,
    1
  ],
  "optim_stepsize": [
    0.10000000000000002,
    0.10000000000000002,
    0.10000000000000002,
    0.10000000000000002,
    0.10000000000000002,
    0.10000000000000002,
    0.10000000000000002,
    0.10000000000000002,
    0.10000000000000002,
    0.10000000000000002,
    0.10000000000000002,
    0.10000000000000002,
    0.10000000000000002,
    0.10000000000000002,
    0.10000000000000002,
    0.10000000000000002,
    0.10000000000000002,
    0.10000000000000002,
    0.10000000000000002,
    0.10000000000000002,
    0.10000000000000002,
    0.10000000000000002,
    0.10000000000000002,
    0.10000000000000002,
    0.10000000000000002,
    0.10000000000000002,
    0.10000000000000002,
    0.10000000000000002,
    0.10000000000000002,
    0.10000000000000002
  ],
  "optim_minibatches": [
    1,
    64,
    1,
    1,
    64,
    1,
    1,
    64,
    64,
    11,
    64,
    64,
    64,
    1,
    64,
    64,
    1,
    1,
    1,
    64,
    1,
    64,
    2,
    64,
    64,
    64,
    64,
    2,
    64,
    1
  ],
  "adam_epsilon": [
    9.999999999999982e-09,
    9.999999999999982e-09,
    2.7995583394042325e-08,
    1.0000000000001155e-08,
    9.999999999999982e-09,
    1.000000000000009e-08,
    7.353587043927647e-08,
    1.009488890295548e-08,
    9.999999999999982e-09,
    9.999999999999982e-09,
    9.999999999999982e-09,
    9.999999999999982e-09,
    5.842839184617906e-07,
    1.9892898250128371e-07,
    9.999999999999982e-09,
    6.529080848131126e-08,
    9.999999999999982e-09,
    2.1785449632366916e-08,
    4.494954934865381e-08,
    0.00010000000000000009,
    3.243178898224127e-08,
    9.999999999999982e-09,
    1.0403067415403149e-08,
    5.37900082093226e-08,
    9.999999999999982e-09,
    1.03231645075419e-07,
    9.999999999999982e-09,
    2.989649212421818e-08,
    1.5927942031777593e-08,
    1.1205287261571577e-07
  ],
  "schedule": [
    "constant",
    "constant",
    "constant",
    "constant",
    "constant",
    "constant",
    "constant",
    "constant",
    "constant",
    "constant",
    "constant",
    "constant",
    "constant",
    "constant",
    "constant",
    "constant",
    "constant",
    "constant",
    "constant",
    "linear",
    "constant",
    "constant",
    "constant",
    "constant",
    "constant",
    "constant",
    "linear",
    "constant",
    "constant",
    "constant"
  ],
  "num_envs": 4,
  "results_dir_name": "results",
  "storage_dir_name": "storage",
  "train_set": "remaining",
  "eval_set": "remaining",
  "OPENAI_LOG_FORMAT": "csv",
  "walltime_hrs": 0.3,
  "num_checkpoints": 100,
  "eval_ntrajs": 10,
  "eval_nsteps": 200,
  "eval_seed": 12345,
  "looping_tree": {
    "method": "fixed",
    "environment": "fixed",
    "total_timesteps": "fixed",
    "rng_seed": "zip",
    "policy_kwargs": "fixed",
    "gamma": "zip",
    "lam": "zip",
    "timesteps_per_actorbatch": "zip",
    "clip_param": "zip",
    "entcoeff": "zip",
    "optim_epochs": "zip",
    "optim_stepsize": "zip",
    "optim_minibatches": "zip",
    "adam_epsilon": "zip",
    "schedule": "zip"
  }
}