{
  "description": "Hyper-parameter optimization for ppo1 on a low frequency environment",
  "method": "ppo1",
  "environment": "drop_leg_100hz",
  "total_timesteps": 4000000,
  "rng_seed": [
    2000,
    1000,
    0,
    2000,
    2000,
    2000,
    1000,
    0,
    0,
    2000,
    1000,
    1000,
    1000,
    2000,
    2000,
    1000,
    1000,
    0,
    1000,
    0,
    1000,
    0,
    2000,
    2000,
    2000,
    2000,
    0,
    0,
    1000,
    0
  ],
  "policy_kwargs": {
    "net_arch": [
      {
        "vf": [
          64,
          64
        ],
        "pi": [
          64,
          64
        ]
      }
    ]
  },
  "gamma": [
    0.99984375,
    0.99984375,
    0.9987793008560167,
    0.9990400859301798,
    0.99984375,
    0.99984375,
    0.99984375,
    0.9994682614647885,
    0.9992080360416992,
    0.9988131412071977,
    0.99984375,
    0.9998370865994751,
    0.9997552278233707,
    0.99984375,
    0.99984375,
    0.99984375,
    0.99984375,
    0.99984375,
    0.9997159071564109,
    0.9996230520403827,
    0.99984375,
    0.99984375,
    0.9993060978095859,
    0.99984375,
    0.99984375,
    0.99984375,
    0.99984375,
    0.9875167461250459,
    0.9993232145275718,
    0.9985087973970169
  ],
  "lam": [
    0.9992646335389243,
    0.99984375,
    0.9993738144872504,
    0.99984375,
    0.99984375,
    0.99984375,
    0.9993865863902746,
    0.9391665616457708,
    0.9944755783868678,
    0.9957792849404907,
    0.99984375,
    0.99984375,
    0.9932673599819487,
    0.99984375,
    0.9863225857564817,
    0.9996763036097704,
    0.99984375,
    0.990230326158349,
    0.9997861785562764,
    0.8428915581437686,
    0.99984375,
    0.9998432668611162,
    0.9809518949791217,
    0.99984375,
    0.99984375,
    0.99984375,
    0.9994658135032407,
    0.99984375,
    0.99984375,
    0.99984375
  ],
  "timesteps_per_actorbatch": [
    16384,
    64,
    401,
    102,
    3566,
    815,
    16384,
    16384,
    810,
    16384,
    3282,
    64,
    16384,
    64,
    64,
    16384,
    345,
    2022,
    64,
    16384,
    16384,
    64,
    16384,
    64,
    64,
    510,
    16384,
    16384,
    257,
    64
  ],
  "clip_param": [
    199.99999999999991,
    21.8448316592757,
    199.99999999999991,
    199.99999999999991,
    12.00385114365137,
    199.99999999999991,
    199.99999999999991,
    6.72427918471197,
    199.99999999999991,
    199.99999999999991,
    199.99999999999991,
    97.82474363738545,
    7.657891217688197,
    199.99999999999991,
    0.20741564089967915,
    199.99999999999991,
    199.99999999999991,
    30.211220965298878,
    119.8358566065294,
    199.99999999999991,
    199.99999999999991,
    39.34487833137482,
    22.40560707719501,
    199.99999999999991,
    199.99999999999991,
    12.744853080639723,
    9.886580596981306,
    199.99999999999991,
    27.57930969682427,
    78.26705288167285
  ],
  "entcoeff": [
    3.3180832704081155e-05,
    2.2779065143308913e-05,
    0.000247127189459847,
    7.600017597133546e-05,
    0.001,
    0.00032485062146866815,
    8.542668923656243e-05,
    0.00020949044874618808,
    0.001,
    0.001,
    0.001,
    8.156240832692594e-06,
    0.001,
    7.839281385011719e-05,
    2.829172948377926e-05,
    0.001,
    0.001,
    0.001,
    1.6104429253291126e-06,
    5.178088468754377e-05,
    0.001,
    0.0005660061633310859,
    0.001,
    1.3891340334970526e-19,
    0.001,
    3.1600206420458176e-05,
    0.001,
    -3.3881317890172014e-21,
    0.0001177004003685295,
    2.8801087818569668e-05
  ],
  "optim_epochs": [
    1,
    128,
    128,
    13,
    128,
    10,
    15,
    128,
    128,
    128,
    128,
    10,
    128,
    128,
    128,
    82,
    3,
    128,
    1,
    49,
    121,
    2,
    22,
    128,
    1,
    128,
    128,
    128,
    49,
    128
  ],
  "optim_stepsize": [
    0.10000000000000002,
    0.10000000000000002,
    0.10000000000000002,
    0.10000000000000002,
    0.10000000000000002,
    0.10000000000000002,
    0.10000000000000002,
    0.10000000000000002,
    0.10000000000000002,
    0.10000000000000002,
    0.10000000000000002,
    0.10000000000000002,
    0.10000000000000002,
    0.10000000000000002,
    0.10000000000000002,
    0.10000000000000002,
    0.10000000000000002,
    0.10000000000000002,
    0.10000000000000002,
    0.10000000000000002,
    0.10000000000000002,
    0.10000000000000002,
    0.10000000000000002,
    0.10000000000000002,
    0.10000000000000002,
    0.10000000000000002,
    0.10000000000000002,
    0.10000000000000002,
    0.10000000000000002,
    0.10000000000000002
  ],
  "optim_minibatches": [
    64,
    64,
    1,
    1,
    7,
    1,
    64,
    64,
    2,
    2,
    1,
    1,
    18,
    64,
    3,
    64,
    13,
    10,
    1,
    64,
    2,
    9,
    11,
    64,
    64,
    6,
    45,
    19,
    1,
    32
  ],
  "adam_epsilon": [
    1.6633419814798644e-07,
    0.00010000000000000009,
    0.00010000000000000009,
    0.00010000000000000009,
    0.00010000000000000009,
    0.00010000000000000009,
    8.179446724356759e-08,
    3.0133632007241617e-05,
    0.00010000000000000009,
    0.00010000000000000009,
    0.00010000000000000009,
    0.00010000000000000009,
    7.702181338015246e-05,
    0.00010000000000000009,
    9.41284598872462e-06,
    5.505642796517179e-08,
    0.00010000000000000009,
    5.534177454326228e-05,
    2.5873617741657596e-05,
    8.870675439171526e-06,
    1.463754357221398e-07,
    5.839077345244917e-05,
    3.108605601139626e-05,
    0.00010000000000000009,
    4.3701802175074115e-06,
    0.00010000000000000009,
    0.00010000000000000009,
    0.00010000000000000009,
    6.356267094736005e-05,
    0.00010000000000000009
  ],
  "schedule": [
    "constant",
    "constant",
    "constant",
    "constant",
    "constant",
    "constant",
    "constant",
    "constant",
    "constant",
    "constant",
    "constant",
    "constant",
    "constant",
    "linear",
    "linear",
    "constant",
    "constant",
    "linear",
    "constant",
    "linear",
    "constant",
    "constant",
    "constant",
    "constant",
    "constant",
    "constant",
    "constant",
    "linear",
    "constant",
    "constant"
  ],
  "num_envs": 4,
  "results_dir_name": "results",
  "storage_dir_name": "storage",
  "train_set": "remaining",
  "eval_set": "remaining",
  "OPENAI_LOG_FORMAT": "csv",
  "walltime_hrs": 0.3,
  "num_checkpoints": 100,
  "eval_ntrajs": 10,
  "eval_nsteps": 200,
  "eval_seed": 12345,
  "looping_tree": {
    "method": "fixed",
    "environment": "fixed",
    "total_timesteps": "fixed",
    "rng_seed": "zip",
    "policy_kwargs": "fixed",
    "gamma": "zip",
    "lam": "zip",
    "timesteps_per_actorbatch": "zip",
    "clip_param": "zip",
    "entcoeff": "zip",
    "optim_epochs": "zip",
    "optim_stepsize": "zip",
    "optim_minibatches": "zip",
    "adam_epsilon": "zip",
    "schedule": "zip"
  }
}