{
  "description": "Hyper-parameter optimization for ppo1 on a low frequency environment",
  "method": "ppo1",
  "environment": "drop_leg_100hz",
  "total_timesteps": 4000000,
  "rng_seed": [
    1000,
    0,
    2000,
    1000,
    1000,
    0,
    1000,
    2000,
    2000,
    1000,
    2000,
    2000,
    1000,
    2000,
    1000,
    1000,
    0,
    2000,
    2000,
    2000,
    0,
    1000,
    0,
    2000,
    1000,
    1000,
    1000,
    2000,
    0,
    0
  ],
  "policy_kwargs": {
    "net_arch": [
      {
        "vf": [
          64,
          64
        ],
        "pi": [
          64,
          64
        ]
      }
    ]
  },
  "gamma": [
    0.6914650936157889,
    0.8126269327629205,
    0.9434821622846978,
    0.684261926040213,
    0.8695916781419268,
    0.7518834695864149,
    0.492843231187991,
    0.7757817911944618,
    0.841261579208525,
    0.36180223218132945,
    0.8156763286669152,
    0.971411647088144,
    0.7955622091224988,
    0.7525427735136064,
    0.9181328622838645,
    0.9978573882237836,
    0.8836102752936701,
    0.7841407051496989,
    0.5992723439306887,
    0.9913629166383344,
    0.9053076612734322,
    0.6697341096338172,
    0.7655266504350711,
    0.99984375,
    0.6658079426531687,
    0.8483849404252704,
    0.6942317795030972,
    0.9250081696312149,
    0.9532292535743544,
    0.99984375
  ],
  "lam": [
    0.99984375,
    0.9988280977758005,
    0.9974129167908744,
    0.9995762560876242,
    0.99984375,
    0.99984375,
    0.99984375,
    0.99984375,
    0.99984375,
    0.99984375,
    0.9995655097149302,
    0.995703671549905,
    0.9987831681164641,
    0.99984375,
    0.99984375,
    0.7739410407348468,
    0.99984375,
    0.9997681971070258,
    0.9997561696777725,
    0.992877162218047,
    0.99984375,
    0.9985052759709092,
    0.9998079649361239,
    0.9987084748093165,
    0.9977981978187491,
    0.99984375,
    0.99984375,
    0.99984375,
    0.9988420121805952,
    0.99984375
  ],
  "timesteps_per_actorbatch": [
    155,
    266,
    401,
    434,
    89,
    3089,
    1188,
    16384,
    2573,
    8144,
    1522,
    910,
    1095,
    603,
    16384,
    920,
    741,
    114,
    1202,
    1016,
    67,
    104,
    771,
    379,
    2271,
    16384,
    16384,
    16384,
    1342,
    1500
  ],
  "clip_param": [
    199.99999999999991,
    199.99999999999991,
    199.99999999999991,
    199.99999999999991,
    199.99999999999991,
    199.99999999999991,
    199.99999999999991,
    199.99999999999991,
    199.99999999999991,
    199.99999999999991,
    199.99999999999991,
    199.99999999999991,
    199.99999999999991,
    199.99999999999991,
    199.99999999999991,
    199.99999999999991,
    199.99999999999991,
    199.99999999999991,
    199.99999999999991,
    199.99999999999991,
    199.99999999999991,
    199.99999999999991,
    199.99999999999991,
    199.99999999999991,
    199.99999999999991,
    199.99999999999991,
    199.99999999999991,
    199.99999999999991,
    199.99999999999991,
    21.25945812822643
  ],
  "entcoeff": [
    0.00016331194775694735,
    0.00044844802861771437,
    0.001,
    0.00021313588097309584,
    0.001,
    0.001,
    0.0002932944873412157,
    0.001,
    0.001,
    0.001,
    0.00017324807647573173,
    0.0008640435157100304,
    0.0002782622681797383,
    0.00017882524294506033,
    0.001,
    0.00011295576412405643,
    0.0008391759018710075,
    6.494297877928363e-05,
    0.000356561726889731,
    0.001,
    0.001,
    4.85619190913253e-05,
    8.950544830718752e-05,
    0.001,
    8.346024629435831e-05,
    0.001,
    0.001,
    0.001,
    0.001,
    8.962494767944056e-05
  ],
  "optim_epochs": [
    128,
    128,
    128,
    128,
    128,
    17,
    128,
    128,
    10,
    128,
    128,
    20,
    128,
    82,
    78,
    128,
    128,
    82,
    128,
    128,
    13,
    128,
    128,
    128,
    128,
    10,
    7,
    128,
    128,
    12
  ],
  "optim_stepsize": [
    0.10000000000000002,
    0.10000000000000002,
    0.10000000000000002,
    0.10000000000000002,
    0.10000000000000002,
    0.10000000000000002,
    0.10000000000000002,
    0.10000000000000002,
    0.10000000000000002,
    0.10000000000000002,
    0.10000000000000002,
    0.10000000000000002,
    0.10000000000000002,
    0.10000000000000002,
    0.10000000000000002,
    0.10000000000000002,
    0.10000000000000002,
    0.10000000000000002,
    0.10000000000000002,
    0.10000000000000002,
    0.10000000000000002,
    0.10000000000000002,
    0.10000000000000002,
    0.10000000000000002,
    0.10000000000000002,
    0.10000000000000002,
    0.10000000000000002,
    0.10000000000000002,
    0.10000000000000002,
    0.10000000000000002
  ],
  "optim_minibatches": [
    64,
    64,
    64,
    11,
    64,
    7,
    6,
    1,
    64,
    6,
    34,
    64,
    7,
    64,
    8,
    64,
    64,
    15,
    3,
    64,
    64,
    64,
    64,
    64,
    2,
    2,
    62,
    1,
    64,
    64
  ],
  "adam_epsilon": [
    2.2128424990380825e-06,
    5.472490374850461e-06,
    1.1108453799588409e-06,
    8.364428835162572e-06,
    1.367690164268486e-06,
    2.8198199910667024e-05,
    4.918891000663334e-05,
    6.079488836806326e-06,
    2.655954829598314e-05,
    0.00010000000000000009,
    3.1525225637177806e-05,
    7.789228233576584e-07,
    4.3660843606771454e-05,
    3.635017869365761e-07,
    2.5688437867047137e-05,
    5.1596680031056834e-06,
    4.073136217803629e-06,
    9.633079831359372e-06,
    3.4467912621055027e-06,
    1.9022558067762203e-06,
    1.8313864144234703e-06,
    7.862001714194867e-06,
    2.8125670583929744e-05,
    9.999999999999982e-09,
    4.268441569768325e-05,
    7.851296354415732e-06,
    7.872770254264851e-05,
    6.349317549534897e-07,
    9.664540164868344e-06,
    5.921024327293417e-08
  ],
  "schedule": [
    "linear",
    "linear",
    "linear",
    "linear",
    "constant",
    "linear",
    "linear",
    "linear",
    "linear",
    "linear",
    "linear",
    "linear",
    "linear",
    "linear",
    "linear",
    "constant",
    "constant",
    "linear",
    "linear",
    "linear",
    "linear",
    "linear",
    "constant",
    "linear",
    "linear",
    "constant",
    "linear",
    "constant",
    "linear",
    "constant"
  ],
  "num_envs": 4,
  "results_dir_name": "results",
  "storage_dir_name": "storage",
  "train_set": "remaining",
  "eval_set": "remaining",
  "OPENAI_LOG_FORMAT": "csv",
  "walltime_hrs": 0.3,
  "num_checkpoints": 100,
  "eval_ntrajs": 10,
  "eval_nsteps": 200,
  "eval_seed": 12345,
  "looping_tree": {
    "method": "fixed",
    "environment": "fixed",
    "total_timesteps": "fixed",
    "rng_seed": "zip",
    "policy_kwargs": "fixed",
    "gamma": "zip",
    "lam": "zip",
    "timesteps_per_actorbatch": "zip",
    "clip_param": "zip",
    "entcoeff": "zip",
    "optim_epochs": "zip",
    "optim_stepsize": "zip",
    "optim_minibatches": "zip",
    "adam_epsilon": "zip",
    "schedule": "zip"
  }
}