{
  "description": "Hyper-parameter optimization for ppo1 on a low frequency environment",
  "method": "ppo1",
  "environment": "drop_leg_100hz",
  "total_timesteps": 4000000,
  "rng_seed": [
    1000,
    1000,
    1000,
    2000,
    2000,
    1000,
    1000,
    2000,
    1000,
    1000,
    0,
    2000,
    2000,
    2000,
    0,
    2000,
    0,
    0,
    2000,
    1000,
    0,
    1000,
    1000,
    1000,
    0,
    2000,
    1000,
    2000,
    0,
    1000
  ],
  "policy_kwargs": {
    "net_arch": [
      {
        "vf": [
          64,
          64
        ],
        "pi": [
          64,
          64
        ]
      }
    ]
  },
  "gamma": [
    0.9987543334068095,
    0.9974188058874538,
    0.9994506806312469,
    0.99984375,
    0.9991944503423994,
    0.99984375,
    0.9997265883636484,
    0.9995061472250306,
    0.9993839181009776,
    0.9997675868910458,
    0.9983030820400544,
    0.9996959669679789,
    0.9993597910216645,
    0.9985676511469264,
    0.9997042621943505,
    0.9981091798166416,
    0.9990284802755841,
    0.9926215099881408,
    0.9982688956838931,
    0.9996482755037263,
    0.9997390836223694,
    0.9981113790465566,
    0.9975019482288445,
    0.9995709757053455,
    0.9990535490141329,
    0.9884436519447641,
    0.9993433852966321,
    0.9985618184487431,
    0.997348639201471,
    0.9997410261840362
  ],
  "lam": [
    0.9980428758548922,
    0.9788424870180755,
    0.9980913940862518,
    0.994836123197318,
    0.9992659655491876,
    0.9973920177931619,
    0.9989939422021937,
    0.9993564378292678,
    0.9988121340624948,
    0.9993351222582318,
    0.9958449870950297,
    0.9928268673070397,
    0.9986922199154602,
    0.9916513518805055,
    0.9991292014498475,
    0.9959391102792327,
    0.9975431106600576,
    0.996573904841694,
    0.9768975189117659,
    0.9803895189013411,
    0.975539968175748,
    0.9986620926710986,
    0.9940051497469922,
    0.9994426221687438,
    0.9970700887243402,
    0.9990603395776957,
    0.9593988864095229,
    0.9662249446019407,
    0.9995521122532004,
    0.9965592807721643
  ],
  "timesteps_per_actorbatch": [
    10052,
    64,
    2809,
    80,
    16384,
    500,
    1554,
    9130,
    16384,
    12654,
    11576,
    6694,
    1195,
    106,
    5035,
    9943,
    6316,
    4871,
    114,
    64,
    192,
    10156,
    77,
    3987,
    73,
    8600,
    64,
    217,
    6166,
    357
  ],
  "clip_param": [
    22.789630659048676,
    1.3084161041267033,
    60.66990947214211,
    9.98989061203067,
    37.47369992955688,
    33.865367081633565,
    18.919982173197422,
    8.069910048380923,
    60.614582389044315,
    46.80884447801934,
    71.57468422251803,
    35.07466587281225,
    110.6442639579619,
    1.6391699265254767,
    6.125213401505115,
    36.05271485141154,
    197.90840614269206,
    41.91633310373739,
    0.6743921317233812,
    13.27856425452941,
    6.465015264660308,
    111.33154735465698,
    3.2591370628231275,
    8.43157681180606,
    2.043155385241436,
    22.87653684259646,
    5.818589378074397,
    17.864141702523057,
    124.58545091893126,
    45.57627605643144
  ],
  "entcoeff": [
    6.234290529419665e-06,
    5.831298924297764e-06,
    1.5450801854639697e-05,
    2.9894197228286615e-05,
    1.7861435766710555e-05,
    2.5106996225510763e-05,
    0.00015049976401834713,
    4.87672783950904e-05,
    7.671994892397768e-05,
    7.769967444188613e-05,
    2.985014097482305e-05,
    3.3571769341901947e-06,
    9.472963824705709e-05,
    2.66696196241116e-05,
    4.92842760640664e-05,
    9.873367151244166e-08,
    1.1179646473339236e-06,
    5.471946723917195e-06,
    7.192886743295013e-06,
    1.7522635681489515e-05,
    0.0001404838040421387,
    5.407906926813769e-05,
    7.23265160197504e-06,
    4.7310207758946134e-05,
    2.7088313303674822e-05,
    1.5246593050577406e-20,
    2.5755496649097167e-05,
    4.237951562160453e-05,
    6.805575400065968e-05,
    8.717007042908655e-06
  ],
  "optim_epochs": [
    97,
    5,
    45,
    13,
    39,
    57,
    17,
    29,
    118,
    25,
    31,
    111,
    12,
    7,
    74,
    73,
    11,
    92,
    8,
    2,
    5,
    11,
    3,
    49,
    19,
    27,
    3,
    1,
    14,
    74
  ],
  "optim_stepsize": [
    0.01390327229869568,
    0.10000000000000002,
    0.014746577361000551,
    0.10000000000000002,
    0.023332813484388124,
    0.037387564539586235,
    0.10000000000000002,
    0.10000000000000002,
    0.022869915013795934,
    0.04471667570115743,
    0.07332714042144442,
    0.029424166490399077,
    0.10000000000000002,
    0.10000000000000002,
    0.04005266793536178,
    0.09999999999988371,
    0.07288911690474911,
    0.09717100190701695,
    0.10000000000000002,
    0.10000000000000002,
    0.10000000000000002,
    0.10000000000000002,
    0.10000000000000002,
    0.043445130958927936,
    0.10000000000000002,
    0.10000000000000002,
    0.10000000000000002,
    0.10000000000000002,
    0.015356422220976055,
    0.09027225686507526
  ],
  "optim_minibatches": [
    64,
    8,
    64,
    64,
    21,
    64,
    21,
    7,
    64,
    14,
    64,
    50,
    64,
    18,
    61,
    64,
    9,
    36,
    2,
    63,
    43,
    64,
    14,
    35,
    36,
    48,
    12,
    33,
    33,
    56
  ],
  "adam_epsilon": [
    1.0086873887563119e-05,
    9.834401785494816e-06,
    3.0267857874342063e-05,
    1.717920608056377e-05,
    4.570541755812328e-06,
    2.1537804099231583e-05,
    2.2675200259523566e-05,
    6.238840167218425e-06,
    3.6347424201081416e-05,
    2.9284540856975095e-05,
    3.445826957347417e-05,
    1.1691593476551406e-05,
    2.9072406580698266e-05,
    1.0824436350723834e-05,
    1.2476744024966014e-05,
    3.850263982250468e-06,
    7.1312775028503065e-06,
    2.8155534477541148e-05,
    8.795779638331099e-06,
    1.3329676836938535e-05,
    2.2105019961648826e-05,
    5.393308646351107e-06,
    1.1168350073480763e-05,
    9.851543912127827e-07,
    1.0907366605818808e-05,
    1.0456025342150751e-05,
    2.6518499268705377e-05,
    2.1545000922760997e-05,
    3.677510277891678e-06,
    1.9630783458487185e-06
  ],
  "schedule": [
    "constant",
    "linear",
    "constant",
    "linear",
    "constant",
    "constant",
    "constant",
    "constant",
    "constant",
    "linear",
    "linear",
    "constant",
    "constant",
    "linear",
    "constant",
    "constant",
    "linear",
    "linear",
    "linear",
    "linear",
    "linear",
    "constant",
    "linear",
    "linear",
    "linear",
    "constant",
    "linear",
    "linear",
    "linear",
    "linear"
  ],
  "num_envs": 4,
  "results_dir_name": "results",
  "storage_dir_name": "storage",
  "train_set": "remaining",
  "eval_set": "remaining",
  "OPENAI_LOG_FORMAT": "csv",
  "walltime_hrs": 0.3,
  "num_checkpoints": 100,
  "eval_ntrajs": 10,
  "eval_nsteps": 200,
  "eval_seed": 12345,
  "looping_tree": {
    "method": "fixed",
    "environment": "fixed",
    "total_timesteps": "fixed",
    "rng_seed": "zip",
    "policy_kwargs": "fixed",
    "gamma": "zip",
    "lam": "zip",
    "timesteps_per_actorbatch": "zip",
    "clip_param": "zip",
    "entcoeff": "zip",
    "optim_epochs": "zip",
    "optim_stepsize": "zip",
    "optim_minibatches": "zip",
    "adam_epsilon": "zip",
    "schedule": "zip"
  }
}