{
  "description": "Hyper-parameter optimization for ppo1 on a low frequency environment",
  "method": "ppo1",
  "environment": "drop_leg_100hz",
  "total_timesteps": 4000000,
  "rng_seed": [
    2000,
    1000,
    2000,
    0,
    0,
    0,
    2000,
    1000,
    1000,
    2000,
    0,
    0,
    2000,
    0,
    1000,
    0,
    0,
    0,
    0,
    2000,
    1000,
    1000,
    1000,
    1000,
    2000,
    0,
    0,
    0,
    0,
    2000
  ],
  "policy_kwargs": {
    "net_arch": [
      {
        "vf": [
          64,
          64
        ],
        "pi": [
          64,
          64
        ]
      }
    ]
  },
  "gamma": [
    0.99984375,
    0.99984375,
    0.99984375,
    0.9944325580791972,
    0.99984375,
    0.99984375,
    0.9775445959517132,
    0.99889491368901,
    0.99984375,
    0.99984375,
    0.99984375,
    0.99984375,
    0.99984375,
    0.9949371847626032,
    0.99984375,
    0.9981099935003558,
    0.99984375,
    0.9973644633810428,
    0.9946619708614499,
    0.9985475402981684,
    0.9995235475647507,
    0.9961039010809076,
    0.99984375,
    0.9992644759689382,
    0.9996377937438602,
    0.9997408680844169,
    0.99984375,
    0.9994806362641958,
    0.99984375,
    0.99984375
  ],
  "lam": [
    0.99984375,
    0.99984375,
    0.9996554990699713,
    0.9733380687682337,
    0.99984375,
    0.99984375,
    0.99984375,
    0.99984375,
    0.99984375,
    0.984944243808901,
    0.99984375,
    0.9981119850418113,
    0.9992096100351369,
    0.9978023102706254,
    0.99984375,
    0.99984375,
    0.99984375,
    0.99984375,
    0.99984375,
    0.99984375,
    0.9711202839880391,
    0.99984375,
    0.9038916026960413,
    0.9996806047489637,
    0.99984375,
    0.9992753662787855,
    0.99984375,
    0.99984375,
    0.99984375,
    0.99984375
  ],
  "timesteps_per_actorbatch": [
    16384,
    957,
    7423,
    16384,
    157,
    1085,
    16384,
    16384,
    64,
    16384,
    16384,
    64,
    16384,
    16384,
    16384,
    16384,
    16384,
    1833,
    16384,
    16384,
    16384,
    16384,
    16384,
    64,
    16384,
    16384,
    2807,
    64,
    64,
    370
  ],
  "clip_param": [
    2.75871448669139,
    199.99999999999991,
    199.99999999999991,
    199.99999999999991,
    199.99999999999991,
    199.99999999999991,
    199.99999999999991,
    199.99999999999991,
    199.99999999999991,
    199.99999999999991,
    199.99999999999991,
    41.901976607982554,
    0.7021119758537016,
    199.99999999999991,
    199.99999999999991,
    10.530349550430762,
    199.99999999999991,
    199.99999999999991,
    199.99999999999991,
    199.99999999999991,
    199.99999999999991,
    199.99999999999991,
    14.230584694347474,
    141.0242948754298,
    199.99999999999991,
    5.578408169028085,
    0.7296440068515452,
    52.75557672198382,
    8.502352945723423,
    199.99999999999991
  ],
  "entcoeff": [
    0.001,
    0.001,
    0.001,
    0.00019459353309650098,
    0.001,
    0.001,
    -3.3881317890172014e-21,
    0.00020456413559788737,
    0.0005079568336872687,
    0.001,
    0.001,
    3.577643314767664e-05,
    0.00044109724321323123,
    0.001,
    0.001,
    -3.3881317890172014e-21,
    0.001,
    -3.3881317890172014e-21,
    -3.3881317890172014e-21,
    0.001,
    0.0002335732489786321,
    0.001,
    0.00014049783259516909,
    0.0001446404448591798,
    0.00013318791504951782,
    0.0003028286792642589,
    0.001,
    6.710423700253561e-05,
    0.001,
    0.001
  ],
  "optim_epochs": [
    128,
    11,
    3,
    128,
    128,
    19,
    2,
    128,
    1,
    128,
    6,
    1,
    128,
    128,
    20,
    128,
    4,
    128,
    128,
    15,
    128,
    128,
    32,
    1,
    128,
    128,
    128,
    8,
    33,
    69
  ],
  "optim_stepsize": [
    0.10000000000000002,
    0.10000000000000002,
    0.10000000000000002,
    0.10000000000000002,
    0.10000000000000002,
    0.10000000000000002,
    0.10000000000000002,
    0.01094795012687677,
    0.10000000000000002,
    0.10000000000000002,
    0.10000000000000002,
    0.10000000000000002,
    0.10000000000000002,
    0.10000000000000002,
    0.10000000000000002,
    0.10000000000000002,
    0.10000000000000002,
    0.015196729499582994,
    0.005600225419076967,
    0.10000000000000002,
    0.10000000000000002,
    0.10000000000000002,
    0.10000000000000002,
    0.10000000000000002,
    0.007175304713692377,
    0.10000000000000002,
    0.10000000000000002,
    0.10000000000000002,
    0.10000000000000002,
    0.10000000000000002
  ],
  "optim_minibatches": [
    64,
    7,
    3,
    64,
    1,
    64,
    64,
    6,
    1,
    14,
    4,
    7,
    64,
    64,
    1,
    64,
    64,
    64,
    64,
    3,
    64,
    64,
    64,
    4,
    64,
    64,
    64,
    11,
    64,
    1
  ],
  "adam_epsilon": [
    4.613465786432524e-07,
    8.010099357274873e-08,
    5.346161494509077e-08,
    0.00010000000000000009,
    1.432490186322894e-06,
    1.1117922467194687e-07,
    3.339365120269101e-05,
    0.00010000000000000009,
    2.4462162723563833e-06,
    9.898823859072169e-08,
    7.581438546044034e-07,
    0.00010000000000000009,
    1.6688625864756427e-06,
    0.00010000000000000009,
    4.082283054777115e-06,
    0.00010000000000000009,
    0.00010000000000000009,
    0.00010000000000000009,
    1.9443101994915216e-05,
    3.454777176772392e-08,
    2.408859241050085e-07,
    0.00010000000000000009,
    1.1842131780275734e-06,
    5.887901859436882e-06,
    1.4868113083127718e-07,
    1.7439433534798934e-07,
    2.5012570481559304e-06,
    2.3237655502877426e-05,
    1.868773911727127e-05,
    1.4123334524941508e-07
  ],
  "schedule": [
    "constant",
    "constant",
    "constant",
    "linear",
    "constant",
    "linear",
    "linear",
    "linear",
    "constant",
    "constant",
    "constant",
    "constant",
    "constant",
    "linear",
    "constant",
    "constant",
    "constant",
    "constant",
    "linear",
    "linear",
    "constant",
    "linear",
    "constant",
    "constant",
    "linear",
    "linear",
    "constant",
    "constant",
    "constant",
    "linear"
  ],
  "num_envs": 4,
  "results_dir_name": "results",
  "storage_dir_name": "storage",
  "train_set": "remaining",
  "eval_set": "remaining",
  "OPENAI_LOG_FORMAT": "csv",
  "walltime_hrs": 0.3,
  "num_checkpoints": 100,
  "eval_ntrajs": 10,
  "eval_nsteps": 200,
  "eval_seed": 12345,
  "looping_tree": {
    "method": "fixed",
    "environment": "fixed",
    "total_timesteps": "fixed",
    "rng_seed": "zip",
    "policy_kwargs": "fixed",
    "gamma": "zip",
    "lam": "zip",
    "timesteps_per_actorbatch": "zip",
    "clip_param": "zip",
    "entcoeff": "zip",
    "optim_epochs": "zip",
    "optim_stepsize": "zip",
    "optim_minibatches": "zip",
    "adam_epsilon": "zip",
    "schedule": "zip"
  }
}