{
  "description": "Hyper-parameter optimization for ppo1 on a low frequency environment",
  "method": "ppo1",
  "environment": "drop_leg_100hz",
  "total_timesteps": 4000000,
  "rng_seed": [
    2000,
    1000,
    1000,
    2000,
    2000,
    1000,
    0,
    0,
    2000,
    2000,
    0,
    2000,
    2000,
    0,
    0,
    1000,
    0,
    1000,
    1000,
    1000,
    0,
    2000,
    0,
    1000,
    2000,
    0,
    0,
    2000,
    0,
    0
  ],
  "policy_kwargs": {
    "net_arch": [
      {
        "vf": [
          64,
          64
        ],
        "pi": [
          64,
          64
        ]
      }
    ]
  },
  "gamma": [
    0.9988267965629984,
    0.9994255513858137,
    0.99984375,
    0.9964413524700558,
    0.99984375,
    0.99984375,
    0.9997418593686564,
    0.99984375,
    0.99984375,
    0.9740152854939543,
    0.99984375,
    0.9992609829381237,
    0.9984166449692382,
    0.9990355068776379,
    0.9982081574673477,
    0.99984375,
    0.99984375,
    0.9961334090238225,
    0.9986348263772488,
    0.99284552036021,
    0.99984375,
    0.9996569611460665,
    0.99984375,
    0.99984375,
    0.9995489326919961,
    0.9998375180670832,
    0.9997165835415418,
    0.99984375,
    0.9996451299939185,
    0.998169399762191
  ],
  "lam": [
    0.9986556082994564,
    0.9998003572255711,
    0.9517597795610167,
    0.99984375,
    0.98322305099961,
    0.99984375,
    0.9983594589994238,
    0.9993219186073475,
    0.9504449954608636,
    0.99984375,
    0.996885543274213,
    0.9948991718280995,
    0.99984375,
    0.99984375,
    0.9929214468180269,
    0.997864122374418,
    0.995454716366163,
    0.9974547694289897,
    0.935106886243047,
    0.9993998156916333,
    0.8887227941767719,
    0.99984375,
    0.999785299383449,
    0.9941941048513611,
    0.9942846286556106,
    0.9993301364654048,
    0.9968721351854049,
    0.9986653592498002,
    0.8548713443864945,
    0.99984375
  ],
  "timesteps_per_actorbatch": [
    16384,
    16384,
    16384,
    64,
    4581,
    16384,
    16384,
    12754,
    16384,
    235,
    16384,
    16384,
    4418,
    8206,
    16384,
    64,
    16384,
    16384,
    2169,
    16384,
    1797,
    122,
    70,
    64,
    1348,
    16384,
    7266,
    16384,
    4129,
    511
  ],
  "clip_param": [
    199.99999999999991,
    199.99999999999991,
    101.69732435035054,
    199.99999999999991,
    199.99999999999991,
    199.99999999999991,
    199.99999999999991,
    26.32154219481515,
    52.13233816764612,
    90.59101945721274,
    11.011340934810212,
    41.23270896422081,
    199.99999999999991,
    73.3827551756611,
    172.56656525381246,
    29.59435784153879,
    8.83835316411527,
    199.99999999999991,
    199.99999999999991,
    199.99999999999991,
    59.37465485136907,
    199.99999999999991,
    51.44086312431012,
    9.410493984233634,
    199.99999999999991,
    199.99999999999991,
    123.31686056305038,
    73.03872424886225,
    79.5553062209924,
    199.99999999999991
  ],
  "entcoeff": [
    0.001,
    0.001,
    0.0001889887579564882,
    2.5300529875781048e-05,
    0.0008797895045519283,
    0.001,
    0.001,
    0.001,
    0.00015005808837251388,
    1.3965245524656112e-05,
    0.001,
    0.001,
    0.0006201886055460069,
    1.1895716504694716e-05,
    0.0001150585578022468,
    0.00029260297590922,
    0.001,
    0.001,
    0.00037599321754056155,
    0.0005906514989812103,
    0.00035284963838599947,
    1.5167566046286802e-05,
    0.0004878907786683966,
    2.7666394767892863e-05,
    0.001,
    0.001,
    0.0006903697062479971,
    0.001,
    0.0003964975800028215,
    0.00015336040722260322
  ],
  "optim_epochs": [
    1,
    4,
    100,
    1,
    23,
    1,
    1,
    1,
    128,
    2,
    4,
    7,
    1,
    128,
    1,
    128,
    128,
    7,
    19,
    2,
    19,
    1,
    128,
    128,
    1,
    18,
    1,
    128,
    128,
    1
  ],
  "optim_stepsize": [
    0.10000000000000002,
    0.019380506373375,
    0.10000000000000002,
    0.10000000000000002,
    0.10000000000000002,
    0.09768882287442521,
    0.10000000000000002,
    0.10000000000000002,
    0.10000000000000002,
    0.10000000000000002,
    0.10000000000000002,
    0.10000000000000002,
    0.10000000000000002,
    0.10000000000000002,
    0.10000000000000002,
    0.10000000000000002,
    0.10000000000000002,
    0.10000000000000002,
    0.10000000000000002,
    0.10000000000000002,
    0.10000000000000002,
    0.10000000000000002,
    0.10000000000000002,
    0.10000000000000002,
    0.10000000000000002,
    0.012334664555204922,
    0.09288763641409187,
    0.016115527823617533,
    0.10000000000000002,
    0.10000000000000002
  ],
  "optim_minibatches": [
    64,
    64,
    13,
    36,
    55,
    64,
    64,
    64,
    3,
    64,
    64,
    64,
    64,
    1,
    64,
    8,
    4,
    23,
    64,
    23,
    16,
    64,
    3,
    2,
    64,
    64,
    58,
    18,
    8,
    24
  ],
  "adam_epsilon": [
    4.061090081965282e-07,
    5.573307405648409e-07,
    0.00010000000000000009,
    1.6404693067985737e-05,
    0.00010000000000000009,
    3.012982547132633e-07,
    2.877137915612361e-06,
    7.456072997684956e-07,
    6.188856903174439e-06,
    7.232532146923054e-06,
    2.3804920980030568e-06,
    5.410238919742453e-07,
    9.384818538731859e-08,
    7.044201121856514e-05,
    3.84910035993164e-07,
    0.00010000000000000009,
    1.9051471965770658e-06,
    6.878741928078509e-07,
    2.3866665106316154e-05,
    1.8842023530818528e-07,
    3.3160417589504826e-05,
    5.652613052156349e-05,
    7.820753787966517e-05,
    0.00010000000000000009,
    2.806475660322764e-06,
    1.6155886502521244e-06,
    1.2247015332020284e-07,
    2.884475483466097e-06,
    3.406584786495797e-05,
    1.6519953415869647e-07
  ],
  "schedule": [
    "constant",
    "constant",
    "constant",
    "linear",
    "constant",
    "constant",
    "linear",
    "constant",
    "constant",
    "linear",
    "constant",
    "constant",
    "constant",
    "constant",
    "linear",
    "constant",
    "constant",
    "constant",
    "constant",
    "constant",
    "constant",
    "constant",
    "constant",
    "constant",
    "linear",
    "constant",
    "linear",
    "constant",
    "constant",
    "linear"
  ],
  "num_envs": 4,
  "results_dir_name": "results",
  "storage_dir_name": "storage",
  "train_set": "remaining",
  "eval_set": "remaining",
  "OPENAI_LOG_FORMAT": "csv",
  "walltime_hrs": 0.3,
  "num_checkpoints": 100,
  "eval_ntrajs": 10,
  "eval_nsteps": 200,
  "eval_seed": 12345,
  "looping_tree": {
    "method": "fixed",
    "environment": "fixed",
    "total_timesteps": "fixed",
    "rng_seed": "zip",
    "policy_kwargs": "fixed",
    "gamma": "zip",
    "lam": "zip",
    "timesteps_per_actorbatch": "zip",
    "clip_param": "zip",
    "entcoeff": "zip",
    "optim_epochs": "zip",
    "optim_stepsize": "zip",
    "optim_minibatches": "zip",
    "adam_epsilon": "zip",
    "schedule": "zip"
  }
}