{
  "description": "Hyper-parameter optimization for ppo1 on a low frequency environment",
  "method": "ppo1",
  "environment": "drop_leg_100hz",
  "total_timesteps": 4000000,
  "rng_seed": [
    2000,
    1000,
    0,
    0,
    2000,
    0,
    0,
    0,
    2000,
    0,
    0,
    0,
    2000,
    0,
    2000,
    0,
    0,
    2000,
    0,
    0,
    2000,
    1000,
    2000,
    1000,
    1000,
    1000,
    1000,
    0,
    1000,
    0
  ],
  "policy_kwargs": {
    "net_arch": [
      {
        "vf": [
          64,
          64
        ],
        "pi": [
          64,
          64
        ]
      }
    ]
  },
  "gamma": [
    0.99984375,
    0.7248063716344817,
    0.99984375,
    0.99984375,
    0.9801139245778386,
    0.9958076813877365,
    0.7702828968242124,
    0.9451713257158246,
    0.9931096244872811,
    0.99984375,
    0.39261357538654906,
    0.9873083822381326,
    0.7966709609989429,
    0.9975064540754089,
    0.6845909298293975,
    0.9530975993056555,
    0.9964541570585391,
    0.99984375,
    0.99984375,
    0.8341812904467503,
    0.9908308739388114,
    0.9993962494665946,
    0.9940500432876423,
    0.99984375,
    0.99984375,
    0.9080099644890458,
    0.99984375,
    0.99984375,
    0.9959435535508635,
    0.7662569903789809
  ],
  "lam": [
    0.99984375,
    0.99984375,
    0.9978458903596331,
    0.99984375,
    0.99984375,
    0.99984375,
    0.9962211438593622,
    0.99984375,
    0.9962350214225273,
    0.99984375,
    0.99984375,
    0.99984375,
    0.9929924226091533,
    0.99984375,
    0.99984375,
    0.99984375,
    0.9805886492445595,
    0.9997347441039094,
    0.99984375,
    0.9975242593136012,
    0.99984375,
    0.9685748597505899,
    0.99984375,
    0.99984375,
    0.9984373283553206,
    0.9942355875027504,
    0.6607807952776896,
    0.99984375,
    0.99984375,
    0.9964525920637971
  ],
  "timesteps_per_actorbatch": [
    64,
    16384,
    64,
    64,
    16384,
    16384,
    16384,
    223,
    64,
    477,
    12645,
    420,
    16384,
    64,
    16384,
    1363,
    79,
    64,
    16384,
    16384,
    64,
    64,
    16384,
    5842,
    64,
    16384,
    16384,
    740,
    749,
    16384
  ],
  "clip_param": [
    199.99999999999991,
    199.99999999999991,
    199.99999999999991,
    199.99999999999991,
    199.99999999999991,
    199.99999999999991,
    199.99999999999991,
    199.99999999999991,
    199.99999999999991,
    3.862767998844028,
    199.99999999999991,
    199.99999999999991,
    199.99999999999991,
    199.99999999999991,
    199.99999999999991,
    199.99999999999991,
    199.99999999999991,
    19.25584774976702,
    1.2686672636428065,
    199.99999999999991,
    199.99999999999991,
    199.99999999999991,
    199.99999999999991,
    4.703691501803486,
    199.99999999999991,
    24.561863097666087,
    199.99999999999991,
    199.99999999999991,
    199.99999999999991,
    199.99999999999991
  ],
  "entcoeff": [
    7.108175106847048e-05,
    0.001,
    0.001,
    0.001,
    0.00025262870546638276,
    0.001,
    6.98532976538392e-05,
    0.001,
    0.001,
    0.001,
    0.00017620865953243219,
    0.001,
    9.74202087616801e-05,
    0.001,
    -3.3881317890172014e-21,
    -3.3881317890172014e-21,
    0.001,
    0.001,
    -3.3881317890172014e-21,
    0.001,
    0.001,
    0.001,
    0.000554226038963721,
    -3.3881317890172014e-21,
    0.001,
    0.00020335132693430574,
    0.001,
    2.2609337814777535e-05,
    0.001,
    2.2941848262882942e-06
  ],
  "optim_epochs": [
    128,
    128,
    4,
    128,
    128,
    6,
    128,
    128,
    128,
    3,
    43,
    128,
    22,
    128,
    128,
    128,
    128,
    2,
    128,
    128,
    128,
    128,
    22,
    128,
    14,
    128,
    128,
    128,
    128,
    128
  ],
  "optim_stepsize": [
    0.10000000000000002,
    0.10000000000000002,
    0.10000000000000002,
    0.10000000000000002,
    0.005351851161149993,
    0.10000000000000002,
    0.10000000000000002,
    0.10000000000000002,
    0.10000000000000002,
    0.10000000000000002,
    0.10000000000000002,
    0.10000000000000002,
    0.10000000000000002,
    0.10000000000000002,
    0.10000000000000002,
    0.10000000000000002,
    0.10000000000000002,
    0.10000000000000002,
    0.10000000000000002,
    0.10000000000000002,
    0.10000000000000002,
    0.10000000000000002,
    0.007176440872195293,
    0.10000000000000002,
    0.10000000000000002,
    0.10000000000000002,
    0.10000000000000002,
    0.10000000000000002,
    0.10000000000000002,
    0.10000000000000002
  ],
  "optim_minibatches": [
    64,
    64,
    64,
    64,
    64,
    2,
    64,
    64,
    64,
    64,
    64,
    1,
    64,
    64,
    6,
    1,
    64,
    64,
    64,
    64,
    12,
    64,
    64,
    64,
    15,
    64,
    64,
    64,
    64,
    64
  ],
  "adam_epsilon": [
    4.429022246818163e-08,
    2.490298009721352e-06,
    8.209221738621859e-08,
    7.491988490095286e-07,
    0.00010000000000000009,
    0.00010000000000000009,
    9.266375385327119e-06,
    0.00010000000000000009,
    0.00010000000000000009,
    3.2553011356731516e-07,
    5.66540738684522e-06,
    4.883474996330247e-06,
    2.355455910198859e-05,
    6.849449825794447e-08,
    8.21723177242846e-06,
    0.00010000000000000009,
    1.7677309675946958e-05,
    1.342435018569079e-07,
    1.373359893915134e-06,
    9.880615563802644e-06,
    0.00010000000000000009,
    0.00010000000000000009,
    0.00010000000000000009,
    1.6805959063908157e-07,
    4.3675648717426037e-07,
    2.6420852314329903e-05,
    6.763873459861858e-06,
    2.045605334859162e-08,
    5.7601474830163485e-08,
    5.3100467529474855e-05
  ],
  "schedule": [
    "constant",
    "linear",
    "linear",
    "constant",
    "linear",
    "linear",
    "linear",
    "linear",
    "linear",
    "constant",
    "constant",
    "constant",
    "constant",
    "linear",
    "constant",
    "linear",
    "constant",
    "constant",
    "linear",
    "constant",
    "linear",
    "linear",
    "linear",
    "constant",
    "constant",
    "linear",
    "linear",
    "constant",
    "constant",
    "linear"
  ],
  "num_envs": 4,
  "results_dir_name": "results",
  "storage_dir_name": "storage",
  "train_set": "remaining",
  "eval_set": "remaining",
  "OPENAI_LOG_FORMAT": "csv",
  "walltime_hrs": 0.3,
  "num_checkpoints": 100,
  "eval_ntrajs": 10,
  "eval_nsteps": 200,
  "eval_seed": 12345,
  "looping_tree": {
    "method": "fixed",
    "environment": "fixed",
    "total_timesteps": "fixed",
    "rng_seed": "zip",
    "policy_kwargs": "fixed",
    "gamma": "zip",
    "lam": "zip",
    "timesteps_per_actorbatch": "zip",
    "clip_param": "zip",
    "entcoeff": "zip",
    "optim_epochs": "zip",
    "optim_stepsize": "zip",
    "optim_minibatches": "zip",
    "adam_epsilon": "zip",
    "schedule": "zip"
  }
}