{
  "description": "Hyper-parameter optimization for ppo1 on a low frequency environment",
  "method": "ppo1",
  "environment": "drop_leg_100hz",
  "total_timesteps": 4000000,
  "rng_seed": [
    2000,
    2000,
    2000,
    0,
    1000,
    2000,
    1000,
    0,
    2000,
    2000,
    2000,
    0,
    0,
    1000,
    0,
    1000,
    0,
    2000,
    0,
    1000,
    1000,
    1000,
    2000,
    0,
    0,
    2000,
    1000,
    2000,
    2000,
    0
  ],
  "policy_kwargs": {
    "net_arch": [
      {
        "vf": [
          64,
          64
        ],
        "pi": [
          64,
          64
        ]
      }
    ]
  },
  "gamma": [
    0.36,
    0.99984375,
    0.36,
    0.36,
    0.9892754559165581,
    0.36,
    0.8839702695563055,
    0.9674052623097182,
    0.99984375,
    0.9980023869994562,
    0.99984375,
    0.7653767669313563,
    0.9276180912507498,
    0.8946170504389278,
    0.9202161263247153,
    0.3984895952084633,
    0.7760896153264482,
    0.99984375,
    0.3606075509916661,
    0.9990178998301006,
    0.36,
    0.36,
    0.9992325061887816,
    0.9993798837156868,
    0.45085532238034,
    0.9456162896908853,
    0.9895281961866453,
    0.36,
    0.99984375,
    0.998602669240568
  ],
  "lam": [
    0.36,
    0.36,
    0.36,
    0.36,
    0.99984375,
    0.36,
    0.8125043728969471,
    0.99984375,
    0.36,
    0.9473976681690011,
    0.990776502902796,
    0.3600000000000019,
    0.36,
    0.7571055248576821,
    0.9226880713071192,
    0.899657292256205,
    0.961854296178786,
    0.9972790698360665,
    0.36,
    0.9970754043764,
    0.36,
    0.9511772333497187,
    0.99984375,
    0.36,
    0.8648249678943203,
    0.7011834231463524,
    0.36,
    0.9100696782433868,
    0.9930968082237552,
    0.9987758813835342
  ],
  "timesteps_per_actorbatch": [
    16384,
    837,
    168,
    16384,
    64,
    483,
    64,
    16384,
    16384,
    16384,
    2254,
    589,
    850,
    1405,
    1596,
    16384,
    16384,
    1393,
    16384,
    1172,
    64,
    2214,
    16384,
    464,
    64,
    1943,
    884,
    16384,
    1373,
    16384
  ],
  "clip_param": [
    199.99999999999991,
    199.99999999999991,
    199.99999999999991,
    199.99999999999991,
    199.99999999999991,
    199.99999999999991,
    199.99999999999991,
    4.770527565279065,
    199.99999999999991,
    199.99999999999991,
    199.99999999999991,
    199.99999999999991,
    199.99999999999991,
    199.99999999999991,
    199.99999999999991,
    199.99999999999991,
    199.99999999999991,
    199.99999999999991,
    199.99999999999991,
    199.99999999999991,
    199.99999999999991,
    199.99999999999991,
    1.5631404714001687,
    199.99999999999991,
    199.99999999999991,
    199.99999999999991,
    199.99999999999991,
    199.99999999999991,
    199.99999999999991,
    199.99999999999991
  ],
  "entcoeff": [
    -3.3881317890172014e-21,
    0.001,
    0.001,
    -3.3881317890172014e-21,
    -3.3881317890172014e-21,
    0.001,
    -3.3881317890172014e-21,
    5.1188950087056946e-05,
    0.0001218458152285277,
    8.430460269809241e-05,
    -3.3881317890172014e-21,
    0.001,
    0.001,
    0.001,
    5.7144144442645826e-05,
    -3.3881317890172014e-21,
    -3.3881317890172014e-21,
    2.9210587382974704e-05,
    2.644795596976293e-05,
    -3.3881317890172014e-21,
    0.001,
    5.100077877063306e-05,
    6.026631698532222e-05,
    0.001,
    3.299541164818722e-05,
    0.001,
    0.001,
    6.14305097757054e-05,
    3.21106400087242e-05,
    0.00012886545030445944
  ],
  "optim_epochs": [
    1,
    9,
    1,
    3,
    1,
    2,
    128,
    128,
    1,
    6,
    1,
    1,
    2,
    6,
    128,
    1,
    128,
    3,
    5,
    4,
    1,
    128,
    128,
    7,
    128,
    5,
    1,
    128,
    1,
    128
  ],
  "optim_stepsize": [
    0.10000000000000002,
    0.10000000000000002,
    0.10000000000000002,
    0.10000000000000002,
    0.10000000000000002,
    0.10000000000000002,
    0.10000000000000002,
    0.10000000000000002,
    0.10000000000000002,
    0.10000000000000002,
    0.10000000000000002,
    0.10000000000000002,
    0.10000000000000002,
    0.10000000000000002,
    0.10000000000000002,
    0.10000000000000002,
    0.10000000000000002,
    0.10000000000000002,
    0.10000000000000002,
    0.10000000000000002,
    0.10000000000000002,
    0.10000000000000002,
    0.10000000000000002,
    0.10000000000000002,
    0.10000000000000002,
    0.10000000000000002,
    0.10000000000000002,
    0.10000000000000002,
    0.10000000000000002,
    0.10000000000000002
  ],
  "optim_minibatches": [
    64,
    4,
    64,
    64,
    64,
    64,
    64,
    64,
    64,
    64,
    64,
    64,
    64,
    64,
    64,
    64,
    3,
    64,
    64,
    64,
    64,
    64,
    64,
    9,
    64,
    13,
    64,
    64,
    64,
    1
  ],
  "adam_epsilon": [
    8.836538210454574e-08,
    1.4610713391324462e-05,
    2.1217897384583868e-07,
    6.454270542778636e-07,
    9.999999999999982e-09,
    8.899409024655137e-07,
    6.74874462662724e-06,
    5.4791828184974795e-06,
    8.720769122632833e-07,
    5.902166384401381e-08,
    9.999999999999982e-09,
    1.1833285755731365e-07,
    5.062993556320036e-07,
    2.2101748974185102e-07,
    9.999999999999982e-09,
    1.3312840606957663e-07,
    3.614406635090065e-08,
    9.999999999999982e-09,
    1.3899449398634654e-07,
    9.999999999999982e-09,
    3.932963173228835e-08,
    5.725229859420562e-08,
    9.380725028145638e-06,
    1.1464353974201224e-05,
    1.554261483565648e-05,
    1.0931037137374304e-07,
    8.429703235183234e-07,
    1.2483312082214882e-07,
    4.1563645948588396e-08,
    7.478827907138878e-08
  ],
  "schedule": [
    "constant",
    "constant",
    "constant",
    "constant",
    "constant",
    "linear",
    "linear",
    "constant",
    "constant",
    "constant",
    "constant",
    "linear",
    "constant",
    "constant",
    "constant",
    "linear",
    "constant",
    "constant",
    "linear",
    "constant",
    "linear",
    "constant",
    "constant",
    "constant",
    "linear",
    "constant",
    "constant",
    "constant",
    "constant",
    "constant"
  ],
  "num_envs": 4,
  "results_dir_name": "results",
  "storage_dir_name": "storage",
  "train_set": "remaining",
  "eval_set": "remaining",
  "OPENAI_LOG_FORMAT": "csv",
  "walltime_hrs": 0.3,
  "num_checkpoints": 100,
  "eval_ntrajs": 10,
  "eval_nsteps": 200,
  "eval_seed": 12345,
  "looping_tree": {
    "method": "fixed",
    "environment": "fixed",
    "total_timesteps": "fixed",
    "rng_seed": "zip",
    "policy_kwargs": "fixed",
    "gamma": "zip",
    "lam": "zip",
    "timesteps_per_actorbatch": "zip",
    "clip_param": "zip",
    "entcoeff": "zip",
    "optim_epochs": "zip",
    "optim_stepsize": "zip",
    "optim_minibatches": "zip",
    "adam_epsilon": "zip",
    "schedule": "zip"
  }
}