{
  "description": "Hyper-parameter optimization for ppo1 on a low frequency environment",
  "method": "ppo1",
  "environment": "drop_leg_100hz",
  "total_timesteps": 4000000,
  "rng_seed": [
    1000,
    1000,
    2000,
    2000,
    0,
    1000,
    2000,
    0,
    1000,
    1000,
    0,
    0,
    0,
    1000,
    0,
    0,
    1000,
    1000,
    0,
    0,
    1000,
    0,
    2000,
    1000,
    0,
    1000,
    0,
    0,
    0,
    0
  ],
  "policy_kwargs": {
    "net_arch": [
      {
        "vf": [
          64,
          64
        ],
        "pi": [
          64,
          64
        ]
      }
    ]
  },
  "gamma": [
    0.9971376606310374,
    0.36,
    0.9937426305391622,
    0.99984375,
    0.36,
    0.6941427016695423,
    0.9379485665581268,
    0.8760917478201955,
    0.9950876801541496,
    0.9966216656258563,
    0.9917075866022989,
    0.9629337413785681,
    0.37947253834702754,
    0.99984375,
    0.36,
    0.9981214626642597,
    0.6396676431218239,
    0.36,
    0.99984375,
    0.9860967506194015,
    0.9977113838701047,
    0.6200552856985804,
    0.99984375,
    0.36,
    0.691114209671629,
    0.9990495777339956,
    0.9900287551205773,
    0.9782512558607549,
    0.781849989907077,
    0.99984375
  ],
  "lam": [
    0.940396562244315,
    0.99984375,
    0.9789135066951284,
    0.943111549540222,
    0.99984375,
    0.99984375,
    0.99984375,
    0.99984375,
    0.9952022389447458,
    0.99984375,
    0.9877253198795052,
    0.9987407795550651,
    0.99984375,
    0.99984375,
    0.99984375,
    0.36,
    0.9996574006066715,
    0.99984375,
    0.9910511653021286,
    0.99984375,
    0.895482090984332,
    0.9991190695229996,
    0.8870545138414114,
    0.99984375,
    0.997385588578712,
    0.9956540128456978,
    0.99984375,
    0.9008088370644887,
    0.9904998011887511,
    0.36
  ],
  "timesteps_per_actorbatch": [
    64,
    16384,
    73,
    64,
    1759,
    16384,
    16384,
    16384,
    16384,
    16384,
    64,
    16384,
    16384,
    16384,
    1839,
    1129,
    16384,
    2715,
    1251,
    16384,
    420,
    16384,
    64,
    16384,
    16384,
    16384,
    16384,
    16384,
    16384,
    1110
  ],
  "clip_param": [
    199.99999999999991,
    199.99999999999991,
    55.97628804376151,
    199.99999999999991,
    199.99999999999991,
    18.144901916534526,
    4.962239705305605,
    199.99999999999991,
    0.19014234844453318,
    0.5203054382899742,
    199.99999999999991,
    2.9083412754828473,
    27.343238931709994,
    9.883980644294098,
    199.99999999999991,
    199.99999999999991,
    11.877000177361065,
    199.99999999999991,
    199.99999999999991,
    8.863978584510464,
    199.99999999999991,
    16.03584627183865,
    14.451539032737854,
    199.99999999999991,
    199.99999999999991,
    0.04561277886155179,
    1.9009190259421143,
    199.99999999999991,
    199.99999999999991,
    199.99999999999991
  ],
  "entcoeff": [
    9.849570593385023e-05,
    9.6909282004933e-05,
    0.00015697217945447134,
    5.570163805104814e-05,
    5.423308175448181e-05,
    0.00011478399071415308,
    6.690602071946972e-05,
    -3.3881317890172014e-21,
    -3.3881317890172014e-21,
    7.44883380002707e-05,
    0.001,
    1.1576072214089638e-05,
    9.841336465000947e-05,
    3.605749328600194e-05,
    3.541112389642037e-05,
    0.001,
    5.174868952173679e-05,
    -3.3881317890172014e-21,
    6.160133410992974e-05,
    0.001,
    0.0002603903953556616,
    2.2752361121439984e-05,
    0.0003327643515313706,
    0.00016510062553455843,
    -3.3881317890172014e-21,
    -3.3881317890172014e-21,
    6.448285171169803e-05,
    -3.3881317890172014e-21,
    -3.3881317890172014e-21,
    0.001
  ],
  "optim_epochs": [
    128,
    1,
    128,
    128,
    1,
    1,
    128,
    10,
    128,
    128,
    128,
    128,
    7,
    128,
    1,
    128,
    128,
    5,
    15,
    128,
    128,
    128,
    128,
    1,
    10,
    128,
    128,
    128,
    128,
    128
  ],
  "optim_stepsize": [
    0.10000000000000002,
    0.10000000000000002,
    0.10000000000000002,
    0.10000000000000002,
    0.10000000000000002,
    0.10000000000000002,
    0.10000000000000002,
    0.10000000000000002,
    0.10000000000000002,
    0.10000000000000002,
    0.10000000000000002,
    0.10000000000000002,
    0.10000000000000002,
    0.10000000000000002,
    0.10000000000000002,
    0.10000000000000002,
    0.10000000000000002,
    0.10000000000000002,
    0.10000000000000002,
    0.10000000000000002,
    0.10000000000000002,
    0.10000000000000002,
    0.10000000000000002,
    0.10000000000000002,
    0.10000000000000002,
    0.10000000000000002,
    0.10000000000000002,
    0.10000000000000002,
    0.10000000000000002,
    0.10000000000000002
  ],
  "optim_minibatches": [
    4,
    1,
    2,
    11,
    4,
    64,
    1,
    64,
    1,
    64,
    1,
    1,
    26,
    1,
    23,
    64,
    2,
    64,
    64,
    1,
    8,
    64,
    19,
    6,
    64,
    1,
    1,
    64,
    64,
    64
  ],
  "adam_epsilon": [
    0.00010000000000000009,
    2.585536629499129e-06,
    4.320436168766578e-05,
    0.00010000000000000009,
    5.7383823042483155e-06,
    1.3551087170972361e-05,
    2.387078745842377e-05,
    6.783656263894207e-08,
    4.893454380510719e-06,
    6.326036235647253e-06,
    2.3050280396502757e-05,
    1.4528168705853375e-05,
    1.4309408418466782e-05,
    9.382832341133192e-08,
    2.5800548422820957e-05,
    0.00010000000000000009,
    8.228858331850965e-05,
    1.9227666435750193e-05,
    7.930062338824009e-08,
    8.530167815043009e-05,
    0.00010000000000000009,
    9.368733808956414e-07,
    9.094537412132992e-05,
    1.4269760946264926e-05,
    5.201275368098448e-07,
    1.8168185678564393e-06,
    1.1429726813555038e-05,
    7.093383257251765e-06,
    4.6321222128645356e-07,
    0.00010000000000000009
  ],
  "schedule": [
    "linear",
    "linear",
    "constant",
    "constant",
    "constant",
    "constant",
    "constant",
    "constant",
    "constant",
    "linear",
    "constant",
    "constant",
    "constant",
    "linear",
    "constant",
    "linear",
    "constant",
    "constant",
    "linear",
    "linear",
    "linear",
    "constant",
    "constant",
    "constant",
    "constant",
    "constant",
    "linear",
    "constant",
    "constant",
    "linear"
  ],
  "num_envs": 4,
  "results_dir_name": "results",
  "storage_dir_name": "storage",
  "train_set": "remaining",
  "eval_set": "remaining",
  "OPENAI_LOG_FORMAT": "csv",
  "walltime_hrs": 0.3,
  "num_checkpoints": 100,
  "eval_ntrajs": 10,
  "eval_nsteps": 200,
  "eval_seed": 12345,
  "looping_tree": {
    "method": "fixed",
    "environment": "fixed",
    "total_timesteps": "fixed",
    "rng_seed": "zip",
    "policy_kwargs": "fixed",
    "gamma": "zip",
    "lam": "zip",
    "timesteps_per_actorbatch": "zip",
    "clip_param": "zip",
    "entcoeff": "zip",
    "optim_epochs": "zip",
    "optim_stepsize": "zip",
    "optim_minibatches": "zip",
    "adam_epsilon": "zip",
    "schedule": "zip"
  }
}