{
  "description": "Hyper-parameter optimization for ppo1 on a low frequency environment",
  "method": "ppo1",
  "environment": "drop_leg_100hz",
  "total_timesteps": 4000000,
  "rng_seed": [
    0,
    2000,
    1000,
    0,
    2000,
    1000,
    0,
    2000,
    2000,
    2000,
    1000,
    2000,
    1000,
    1000,
    2000,
    1000,
    2000,
    0,
    1000,
    2000,
    2000,
    0,
    0,
    1000,
    1000,
    1000,
    0,
    2000,
    2000,
    1000
  ],
  "policy_kwargs": {
    "net_arch": [
      {
        "vf": [
          64,
          64
        ],
        "pi": [
          64,
          64
        ]
      }
    ]
  },
  "gamma": [
    0.9991720392394411,
    0.9996672074945108,
    0.9994392624991166,
    0.9990435311895342,
    0.9996610968686388,
    0.9954788822650651,
    0.9979582813757563,
    0.9956419857354575,
    0.998247718646999,
    0.99984375,
    0.9996303482499603,
    0.9978332290396387,
    0.99984375,
    0.9989491429695506,
    0.9995181195391807,
    0.99984375,
    0.9995852843242928,
    0.9989766371856884,
    0.9985756329108465,
    0.9880528476075267,
    0.9967901566701669,
    0.9961895771130507,
    0.9996651269828363,
    0.9987020462079573,
    0.9994869873637366,
    0.9994773868315485,
    0.99984375,
    0.9806878126396371,
    0.999281475477307,
    0.9992838920118595
  ],
  "lam": [
    0.9994626146450273,
    0.9994010121601764,
    0.9994080092149646,
    0.9998068519462294,
    0.9995738016708037,
    0.9994237158549814,
    0.999258713210248,
    0.9997149101379127,
    0.9994816733784808,
    0.9404673206645343,
    0.9995649101789255,
    0.9998001980892459,
    0.9903839201281953,
    0.9996696729718344,
    0.9993080215548202,
    0.9994576583492336,
    0.99984375,
    0.9862204648739039,
    0.9998087315498915,
    0.9979074715102042,
    0.99984375,
    0.9990842969955732,
    0.9976212472283135,
    0.9975565289717119,
    0.999658330713837,
    0.9991447093822826,
    0.9956051213260413,
    0.9983952542732657,
    0.9982005280941385,
    0.9723012342723845
  ],
  "timesteps_per_actorbatch": [
    2004,
    466,
    2408,
    1596,
    3579,
    1023,
    5684,
    2233,
    341,
    381,
    579,
    138,
    975,
    4518,
    1443,
    2304,
    7240,
    184,
    807,
    2105,
    985,
    408,
    6184,
    2680,
    6855,
    1178,
    232,
    9514,
    452,
    64
  ],
  "clip_param": [
    164.64241499513048,
    43.52402852978211,
    199.99999999999991,
    188.23246758965612,
    199.99999999999991,
    39.4927761818568,
    121.58636534948666,
    155.22891495075595,
    193.17076631970076,
    21.47950844363616,
    17.05332032236972,
    70.00981659241143,
    149.3130857868765,
    45.09967725137482,
    88.31689735654071,
    153.4948380469485,
    199.99999999999991,
    0.28585405225815136,
    89.42492212669089,
    45.21141705030576,
    199.99999999999991,
    84.04186505818646,
    174.3752725350168,
    93.25913066393869,
    199.99999999999991,
    74.73082541351253,
    74.29531155768355,
    108.35041402187161,
    112.25215308401431,
    2.8627612240740126
  ],
  "entcoeff": [
    0.00010404114503030691,
    0.00025063296548100567,
    2.278710339271216e-05,
    0.00011540187772824572,
    0.0003869856426360975,
    5.7315791596247525e-05,
    7.097467280502866e-05,
    9.120425444791984e-05,
    5.198119137627285e-05,
    2.9200705810473298e-06,
    9.204388709838538e-05,
    9.75875523433839e-05,
    -3.3881317890172014e-21,
    3.424463706119063e-05,
    0.00024811529786933405,
    4.756148885818794e-05,
    0.0002972613786278437,
    -3.3881317890172014e-21,
    1.2503599915114575e-05,
    5.671869945067737e-05,
    0.00028665527133341453,
    4.60114838177085e-06,
    0.00016191347194587343,
    -3.3881317890172014e-21,
    6.2084173788934375e-06,
    0.00011474875817877315,
    8.113570114443021e-05,
    2.2458817695043045e-05,
    0.00025657203700327663,
    6.456497868738412e-06
  ],
  "optim_epochs": [
    127,
    27,
    63,
    58,
    36,
    9,
    71,
    26,
    18,
    10,
    128,
    81,
    9,
    31,
    128,
    18,
    128,
    128,
    109,
    3,
    107,
    2,
    83,
    8,
    128,
    4,
    3,
    4,
    77,
    128
  ],
  "optim_stepsize": [
    0.07435899078759661,
    0.10000000000000002,
    0.036617791439776746,
    0.05416588330037867,
    0.10000000000000002,
    0.10000000000000002,
    0.030388687752656737,
    0.10000000000000002,
    0.10000000000000002,
    0.10000000000000002,
    0.10000000000000002,
    0.05166655799264897,
    0.10000000000000002,
    0.016904870401559195,
    0.015418251219595435,
    0.04904116211114161,
    0.10000000000000002,
    0.10000000000000002,
    0.10000000000000002,
    0.10000000000000002,
    0.10000000000000002,
    0.10000000000000002,
    0.06799051039390754,
    0.10000000000000002,
    0.09583144107318156,
    0.10000000000000002,
    0.10000000000000002,
    0.09699306800914755,
    0.04104822028384929,
    0.10000000000000002
  ],
  "optim_minibatches": [
    19,
    64,
    64,
    16,
    11,
    21,
    15,
    13,
    64,
    54,
    18,
    23,
    62,
    46,
    64,
    64,
    64,
    1,
    64,
    19,
    39,
    55,
    7,
    64,
    25,
    64,
    48,
    3,
    13,
    64
  ],
  "adam_epsilon": [
    4.425930746422689e-06,
    1.6121721418041422e-06,
    9.03095482039979e-06,
    4.188996344133793e-07,
    7.79743595563992e-06,
    1.0320095725038104e-06,
    1.980201248115184e-05,
    1.3750344438405964e-05,
    2.4026822591133347e-06,
    9.620091961702572e-06,
    4.674615752562623e-06,
    1.4130457544605771e-06,
    1.2567981980046484e-05,
    1.945877077359834e-05,
    8.544025209557793e-06,
    2.381229117446329e-06,
    7.838981752150226e-06,
    1.4714700428799091e-05,
    6.7704132701077854e-06,
    4.923518007262751e-06,
    1.2628462376985504e-05,
    3.2248208398888276e-06,
    1.5210096499481073e-05,
    1.5951859216192722e-05,
    1.6079785026292967e-05,
    1.265685318928239e-06,
    2.347673832770293e-06,
    1.7148974764807588e-06,
    5.436395253966578e-06,
    1.9420459677975494e-05
  ],
  "schedule": [
    "constant",
    "constant",
    "linear",
    "linear",
    "linear",
    "constant",
    "linear",
    "constant",
    "constant",
    "constant",
    "constant",
    "linear",
    "constant",
    "linear",
    "linear",
    "constant",
    "constant",
    "constant",
    "constant",
    "constant",
    "constant",
    "constant",
    "linear",
    "constant",
    "constant",
    "constant",
    "constant",
    "linear",
    "linear",
    "constant"
  ],
  "num_envs": 4,
  "results_dir_name": "results",
  "storage_dir_name": "storage",
  "train_set": "remaining",
  "eval_set": "remaining",
  "OPENAI_LOG_FORMAT": "csv",
  "walltime_hrs": 0.3,
  "num_checkpoints": 100,
  "eval_ntrajs": 10,
  "eval_nsteps": 200,
  "eval_seed": 12345,
  "looping_tree": {
    "method": "fixed",
    "environment": "fixed",
    "total_timesteps": "fixed",
    "rng_seed": "zip",
    "policy_kwargs": "fixed",
    "gamma": "zip",
    "lam": "zip",
    "timesteps_per_actorbatch": "zip",
    "clip_param": "zip",
    "entcoeff": "zip",
    "optim_epochs": "zip",
    "optim_stepsize": "zip",
    "optim_minibatches": "zip",
    "adam_epsilon": "zip",
    "schedule": "zip"
  }
}