{
  "description": "Hyper-parameter optimization for ppo1 on a low frequency environment",
  "method": "ppo1",
  "environment": "drop_leg_100hz",
  "total_timesteps": 4000000,
  "rng_seed": [
    0,
    2000,
    1000,
    0,
    2000,
    2000,
    0,
    0,
    0,
    1000,
    1000,
    2000,
    2000,
    1000,
    2000,
    0,
    2000,
    0,
    1000,
    1000,
    1000,
    1000,
    2000,
    1000,
    2000,
    1000,
    2000,
    1000,
    0,
    2000
  ],
  "policy_kwargs": {
    "net_arch": [
      {
        "vf": [
          64,
          64
        ],
        "pi": [
          64,
          64
        ]
      }
    ]
  },
  "gamma": [
    0.99984375,
    0.9449544050808077,
    0.9765039984103222,
    0.48719344063766723,
    0.36,
    0.9487827089214043,
    0.99984375,
    0.36,
    0.36,
    0.36,
    0.991021456749135,
    0.99984375,
    0.3600000000003557,
    0.99984375,
    0.8618268927414624,
    0.99984375,
    0.36,
    0.99984375,
    0.36,
    0.9992501807609091,
    0.36,
    0.9993615828385953,
    0.36,
    0.36,
    0.99984375,
    0.36,
    0.36,
    0.36,
    0.9991076681043799,
    0.36
  ],
  "lam": [
    0.8995971348862498,
    0.36,
    0.36,
    0.9466968208017092,
    0.9926236380362399,
    0.9568228041144251,
    0.99984375,
    0.5119367552426459,
    0.6575985529006032,
    0.9016232503396558,
    0.36,
    0.99984375,
    0.9631391751536937,
    0.36,
    0.9607076054278573,
    0.99984375,
    0.9975865363752734,
    0.99984375,
    0.99984375,
    0.99984375,
    0.99984375,
    0.99984375,
    0.99984375,
    0.987336919058083,
    0.99984375,
    0.99984375,
    0.99984375,
    0.9927054323417599,
    0.99984375,
    0.8634411477067033
  ],
  "timesteps_per_actorbatch": [
    16384,
    64,
    16384,
    16384,
    503,
    940,
    16384,
    16384,
    16384,
    16384,
    16384,
    16384,
    7460,
    2063,
    16384,
    16384,
    16384,
    1620,
    16384,
    16384,
    16384,
    2062,
    16384,
    64,
    16384,
    64,
    16384,
    64,
    16384,
    3107
  ],
  "clip_param": [
    199.99999999999991,
    199.99999999999991,
    199.99999999999991,
    199.99999999999991,
    199.99999999999991,
    199.99999999999991,
    7.430069294013814,
    199.99999999999991,
    199.99999999999991,
    199.99999999999991,
    199.99999999999991,
    24.828867478260705,
    199.99999999999991,
    199.99999999999991,
    199.99999999999991,
    2.460847197472232,
    199.99999999999991,
    199.99999999999991,
    199.99999999999991,
    16.66360949416658,
    199.99999999999991,
    199.99999999999991,
    28.458239654391,
    199.99999999999991,
    73.50643030101428,
    199.99999999999991,
    32.23988200474407,
    199.99999999999991,
    30.13404661592064,
    199.99999999999991
  ],
  "entcoeff": [
    0.00011130329066179409,
    0.001,
    0.001,
    0.001,
    4.27066542886478e-05,
    0.001,
    8.376233045292166e-05,
    1.1925674968622413e-05,
    6.030122139608311e-07,
    6.320804747079063e-05,
    0.001,
    0.0003386724715765732,
    0.00013493414361327117,
    0.001,
    0.00019372666827894688,
    0.00014432432604602385,
    -3.3881317890172014e-21,
    8.53609481212307e-06,
    0.001,
    0.00012351890816754245,
    -3.3881317890172014e-21,
    5.319326807312703e-05,
    0.001,
    1.0943061072439845e-05,
    0.0009733232072885983,
    0.001,
    0.001,
    7.973657078474622e-05,
    0.001,
    1.7748818745839945e-05
  ],
  "optim_epochs": [
    12,
    128,
    128,
    2,
    1,
    128,
    128,
    128,
    128,
    128,
    128,
    128,
    1,
    128,
    8,
    128,
    1,
    14,
    128,
    128,
    128,
    128,
    128,
    128,
    59,
    128,
    19,
    6,
    128,
    128
  ],
  "optim_stepsize": [
    0.10000000000000002,
    0.10000000000000002,
    0.10000000000000002,
    0.10000000000000002,
    0.10000000000000002,
    0.10000000000000002,
    0.10000000000000002,
    0.10000000000000002,
    0.10000000000000002,
    0.10000000000000002,
    0.10000000000000002,
    0.05431731188392483,
    0.10000000000000002,
    0.10000000000000002,
    0.10000000000000002,
    0.10000000000000002,
    0.10000000000000002,
    0.10000000000000002,
    0.0037242792115400173,
    0.03605444317834084,
    0.005401020511181641,
    0.10000000000000002,
    0.10000000000000002,
    0.10000000000000002,
    0.10000000000000002,
    0.10000000000000002,
    0.10000000000000002,
    0.10000000000000002,
    0.10000000000000002,
    0.10000000000000002
  ],
  "optim_minibatches": [
    64,
    64,
    64,
    64,
    64,
    7,
    64,
    64,
    64,
    64,
    7,
    64,
    64,
    1,
    64,
    1,
    64,
    6,
    64,
    64,
    64,
    7,
    64,
    7,
    64,
    64,
    15,
    64,
    1,
    64
  ],
  "adam_epsilon": [
    1.404340594695572e-07,
    0.00010000000000000009,
    4.073671347421984e-08,
    6.574951878263722e-07,
    7.758527529424478e-06,
    0.00010000000000000009,
    0.00010000000000000009,
    4.5892619808981375e-05,
    6.423443832784512e-06,
    3.450765228743262e-05,
    1.319064063075527e-07,
    0.00010000000000000009,
    1.3259419117698375e-06,
    7.705207186264815e-07,
    7.540210667659034e-07,
    4.280910128024062e-05,
    0.00010000000000000009,
    9.999999999999982e-09,
    5.726941791037145e-06,
    0.00010000000000000009,
    0.00010000000000000009,
    1.6906024200139417e-08,
    0.00010000000000000009,
    0.00010000000000000009,
    0.00010000000000000009,
    1.007527515017026e-08,
    0.00010000000000000009,
    0.00010000000000000009,
    1.6764975431768856e-05,
    6.357911103529596e-06
  ],
  "schedule": [
    "linear",
    "constant",
    "constant",
    "constant",
    "constant",
    "constant",
    "linear",
    "constant",
    "linear",
    "linear",
    "constant",
    "linear",
    "constant",
    "constant",
    "constant",
    "linear",
    "constant",
    "linear",
    "constant",
    "linear",
    "constant",
    "linear",
    "constant",
    "constant",
    "linear",
    "constant",
    "constant",
    "constant",
    "linear",
    "constant"
  ],
  "num_envs": 4,
  "results_dir_name": "results",
  "storage_dir_name": "storage",
  "train_set": "remaining",
  "eval_set": "remaining",
  "OPENAI_LOG_FORMAT": "csv",
  "walltime_hrs": 0.3,
  "num_checkpoints": 100,
  "eval_ntrajs": 10,
  "eval_nsteps": 200,
  "eval_seed": 12345,
  "looping_tree": {
    "method": "fixed",
    "environment": "fixed",
    "total_timesteps": "fixed",
    "rng_seed": "zip",
    "policy_kwargs": "fixed",
    "gamma": "zip",
    "lam": "zip",
    "timesteps_per_actorbatch": "zip",
    "clip_param": "zip",
    "entcoeff": "zip",
    "optim_epochs": "zip",
    "optim_stepsize": "zip",
    "optim_minibatches": "zip",
    "adam_epsilon": "zip",
    "schedule": "zip"
  }
}