{
  "description": "Hyper-parameter optimization for ppo1 on a low frequency environment",
  "method": "ppo1",
  "environment": "drop_leg_100hz",
  "total_timesteps": 4000000,
  "rng_seed": [
    0,
    0,
    0,
    2000,
    2000,
    0,
    2000,
    1000,
    2000,
    2000,
    2000,
    2000,
    1000,
    0,
    0,
    0,
    0,
    2000,
    0,
    1000,
    1000,
    2000,
    2000,
    0,
    0,
    1000,
    1000,
    1000,
    0,
    0
  ],
  "policy_kwargs": {
    "net_arch": [
      {
        "vf": [
          64,
          64
        ],
        "pi": [
          64,
          64
        ]
      }
    ]
  },
  "gamma": [
    0.998920314610671,
    0.9982290797435056,
    0.9970751553762667,
    0.9951185201498245,
    0.9991998708265473,
    0.9993577975131115,
    0.9968188380870459,
    0.9987863169278882,
    0.9976926378697679,
    0.992143939583758,
    0.9965953819340203,
    0.9978410523429426,
    0.9983589508046646,
    0.9964407285304098,
    0.9984229801202223,
    0.9988686687087184,
    0.9979987040586775,
    0.9973252606630112,
    0.996858620932298,
    0.9974285668629636,
    0.9990723984567811,
    0.9924879389923098,
    0.9986189407936816,
    0.9996161624257218,
    0.9936370359482486,
    0.9994082841081496,
    0.9981972703657994,
    0.9989637699763547,
    0.998515983717909,
    0.9994272875202691
  ],
  "lam": [
    0.9893766587568131,
    0.9875789221880519,
    0.9772882775809167,
    0.9870265082858785,
    0.9940154194318638,
    0.9908704984012331,
    0.9945072078299482,
    0.9902146377275456,
    0.9945005260665818,
    0.9874649655859618,
    0.9945299511429277,
    0.9960524724223757,
    0.9952977492234395,
    0.9963529331645209,
    0.9917099545891221,
    0.9949062203783399,
    0.9901423818637163,
    0.9841630114689757,
    0.9779724013770972,
    0.9984495462558438,
    0.995720273487836,
    0.9153258586337132,
    0.9901433736837764,
    0.980120992178861,
    0.9935877129832132,
    0.9742182697568385,
    0.9986160167940483,
    0.990972920292118,
    0.9864628994811315,
    0.9692893840249026
  ],
  "timesteps_per_actorbatch": [
    117,
    438,
    2697,
    6355,
    187,
    360,
    522,
    5330,
    12000,
    2567,
    125,
    2500,
    5163,
    11823,
    707,
    620,
    126,
    2229,
    6148,
    2048,
    188,
    5775,
    504,
    861,
    1281,
    104,
    1408,
    64,
    185,
    91
  ],
  "clip_param": [
    0.6257619364815751,
    1.118151135326238,
    7.682880171144358,
    12.470495427047627,
    1.819466353625513,
    0.9271342387122546,
    0.7143521701235304,
    28.405471290434146,
    7.973302728385092,
    2.690388073885268,
    9.714151310955105,
    2.2223259952908454,
    7.108078844879254,
    4.443582273136519,
    6.046377872667912,
    3.452565475040902,
    3.7719559249493644,
    5.498149800833966,
    19.002388806486287,
    8.39540431580163,
    1.7492752483531735,
    4.507388222944095,
    12.673206696451436,
    35.1375729559795,
    54.82533964295652,
    1.1160196244876566,
    0.9101749498776085,
    0.19175073424129083,
    1.8491801001023174,
    0.37288865248045927
  ],
  "entcoeff": [
    2.2974857759328396e-05,
    3.888477856896861e-05,
    1.8730557848540655e-05,
    1.5119974630594167e-05,
    6.207826570632176e-05,
    3.458008695788386e-05,
    3.636590808871826e-05,
    4.911004056356809e-05,
    3.968496988667644e-06,
    2.055840989524796e-05,
    0.00011367952217272769,
    5.391490002263876e-05,
    7.357280845935418e-05,
    2.8498559574863948e-05,
    5.204875210396091e-05,
    5.995981630561734e-05,
    7.174789277211071e-06,
    7.242445876394775e-05,
    1.2600784472034856e-06,
    3.9814642914760046e-05,
    6.2616927747091e-05,
    1.6051027747553034e-05,
    1.956735233972714e-05,
    4.44419887193036e-05,
    7.896098862109622e-06,
    1.3771332294705758e-05,
    3.842756304207771e-05,
    1.2997451641779852e-05,
    4.2329099618876395e-06,
    2.0941509186806327e-05
  ],
  "optim_epochs": [
    9,
    17,
    20,
    39,
    16,
    7,
    17,
    26,
    45,
    20,
    5,
    50,
    25,
    10,
    18,
    33,
    6,
    11,
    23,
    54,
    65,
    8,
    12,
    31,
    56,
    6,
    69,
    6,
    13,
    6
  ],
  "optim_stepsize": [
    0.10000000000000002,
    0.10000000000000002,
    0.10000000000000002,
    0.07650316778365372,
    0.10000000000000002,
    0.10000000000000002,
    0.10000000000000002,
    0.10000000000000002,
    0.0583524554494664,
    0.10000000000000002,
    0.07120720292062123,
    0.10000000000000002,
    0.023800019864520662,
    0.10000000000000002,
    0.10000000000000002,
    0.0951638421011176,
    0.10000000000000002,
    0.0957514629569214,
    0.013803525172778273,
    0.040756630867210826,
    0.10000000000000002,
    0.0830372321840345,
    0.10000000000000002,
    0.06695570624596742,
    0.07553386893135564,
    0.10000000000000002,
    0.10000000000000002,
    0.10000000000000002,
    0.10000000000000002,
    0.10000000000000002
  ],
  "optim_minibatches": [
    5,
    13,
    16,
    5,
    7,
    20,
    6,
    15,
    7,
    13,
    9,
    15,
    21,
    17,
    32,
    2,
    22,
    6,
    5,
    5,
    7,
    11,
    9,
    10,
    30,
    7,
    8,
    6,
    21,
    15
  ],
  "adam_epsilon": [
    7.45955043545062e-06,
    3.3521348285079506e-06,
    4.407731388587985e-06,
    7.1060107898043834e-06,
    1.2902859252031002e-05,
    2.085841157138274e-06,
    3.1166350517183552e-06,
    1.177713421592422e-05,
    1.3759946562273006e-06,
    2.8040496479619317e-06,
    6.476552168584054e-06,
    2.8588579738676796e-06,
    1.165543700337133e-05,
    5.905547984555558e-06,
    1.0910229310313546e-05,
    1.9634617747556537e-05,
    1.7265766984769405e-05,
    1.4637867723781914e-05,
    9.204076765844846e-06,
    1.1023300838873608e-05,
    2.702508618318269e-05,
    6.014736554140958e-06,
    2.707424823194323e-05,
    2.9063311969445285e-05,
    1.038206269588711e-05,
    1.1769711878123927e-05,
    8.167400977624336e-06,
    8.109759492578359e-06,
    3.771505885592378e-06,
    4.986551104634133e-06
  ],
  "schedule": [
    "constant",
    "constant",
    "constant",
    "linear",
    "constant",
    "linear",
    "constant",
    "constant",
    "linear",
    "linear",
    "linear",
    "constant",
    "linear",
    "linear",
    "constant",
    "linear",
    "constant",
    "linear",
    "linear",
    "linear",
    "linear",
    "linear",
    "linear",
    "linear",
    "linear",
    "constant",
    "constant",
    "linear",
    "constant",
    "linear"
  ],
  "num_envs": 4,
  "results_dir_name": "results",
  "storage_dir_name": "storage",
  "train_set": "remaining",
  "eval_set": "remaining",
  "OPENAI_LOG_FORMAT": "csv",
  "walltime_hrs": 0.3,
  "num_checkpoints": 100,
  "eval_ntrajs": 10,
  "eval_nsteps": 200,
  "eval_seed": 12345,
  "looping_tree": {
    "method": "fixed",
    "environment": "fixed",
    "total_timesteps": "fixed",
    "rng_seed": "zip",
    "policy_kwargs": "fixed",
    "gamma": "zip",
    "lam": "zip",
    "timesteps_per_actorbatch": "zip",
    "clip_param": "zip",
    "entcoeff": "zip",
    "optim_epochs": "zip",
    "optim_stepsize": "zip",
    "optim_minibatches": "zip",
    "adam_epsilon": "zip",
    "schedule": "zip"
  }
}