{
  "description": "Hyper-parameter optimization for ppo1 on a low frequency environment",
  "method": "ppo1",
  "environment": "drop_leg_100hz",
  "total_timesteps": 4000000,
  "rng_seed": [
    2000,
    1000,
    0,
    0,
    2000,
    0,
    1000,
    2000,
    1000,
    1000,
    2000,
    2000,
    0,
    1000,
    1000,
    1000,
    2000,
    1000,
    0,
    2000,
    2000,
    1000,
    0,
    2000,
    2000,
    0,
    0,
    0,
    1000,
    1000
  ],
  "policy_kwargs": {
    "net_arch": [
      {
        "vf": [
          64,
          64
        ],
        "pi": [
          64,
          64
        ]
      }
    ]
  },
  "gamma": [
    0.9994140152617066,
    0.9995407726491362,
    0.9955702601986715,
    0.999642535556388,
    0.9979547168199048,
    0.9990418696758676,
    0.9979739907665728,
    0.9991595329112098,
    0.9938060613070713,
    0.9899676618374734,
    0.99984375,
    0.9974967920724168,
    0.995575912966306,
    0.9997749530728631,
    0.9980242744834418,
    0.9996817818863339,
    0.994785171793525,
    0.9995588192363287,
    0.9983996575575447,
    0.9991195988236791,
    0.9979509068787268,
    0.9953892149308065,
    0.9996498698117992,
    0.9992377273806277,
    0.9992131756131708,
    0.9997061503371665,
    0.996934293402084,
    0.9981731512028842,
    0.9982352103412513,
    0.9995153513663587
  ],
  "lam": [
    0.9978410854916305,
    0.9991788260511906,
    0.9778042181194668,
    0.986410310931329,
    0.9981049654366333,
    0.9920030120737751,
    0.9989051597794449,
    0.9892090474351454,
    0.9951495704489268,
    0.996561335143149,
    0.9965825122961405,
    0.9982589717533944,
    0.9929903869814829,
    0.9992788234989828,
    0.9892445561780118,
    0.9959778598386732,
    0.9938764333616694,
    0.9921008991299424,
    0.9983135695696504,
    0.9474254349606079,
    0.995214100543664,
    0.9992093067659619,
    0.9876275884200829,
    0.9975800868010991,
    0.9938739659053831,
    0.9950381316023565,
    0.9962765944072783,
    0.9927954844769491,
    0.9830188099774313,
    0.9525824998664802
  ],
  "timesteps_per_actorbatch": [
    2053,
    3608,
    336,
    1540,
    996,
    1591,
    1362,
    1384,
    770,
    78,
    4757,
    1123,
    853,
    698,
    342,
    1123,
    556,
    1643,
    9571,
    1014,
    2867,
    5007,
    107,
    4937,
    1808,
    5458,
    174,
    105,
    125,
    403
  ],
  "clip_param": [
    12.876723289256354,
    25.70836439877538,
    5.352560072363167,
    7.993544410855983,
    7.343386208953291,
    9.700855245661522,
    33.71954485452311,
    14.87295247808954,
    5.9774167438224675,
    1.4453179577586126,
    14.738090021809468,
    14.060024850077857,
    15.446774020723032,
    13.140767263686227,
    5.41497312142569,
    4.558702506735923,
    10.943225460038567,
    27.668011283620242,
    6.669149562531593,
    10.02229451799139,
    1.6511629825548757,
    9.070823750728472,
    2.392048288950053,
    19.544382068984234,
    59.89445899984468,
    25.84227048376673,
    4.389019335090364,
    0.294398871552993,
    6.476198800704216,
    3.950985742143787
  ],
  "entcoeff": [
    5.491049843593639e-06,
    1.8543755817602713e-05,
    1.1156465362130898e-05,
    1.3879799216600536e-05,
    1.238988699557378e-05,
    2.085851255462258e-05,
    1.0852372204289256e-05,
    4.010217640254357e-05,
    1.429268680467429e-05,
    2.238463142508163e-06,
    6.862414738228267e-05,
    5.166182649172214e-05,
    1.2230316734345984e-05,
    9.298157050251774e-06,
    5.6394764282996566e-05,
    1.328139125344791e-06,
    4.160271221245667e-06,
    4.1358809345517586e-05,
    4.404571325722362e-19,
    2.640241310901528e-05,
    2.0793203021976067e-06,
    5.208443766121464e-05,
    7.706629177669048e-05,
    5.33541922414771e-06,
    3.3792294518969215e-05,
    1.0390293027292542e-06,
    2.6844359139236168e-05,
    -3.3881317890172014e-21,
    4.775798350383118e-05,
    2.278323659230494e-05
  ],
  "optim_epochs": [
    42,
    67,
    3,
    32,
    12,
    109,
    18,
    10,
    40,
    21,
    76,
    90,
    4,
    11,
    11,
    83,
    59,
    11,
    87,
    9,
    128,
    42,
    2,
    84,
    23,
    90,
    6,
    41,
    12,
    38
  ],
  "optim_stepsize": [
    0.10000000000000002,
    0.10000000000000002,
    0.10000000000000002,
    0.10000000000000002,
    0.10000000000000002,
    0.10000000000000002,
    0.10000000000000002,
    0.10000000000000002,
    0.10000000000000002,
    0.09140831110424949,
    0.10000000000000002,
    0.10000000000000002,
    0.10000000000000002,
    0.08754884646861111,
    0.10000000000000002,
    0.10000000000000002,
    0.10000000000000002,
    0.10000000000000002,
    0.10000000000000002,
    0.10000000000000002,
    0.10000000000000002,
    0.09966046760856277,
    0.08470449539297413,
    0.10000000000000002,
    0.018182813953813146,
    0.10000000000000002,
    0.10000000000000002,
    0.10000000000000002,
    0.10000000000000002,
    0.10000000000000002
  ],
  "optim_minibatches": [
    20,
    48,
    34,
    11,
    44,
    16,
    11,
    7,
    23,
    45,
    20,
    37,
    64,
    19,
    64,
    5,
    11,
    53,
    16,
    5,
    3,
    46,
    11,
    8,
    20,
    64,
    53,
    8,
    35,
    4
  ],
  "adam_epsilon": [
    6.095565894414968e-06,
    1.339061379536133e-05,
    5.622989137805985e-06,
    4.740116385234808e-06,
    5.602517226637197e-06,
    1.0534541521691571e-05,
    9.815764078670492e-06,
    2.651691803021905e-06,
    1.237405743283933e-05,
    1.2348494778352813e-05,
    6.630500543662692e-06,
    3.436352383196583e-05,
    4.654787646922072e-06,
    4.787564553307736e-06,
    8.65861275490908e-06,
    7.010995439766655e-06,
    4.20196962218614e-05,
    5.812195192007921e-06,
    1.13359728138273e-05,
    7.167108700912557e-06,
    8.206049225081438e-06,
    8.924121146453581e-06,
    5.477043076873639e-06,
    3.152373996666544e-05,
    3.683451104235058e-06,
    2.13357909958217e-05,
    1.292420483619521e-05,
    8.082594267709977e-06,
    2.4225677928949013e-06,
    1.1170803093278702e-05
  ],
  "schedule": [
    "linear",
    "linear",
    "linear",
    "linear",
    "linear",
    "linear",
    "linear",
    "linear",
    "linear",
    "linear",
    "linear",
    "linear",
    "linear",
    "linear",
    "linear",
    "linear",
    "linear",
    "linear",
    "linear",
    "linear",
    "linear",
    "linear",
    "linear",
    "linear",
    "linear",
    "linear",
    "linear",
    "linear",
    "linear",
    "linear"
  ],
  "num_envs": 4,
  "results_dir_name": "results",
  "storage_dir_name": "storage",
  "train_set": "remaining",
  "eval_set": "remaining",
  "OPENAI_LOG_FORMAT": "csv",
  "walltime_hrs": 0.3,
  "num_checkpoints": 100,
  "eval_ntrajs": 10,
  "eval_nsteps": 200,
  "eval_seed": 12345,
  "looping_tree": {
    "method": "fixed",
    "environment": "fixed",
    "total_timesteps": "fixed",
    "rng_seed": "zip",
    "policy_kwargs": "fixed",
    "gamma": "zip",
    "lam": "zip",
    "timesteps_per_actorbatch": "zip",
    "clip_param": "zip",
    "entcoeff": "zip",
    "optim_epochs": "zip",
    "optim_stepsize": "zip",
    "optim_minibatches": "zip",
    "adam_epsilon": "zip",
    "schedule": "zip"
  }
}