{
  "description": "Hyper-parameter optimization for ppo1 on a low frequency environment",
  "method": "ppo1",
  "environment": "drop_leg_100hz",
  "total_timesteps": 4000000,
  "rng_seed": [
    0,
    2000,
    0,
    1000,
    1000,
    0,
    1000,
    1000,
    0,
    1000,
    0,
    0,
    0,
    1000,
    2000,
    2000,
    1000,
    0,
    0,
    2000,
    2000,
    1000,
    0,
    2000,
    2000,
    0,
    2000,
    0,
    1000,
    2000
  ],
  "policy_kwargs": {
    "net_arch": [
      {
        "vf": [
          64,
          64
        ],
        "pi": [
          64,
          64
        ]
      }
    ]
  },
  "gamma": [
    0.99984375,
    0.99984375,
    0.99984375,
    0.99984375,
    0.9923691040668646,
    0.99984375,
    0.99984375,
    0.9998322783873392,
    0.99984375,
    0.9647226553186653,
    0.99984375,
    0.99984375,
    0.99984375,
    0.8586807078752909,
    0.99984375,
    0.99984375,
    0.99984375,
    0.9907421783386308,
    0.9570492876260107,
    0.99984375,
    0.9975922407859052,
    0.99984375,
    0.99984375,
    0.99984375,
    0.99984375,
    0.9941503928306298,
    0.99984375,
    0.9989720966954565,
    0.9990524121439495,
    0.99984375
  ],
  "lam": [
    0.99984375,
    0.9932679211520944,
    0.99984375,
    0.99984375,
    0.99984375,
    0.9919340292255856,
    0.9416968804879364,
    0.99984375,
    0.9982009367655011,
    0.99984375,
    0.99984375,
    0.9972781016361362,
    0.99984375,
    0.99984375,
    0.99984375,
    0.99984375,
    0.9970702469600212,
    0.92294524726311,
    0.99984375,
    0.9573898235953864,
    0.9982869507783738,
    0.99984375,
    0.99984375,
    0.99984375,
    0.9998277470836062,
    0.99984375,
    0.99984375,
    0.99984375,
    0.99984375,
    0.9996586799254186
  ],
  "timesteps_per_actorbatch": [
    109,
    567,
    808,
    16384,
    16384,
    337,
    717,
    16384,
    823,
    16384,
    777,
    64,
    16384,
    16384,
    6867,
    75,
    64,
    16384,
    474,
    723,
    16384,
    16384,
    616,
    1245,
    64,
    16384,
    64,
    9092,
    16384,
    2271
  ],
  "clip_param": [
    6.153106428491446,
    5.037587828142559,
    5.865460181282546,
    199.99999999999991,
    199.99999999999991,
    199.99999999999991,
    199.99999999999991,
    199.99999999999991,
    21.93318019359615,
    199.99999999999991,
    8.845162645042826,
    5.526308744137502,
    199.99999999999991,
    199.99999999999991,
    3.7979835086151645,
    5.0086904726015975,
    199.99999999999991,
    199.99999999999991,
    199.99999999999991,
    9.918033387669809,
    199.99999999999991,
    4.063222168416065,
    7.2711152957394605,
    199.99999999999991,
    13.584095563180274,
    4.7913012509366375,
    2.5007219464469803,
    199.99999999999991,
    199.99999999999991,
    28.602448214034546
  ],
  "entcoeff": [
    0.001,
    0.001,
    0.001,
    -3.3881317890172014e-21,
    0.001,
    0.001,
    0.001,
    -3.3881317890172014e-21,
    0.001,
    0.00017476508866087452,
    0.001,
    0.001,
    0.001,
    0.00010115247969051594,
    0.001,
    0.001,
    0.001,
    0.00036472198484445645,
    -3.3881317890172014e-21,
    0.001,
    0.0002406840166170718,
    0.001,
    0.0006786953733734584,
    0.001,
    0.001,
    0.00041213800585607923,
    0.0002306497358565687,
    1.5603643083737838e-05,
    1.192055352325383e-05,
    0.001
  ],
  "optim_epochs": [
    128,
    128,
    128,
    128,
    1,
    128,
    128,
    25,
    128,
    128,
    128,
    128,
    128,
    128,
    128,
    128,
    128,
    128,
    128,
    128,
    33,
    4,
    128,
    128,
    39,
    128,
    128,
    128,
    14,
    128
  ],
  "optim_stepsize": [
    0.10000000000000002,
    0.10000000000000002,
    0.10000000000000002,
    0.018572612659344602,
    0.10000000000000002,
    0.10000000000000002,
    0.10000000000000002,
    0.10000000000000002,
    0.10000000000000002,
    0.10000000000000002,
    0.10000000000000002,
    0.10000000000000002,
    0.0068635768503065115,
    0.10000000000000002,
    0.10000000000000002,
    0.10000000000000002,
    0.10000000000000002,
    0.10000000000000002,
    0.10000000000000002,
    0.10000000000000002,
    0.10000000000000002,
    0.10000000000000002,
    0.10000000000000002,
    0.007481099475910175,
    0.10000000000000002,
    0.10000000000000002,
    0.10000000000000002,
    0.10000000000000002,
    0.043099790619250275,
    0.10000000000000002
  ],
  "optim_minibatches": [
    64,
    64,
    1,
    64,
    64,
    64,
    64,
    64,
    64,
    2,
    8,
    64,
    64,
    64,
    1,
    4,
    1,
    64,
    64,
    64,
    64,
    64,
    64,
    64,
    1,
    64,
    64,
    64,
    64,
    14
  ],
  "adam_epsilon": [
    2.571006559065699e-07,
    1.1462507066165653e-06,
    1.8024175111707908e-06,
    0.00010000000000000009,
    0.00010000000000000009,
    2.33473077154754e-07,
    1.1361155212727885e-06,
    0.00010000000000000009,
    2.1781065643023616e-07,
    0.00010000000000000009,
    5.584021481052418e-07,
    1.3271538880887847e-06,
    0.00010000000000000009,
    0.00010000000000000009,
    1.5075811071184969e-06,
    1.8479146827579999e-06,
    1.080503068575839e-05,
    2.361086663986623e-06,
    0.00010000000000000009,
    1.8643839715694974e-06,
    2.310260403213659e-08,
    2.9046603979974303e-05,
    5.344477668579634e-08,
    0.00010000000000000009,
    4.965695593546295e-06,
    0.00010000000000000009,
    1.4383101330057466e-06,
    0.00010000000000000009,
    0.00010000000000000009,
    2.023158619521086e-07
  ],
  "schedule": [
    "constant",
    "constant",
    "linear",
    "linear",
    "constant",
    "constant",
    "linear",
    "linear",
    "constant",
    "constant",
    "constant",
    "constant",
    "linear",
    "constant",
    "constant",
    "constant",
    "linear",
    "linear",
    "linear",
    "constant",
    "linear",
    "constant",
    "linear",
    "constant",
    "linear",
    "constant",
    "linear",
    "linear",
    "constant",
    "linear"
  ],
  "num_envs": 4,
  "results_dir_name": "results",
  "storage_dir_name": "storage",
  "train_set": "remaining",
  "eval_set": "remaining",
  "OPENAI_LOG_FORMAT": "csv",
  "walltime_hrs": 0.3,
  "num_checkpoints": 100,
  "eval_ntrajs": 10,
  "eval_nsteps": 200,
  "eval_seed": 12345,
  "looping_tree": {
    "method": "fixed",
    "environment": "fixed",
    "total_timesteps": "fixed",
    "rng_seed": "zip",
    "policy_kwargs": "fixed",
    "gamma": "zip",
    "lam": "zip",
    "timesteps_per_actorbatch": "zip",
    "clip_param": "zip",
    "entcoeff": "zip",
    "optim_epochs": "zip",
    "optim_stepsize": "zip",
    "optim_minibatches": "zip",
    "adam_epsilon": "zip",
    "schedule": "zip"
  }
}