{
  "description": "Hyper-parameter optimization for ppo1 on a low frequency environment",
  "method": "ppo1",
  "environment": "drop_leg_100hz",
  "total_timesteps": 4000000,
  "rng_seed": [
    1000,
    1000,
    2000,
    2000,
    1000,
    0,
    0,
    2000,
    1000,
    1000,
    2000,
    1000,
    2000,
    2000,
    1000,
    1000,
    0,
    0,
    2000,
    0,
    2000,
    1000,
    0,
    0,
    2000,
    0,
    2000,
    0,
    1000,
    0
  ],
  "policy_kwargs": {
    "net_arch": [
      {
        "vf": [
          64,
          64
        ],
        "pi": [
          64,
          64
        ]
      }
    ]
  },
  "gamma": [
    0.8969792015546281,
    0.8826600760402452,
    0.8826740820236704,
    0.9792714780151367,
    0.9943290732487051,
    0.955545678316329,
    0.9939180709723082,
    0.8584531524520665,
    0.9212339308102596,
    0.8891757617692484,
    0.9511549397780817,
    0.9033157008490866,
    0.99984375,
    0.7784579244133194,
    0.8602736342138968,
    0.9785124186159262,
    0.9354338876430836,
    0.9979991402866367,
    0.8823312966016849,
    0.9357176666929787,
    0.9377815397543433,
    0.99984375,
    0.9992982606255902,
    0.737114536444017,
    0.4059086241666805,
    0.8841370449887351,
    0.99984375,
    0.9756830446665364,
    0.9217848491492789,
    0.8115415029473737
  ],
  "lam": [
    0.99984375,
    0.99984375,
    0.99984375,
    0.9994063819475925,
    0.99984375,
    0.99984375,
    0.99984375,
    0.9933641238832692,
    0.9996632581771037,
    0.99984375,
    0.99984375,
    0.99984375,
    0.99984375,
    0.9961746134704377,
    0.99984375,
    0.99984375,
    0.9988747901280456,
    0.99984375,
    0.9992920345674985,
    0.99984375,
    0.99984375,
    0.36,
    0.9977146543419506,
    0.99984375,
    0.99984375,
    0.99984375,
    0.9915839144795203,
    0.99984375,
    0.99984375,
    0.9995739611464647
  ],
  "timesteps_per_actorbatch": [
    122,
    1001,
    1067,
    64,
    16384,
    1027,
    16384,
    16384,
    5701,
    3559,
    16384,
    16384,
    16384,
    1411,
    64,
    2198,
    16384,
    16384,
    69,
    633,
    1001,
    16384,
    16384,
    64,
    66,
    16384,
    64,
    292,
    846,
    3053
  ],
  "clip_param": [
    199.99999999999991,
    199.99999999999991,
    199.99999999999991,
    199.99999999999991,
    199.99999999999991,
    100.2049162571932,
    20.125721285400747,
    14.892984394390268,
    199.99999999999991,
    199.99999999999991,
    11.448553333762803,
    199.99999999999991,
    0.02,
    43.18473860941911,
    199.99999999999991,
    38.4925511586152,
    35.39666774228138,
    57.98484288863331,
    199.99999999999991,
    199.99999999999991,
    199.99999999999991,
    199.99999999999991,
    0.7162012821711029,
    199.99999999999991,
    199.99999999999991,
    199.99999999999991,
    199.99999999999991,
    78.9950215190434,
    199.99999999999991,
    199.99999999999991
  ],
  "entcoeff": [
    0.001,
    0.00020829924243104494,
    3.064231269554421e-05,
    0.001,
    -3.3881317890172014e-21,
    0.001,
    2.599540101846759e-05,
    -3.3881317890172014e-21,
    4.04527361584855e-06,
    0.00011840028157176607,
    0.001,
    5.9534897437878436e-05,
    2.9465866746376663e-06,
    -3.3881317890172014e-21,
    0.00013480114254239538,
    0.001,
    0.001,
    4.0960733811969476e-05,
    0.001,
    0.001,
    0.001,
    -3.3881317890172014e-21,
    0.00010254262482031228,
    0.001,
    0.001,
    4.3329327120712237e-05,
    0.001,
    0.001,
    0.001,
    2.3047391386624564e-05
  ],
  "optim_epochs": [
    1,
    1,
    1,
    1,
    128,
    128,
    128,
    128,
    1,
    4,
    128,
    5,
    128,
    128,
    1,
    128,
    128,
    128,
    1,
    1,
    1,
    128,
    128,
    128,
    4,
    128,
    1,
    1,
    4,
    4
  ],
  "optim_stepsize": [
    0.10000000000000002,
    0.10000000000000002,
    0.10000000000000002,
    0.10000000000000002,
    0.10000000000000002,
    0.10000000000000002,
    0.10000000000000002,
    0.10000000000000002,
    0.10000000000000002,
    0.10000000000000002,
    0.10000000000000002,
    0.10000000000000002,
    0.10000000000000002,
    0.10000000000000002,
    0.10000000000000002,
    0.10000000000000002,
    0.10000000000000002,
    0.10000000000000002,
    0.10000000000000002,
    0.10000000000000002,
    0.10000000000000002,
    0.10000000000000002,
    0.10000000000000002,
    0.10000000000000002,
    0.10000000000000002,
    0.006255467192049173,
    0.10000000000000002,
    0.10000000000000002,
    0.10000000000000002,
    0.10000000000000002
  ],
  "optim_minibatches": [
    6,
    64,
    64,
    3,
    64,
    1,
    64,
    15,
    64,
    64,
    64,
    64,
    18,
    64,
    2,
    4,
    5,
    15,
    23,
    24,
    64,
    64,
    1,
    1,
    3,
    64,
    1,
    64,
    3,
    64
  ],
  "adam_epsilon": [
    0.00010000000000000009,
    2.7913663055558854e-06,
    8.363897891319605e-07,
    9.47656696684955e-05,
    9.999999999999982e-09,
    0.00010000000000000009,
    1.9949946471223036e-08,
    1.081707884705601e-05,
    8.502659559211371e-07,
    1.907613294415305e-06,
    1.076963130411672e-07,
    3.3711857599731063e-06,
    2.3721481306972e-06,
    6.8102884952767275e-06,
    9.904662505728615e-05,
    0.00010000000000000009,
    0.00010000000000000009,
    1.0620892956158258e-08,
    3.5744589151874146e-05,
    0.00010000000000000009,
    9.328182945682762e-06,
    3.655099098028493e-07,
    7.282252033925668e-06,
    0.00010000000000000009,
    0.00010000000000000009,
    8.790225851401785e-07,
    0.00010000000000000009,
    3.452851674743105e-05,
    0.00010000000000000009,
    1.7450528469630287e-06
  ],
  "schedule": [
    "constant",
    "constant",
    "constant",
    "constant",
    "constant",
    "constant",
    "constant",
    "constant",
    "constant",
    "constant",
    "constant",
    "constant",
    "constant",
    "constant",
    "constant",
    "constant",
    "constant",
    "constant",
    "constant",
    "constant",
    "constant",
    "linear",
    "constant",
    "constant",
    "constant",
    "constant",
    "constant",
    "constant",
    "constant",
    "constant"
  ],
  "num_envs": 4,
  "results_dir_name": "results",
  "storage_dir_name": "storage",
  "train_set": "remaining",
  "eval_set": "remaining",
  "OPENAI_LOG_FORMAT": "csv",
  "walltime_hrs": 0.3,
  "num_checkpoints": 100,
  "eval_ntrajs": 10,
  "eval_nsteps": 200,
  "eval_seed": 12345,
  "looping_tree": {
    "method": "fixed",
    "environment": "fixed",
    "total_timesteps": "fixed",
    "rng_seed": "zip",
    "policy_kwargs": "fixed",
    "gamma": "zip",
    "lam": "zip",
    "timesteps_per_actorbatch": "zip",
    "clip_param": "zip",
    "entcoeff": "zip",
    "optim_epochs": "zip",
    "optim_stepsize": "zip",
    "optim_minibatches": "zip",
    "adam_epsilon": "zip",
    "schedule": "zip"
  }
}