{
  "description": "Hyper-parameter optimization for ppo1 on a low frequency environment",
  "method": "ppo1",
  "environment": "drop_leg_100hz",
  "total_timesteps": 4000000,
  "rng_seed": [
    2000,
    0,
    2000,
    1000,
    2000,
    0,
    0,
    0,
    2000,
    2000,
    0,
    2000,
    1000,
    2000,
    0,
    2000,
    1000,
    1000,
    0,
    0,
    0,
    2000,
    2000,
    1000,
    1000,
    0,
    0,
    2000,
    1000,
    0
  ],
  "policy_kwargs": {
    "net_arch": [
      {
        "vf": [
          64,
          64
        ],
        "pi": [
          64,
          64
        ]
      }
    ]
  },
  "gamma": [
    0.9903354388775951,
    0.36,
    0.9940158833260789,
    0.36,
    0.99984375,
    0.99984375,
    0.9981952715145957,
    0.99984375,
    0.9931183090714988,
    0.99984375,
    0.99984375,
    0.9936798254600111,
    0.99984375,
    0.99984375,
    0.99984375,
    0.36,
    0.9504144470019257,
    0.993184249103777,
    0.9979628824602452,
    0.997526404018576,
    0.99984375,
    0.9951004293710494,
    0.9934772106510871,
    0.9966526897851108,
    0.36,
    0.9991111696750754,
    0.36,
    0.99984375,
    0.9956591206639458,
    0.99984375
  ],
  "lam": [
    0.9851723881760878,
    0.7721988399755961,
    0.9748777744008046,
    0.8680990389539951,
    0.9763384669124967,
    0.9734573501455387,
    0.9956211158764244,
    0.99984375,
    0.36,
    0.7725689525228457,
    0.968085528145003,
    0.9949662008264355,
    0.9873218221721032,
    0.36,
    0.99984375,
    0.9283716831602827,
    0.99984375,
    0.9589307895649157,
    0.996668919884034,
    0.9907241605865654,
    0.9638296101400003,
    0.9946159311411424,
    0.9889447305130864,
    0.96971920520308,
    0.974217867745444,
    0.9930340691210187,
    0.9697396130508532,
    0.99984375,
    0.995204248435608,
    0.99984375
  ],
  "timesteps_per_actorbatch": [
    1355,
    16384,
    13430,
    16384,
    16384,
    64,
    2413,
    64,
    16384,
    64,
    64,
    64,
    152,
    16384,
    64,
    16384,
    579,
    319,
    64,
    110,
    16384,
    587,
    64,
    737,
    16384,
    16384,
    16384,
    16384,
    64,
    64
  ],
  "clip_param": [
    199.99999999999991,
    199.99999999999991,
    199.99999999999991,
    199.99999999999991,
    199.99999999999991,
    199.99999999999991,
    199.99999999999991,
    199.99999999999991,
    199.99999999999991,
    199.99999999999991,
    22.03248728298613,
    199.99999999999991,
    199.99999999999991,
    199.99999999999991,
    199.99999999999991,
    199.99999999999991,
    199.99999999999991,
    199.99999999999991,
    199.99999999999991,
    199.99999999999991,
    199.99999999999991,
    199.99999999999991,
    199.99999999999991,
    199.99999999999991,
    199.99999999999991,
    199.99999999999991,
    199.99999999999991,
    0.06906216905975078,
    199.99999999999991,
    199.99999999999991
  ],
  "entcoeff": [
    0.001,
    0.001,
    0.001,
    0.001,
    0.00016618080955554382,
    0.001,
    0.001,
    0.001,
    1.8892078814364697e-05,
    0.001,
    0.001,
    0.001,
    0.001,
    0.001,
    6.0308492287581e-05,
    0.001,
    0.001,
    0.001,
    0.001,
    0.001,
    0.001,
    0.001,
    0.001,
    0.001,
    0.001,
    0.001,
    7.978028487056118e-05,
    0.0003863422048104819,
    0.001,
    1.8241553700857493e-06
  ],
  "optim_epochs": [
    128,
    128,
    128,
    128,
    4,
    1,
    128,
    128,
    16,
    2,
    128,
    128,
    1,
    1,
    128,
    17,
    128,
    128,
    128,
    37,
    1,
    128,
    128,
    61,
    2,
    128,
    4,
    128,
    128,
    128
  ],
  "optim_stepsize": [
    0.10000000000000002,
    0.10000000000000002,
    0.10000000000000002,
    0.10000000000000002,
    0.10000000000000002,
    0.10000000000000002,
    0.10000000000000002,
    0.10000000000000002,
    0.10000000000000002,
    0.10000000000000002,
    0.10000000000000002,
    0.10000000000000002,
    0.10000000000000002,
    0.10000000000000002,
    0.10000000000000002,
    0.10000000000000002,
    0.10000000000000002,
    0.10000000000000002,
    0.10000000000000002,
    0.10000000000000002,
    0.10000000000000002,
    0.10000000000000002,
    0.10000000000000002,
    0.10000000000000002,
    0.10000000000000002,
    0.10000000000000002,
    0.10000000000000002,
    0.10000000000000002,
    0.10000000000000002,
    0.10000000000000002
  ],
  "optim_minibatches": [
    1,
    64,
    1,
    4,
    6,
    1,
    1,
    1,
    64,
    1,
    1,
    16,
    3,
    64,
    1,
    64,
    64,
    1,
    64,
    14,
    64,
    8,
    4,
    7,
    64,
    1,
    64,
    64,
    1,
    1
  ],
  "adam_epsilon": [
    9.999999999999982e-09,
    9.999999999999982e-09,
    9.999999999999982e-09,
    9.999999999999982e-09,
    9.999999999999982e-09,
    2.0874196136788358e-07,
    1.0000000000000232e-08,
    9.999999999999982e-09,
    9.999999999999982e-09,
    7.942946402013885e-07,
    3.7483251445161153e-06,
    9.999999999999982e-09,
    2.674568682750119e-08,
    0.00010000000000000009,
    9.999999999999982e-09,
    9.999999999999982e-09,
    9.999999999999982e-09,
    2.8437445819760314e-08,
    1.0000000000000409e-08,
    1.0000000000000018e-08,
    9.999999999999982e-09,
    9.999999999999982e-09,
    5.430705432642425e-08,
    1.0000000000001261e-08,
    9.999999999999982e-09,
    9.999999999999982e-09,
    9.999999999999982e-09,
    0.00010000000000000009,
    1.928402194017135e-07,
    6.504630796273212e-08
  ],
  "schedule": [
    "constant",
    "constant",
    "constant",
    "constant",
    "constant",
    "constant",
    "constant",
    "constant",
    "constant",
    "constant",
    "constant",
    "constant",
    "constant",
    "constant",
    "constant",
    "constant",
    "constant",
    "constant",
    "constant",
    "constant",
    "constant",
    "constant",
    "constant",
    "constant",
    "constant",
    "constant",
    "constant",
    "constant",
    "constant",
    "constant"
  ],
  "num_envs": 4,
  "results_dir_name": "results",
  "storage_dir_name": "storage",
  "train_set": "remaining",
  "eval_set": "remaining",
  "OPENAI_LOG_FORMAT": "csv",
  "walltime_hrs": 0.3,
  "num_checkpoints": 100,
  "eval_ntrajs": 10,
  "eval_nsteps": 200,
  "eval_seed": 12345,
  "looping_tree": {
    "method": "fixed",
    "environment": "fixed",
    "total_timesteps": "fixed",
    "rng_seed": "zip",
    "policy_kwargs": "fixed",
    "gamma": "zip",
    "lam": "zip",
    "timesteps_per_actorbatch": "zip",
    "clip_param": "zip",
    "entcoeff": "zip",
    "optim_epochs": "zip",
    "optim_stepsize": "zip",
    "optim_minibatches": "zip",
    "adam_epsilon": "zip",
    "schedule": "zip"
  }
}