{
  "description": "Hyper-parameter optimization for ppo1 on a low frequency environment",
  "method": "ppo1",
  "environment": "drop_leg_100hz",
  "total_timesteps": 4000000,
  "rng_seed": [
    0,
    2000,
    2000,
    0,
    2000,
    1000,
    1000,
    1000,
    0,
    1000,
    1000,
    0,
    2000,
    2000,
    1000,
    0,
    2000,
    0,
    2000,
    1000,
    0,
    0,
    2000,
    0,
    2000,
    0,
    1000,
    0,
    0,
    2000
  ],
  "policy_kwargs": {
    "net_arch": [
      {
        "vf": [
          64,
          64
        ],
        "pi": [
          64,
          64
        ]
      }
    ]
  },
  "gamma": [
    0.9973428772391327,
    0.99984375,
    0.9995102166779692,
    0.9862863978045023,
    0.998901332146778,
    0.9994931133850274,
    0.9978588373249953,
    0.9994146293659277,
    0.99984375,
    0.99984375,
    0.99984375,
    0.9983815204111689,
    0.9958657216967716,
    0.99984375,
    0.997768710510948,
    0.9992914519076367,
    0.9974171430910171,
    0.9969515540656168,
    0.9995424174247639,
    0.9908040905813849,
    0.99984375,
    0.99984375,
    0.9972833317253683,
    0.9959816270987024,
    0.9997288642997095,
    0.9995223881452034,
    0.9982003101280389,
    0.99116044342959,
    0.9994666017547078,
    0.9955131846525737
  ],
  "lam": [
    0.99984375,
    0.9936276745764391,
    0.99984375,
    0.99984375,
    0.9997441747718081,
    0.99984375,
    0.99984375,
    0.99984375,
    0.9845016469206828,
    0.9847022373810873,
    0.9990316193745586,
    0.99984375,
    0.99984375,
    0.9968741586935543,
    0.99984375,
    0.9619537679892519,
    0.9996209916960579,
    0.99984375,
    0.9997960649002868,
    0.99984375,
    0.9968569893282674,
    0.9977747158812872,
    0.99984375,
    0.99984375,
    0.9997439386412061,
    0.9874626957498233,
    0.99984375,
    0.99984375,
    0.99984375,
    0.9989105331838525
  ],
  "timesteps_per_actorbatch": [
    16384,
    402,
    64,
    11700,
    4478,
    16384,
    2898,
    8339,
    1223,
    10853,
    16384,
    1290,
    16384,
    3129,
    296,
    611,
    16384,
    203,
    863,
    661,
    64,
    3743,
    4863,
    2040,
    653,
    16384,
    493,
    16384,
    16384,
    730
  ],
  "clip_param": [
    38.395294510635466,
    113.3058453768922,
    26.523042739541463,
    190.1966233468141,
    56.10219522220124,
    23.488887888033712,
    96.56258795628696,
    161.78175893246868,
    10.511040294523664,
    199.99999999999991,
    78.91057710017829,
    25.694119070208668,
    54.23842520305422,
    119.53852367447315,
    20.7370633170222,
    62.46410485593153,
    19.615887942147143,
    32.8249182991599,
    35.45630140098559,
    16.701210644510127,
    191.08731708869934,
    23.590325180371224,
    32.89635224908719,
    134.6661064328883,
    50.4198137099705,
    50.331448960728785,
    199.99999999999991,
    39.487075732172684,
    46.99378168499573,
    199.99999999999991
  ],
  "entcoeff": [
    0.00014722868058189825,
    0.00022204440715930108,
    -3.3881317890172014e-21,
    7.523032010737287e-05,
    7.001445316761537e-05,
    0.0003884805276117732,
    0.00023682668299629256,
    4.616606238081453e-05,
    0.00016765958136974853,
    0.00045869993231707187,
    0.00032068428889710487,
    5.0564881560518465e-05,
    9.01968847905077e-05,
    0.00040021767493734475,
    -3.3881317890172014e-21,
    4.762997631596299e-06,
    8.682086931718799e-05,
    -3.3881317890172014e-21,
    0.0006066902662418744,
    -3.3881317890172014e-21,
    0.00024194455315144006,
    0.00030928587722472127,
    7.290435898963285e-06,
    -3.3881317890172014e-21,
    8.153162432554442e-07,
    0.0007225080964306209,
    -3.3881317890172014e-21,
    0.00040146783335438287,
    0.00016312543168849771,
    4.8438789478697185e-06
  ],
  "optim_epochs": [
    2,
    4,
    12,
    4,
    13,
    9,
    1,
    1,
    128,
    9,
    18,
    1,
    6,
    11,
    128,
    128,
    7,
    15,
    2,
    128,
    6,
    128,
    2,
    2,
    1,
    98,
    128,
    4,
    6,
    128
  ],
  "optim_stepsize": [
    0.10000000000000002,
    0.10000000000000002,
    0.10000000000000002,
    0.10000000000000002,
    0.10000000000000002,
    0.10000000000000002,
    0.10000000000000002,
    0.10000000000000002,
    0.10000000000000002,
    0.10000000000000002,
    0.10000000000000002,
    0.10000000000000002,
    0.10000000000000002,
    0.10000000000000002,
    0.10000000000000002,
    0.10000000000000002,
    0.10000000000000002,
    0.10000000000000002,
    0.10000000000000002,
    0.10000000000000002,
    0.10000000000000002,
    0.10000000000000002,
    0.10000000000000002,
    0.10000000000000002,
    0.10000000000000002,
    0.10000000000000002,
    0.10000000000000002,
    0.10000000000000002,
    0.10000000000000002,
    0.10000000000000002
  ],
  "optim_minibatches": [
    36,
    3,
    64,
    64,
    14,
    64,
    18,
    64,
    2,
    26,
    10,
    64,
    9,
    1,
    4,
    64,
    7,
    64,
    10,
    24,
    15,
    1,
    13,
    4,
    64,
    64,
    7,
    64,
    17,
    4
  ],
  "adam_epsilon": [
    7.402250273862237e-07,
    1.2481811075957132e-05,
    3.197338618851348e-06,
    8.356350556189143e-07,
    1.7039564499997896e-06,
    1.179817749556232e-06,
    2.593468278371622e-06,
    3.868631779263646e-06,
    2.6320602100182085e-05,
    3.7834516615532067e-06,
    4.612059661247913e-07,
    7.271313695853789e-07,
    4.748033149037063e-06,
    2.936042716681868e-06,
    1.753850647310646e-05,
    9.120321210800855e-05,
    6.585300707894785e-07,
    1.3392100042610137e-06,
    1.8254792448228089e-06,
    4.573673199170331e-06,
    2.943202434196281e-05,
    3.086173508344659e-05,
    1.509002872540713e-06,
    6.751244622821266e-06,
    8.108011471842268e-07,
    5.724385335068785e-06,
    1.1999775518476385e-05,
    3.849271190965973e-06,
    1.3312990052610898e-07,
    8.077267295166648e-06
  ],
  "schedule": [
    "linear",
    "constant",
    "constant",
    "linear",
    "linear",
    "linear",
    "linear",
    "linear",
    "constant",
    "constant",
    "linear",
    "linear",
    "linear",
    "constant",
    "constant",
    "constant",
    "linear",
    "linear",
    "linear",
    "linear",
    "constant",
    "constant",
    "constant",
    "constant",
    "linear",
    "constant",
    "linear",
    "linear",
    "linear",
    "linear"
  ],
  "num_envs": 4,
  "results_dir_name": "results",
  "storage_dir_name": "storage",
  "train_set": "remaining",
  "eval_set": "remaining",
  "OPENAI_LOG_FORMAT": "csv",
  "walltime_hrs": 0.3,
  "num_checkpoints": 100,
  "eval_ntrajs": 10,
  "eval_nsteps": 200,
  "eval_seed": 12345,
  "looping_tree": {
    "method": "fixed",
    "environment": "fixed",
    "total_timesteps": "fixed",
    "rng_seed": "zip",
    "policy_kwargs": "fixed",
    "gamma": "zip",
    "lam": "zip",
    "timesteps_per_actorbatch": "zip",
    "clip_param": "zip",
    "entcoeff": "zip",
    "optim_epochs": "zip",
    "optim_stepsize": "zip",
    "optim_minibatches": "zip",
    "adam_epsilon": "zip",
    "schedule": "zip"
  }
}