{
  "description": "Hyper-parameter optimization for ppo1 on a low frequency environment",
  "method": "ppo1",
  "environment": "drop_leg_100hz",
  "total_timesteps": 4000000,
  "rng_seed": [
    1000,
    0,
    0,
    1000,
    2000,
    1000,
    0,
    1000,
    0,
    0,
    2000,
    2000,
    2000,
    1000,
    1000,
    0,
    2000,
    0,
    0,
    2000,
    2000,
    2000,
    2000,
    0,
    1000,
    2000,
    1000,
    0,
    0,
    0
  ],
  "policy_kwargs": {
    "net_arch": [
      {
        "vf": [
          64,
          64
        ],
        "pi": [
          64,
          64
        ]
      }
    ]
  },
  "gamma": [
    0.9949688378758091,
    0.36,
    0.983729454289121,
    0.9456593192195831,
    0.36,
    0.36,
    0.36,
    0.9985571620427331,
    0.9951494328195989,
    0.9911444695632653,
    0.99984375,
    0.9804176576350704,
    0.9120162387568029,
    0.9952871211984128,
    0.36,
    0.36,
    0.9943075511047702,
    0.36,
    0.8811856410844475,
    0.99984375,
    0.9997195813817503,
    0.99984375,
    0.9889724081427194,
    0.99984375,
    0.99984375,
    0.99984375,
    0.36,
    0.9949056469908326,
    0.36,
    0.99984375
  ],
  "lam": [
    0.36,
    0.7165237207433479,
    0.9477523774437284,
    0.99984375,
    0.9962093968577277,
    0.9108050144216897,
    0.99984375,
    0.9976415840336077,
    0.36,
    0.9896246030762791,
    0.9956047092554293,
    0.99984375,
    0.99984375,
    0.36,
    0.99984375,
    0.9806446656155282,
    0.36,
    0.985804523428005,
    0.36,
    0.99984375,
    0.9982809587020811,
    0.8757252814955261,
    0.99984375,
    0.99984375,
    0.9660408010180828,
    0.36,
    0.9595519423149518,
    0.36,
    0.987824528236817,
    0.9457166484053985
  ],
  "timesteps_per_actorbatch": [
    16384,
    16384,
    16384,
    16384,
    16384,
    1121,
    16384,
    16384,
    16384,
    16384,
    16384,
    474,
    387,
    16384,
    16384,
    2117,
    16384,
    16384,
    16384,
    16384,
    16384,
    834,
    16384,
    16384,
    16384,
    16384,
    16384,
    16384,
    64,
    16384
  ],
  "clip_param": [
    199.99999999999991,
    199.99999999999991,
    199.99999999999991,
    10.00886441164648,
    199.99999999999991,
    199.99999999999991,
    199.99999999999991,
    0.2715996136913717,
    199.99999999999991,
    199.99999999999991,
    1.2951591887709908,
    199.99999999999991,
    199.99999999999991,
    199.99999999999991,
    199.99999999999991,
    199.99999999999991,
    48.4321400254092,
    199.99999999999991,
    199.99999999999991,
    0.47691162733888137,
    0.5279911977094066,
    199.99999999999991,
    199.99999999999991,
    199.99999999999991,
    12.052381078932717,
    199.99999999999991,
    199.99999999999991,
    199.99999999999991,
    199.99999999999991,
    199.99999999999991
  ],
  "entcoeff": [
    0.00013827518949080885,
    0.001,
    -3.3881317890172014e-21,
    -3.3881317890172014e-21,
    0.001,
    0.001,
    -3.3881317890172014e-21,
    -3.3881317890172014e-21,
    0.001,
    -3.3881317890172014e-21,
    -3.3881317890172014e-21,
    -3.3881317890172014e-21,
    -3.3881317890172014e-21,
    0.000523814879410581,
    0.001,
    0.001,
    0.000137386297911055,
    0.001,
    0.0002648946342767764,
    6.550725127627474e-05,
    9.206389057878536e-06,
    1.685915999214852e-05,
    -3.3881317890172014e-21,
    -3.3881317890172014e-21,
    -3.3881317890172014e-21,
    0.0006225082321765472,
    0.001,
    0.001,
    0.001,
    -3.3881317890172014e-21
  ],
  "optim_epochs": [
    11,
    128,
    2,
    128,
    1,
    128,
    128,
    128,
    128,
    4,
    128,
    128,
    128,
    128,
    1,
    128,
    128,
    128,
    128,
    5,
    128,
    128,
    128,
    128,
    128,
    128,
    128,
    13,
    128,
    128
  ],
  "optim_stepsize": [
    0.10000000000000002,
    0.10000000000000002,
    0.10000000000000002,
    0.10000000000000002,
    0.10000000000000002,
    0.10000000000000002,
    0.10000000000000002,
    0.10000000000000002,
    0.10000000000000002,
    0.10000000000000002,
    0.10000000000000002,
    0.10000000000000002,
    0.10000000000000002,
    0.10000000000000002,
    0.10000000000000002,
    0.10000000000000002,
    0.10000000000000002,
    0.10000000000000002,
    0.10000000000000002,
    0.10000000000000002,
    0.10000000000000002,
    0.10000000000000002,
    0.10000000000000002,
    0.0019589509984731662,
    0.10000000000000002,
    0.10000000000000002,
    0.10000000000000002,
    0.10000000000000002,
    0.10000000000000002,
    0.10000000000000002
  ],
  "optim_minibatches": [
    64,
    64,
    64,
    64,
    64,
    64,
    64,
    9,
    64,
    64,
    3,
    64,
    64,
    10,
    64,
    64,
    64,
    5,
    64,
    64,
    8,
    64,
    1,
    64,
    64,
    64,
    22,
    64,
    2,
    64
  ],
  "adam_epsilon": [
    1.2600050074994808e-06,
    1.4185268139051286e-06,
    7.198548649069626e-07,
    3.15052238901363e-07,
    0.00010000000000000009,
    7.204965284613347e-06,
    8.755824801491185e-07,
    2.6359426129375147e-06,
    9.655276330688235e-06,
    2.0228327285985832e-07,
    5.275483363560214e-07,
    1.2562318606126986e-08,
    3.3541487121382656e-08,
    2.6978977722074243e-05,
    0.00010000000000000009,
    0.00010000000000000009,
    1.1653966397090614e-05,
    0.00010000000000000009,
    1.3447228873989383e-06,
    3.6099316631413413e-07,
    1.7826695378080608e-06,
    2.300937085100609e-07,
    1.825840463917838e-08,
    5.54755305117052e-06,
    3.2137153445859574e-07,
    1.9450913242202926e-08,
    3.239601464495948e-06,
    4.714794414052695e-06,
    0.00010000000000000009,
    1.317817584303864e-06
  ],
  "schedule": [
    "constant",
    "constant",
    "constant",
    "linear",
    "constant",
    "constant",
    "constant",
    "linear",
    "constant",
    "linear",
    "constant",
    "linear",
    "constant",
    "constant",
    "constant",
    "constant",
    "linear",
    "constant",
    "linear",
    "constant",
    "constant",
    "constant",
    "constant",
    "constant",
    "constant",
    "constant",
    "constant",
    "constant",
    "constant",
    "constant"
  ],
  "num_envs": 4,
  "results_dir_name": "results",
  "storage_dir_name": "storage",
  "train_set": "remaining",
  "eval_set": "remaining",
  "OPENAI_LOG_FORMAT": "csv",
  "walltime_hrs": 0.3,
  "num_checkpoints": 100,
  "eval_ntrajs": 10,
  "eval_nsteps": 200,
  "eval_seed": 12345,
  "looping_tree": {
    "method": "fixed",
    "environment": "fixed",
    "total_timesteps": "fixed",
    "rng_seed": "zip",
    "policy_kwargs": "fixed",
    "gamma": "zip",
    "lam": "zip",
    "timesteps_per_actorbatch": "zip",
    "clip_param": "zip",
    "entcoeff": "zip",
    "optim_epochs": "zip",
    "optim_stepsize": "zip",
    "optim_minibatches": "zip",
    "adam_epsilon": "zip",
    "schedule": "zip"
  }
}