{
  "description": "Hyper-parameter optimization for ppo1 on a low frequency environment",
  "method": "ppo1",
  "environment": "drop_leg_100hz",
  "total_timesteps": 4000000,
  "rng_seed": [
    0,
    2000,
    1000,
    2000,
    1000,
    1000,
    0,
    2000,
    2000,
    2000,
    2000,
    2000,
    0,
    0,
    0,
    0,
    1000,
    1000,
    0,
    1000,
    1000,
    2000,
    1000,
    2000,
    0,
    1000,
    2000,
    2000,
    2000,
    1000
  ],
  "policy_kwargs": {
    "net_arch": [
      {
        "vf": [
          64,
          64
        ],
        "pi": [
          64,
          64
        ]
      }
    ]
  },
  "gamma": [
    0.36,
    0.9982207127028052,
    0.9939043376135277,
    0.36,
    0.36,
    0.7210948306379497,
    0.36,
    0.99984375,
    0.8074850746321851,
    0.9330158005958756,
    0.99984375,
    0.99984375,
    0.36,
    0.9889476367716282,
    0.9989285291298238,
    0.36,
    0.8484989905850292,
    0.993157192054119,
    0.9973142378691525,
    0.36,
    0.997442209759931,
    0.9266793013420492,
    0.99984375,
    0.99984375,
    0.99984375,
    0.7550019884150311,
    0.99984375,
    0.36,
    0.36,
    0.8971947967609069
  ],
  "lam": [
    0.99984375,
    0.99984375,
    0.9682538997025325,
    0.99984375,
    0.99984375,
    0.99984375,
    0.9996681473297081,
    0.36,
    0.998689770956984,
    0.99984375,
    0.9822917701197708,
    0.36,
    0.9982608890279197,
    0.9944515014502512,
    0.36,
    0.99984375,
    0.999129052717963,
    0.8706373467433977,
    0.9676706117903755,
    0.99984375,
    0.99984375,
    0.9994607466800638,
    0.9928660626475276,
    0.9667506797387386,
    0.9289028960000393,
    0.9933775984293635,
    0.99984375,
    0.99984375,
    0.99984375,
    0.5880067825039077
  ],
  "timesteps_per_actorbatch": [
    64,
    16384,
    16384,
    16384,
    64,
    64,
    16384,
    16384,
    16384,
    64,
    16384,
    2882,
    64,
    16384,
    16384,
    16384,
    64,
    16384,
    16384,
    64,
    16384,
    16384,
    16384,
    16384,
    16384,
    16384,
    16384,
    441,
    64,
    16384
  ],
  "clip_param": [
    199.99999999999991,
    199.99999999999991,
    199.99999999999991,
    199.99999999999991,
    199.99999999999991,
    199.99999999999991,
    199.99999999999991,
    199.99999999999991,
    199.99999999999991,
    199.99999999999991,
    199.99999999999991,
    199.99999999999991,
    199.99999999999991,
    199.99999999999991,
    199.99999999999991,
    199.99999999999991,
    199.99999999999991,
    199.99999999999991,
    199.99999999999991,
    199.99999999999991,
    0.603062208828937,
    199.99999999999991,
    0.3521252066256829,
    199.99999999999991,
    199.99999999999991,
    199.99999999999991,
    15.816182171720238,
    199.99999999999991,
    199.99999999999991,
    199.99999999999991
  ],
  "entcoeff": [
    -3.3881317890172014e-21,
    -3.3881317890172014e-21,
    -3.3881317890172014e-21,
    0.00015968105814073916,
    -3.3881317890172014e-21,
    -3.3881317890172014e-21,
    0.001,
    -3.3881317890172014e-21,
    0.00017560444010838127,
    2.849632367673524e-07,
    2.7810765736126487e-06,
    2.204013861588319e-05,
    0.001,
    1.2829800481319888e-05,
    2.0970168969313507e-05,
    -3.3881317890172014e-21,
    -3.3881317890172014e-21,
    1.1960244429240609e-06,
    5.2697517052423314e-06,
    0.001,
    -3.3881317890172014e-21,
    0.00013950340028131484,
    -3.3881317890172014e-21,
    -3.3881317890172014e-21,
    -3.3881317890172014e-21,
    0.00043090071700419426,
    6.150596932504497e-05,
    2.4248698903647117e-05,
    -3.3881317890172014e-21,
    0.001
  ],
  "optim_epochs": [
    128,
    3,
    128,
    128,
    1,
    18,
    128,
    128,
    128,
    128,
    128,
    128,
    128,
    128,
    128,
    128,
    1,
    128,
    128,
    128,
    128,
    128,
    128,
    128,
    6,
    128,
    128,
    13,
    128,
    128
  ],
  "optim_stepsize": [
    0.10000000000000002,
    0.10000000000000002,
    0.10000000000000002,
    0.10000000000000002,
    0.10000000000000002,
    0.10000000000000002,
    0.10000000000000002,
    0.10000000000000002,
    0.10000000000000002,
    0.10000000000000002,
    0.10000000000000002,
    0.10000000000000002,
    0.10000000000000002,
    0.10000000000000002,
    0.10000000000000002,
    0.10000000000000002,
    0.10000000000000002,
    0.10000000000000002,
    0.10000000000000002,
    0.10000000000000002,
    0.10000000000000002,
    0.10000000000000002,
    0.10000000000000002,
    0.10000000000000002,
    0.10000000000000002,
    0.10000000000000002,
    0.10000000000000002,
    0.10000000000000002,
    0.10000000000000002,
    0.10000000000000002
  ],
  "optim_minibatches": [
    2,
    64,
    64,
    64,
    64,
    7,
    64,
    64,
    64,
    4,
    2,
    64,
    64,
    64,
    64,
    64,
    14,
    64,
    64,
    64,
    9,
    64,
    64,
    64,
    64,
    64,
    64,
    7,
    64,
    64
  ],
  "adam_epsilon": [
    0.00010000000000000009,
    9.999999999999982e-09,
    5.393531095754219e-08,
    1.0983540672321993e-08,
    0.00010000000000000009,
    0.00010000000000000009,
    4.6903966031266934e-08,
    0.00010000000000000009,
    2.566503782439856e-08,
    0.00010000000000000009,
    3.618271867533322e-08,
    2.3082483356508512e-05,
    0.00010000000000000009,
    9.637540856567119e-08,
    0.00010000000000000009,
    5.5953553812717736e-08,
    3.5361782468320025e-05,
    2.1537929354533632e-07,
    8.687767180649187e-07,
    0.00010000000000000009,
    6.079340939503265e-07,
    1.2792832868230045e-07,
    5.478057721894283e-07,
    9.999999999999982e-09,
    2.926149711135516e-07,
    7.915603654191976e-08,
    9.999999999999982e-09,
    0.00010000000000000009,
    0.00010000000000000009,
    0.00010000000000000009
  ],
  "schedule": [
    "constant",
    "constant",
    "constant",
    "constant",
    "constant",
    "constant",
    "constant",
    "constant",
    "constant",
    "constant",
    "constant",
    "linear",
    "constant",
    "constant",
    "constant",
    "linear",
    "constant",
    "linear",
    "linear",
    "constant",
    "constant",
    "constant",
    "linear",
    "constant",
    "constant",
    "constant",
    "constant",
    "constant",
    "constant",
    "constant"
  ],
  "num_envs": 4,
  "results_dir_name": "results",
  "storage_dir_name": "storage",
  "train_set": "remaining",
  "eval_set": "remaining",
  "OPENAI_LOG_FORMAT": "csv",
  "walltime_hrs": 0.3,
  "num_checkpoints": 100,
  "eval_ntrajs": 10,
  "eval_nsteps": 200,
  "eval_seed": 12345,
  "looping_tree": {
    "method": "fixed",
    "environment": "fixed",
    "total_timesteps": "fixed",
    "rng_seed": "zip",
    "policy_kwargs": "fixed",
    "gamma": "zip",
    "lam": "zip",
    "timesteps_per_actorbatch": "zip",
    "clip_param": "zip",
    "entcoeff": "zip",
    "optim_epochs": "zip",
    "optim_stepsize": "zip",
    "optim_minibatches": "zip",
    "adam_epsilon": "zip",
    "schedule": "zip"
  }
}