{
  "description": "Hyper-parameter optimization for ppo1 on a low frequency environment",
  "method": "ppo1",
  "environment": "drop_leg_100hz",
  "total_timesteps": 4000000,
  "rng_seed": [
    1000,
    1000,
    0,
    2000,
    0,
    2000,
    0,
    1000,
    1000,
    0,
    0,
    0,
    0,
    1000,
    2000,
    2000,
    0,
    0,
    2000,
    0,
    2000,
    1000,
    0,
    1000,
    0,
    2000,
    0,
    2000,
    2000,
    1000
  ],
  "policy_kwargs": {
    "net_arch": [
      {
        "vf": [
          64,
          64
        ],
        "pi": [
          64,
          64
        ]
      }
    ]
  },
  "gamma": [
    0.987175543143711,
    0.9010866034308078,
    0.9878579592959861,
    0.36,
    0.950480477026944,
    0.36,
    0.99984375,
    0.99984375,
    0.99984375,
    0.9674339049294448,
    0.36,
    0.36,
    0.9965037083216867,
    0.36,
    0.9894465675889752,
    0.99984375,
    0.9918278566251297,
    0.9974009771967767,
    0.36,
    0.987084255209323,
    0.9922407330851817,
    0.9952918275361845,
    0.99984375,
    0.99984375,
    0.9990576730879652,
    0.9681416514879316,
    0.9463319689944036,
    0.9862730542167097,
    0.9701006858069343,
    0.99984375
  ],
  "lam": [
    0.9101506700823289,
    0.9908916852586586,
    0.9952913998478149,
    0.9987139126948184,
    0.703111480489676,
    0.9982997134739476,
    0.36,
    0.36,
    0.36,
    0.36,
    0.36,
    0.9987571748678299,
    0.9844224623803427,
    0.983691897173915,
    0.7535147932412317,
    0.99984375,
    0.9785973186105461,
    0.36,
    0.997073505656079,
    0.87304835576584,
    0.9927582815418137,
    0.997758159333243,
    0.99984375,
    0.9927133124058319,
    0.8933213316158934,
    0.9659846551406573,
    0.9956543403990542,
    0.9931915977937229,
    0.9965350794194686,
    0.99984375
  ],
  "timesteps_per_actorbatch": [
    16384,
    64,
    64,
    16384,
    64,
    64,
    64,
    16384,
    64,
    16384,
    16384,
    805,
    64,
    64,
    64,
    16384,
    384,
    64,
    354,
    64,
    64,
    16384,
    64,
    64,
    361,
    64,
    16384,
    64,
    64,
    16384
  ],
  "clip_param": [
    199.99999999999991,
    199.99999999999991,
    199.99999999999991,
    199.99999999999991,
    199.99999999999991,
    199.99999999999991,
    199.99999999999991,
    199.99999999999991,
    199.99999999999991,
    199.99999999999991,
    199.99999999999991,
    199.99999999999991,
    199.99999999999991,
    199.99999999999991,
    199.99999999999991,
    0.02,
    199.99999999999991,
    199.99999999999991,
    199.99999999999991,
    199.99999999999991,
    199.99999999999991,
    199.99999999999991,
    199.99999999999991,
    17.372033275368768,
    199.99999999999991,
    199.99999999999991,
    10.306026820455108,
    26.10470396353958,
    199.99999999999991,
    0.4500792740822449
  ],
  "entcoeff": [
    0.001,
    -3.3881317890172014e-21,
    -3.3881317890172014e-21,
    -3.3881317890172014e-21,
    0.001,
    2.8480240656796644e-06,
    0.001,
    0.001,
    0.001,
    0.001,
    0.001,
    -3.3881317890172014e-21,
    2.958372832344469e-05,
    -3.3881317890172014e-21,
    0.001,
    0.00026915437508528994,
    1.7198029228095415e-05,
    0.001,
    1.990235079982796e-05,
    0.001,
    4.9178927811839126e-05,
    -3.3881317890172014e-21,
    -3.3881317890172014e-21,
    7.067542428974771e-05,
    0.001,
    1.556891337662656e-05,
    -3.3881317890172014e-21,
    -3.3881317890172014e-21,
    2.8832727803873725e-05,
    -3.3881317890172014e-21
  ],
  "optim_epochs": [
    1,
    1,
    1,
    1,
    1,
    1,
    1,
    128,
    2,
    1,
    1,
    1,
    1,
    128,
    1,
    128,
    1,
    128,
    6,
    1,
    1,
    128,
    1,
    1,
    128,
    1,
    1,
    1,
    1,
    128
  ],
  "optim_stepsize": [
    0.10000000000000002,
    0.10000000000000002,
    0.10000000000000002,
    0.10000000000000002,
    0.10000000000000002,
    0.10000000000000002,
    0.10000000000000002,
    0.10000000000000002,
    0.10000000000000002,
    0.10000000000000002,
    0.10000000000000002,
    0.10000000000000002,
    0.10000000000000002,
    0.10000000000000002,
    0.10000000000000002,
    0.10000000000000002,
    0.10000000000000002,
    0.10000000000000002,
    0.10000000000000002,
    0.10000000000000002,
    0.10000000000000002,
    0.03318287723399517,
    0.10000000000000002,
    0.10000000000000002,
    0.10000000000000002,
    0.10000000000000002,
    0.10000000000000002,
    0.10000000000000002,
    0.10000000000000002,
    0.10000000000000002
  ],
  "optim_minibatches": [
    64,
    64,
    64,
    64,
    64,
    64,
    64,
    1,
    8,
    64,
    64,
    64,
    64,
    64,
    64,
    1,
    64,
    1,
    64,
    9,
    11,
    64,
    64,
    3,
    1,
    64,
    64,
    11,
    6,
    64
  ],
  "adam_epsilon": [
    0.00010000000000000009,
    1.1271773167806697e-07,
    1.894453834337507e-07,
    9.999999999999982e-09,
    8.484955317559805e-06,
    9.999999999999982e-09,
    0.00010000000000000009,
    9.999999999999982e-09,
    9.743508436497972e-05,
    2.775775438451557e-06,
    9.577170625735496e-08,
    9.999999999999982e-09,
    2.1496866266311172e-07,
    6.018653499608496e-08,
    6.349257961150005e-05,
    4.272821322995065e-06,
    1.0920158263128952e-07,
    3.033988321349035e-06,
    1.0122247857303494e-08,
    6.302778946635567e-06,
    2.394694885255621e-07,
    0.00010000000000000009,
    2.3592391437115792e-08,
    2.9526231640259087e-06,
    3.4341695846617384e-06,
    2.984902153575494e-07,
    2.0130213663378893e-06,
    4.690237174555359e-06,
    8.378238345764405e-07,
    3.638535842743145e-05
  ],
  "schedule": [
    "constant",
    "constant",
    "constant",
    "constant",
    "constant",
    "constant",
    "constant",
    "linear",
    "linear",
    "linear",
    "constant",
    "constant",
    "constant",
    "constant",
    "constant",
    "linear",
    "constant",
    "constant",
    "constant",
    "constant",
    "constant",
    "linear",
    "constant",
    "constant",
    "constant",
    "constant",
    "constant",
    "constant",
    "constant",
    "constant"
  ],
  "num_envs": 4,
  "results_dir_name": "results",
  "storage_dir_name": "storage",
  "train_set": "remaining",
  "eval_set": "remaining",
  "OPENAI_LOG_FORMAT": "csv",
  "walltime_hrs": 0.3,
  "num_checkpoints": 100,
  "eval_ntrajs": 10,
  "eval_nsteps": 200,
  "eval_seed": 12345,
  "looping_tree": {
    "method": "fixed",
    "environment": "fixed",
    "total_timesteps": "fixed",
    "rng_seed": "zip",
    "policy_kwargs": "fixed",
    "gamma": "zip",
    "lam": "zip",
    "timesteps_per_actorbatch": "zip",
    "clip_param": "zip",
    "entcoeff": "zip",
    "optim_epochs": "zip",
    "optim_stepsize": "zip",
    "optim_minibatches": "zip",
    "adam_epsilon": "zip",
    "schedule": "zip"
  }
}