{
  "description": "Hyper-parameter optimization for ppo1 on a low frequency environment",
  "method": "ppo1",
  "environment": "drop_leg_100hz",
  "total_timesteps": 4000000,
  "rng_seed": [
    0,
    1000,
    2000,
    2000,
    0,
    1000,
    2000,
    1000,
    2000,
    0,
    1000,
    1000,
    1000,
    0,
    1000,
    1000,
    2000,
    2000,
    1000,
    0,
    1000,
    2000,
    0,
    0,
    2000,
    1000,
    2000,
    1000,
    2000,
    2000
  ],
  "policy_kwargs": {
    "net_arch": [
      {
        "vf": [
          64,
          64
        ],
        "pi": [
          64,
          64
        ]
      }
    ]
  },
  "gamma": [
    0.5332294894134784,
    0.9993036792008251,
    0.991106633155468,
    0.36,
    0.8972356872326648,
    0.96928221098168,
    0.9917956673773081,
    0.36,
    0.99984375,
    0.7192847461378145,
    0.996780209177879,
    0.36,
    0.9754738217126233,
    0.9992685681002192,
    0.36,
    0.9912980557180492,
    0.36,
    0.9986936775581874,
    0.36000000000018206,
    0.99984375,
    0.36,
    0.99984375,
    0.99984375,
    0.9307413197180133,
    0.99984375,
    0.99984375,
    0.9992690422399074,
    0.9997403829053455,
    0.36,
    0.8927248473033588
  ],
  "lam": [
    0.36,
    0.36,
    0.36,
    0.976303113413611,
    0.9985719688381257,
    0.99984375,
    0.4890486857045869,
    0.99984375,
    0.36,
    0.9787029874184612,
    0.36,
    0.9686108399511212,
    0.9946972460384972,
    0.36,
    0.36,
    0.99984375,
    0.9953675914977579,
    0.36,
    0.9253656266319712,
    0.9580318607072951,
    0.9983211970653271,
    0.9184758990231622,
    0.36,
    0.9987364878928925,
    0.36,
    0.99984375,
    0.36,
    0.39929489960289,
    0.36,
    0.99984375
  ],
  "timesteps_per_actorbatch": [
    16384,
    16384,
    64,
    64,
    64,
    64,
    16384,
    561,
    16384,
    165,
    673,
    64,
    16384,
    16384,
    16384,
    16384,
    64,
    121,
    64,
    64,
    64,
    64,
    2338,
    64,
    16384,
    1207,
    3195,
    16384,
    16384,
    1310
  ],
  "clip_param": [
    199.99999999999991,
    199.99999999999991,
    199.99999999999991,
    199.99999999999991,
    199.99999999999991,
    199.99999999999991,
    199.99999999999991,
    199.99999999999991,
    199.99999999999991,
    199.99999999999991,
    199.99999999999991,
    199.99999999999991,
    199.99999999999991,
    199.99999999999991,
    199.99999999999991,
    4.867843408146764,
    199.99999999999991,
    199.99999999999991,
    199.99999999999991,
    199.99999999999991,
    199.99999999999991,
    199.99999999999991,
    199.99999999999991,
    199.99999999999991,
    199.99999999999991,
    17.391787968586005,
    199.99999999999991,
    199.99999999999991,
    199.99999999999991,
    199.99999999999991
  ],
  "entcoeff": [
    0.0008562469816225482,
    7.874677479031556e-05,
    0.001,
    0.001,
    0.00012901534326404713,
    0.001,
    0.001,
    0.001,
    0.00025572327339233114,
    0.001,
    0.001,
    0.001,
    0.001,
    0.00019302864791781715,
    1.2784235854073464e-05,
    -3.3881317890172014e-21,
    0.001,
    0.001,
    0.001,
    0.001,
    0.001,
    0.001,
    0.001,
    0.00036656251489221867,
    0.001,
    0.001,
    0.001,
    0.00014713349816637567,
    0.0001734741499795244,
    4.648818242974904e-05
  ],
  "optim_epochs": [
    1,
    128,
    128,
    128,
    128,
    128,
    1,
    3,
    128,
    128,
    128,
    128,
    1,
    128,
    128,
    128,
    128,
    128,
    128,
    128,
    128,
    128,
    128,
    128,
    4,
    1,
    128,
    39,
    128,
    1
  ],
  "optim_stepsize": [
    0.10000000000000002,
    0.10000000000000002,
    0.10000000000000002,
    0.10000000000000002,
    0.10000000000000002,
    0.10000000000000002,
    0.10000000000000002,
    0.10000000000000002,
    0.10000000000000002,
    0.10000000000000002,
    0.10000000000000002,
    0.10000000000000002,
    0.10000000000000002,
    0.10000000000000002,
    0.10000000000000002,
    0.10000000000000002,
    0.10000000000000002,
    0.10000000000000002,
    0.10000000000000002,
    0.10000000000000002,
    0.10000000000000002,
    0.10000000000000002,
    0.10000000000000002,
    0.10000000000000002,
    0.10000000000000002,
    0.10000000000000002,
    0.10000000000000002,
    0.10000000000000002,
    0.10000000000000002,
    0.10000000000000002
  ],
  "optim_minibatches": [
    64,
    9,
    64,
    64,
    1,
    1,
    64,
    64,
    8,
    64,
    64,
    64,
    64,
    64,
    64,
    10,
    4,
    64,
    14,
    1,
    6,
    1,
    1,
    5,
    2,
    64,
    64,
    11,
    1,
    64
  ],
  "adam_epsilon": [
    4.010274586792216e-05,
    4.681095942475487e-07,
    2.5237594414726355e-07,
    9.489535296781123e-08,
    0.00010000000000000009,
    9.999999999999982e-09,
    1.9769811787871435e-08,
    9.999999999999982e-09,
    5.043388049890497e-07,
    1.236654403534902e-08,
    3.7776976132058075e-07,
    8.502815749986132e-07,
    1.5590584782081684e-05,
    5.776584249200129e-07,
    2.6152871310691352e-08,
    2.786190178549659e-05,
    1.1605303970993872e-06,
    5.895758633262534e-08,
    1.4097842866686912e-06,
    1.3445762910678846e-07,
    8.40736208702453e-06,
    1.3290963395565817e-08,
    0.00010000000000000009,
    0.00010000000000000009,
    1.4936733675247254e-07,
    9.964534089843142e-06,
    7.590014387933081e-07,
    1.3009993904320082e-06,
    2.1378352428276562e-05,
    0.00010000000000000009
  ],
  "schedule": [
    "constant",
    "constant",
    "constant",
    "constant",
    "constant",
    "constant",
    "constant",
    "constant",
    "linear",
    "constant",
    "constant",
    "linear",
    "linear",
    "constant",
    "constant",
    "linear",
    "constant",
    "constant",
    "constant",
    "constant",
    "constant",
    "constant",
    "constant",
    "constant",
    "constant",
    "constant",
    "constant",
    "constant",
    "constant",
    "constant"
  ],
  "num_envs": 4,
  "results_dir_name": "results",
  "storage_dir_name": "storage",
  "train_set": "remaining",
  "eval_set": "remaining",
  "OPENAI_LOG_FORMAT": "csv",
  "walltime_hrs": 0.3,
  "num_checkpoints": 100,
  "eval_ntrajs": 10,
  "eval_nsteps": 200,
  "eval_seed": 12345,
  "looping_tree": {
    "method": "fixed",
    "environment": "fixed",
    "total_timesteps": "fixed",
    "rng_seed": "zip",
    "policy_kwargs": "fixed",
    "gamma": "zip",
    "lam": "zip",
    "timesteps_per_actorbatch": "zip",
    "clip_param": "zip",
    "entcoeff": "zip",
    "optim_epochs": "zip",
    "optim_stepsize": "zip",
    "optim_minibatches": "zip",
    "adam_epsilon": "zip",
    "schedule": "zip"
  }
}