{
  "description": "Hyper-parameter optimization for ppo1 on a low frequency environment",
  "method": "ppo1",
  "environment": "drop_leg_100hz",
  "total_timesteps": 4000000,
  "rng_seed": [
    0,
    1000,
    0,
    1000,
    1000,
    2000,
    0,
    2000,
    0,
    0,
    0,
    2000,
    1000,
    2000,
    2000,
    0,
    1000,
    1000,
    1000,
    1000,
    0,
    1000,
    0,
    0,
    1000,
    2000,
    0,
    2000,
    0,
    1000
  ],
  "policy_kwargs": {
    "net_arch": [
      {
        "vf": [
          64,
          64
        ],
        "pi": [
          64,
          64
        ]
      }
    ]
  },
  "gamma": [
    0.9976115592128981,
    0.9979855336677895,
    0.9972177097225079,
    0.9992816055224043,
    0.9986499316563126,
    0.9940156202976644,
    0.9939839150013106,
    0.9971155737065834,
    0.9987929268926572,
    0.9989994602015334,
    0.9988356099454664,
    0.9897083206479268,
    0.996081134160216,
    0.9777552688395889,
    0.998735938001474,
    0.9995236297116752,
    0.9988483271353973,
    0.999454160165099,
    0.9992669876851921,
    0.9952281057385309,
    0.9993165666559589,
    0.996678118053579,
    0.9832202887056964,
    0.9989056245948197,
    0.9991190407097802,
    0.9994146803070408,
    0.9981955972762223,
    0.9991790377096348,
    0.9956713999813751,
    0.9990397274855517
  ],
  "lam": [
    0.9834238684702826,
    0.9879431094597032,
    0.9901810873843915,
    0.9889870435910002,
    0.9837695774832589,
    0.9981064529182377,
    0.9835912008291611,
    0.944712959757892,
    0.9847253460564114,
    0.9859123176714157,
    0.9903968165624687,
    0.909545630830345,
    0.9683731666756556,
    0.9913787273489083,
    0.963568114713169,
    0.9389323656385716,
    0.9943027860274882,
    0.985937885752014,
    0.9810664178976005,
    0.9671488106908495,
    0.9386990787895717,
    0.984885284410585,
    0.9920330004876001,
    0.9865050890254577,
    0.9715692764574072,
    0.9895985259520235,
    0.9930667388058801,
    0.9975105504349956,
    0.9823763348177339,
    0.9936625921380408
  ],
  "timesteps_per_actorbatch": [
    350,
    865,
    737,
    1797,
    703,
    327,
    235,
    273,
    2714,
    2081,
    614,
    2445,
    13113,
    1473,
    78,
    961,
    1411,
    98,
    2711,
    113,
    6759,
    1306,
    120,
    96,
    1126,
    2926,
    628,
    86,
    124,
    4794
  ],
  "clip_param": [
    0.9229609488291368,
    0.9693518545604,
    5.478789596090236,
    0.5451582891748493,
    2.9884545369441087,
    0.8424006441827213,
    1.1479895610833577,
    3.915608146003794,
    2.876270516532183,
    5.17099314089593,
    0.11486077172884553,
    3.677688133395358,
    0.5304638900587112,
    5.535961648806969,
    0.2962905903164902,
    2.9404294684487975,
    2.769544667778754,
    2.6329917003418455,
    2.034470827712606,
    0.11803826744262508,
    0.6011350439498057,
    0.12248206758766862,
    1.6546098397242193,
    7.6928925995905075,
    0.15896744897178539,
    9.277747534005787,
    0.4192449495295768,
    0.23500070314275864,
    0.7334923042154405,
    8.220941198276298
  ],
  "entcoeff": [
    -3.3881317890172014e-21,
    -3.3881317890172014e-21,
    1.5644032528438644e-06,
    1.2767826336084934e-06,
    -3.3881317890172014e-21,
    1.0547792808248473e-06,
    3.6967526539699798e-06,
    3.585519258281732e-05,
    -3.3881317890172014e-21,
    -3.3881317890172014e-21,
    -3.3881317890172014e-21,
    1.196398068425177e-07,
    5.380224955182226e-06,
    1.0649014346480874e-06,
    6.433068266237446e-06,
    1.0333801956502464e-19,
    1.0749717288878884e-05,
    8.514581726946333e-06,
    2.465520862903221e-05,
    1.6381424222317984e-05,
    8.147837410804186e-06,
    6.776263578034403e-20,
    2.2443772217288247e-06,
    5.08277648045894e-07,
    4.0808035577954224e-06,
    6.49029940617341e-06,
    5.897802708472276e-05,
    1.3274977200594478e-05,
    3.0383460619143627e-05,
    1.3283703709949695e-07
  ],
  "optim_epochs": [
    1,
    10,
    5,
    2,
    1,
    3,
    41,
    8,
    1,
    14,
    6,
    3,
    2,
    5,
    18,
    3,
    40,
    5,
    26,
    35,
    1,
    2,
    7,
    25,
    24,
    2,
    3,
    6,
    1,
    23
  ],
  "optim_stepsize": [
    0.10000000000000002,
    0.10000000000000002,
    0.06497145235801155,
    0.06025531207707499,
    6.253479873376363e-05,
    0.10000000000000002,
    0.08164367204784637,
    0.05066744097757976,
    0.00743808318521302,
    0.0001409869014772782,
    0.10000000000000002,
    0.08815412974799301,
    0.0850771085882959,
    0.10000000000000002,
    0.045086578395998264,
    0.10000000000000002,
    0.10000000000000002,
    0.03115899605191293,
    0.08312705150562441,
    0.10000000000000002,
    6.687923261289419e-05,
    0.10000000000000002,
    0.10000000000000002,
    0.010617904408360036,
    0.04414930952796082,
    0.001033912545651781,
    0.10000000000000002,
    0.10000000000000002,
    0.10000000000000002,
    0.006167401503476103
  ],
  "optim_minibatches": [
    5,
    7,
    4,
    5,
    5,
    8,
    3,
    7,
    6,
    6,
    3,
    1,
    7,
    6,
    3,
    3,
    16,
    18,
    1,
    2,
    14,
    13,
    5,
    3,
    12,
    3,
    21,
    48,
    10,
    10
  ],
  "adam_epsilon": [
    9.463871402051324e-06,
    1.2775922621829115e-05,
    3.7605060856063377e-06,
    1.605918369054531e-05,
    9.411758656300616e-06,
    8.53760308774662e-06,
    8.001506899802726e-06,
    1.7990773803839427e-05,
    9.577794688428112e-06,
    1.0649403256283762e-05,
    1.5425013109951915e-05,
    3.216894188963931e-05,
    2.8094501818605863e-06,
    1.4928706063217236e-05,
    2.0737287868233396e-05,
    2.2034213078530514e-05,
    2.8230672838677947e-05,
    1.0766696288268813e-05,
    4.759842636572766e-06,
    5.174510476678109e-06,
    2.8900118407591592e-06,
    5.681516205724132e-06,
    1.2506924440067317e-05,
    3.7480217446400148e-06,
    2.2446292740080523e-05,
    5.2497964267487675e-06,
    1.858155210804226e-05,
    6.6214921799034756e-06,
    5.2248972087140706e-06,
    1.2064576014656508e-05
  ],
  "schedule": [
    "linear",
    "linear",
    "linear",
    "linear",
    "linear",
    "linear",
    "linear",
    "linear",
    "linear",
    "linear",
    "linear",
    "linear",
    "linear",
    "linear",
    "linear",
    "linear",
    "linear",
    "linear",
    "linear",
    "linear",
    "linear",
    "linear",
    "linear",
    "linear",
    "linear",
    "linear",
    "linear",
    "linear",
    "linear",
    "linear"
  ],
  "num_envs": 4,
  "results_dir_name": "results",
  "storage_dir_name": "storage",
  "train_set": "remaining",
  "eval_set": "remaining",
  "OPENAI_LOG_FORMAT": "csv",
  "walltime_hrs": 0.3,
  "num_checkpoints": 100,
  "eval_ntrajs": 10,
  "eval_nsteps": 200,
  "eval_seed": 12345,
  "looping_tree": {
    "method": "fixed",
    "environment": "fixed",
    "total_timesteps": "fixed",
    "rng_seed": "zip",
    "policy_kwargs": "fixed",
    "gamma": "zip",
    "lam": "zip",
    "timesteps_per_actorbatch": "zip",
    "clip_param": "zip",
    "entcoeff": "zip",
    "optim_epochs": "zip",
    "optim_stepsize": "zip",
    "optim_minibatches": "zip",
    "adam_epsilon": "zip",
    "schedule": "zip"
  }
}