{
  "description": "Hyper-parameter optimization for trpo on a low frequency environment",
  "method": "trpo",
  "environment": "drop_leg_100hz",
  "total_timesteps": 4000000,
  "rng_seed": [
    0,
    1000,
    2000
  ],
  "policy_kwargs": {
    "net_arch": [
      {
        "vf": [
          64,
          64
        ],
        "pi": [
          64,
          64
        ]
      }
    ]
  },
  "timesteps_per_batch": [
    177,
    10853,
    108,
    86,
    1101,
    731,
    1918,
    1224,
    933,
    1139
  ],
  "gamma": [
    0.9812125932249969,
    0.3839875410271645,
    0.3824924146890497,
    0.7455207564795199,
    0.36,
    0.36,
    0.36,
    0.36,
    0.36,
    0.36
  ],
  "lam": [
    0.9996916905583938,
    0.9998276756586368,
    0.9997606818089003,
    0.545183622631653,
    0.9177338420892717,
    0.74732632471581,
    0.9696655256906522,
    0.9320635863320916,
    0.9574725420718566,
    0.944951113060788
  ],
  "max_kl": [
    0.09032764482225526,
    0.44999002416353096,
    0.04918698128420315,
    0.23914042292971988,
    0.012531500774684264,
    0.03347633976988089,
    0.021997166601111163,
    0.02803614559387713,
    0.018148473686240466,
    0.030801777705463884
  ],
  "cg_iters": [
    6,
    2,
    3,
    5,
    11,
    11,
    10,
    13,
    9,
    11
  ],
  "entcoeff": [
    0.0007455826124631902,
    2.089805935601411e-05,
    1.2877225960851877e-05,
    0.00029878796008205553,
    1.8758919984565524e-05,
    0.00011291670582488906,
    2.1830987821941845e-05,
    1.869372647867512e-05,
    1.8149676729007513e-05,
    2.607573326332063e-05
  ],
  "cg_damping": [
    0.15451860722073726,
    0.036953096516352445,
    0.04211994340459787,
    0.00025594638569846146,
    0.1951377038015072,
    0.04515188488749,
    0.01852540785260032,
    0.06726055314927191,
    0.025030191432834213,
    0.01389140468003009
  ],
  "vf_stepsize": [
    0.0013349253725816516,
    0.0003081220850196477,
    1.344198880754708e-05,
    0.0004932021156972051,
    0.00012669598298202812,
    0.0004277367851760854,
    7.588794917795523e-05,
    0.000858573012294205,
    0.00043593613191593786,
    0.0005335676455160547
  ],
  "vf_iters": [
    20,
    7,
    14,
    10,
    4,
    5,
    10,
    5,
    5,
    6
  ],
  "vf_minibatches": [
    2,
    18,
    1,
    7,
    6,
    6,
    9,
    10,
    6,
    7
  ],
  "num_envs": 4,
  "results_dir_name": "results",
  "storage_dir_name": "storage",
  "train_set": "remaining",
  "eval_set": "remaining",
  "OPENAI_LOG_FORMAT": "csv",
  "walltime_hrs": 0.3,
  "num_checkpoints": 100,
  "eval_ntrajs": 10,
  "eval_nsteps": 200,
  "eval_seed": 12345,
  "looping_tree": {
    "method": "fixed",
    "environment": "fixed",
    "total_timesteps": "fixed",
    "rng_seed": "cartesian",
    "policy_kwargs": "fixed",
    "timesteps_per_batch": "zip",
    "gamma": "zip",
    "lam": "zip",
    "max_kl": "zip",
    "cg_iters": "zip",
    "entcoeff": "zip",
    "cg_damping": "zip",
    "vf_stepsize": "zip",
    "vf_iters": "zip",
    "vf_minibatches": "zip"
  }
}