{
  "description": "Hyper-parameter optimization for trpo on a low frequency environment",
  "method": "trpo",
  "environment": "drop_leg_100hz",
  "total_timesteps": 4000000,
  "rng_seed": [
    0,
    1000,
    2000
  ],
  "policy_kwargs": {
    "net_arch": [
      {
        "vf": [
          64,
          64
        ],
        "pi": [
          64,
          64
        ]
      }
    ]
  },
  "timesteps_per_batch": [
    462,
    1065,
    1072,
    859,
    897,
    851,
    958,
    820,
    834,
    852
  ],
  "gamma": [
    0.8577315746290591,
    0.8840025297410825,
    0.9559545170078587,
    0.9338155143739959,
    0.9352691030967709,
    0.9101222903510497,
    0.9481936470558532,
    0.9396264499714333,
    0.9398435015849189,
    0.9399883265366855
  ],
  "lam": [
    0.980866473559368,
    0.9899106196597924,
    0.9706046717024635,
    0.986490899573187,
    0.982324608955656,
    0.9865308425752741,
    0.9831806926800246,
    0.9843128910514642,
    0.9772669387127043,
    0.9820811879939637
  ],
  "max_kl": [
    0.0019520671941470754,
    0.003598884151335683,
    0.002783066043451651,
    0.006803081859227027,
    0.006037507602697558,
    0.0037289149295178414,
    0.004221887218835858,
    0.004759619477755679,
    0.003921864672293179,
    0.004164314124755047
  ],
  "cg_iters": [
    16,
    18,
    18,
    16,
    16,
    18,
    17,
    18,
    17,
    18
  ],
  "entcoeff": [
    -3.3881317890172014e-21,
    2.8418827100593525e-07,
    7.943315829371646e-07,
    3.4385461381831324e-06,
    8.32081721405557e-08,
    -3.3881317890172014e-21,
    1.755815495963197e-06,
    9.92813464453558e-07,
    6.943158532665105e-07,
    -3.3881317890172014e-21
  ],
  "cg_damping": [
    0.0015591174820127323,
    0.001447663516072881,
    0.003440161843686755,
    0.0033660304531590826,
    0.0009250218595265662,
    0.0006600854131131945,
    0.0022157832146550206,
    0.0014299929534815502,
    0.002121626620912664,
    0.001856516663914277
  ],
  "vf_stepsize": [
    0.0004508793503308747,
    0.0005740554211482896,
    0.0004832200764530067,
    0.0007464128250060119,
    0.0005416377070316952,
    0.001113803496578601,
    0.0020626620580514354,
    0.0022872488822932484,
    0.0021503048123502153,
    0.0016536282715996764
  ],
  "vf_iters": [
    3,
    3,
    3,
    2,
    3,
    3,
    3,
    3,
    3,
    3
  ],
  "vf_minibatches": [
    9,
    10,
    11,
    11,
    10,
    9,
    10,
    10,
    9,
    10
  ],
  "num_envs": 4,
  "results_dir_name": "results",
  "storage_dir_name": "storage",
  "train_set": "remaining",
  "eval_set": "remaining",
  "OPENAI_LOG_FORMAT": "csv",
  "walltime_hrs": 0.3,
  "num_checkpoints": 100,
  "eval_ntrajs": 10,
  "eval_nsteps": 200,
  "eval_seed": 12345,
  "looping_tree": {
    "method": "fixed",
    "environment": "fixed",
    "total_timesteps": "fixed",
    "rng_seed": "cartesian",
    "policy_kwargs": "fixed",
    "timesteps_per_batch": "zip",
    "gamma": "zip",
    "lam": "zip",
    "max_kl": "zip",
    "cg_iters": "zip",
    "entcoeff": "zip",
    "cg_damping": "zip",
    "vf_stepsize": "zip",
    "vf_iters": "zip",
    "vf_minibatches": "zip"
  }
}