{
  "description": "Hyper-parameter optimization for trpo on a low frequency environment",
  "method": "trpo",
  "environment": "drop_leg_100hz",
  "total_timesteps": 4000000,
  "rng_seed": [
    0,
    1000,
    2000
  ],
  "policy_kwargs": {
    "net_arch": [
      {
        "vf": [
          64,
          64
        ],
        "pi": [
          64,
          64
        ]
      }
    ]
  },
  "timesteps_per_batch": [
    13282,
    12057,
    16025,
    15843,
    14041,
    4701,
    2496,
    4013,
    1663,
    2592
  ],
  "gamma": [
    0.9997351029138862,
    0.5050639732964077,
    0.9787286098980317,
    0.8354515754324879,
    0.5953446584069182,
    0.6230806025849436,
    0.4955435871235805,
    0.36,
    0.36,
    0.36
  ],
  "lam": [
    0.6044085754950643,
    0.4387636144562139,
    0.9997242947572966,
    0.6791499029486647,
    0.9983061031321651,
    0.9990656604220872,
    0.8125213167304599,
    0.9717612882778822,
    0.9705828653626914,
    0.9697862269697026
  ],
  "max_kl": [
    0.029211943874412775,
    0.04204548019464368,
    0.0029405104158962683,
    0.0012758872919674193,
    0.001355052921239793,
    0.001961362971758816,
    0.0023147374338197335,
    0.003309241601170552,
    0.0037920090785541257,
    0.006394945986667268
  ],
  "cg_iters": [
    6,
    1,
    1,
    4,
    2,
    12,
    7,
    8,
    7,
    8
  ],
  "entcoeff": [
    0.0007255431337688145,
    0.0006860890234022545,
    0.000341019755151206,
    0.00012619644242502483,
    9.821555088497996e-05,
    5.6962516101605654e-05,
    0.00010390628442459136,
    -3.3881317890172014e-21,
    1.0496130004801946e-06,
    6.482427926064834e-06
  ],
  "cg_damping": [
    0.5411978479581835,
    0.527143138140201,
    0.9520027420143168,
    0.23641021576462412,
    0.7713673038083233,
    0.0938383552775809,
    0.14505844295406045,
    0.004076716975659937,
    0.016514399360772813,
    0.017351274066575356
  ],
  "vf_stepsize": [
    0.011374088711844551,
    0.00014356492516967448,
    0.0008702919927614268,
    0.024397079957576607,
    4.063508287906249e-06,
    0.00014559837201816192,
    0.00015483778402944476,
    0.002528628196125627,
    0.0019782380614318464,
    0.0011405940075075545
  ],
  "vf_iters": [
    18,
    4,
    4,
    10,
    4,
    4,
    2,
    2,
    3,
    3
  ],
  "vf_minibatches": [
    16,
    58,
    47,
    42,
    10,
    56,
    35,
    21,
    16,
    13
  ],
  "num_envs": 4,
  "results_dir_name": "results",
  "storage_dir_name": "storage",
  "train_set": "remaining",
  "eval_set": "remaining",
  "OPENAI_LOG_FORMAT": "csv",
  "walltime_hrs": 0.3,
  "num_checkpoints": 100,
  "eval_ntrajs": 10,
  "eval_nsteps": 200,
  "eval_seed": 12345,
  "looping_tree": {
    "method": "fixed",
    "environment": "fixed",
    "total_timesteps": "fixed",
    "rng_seed": "cartesian",
    "policy_kwargs": "fixed",
    "timesteps_per_batch": "zip",
    "gamma": "zip",
    "lam": "zip",
    "max_kl": "zip",
    "cg_iters": "zip",
    "entcoeff": "zip",
    "cg_damping": "zip",
    "vf_stepsize": "zip",
    "vf_iters": "zip",
    "vf_minibatches": "zip"
  }
}