{
  "description": "Hyper-parameter optimization for trpo on a low frequency environment",
  "method": "trpo",
  "environment": "drop_leg_100hz",
  "total_timesteps": 4000000,
  "rng_seed": [
    0,
    1000,
    2000
  ],
  "policy_kwargs": {
    "net_arch": [
      {
        "vf": [
          64,
          64
        ],
        "pi": [
          64,
          64
        ]
      }
    ]
  },
  "timesteps_per_batch": [
    1964,
    331,
    1778,
    2011,
    1972,
    1499,
    1355,
    1085,
    1454,
    1122
  ],
  "gamma": [
    0.9935231022858854,
    0.9948161761392329,
    0.8787869515002478,
    0.9728914090372472,
    0.960013835238728,
    0.8760904923613572,
    0.9467670397916434,
    0.9279274420743211,
    0.938986236476979,
    0.9322870182226883
  ],
  "lam": [
    0.965937344208921,
    0.9454633748875308,
    0.9973086289619194,
    0.983573678073941,
    0.9801386671681465,
    0.9919282917270859,
    0.9508085481873161,
    0.9699812222075773,
    0.9736299646204889,
    0.9755857534930469
  ],
  "max_kl": [
    0.019653200786426902,
    0.01462944311667516,
    0.013432396839564813,
    0.006290043863339894,
    0.018894023637858148,
    0.01979896649531618,
    0.015109266953647529,
    0.013283652055310843,
    0.01479083392657231,
    0.015471619260428279
  ],
  "cg_iters": [
    11,
    13,
    14,
    16,
    15,
    17,
    15,
    16,
    16,
    15
  ],
  "entcoeff": [
    1.473040030532243e-05,
    6.330262619927463e-06,
    3.5648888752080338e-06,
    7.380837905512868e-07,
    4.069631864665394e-06,
    7.5693560910793e-07,
    3.4268456180450393e-06,
    1.7837833853582034e-06,
    2.0141630200657944e-06,
    3.4357217802034325e-06
  ],
  "cg_damping": [
    0.0024384641636086297,
    0.0036736446510331013,
    0.0034390710121885424,
    0.0009695753581322292,
    0.002289946099789268,
    0.0004384937411043991,
    0.0010729743521625946,
    0.00032919294310762055,
    0.001218651802802354,
    0.0008202241638231169
  ],
  "vf_stepsize": [
    0.00039665457070731916,
    0.0006934176434832427,
    0.00043262548739166437,
    0.0003822728476003337,
    0.0010506781300813359,
    0.00039506312860019914,
    0.0008644560363299543,
    0.0003389197540452105,
    0.0003389197540452105,
    0.00048690481555972053
  ],
  "vf_iters": [
    2,
    3,
    3,
    2,
    2,
    3,
    2,
    2,
    2,
    2
  ],
  "vf_minibatches": [
    5,
    22,
    23,
    25,
    13,
    10,
    10,
    10,
    13,
    10
  ],
  "num_envs": 4,
  "results_dir_name": "results",
  "storage_dir_name": "storage",
  "train_set": "remaining",
  "eval_set": "remaining",
  "OPENAI_LOG_FORMAT": "csv",
  "walltime_hrs": 0.3,
  "num_checkpoints": 100,
  "eval_ntrajs": 10,
  "eval_nsteps": 200,
  "eval_seed": 12345,
  "looping_tree": {
    "method": "fixed",
    "environment": "fixed",
    "total_timesteps": "fixed",
    "rng_seed": "cartesian",
    "policy_kwargs": "fixed",
    "timesteps_per_batch": "zip",
    "gamma": "zip",
    "lam": "zip",
    "max_kl": "zip",
    "cg_iters": "zip",
    "entcoeff": "zip",
    "cg_damping": "zip",
    "vf_stepsize": "zip",
    "vf_iters": "zip",
    "vf_minibatches": "zip"
  }
}