{
  "description": "Hyper-parameter optimization for trpo on a low frequency environment",
  "method": "trpo",
  "environment": "drop_leg_100hz",
  "total_timesteps": 4000000,
  "rng_seed": [
    0,
    1000,
    2000
  ],
  "policy_kwargs": {
    "net_arch": [
      {
        "vf": [
          64,
          64
        ],
        "pi": [
          64,
          64
        ]
      }
    ]
  },
  "timesteps_per_batch": [
    119,
    2379,
    67,
    107,
    1452,
    960,
    1926,
    1112,
    1883,
    1885
  ],
  "gamma": [
    0.9998185722566226,
    0.9990607169784684,
    0.5190713824930329,
    0.974392115593985,
    0.36,
    0.36,
    0.36,
    0.36,
    0.36,
    0.36
  ],
  "lam": [
    0.9212901616104068,
    0.7510556170956957,
    0.5062538615643464,
    0.4791330809787513,
    0.4569954627468443,
    0.6040309704095004,
    0.8409626010609588,
    0.7338303079355881,
    0.8561483481501236,
    0.8467695043269158
  ],
  "max_kl": [
    0.1252198428919254,
    0.001341674709727891,
    0.14917153216084864,
    0.0015060091791223556,
    0.003050844599110954,
    0.0012500000000000002,
    0.0012500000000000002,
    0.0012500000000000002,
    0.0012500000000000002,
    0.0013488410252676833
  ],
  "cg_iters": [
    5,
    3,
    2,
    7,
    5,
    7,
    5,
    5,
    6,
    6
  ],
  "entcoeff": [
    1.5031001684034848e-06,
    0.00027973189776666344,
    2.8087617187750855e-05,
    0.00025061375097771763,
    4.080285057724726e-06,
    1.1384905025216417e-05,
    1.0606610193958541e-05,
    8.515138222069025e-06,
    7.074030834556925e-06,
    6.962230895865938e-06
  ],
  "cg_damping": [
    0.010161009271568879,
    0.7782157288209752,
    0.14380254871900175,
    0.002838465872910819,
    0.02382891545870013,
    0.27547622630502466,
    0.005756761616572371,
    0.047290396745858505,
    0.07616825614881985,
    0.054131229880014675
  ],
  "vf_stepsize": [
    0.024941907914980327,
    1.8242490229437352e-05,
    0.0003065513347755671,
    0.0003171573153980164,
    5.474907971672266e-05,
    0.0034126116450674793,
    0.010154261707901053,
    0.005203149188767914,
    0.0025525401202931026,
    0.0018769662736262435
  ],
  "vf_iters": [
    4,
    3,
    2,
    10,
    5,
    4,
    3,
    4,
    4,
    3
  ],
  "vf_minibatches": [
    36,
    58,
    8,
    12,
    18,
    13,
    19,
    16,
    18,
    14
  ],
  "num_envs": 4,
  "results_dir_name": "results",
  "storage_dir_name": "storage",
  "train_set": "remaining",
  "eval_set": "remaining",
  "OPENAI_LOG_FORMAT": "csv",
  "walltime_hrs": 0.3,
  "num_checkpoints": 100,
  "eval_ntrajs": 10,
  "eval_nsteps": 200,
  "eval_seed": 12345,
  "looping_tree": {
    "method": "fixed",
    "environment": "fixed",
    "total_timesteps": "fixed",
    "rng_seed": "cartesian",
    "policy_kwargs": "fixed",
    "timesteps_per_batch": "zip",
    "gamma": "zip",
    "lam": "zip",
    "max_kl": "zip",
    "cg_iters": "zip",
    "entcoeff": "zip",
    "cg_damping": "zip",
    "vf_stepsize": "zip",
    "vf_iters": "zip",
    "vf_minibatches": "zip"
  }
}