{
  "description": "Hyper-parameter optimization for trpo on a low frequency environment",
  "method": "trpo",
  "environment": "drop_leg_100hz",
  "total_timesteps": 4000000,
  "rng_seed": [
    0,
    1000,
    2000
  ],
  "policy_kwargs": {
    "net_arch": [
      {
        "vf": [
          64,
          64
        ],
        "pi": [
          64,
          64
        ]
      }
    ]
  },
  "timesteps_per_batch": [
    3050,
    107,
    87,
    1080,
    4250,
    516,
    1247,
    1799,
    2093,
    610
  ],
  "gamma": [
    0.9998092919640525,
    0.39165317709596315,
    0.5598090833453402,
    0.8316688199094885,
    0.675093173734183,
    0.7882784381433662,
    0.5669028915929927,
    0.8029506705216961,
    0.7838571982465378,
    0.6382024168252103
  ],
  "lam": [
    0.9997731536857658,
    0.9760594417531445,
    0.9832630612550446,
    0.9805808725647192,
    0.9865867623946981,
    0.982325572528593,
    0.9431162635902012,
    0.9830349378737695,
    0.9504107601492939,
    0.9829907695373696
  ],
  "max_kl": [
    0.5971702931712592,
    0.008912337294470518,
    0.00866111352543155,
    0.022713578078328727,
    0.020082743151974926,
    0.007637352111858678,
    0.005437673872606969,
    0.004980397304072079,
    0.008536159191030753,
    0.0031118826233570798
  ],
  "cg_iters": [
    19,
    2,
    4,
    6,
    3,
    8,
    10,
    8,
    11,
    7
  ],
  "entcoeff": [
    0.00021468708170907503,
    8.81212454199749e-05,
    6.099445952380576e-05,
    4.311967098988705e-06,
    4.8704391032807195e-06,
    1.1722358285028865e-05,
    2.656384488802518e-05,
    5.4388277736392416e-06,
    5.7098889063792534e-06,
    2.4582654766476274e-06
  ],
  "cg_damping": [
    0.3954776443935539,
    0.000100518015710985,
    0.9556988427703641,
    0.6817172655818831,
    0.0015493087445878169,
    0.000743648922656129,
    0.023135471491026825,
    0.0023865076158055593,
    0.021355023489482025,
    0.0025122808511924433
  ],
  "vf_stepsize": [
    0.02673388949512361,
    3.318489586115791e-06,
    3.7399193132607917e-06,
    0.018767056024091063,
    3.3946931436186577e-06,
    4.911690985972649e-05,
    7.840730862151785e-06,
    5.047062963158314e-06,
    1.0570765768109595e-05,
    0.0008236250540123536
  ],
  "vf_iters": [
    2,
    2,
    8,
    3,
    2,
    2,
    1,
    4,
    2,
    5
  ],
  "vf_minibatches": [
    6,
    18,
    22,
    5,
    7,
    13,
    6,
    3,
    23,
    5
  ],
  "num_envs": 4,
  "results_dir_name": "results",
  "storage_dir_name": "storage",
  "train_set": "remaining",
  "eval_set": "remaining",
  "OPENAI_LOG_FORMAT": "csv",
  "walltime_hrs": 0.3,
  "num_checkpoints": 100,
  "eval_ntrajs": 10,
  "eval_nsteps": 200,
  "eval_seed": 12345,
  "looping_tree": {
    "method": "fixed",
    "environment": "fixed",
    "total_timesteps": "fixed",
    "rng_seed": "cartesian",
    "policy_kwargs": "fixed",
    "timesteps_per_batch": "zip",
    "gamma": "zip",
    "lam": "zip",
    "max_kl": "zip",
    "cg_iters": "zip",
    "entcoeff": "zip",
    "cg_damping": "zip",
    "vf_stepsize": "zip",
    "vf_iters": "zip",
    "vf_minibatches": "zip"
  }
}