{
  "description": "Hyper-parameter optimization for trpo on a low frequency environment",
  "method": "trpo",
  "environment": "drop_leg_100hz",
  "total_timesteps": 4000000,
  "rng_seed": [
    0,
    1000,
    2000
  ],
  "policy_kwargs": {
    "net_arch": [
      {
        "vf": [
          64,
          64
        ],
        "pi": [
          64,
          64
        ]
      }
    ]
  },
  "timesteps_per_batch": [
    2002,
    1494,
    1090,
    1050,
    981,
    1215,
    823,
    1034,
    1069,
    1166
  ],
  "gamma": [
    0.9423054561615241,
    0.8943945915480009,
    0.9025921465127605,
    0.92031311930481,
    0.9629184517197074,
    0.8944399893213796,
    0.8831955259348059,
    0.9305510404934114,
    0.9261131587328834,
    0.9036732138335444
  ],
  "lam": [
    0.9973048914422254,
    0.990007265011591,
    0.9798236355243093,
    0.9419258474219261,
    0.972196368798651,
    0.9609355046242039,
    0.9885879165530692,
    0.9767664865395146,
    0.979989154317698,
    0.9789453703821493
  ],
  "max_kl": [
    0.018763031653128395,
    0.002255697935934376,
    0.017240507003315378,
    0.014678501638161352,
    0.010893942737767334,
    0.01927886410401531,
    0.004500482947582777,
    0.006707447355855432,
    0.004856888698270877,
    0.008927154431309004
  ],
  "cg_iters": [
    20,
    18,
    16,
    13,
    18,
    20,
    16,
    17,
    18,
    17
  ],
  "entcoeff": [
    2.3628018930798313e-05,
    2.4540072043763613e-06,
    2.05910869333041e-06,
    4.932574417346206e-06,
    6.288659295475198e-06,
    1.2759093859084483e-06,
    1.6073478414843826e-07,
    2.8704128581436868e-06,
    2.1208966243166242e-06,
    5.0559192164544675e-06
  ],
  "cg_damping": [
    0.0037087061203714914,
    0.005607578885948022,
    0.0005555187021629447,
    0.0009947026924751097,
    0.006654359332672129,
    0.0033821400977564705,
    0.0004488101842054306,
    0.0015758151895764044,
    0.0028189269563546992,
    0.0014758377661985521
  ],
  "vf_stepsize": [
    0.007717139393553543,
    0.0004396051798500486,
    0.00926467992357565,
    0.0035518832371105877,
    0.003151349668360133,
    0.0010155648262398006,
    0.000351790922403513,
    0.0013742275737188827,
    0.0018765624864045085,
    0.0012696769704473973
  ],
  "vf_iters": [
    2,
    2,
    2,
    2,
    2,
    2,
    3,
    3,
    3,
    2
  ],
  "vf_minibatches": [
    25,
    21,
    24,
    20,
    25,
    15,
    14,
    18,
    13,
    13
  ],
  "num_envs": 4,
  "results_dir_name": "results",
  "storage_dir_name": "storage",
  "train_set": "remaining",
  "eval_set": "remaining",
  "OPENAI_LOG_FORMAT": "csv",
  "walltime_hrs": 0.3,
  "num_checkpoints": 100,
  "eval_ntrajs": 10,
  "eval_nsteps": 200,
  "eval_seed": 12345,
  "looping_tree": {
    "method": "fixed",
    "environment": "fixed",
    "total_timesteps": "fixed",
    "rng_seed": "cartesian",
    "policy_kwargs": "fixed",
    "timesteps_per_batch": "zip",
    "gamma": "zip",
    "lam": "zip",
    "max_kl": "zip",
    "cg_iters": "zip",
    "entcoeff": "zip",
    "cg_damping": "zip",
    "vf_stepsize": "zip",
    "vf_iters": "zip",
    "vf_minibatches": "zip"
  }
}