{
  "description": "Hyper-parameter optimization for trpo on a low frequency environment",
  "method": "trpo",
  "environment": "drop_leg_100hz",
  "total_timesteps": 4000000,
  "rng_seed": [
    0,
    1000,
    2000
  ],
  "policy_kwargs": {
    "net_arch": [
      {
        "vf": [
          64,
          64
        ],
        "pi": [
          64,
          64
        ]
      }
    ]
  },
  "timesteps_per_batch": [
    674,
    806,
    626,
    746,
    743,
    681,
    710,
    736,
    754,
    754
  ],
  "gamma": [
    0.9812958199219755,
    0.9806233905806939,
    0.9834182570815495,
    0.977040622085255,
    0.9760159925779537,
    0.9739683096785899,
    0.9730451738467406,
    0.9699986272695551,
    0.9701518680543613,
    0.9721224502107882
  ],
  "lam": [
    0.9854754302836565,
    0.9921731936276145,
    0.984827630781787,
    0.9910855021270353,
    0.9872221129323773,
    0.9848965440676531,
    0.9878334485769915,
    0.9888897834179564,
    0.9843135480385236,
    0.9864973539586901
  ],
  "max_kl": [
    0.005477263783348094,
    0.005039696195865726,
    0.005319719225963442,
    0.0047140617324122926,
    0.006955559523446176,
    0.005087504145442189,
    0.005685760060952776,
    0.005054319998776033,
    0.00577577107776078,
    0.005341511358999125
  ],
  "cg_iters": [
    18,
    16,
    16,
    17,
    17,
    17,
    16,
    17,
    17,
    16
  ],
  "entcoeff": [
    9.449625956930172e-06,
    7.219813123045324e-06,
    6.929701421611727e-06,
    5.689072210610027e-06,
    7.777943647340049e-06,
    6.773731900063809e-06,
    7.349667780858908e-06,
    7.0856709377195355e-06,
    6.098653094212123e-06,
    7.448164458508544e-06
  ],
  "cg_damping": [
    0.0006677498052373417,
    0.001652159028890661,
    0.0013047799327548853,
    0.0010912123891241977,
    0.001037802424754252,
    0.0011841776271986988,
    0.0012383876110643533,
    0.0010309601439343465,
    0.001226197071010008,
    0.0012839259618758227
  ],
  "vf_stepsize": [
    0.0026464534769093397,
    0.0025979406108750463,
    0.0016736381693248019,
    0.0016838159233292602,
    0.002736743505380116,
    0.0014767479326525273,
    0.0021384390800424633,
    0.001785384758180964,
    0.0020864436323008062,
    0.002435896926208144
  ],
  "vf_iters": [
    3,
    3,
    3,
    3,
    3,
    3,
    3,
    3,
    3,
    3
  ],
  "vf_minibatches": [
    14,
    11,
    12,
    12,
    11,
    11,
    11,
    11,
    11,
    12
  ],
  "num_envs": 4,
  "results_dir_name": "results",
  "storage_dir_name": "storage",
  "train_set": "remaining",
  "eval_set": "remaining",
  "OPENAI_LOG_FORMAT": "csv",
  "walltime_hrs": 0.3,
  "num_checkpoints": 100,
  "eval_ntrajs": 10,
  "eval_nsteps": 200,
  "eval_seed": 12345,
  "looping_tree": {
    "method": "fixed",
    "environment": "fixed",
    "total_timesteps": "fixed",
    "rng_seed": "cartesian",
    "policy_kwargs": "fixed",
    "timesteps_per_batch": "zip",
    "gamma": "zip",
    "lam": "zip",
    "max_kl": "zip",
    "cg_iters": "zip",
    "entcoeff": "zip",
    "cg_damping": "zip",
    "vf_stepsize": "zip",
    "vf_iters": "zip",
    "vf_minibatches": "zip"
  }
}