{
  "description": "Hyper-parameter optimization for trpo on a low frequency environment",
  "method": "trpo",
  "environment": "drop_leg_100hz",
  "total_timesteps": 4000000,
  "rng_seed": [
    0,
    1000,
    2000
  ],
  "policy_kwargs": {
    "net_arch": [
      {
        "vf": [
          64,
          64
        ],
        "pi": [
          64,
          64
        ]
      }
    ]
  },
  "timesteps_per_batch": [
    777,
    791,
    690,
    554,
    759,
    881,
    741,
    729,
    779,
    680
  ],
  "gamma": [
    0.9728623991886943,
    0.9668843004009575,
    0.9650348671541438,
    0.9716882370473686,
    0.9655463516084705,
    0.96410303348537,
    0.9584987458822247,
    0.9692080048067614,
    0.9579491786397171,
    0.9633662698647063
  ],
  "lam": [
    0.9817680210232413,
    0.9820262620223389,
    0.9861998473925768,
    0.9832351868457323,
    0.9861060925645229,
    0.9834144433537211,
    0.9862969521624398,
    0.9850094837285001,
    0.984752072354377,
    0.984075002003822
  ],
  "max_kl": [
    0.002958098881736257,
    0.003300801451169025,
    0.0060664970569287045,
    0.004496486443829926,
    0.004731462982619036,
    0.00439067161999157,
    0.004296559552464503,
    0.004472248769409013,
    0.004923361397859606,
    0.004475733538423698
  ],
  "cg_iters": [
    16,
    17,
    17,
    16,
    16,
    18,
    17,
    17,
    17,
    16
  ],
  "entcoeff": [
    5.443722595429534e-06,
    2.8720015448066044e-06,
    5.126318125068285e-06,
    6.2292922120871105e-06,
    4.4067084472209396e-06,
    7.2808675257306005e-06,
    5.013539932964774e-06,
    5.4885919868862665e-06,
    5.135917787696979e-06,
    4.54555435501438e-06
  ],
  "cg_damping": [
    0.0020374253243196925,
    0.0010417583488373649,
    0.0017373936964859764,
    0.0013420805232871595,
    0.001051809498025902,
    0.0015113264734203137,
    0.0013250001773346578,
    0.0012799207989929867,
    0.0011003080857614929,
    0.0012620323881427785
  ],
  "vf_stepsize": [
    0.002033899856099692,
    0.0016228052494922879,
    0.0019086178658052494,
    0.003065796378841953,
    0.0022661973552124868,
    0.002579313818697826,
    0.0029029140631053564,
    0.0024045878971516816,
    0.0026496193496781534,
    0.0026665305705866906
  ],
  "vf_iters": [
    3,
    3,
    3,
    3,
    3,
    3,
    3,
    3,
    3,
    3
  ],
  "vf_minibatches": [
    13,
    12,
    11,
    11,
    12,
    10,
    11,
    11,
    11,
    11
  ],
  "num_envs": 4,
  "results_dir_name": "results",
  "storage_dir_name": "storage",
  "train_set": "remaining",
  "eval_set": "remaining",
  "OPENAI_LOG_FORMAT": "csv",
  "walltime_hrs": 0.3,
  "num_checkpoints": 100,
  "eval_ntrajs": 10,
  "eval_nsteps": 200,
  "eval_seed": 12345,
  "looping_tree": {
    "method": "fixed",
    "environment": "fixed",
    "total_timesteps": "fixed",
    "rng_seed": "cartesian",
    "policy_kwargs": "fixed",
    "timesteps_per_batch": "zip",
    "gamma": "zip",
    "lam": "zip",
    "max_kl": "zip",
    "cg_iters": "zip",
    "entcoeff": "zip",
    "cg_damping": "zip",
    "vf_stepsize": "zip",
    "vf_iters": "zip",
    "vf_minibatches": "zip"
  }
}