{
  "description": "Hyper-parameter optimization for trpo on a low frequency environment",
  "method": "trpo",
  "environment": "drop_leg_100hz",
  "total_timesteps": 4000000,
  "rng_seed": [
    0,
    1000,
    2000
  ],
  "policy_kwargs": {
    "net_arch": [
      {
        "vf": [
          64,
          64
        ],
        "pi": [
          64,
          64
        ]
      }
    ]
  },
  "timesteps_per_batch": [
    724,
    1338,
    1216,
    1063,
    706,
    580,
    757,
    772,
    1015,
    1100
  ],
  "gamma": [
    0.884376065890175,
    0.946122685662043,
    0.8700384952258019,
    0.9308275031532668,
    0.9370318476371061,
    0.9115106548200008,
    0.930174912120994,
    0.9230362245659979,
    0.9193453539075785,
    0.9292674910047577
  ],
  "lam": [
    0.9887789602919576,
    0.9178047744716215,
    0.9668464992209247,
    0.9459640286609482,
    0.9209902929043995,
    0.957476212738323,
    0.9601917340787989,
    0.9679158013670319,
    0.9390918011343174,
    0.9553338744142328
  ],
  "max_kl": [
    0.002058191010677332,
    0.0012500000000000002,
    0.001288633673318762,
    0.0012500000000000002,
    0.0019004622315961775,
    0.0012500000000000002,
    0.0012500000000000002,
    0.001594254232543296,
    0.0013240781942464334,
    0.0012500000000000002
  ],
  "cg_iters": [
    20,
    20,
    20,
    19,
    20,
    20,
    20,
    20,
    20,
    20
  ],
  "entcoeff": [
    1.5535676722093563e-06,
    1.0076162320168465e-06,
    -3.3881317890172014e-21,
    -3.3881317890172014e-21,
    -3.3881317890172014e-21,
    4.0430840486855445e-07,
    -3.3881317890172014e-21,
    1.0828005241418761e-07,
    -3.3881317890172014e-21,
    -3.3881317890172014e-21
  ],
  "cg_damping": [
    0.0002021917259803315,
    0.004164606531985547,
    0.0006969332373806228,
    0.002869423310921751,
    0.000469013948036316,
    0.0010005974361613917,
    0.00225184097551891,
    0.0017370927574892313,
    0.0013302624815150822,
    0.003947938670993785
  ],
  "vf_stepsize": [
    0.002601393769553772,
    0.007356334779283316,
    0.0014886648283777093,
    0.0024070641539175,
    0.002971860250648673,
    0.003042833377360843,
    0.005746451581092307,
    0.0023289402895545703,
    0.00395370974363096,
    0.004851633481742387
  ],
  "vf_iters": [
    3,
    2,
    3,
    3,
    3,
    3,
    2,
    3,
    3,
    3
  ],
  "vf_minibatches": [
    12,
    15,
    16,
    15,
    17,
    15,
    13,
    13,
    18,
    14
  ],
  "num_envs": 4,
  "results_dir_name": "results",
  "storage_dir_name": "storage",
  "train_set": "remaining",
  "eval_set": "remaining",
  "OPENAI_LOG_FORMAT": "csv",
  "walltime_hrs": 0.3,
  "num_checkpoints": 100,
  "eval_ntrajs": 10,
  "eval_nsteps": 200,
  "eval_seed": 12345,
  "looping_tree": {
    "method": "fixed",
    "environment": "fixed",
    "total_timesteps": "fixed",
    "rng_seed": "cartesian",
    "policy_kwargs": "fixed",
    "timesteps_per_batch": "zip",
    "gamma": "zip",
    "lam": "zip",
    "max_kl": "zip",
    "cg_iters": "zip",
    "entcoeff": "zip",
    "cg_damping": "zip",
    "vf_stepsize": "zip",
    "vf_iters": "zip",
    "vf_minibatches": "zip"
  }
}