{
  "description": "Hyper-parameter optimization for trpo on a low frequency environment",
  "method": "trpo",
  "environment": "drop_leg_100hz",
  "total_timesteps": 4000000,
  "rng_seed": [
    0,
    1000,
    2000
  ],
  "policy_kwargs": {
    "net_arch": [
      {
        "vf": [
          64,
          64
        ],
        "pi": [
          64,
          64
        ]
      }
    ]
  },
  "timesteps_per_batch": [
    659,
    294,
    1667,
    1410,
    1006,
    388,
    1088,
    794,
    618,
    877
  ],
  "gamma": [
    0.9948451112281256,
    0.9817974452066731,
    0.9400747709112034,
    0.9721588916750861,
    0.9351165915976272,
    0.8664247017531385,
    0.9178260734387083,
    0.9198362126684406,
    0.8941312262636857,
    0.9163637103953446
  ],
  "lam": [
    0.9497802621946365,
    0.9408965513918157,
    0.997565787887076,
    0.9779085270253554,
    0.9800328185348073,
    0.972466584429904,
    0.9761412106080933,
    0.969573289982063,
    0.9795127620145452,
    0.9727395765958546
  ],
  "max_kl": [
    0.017531474720200578,
    0.014926556396379529,
    0.002121197234713736,
    0.01625831649324386,
    0.01764586147840389,
    0.015005058742280336,
    0.005550186312544102,
    0.00737701944928535,
    0.006425274968891843,
    0.005159354904932616
  ],
  "cg_iters": [
    9,
    17,
    17,
    15,
    16,
    15,
    17,
    18,
    19,
    20
  ],
  "entcoeff": [
    1.970851918542817e-06,
    8.535721025104338e-06,
    1.0854139523856452e-07,
    4.527795623779263e-06,
    2.1920883349212466e-06,
    2.0408646834894852e-06,
    3.04674699143416e-06,
    1.396405002513092e-06,
    2.736971423517087e-06,
    2.0024795683021437e-06
  ],
  "cg_damping": [
    0.004773973315000356,
    0.00037444252942999475,
    0.0014607421749854102,
    0.0002213258155447991,
    0.0008482784249006414,
    0.00021588198629692804,
    0.00045710341893117674,
    0.0019245618439780968,
    0.0014378697944941617,
    0.0010790061983140524
  ],
  "vf_stepsize": [
    0.011016297582545312,
    0.00038666171093443047,
    0.0004357283559692803,
    0.0008801574855198248,
    0.00048720829266677335,
    0.0021779624973872974,
    0.000829293952675725,
    0.0008385572513295162,
    0.0013233798355763754,
    0.0012442872374080363
  ],
  "vf_iters": [
    2,
    2,
    3,
    2,
    2,
    2,
    3,
    3,
    3,
    3
  ],
  "vf_minibatches": [
    23,
    17,
    26,
    21,
    8,
    11,
    10,
    12,
    12,
    11
  ],
  "num_envs": 4,
  "results_dir_name": "results",
  "storage_dir_name": "storage",
  "train_set": "remaining",
  "eval_set": "remaining",
  "OPENAI_LOG_FORMAT": "csv",
  "walltime_hrs": 0.3,
  "num_checkpoints": 100,
  "eval_ntrajs": 10,
  "eval_nsteps": 200,
  "eval_seed": 12345,
  "looping_tree": {
    "method": "fixed",
    "environment": "fixed",
    "total_timesteps": "fixed",
    "rng_seed": "cartesian",
    "policy_kwargs": "fixed",
    "timesteps_per_batch": "zip",
    "gamma": "zip",
    "lam": "zip",
    "max_kl": "zip",
    "cg_iters": "zip",
    "entcoeff": "zip",
    "cg_damping": "zip",
    "vf_stepsize": "zip",
    "vf_iters": "zip",
    "vf_minibatches": "zip"
  }
}