{
  "description": "Hyper-parameter optimization for trpo on a low frequency environment",
  "method": "trpo",
  "environment": "drop_leg_100hz",
  "total_timesteps": 4000000,
  "rng_seed": [
    0,
    1000,
    2000
  ],
  "policy_kwargs": {
    "net_arch": [
      {
        "vf": [
          64,
          64
        ],
        "pi": [
          64,
          64
        ]
      }
    ]
  },
  "timesteps_per_batch": [
    561,
    1312,
    1806,
    1696,
    435,
    1087,
    1121,
    1056,
    937,
    947
  ],
  "gamma": [
    0.9948816488660239,
    0.9945437663706846,
    0.9944254012435207,
    0.9298652350641015,
    0.9148298418315713,
    0.9211448191898783,
    0.8621784483177786,
    0.8730069774662124,
    0.9000066111281747,
    0.9042329625241691
  ],
  "lam": [
    0.9445264147789947,
    0.9961196308215107,
    0.9778888164369383,
    0.9721007770767471,
    0.9884677504109497,
    0.9946756662995548,
    0.9880531819818718,
    0.9795981856677811,
    0.9866647780284059,
    0.978968984761726
  ],
  "max_kl": [
    0.0022524187580442194,
    0.017616590930216752,
    0.001909599617948485,
    0.012640457231530977,
    0.006940538743604287,
    0.008632109611058114,
    0.004817422818970919,
    0.005390503605690034,
    0.004500039985546576,
    0.004427755526087083
  ],
  "cg_iters": [
    14,
    19,
    11,
    17,
    15,
    16,
    15,
    17,
    16,
    15
  ],
  "entcoeff": [
    2.1518300931020997e-06,
    4.54249081743381e-06,
    2.7620811973012444e-06,
    1.739913726119452e-06,
    1.3758895467690185e-07,
    3.552712024686201e-06,
    1.2408191989650886e-06,
    1.050411092932038e-06,
    9.25116538273586e-07,
    7.445897295802192e-07
  ],
  "cg_damping": [
    0.007664109913175583,
    0.0002442060439468637,
    0.0002836873432844499,
    0.007020751974935634,
    0.00023690323950630664,
    0.0004351684295349389,
    0.002008500285876807,
    0.0011791866138859118,
    0.0009923701960322573,
    0.001087857846996281
  ],
  "vf_stepsize": [
    0.0004048931127523078,
    0.009815815981040348,
    0.00036296300999347897,
    0.0004884778251181163,
    0.0006453916348320512,
    0.0019984511097093007,
    0.002572149792550542,
    0.002203939522736805,
    0.002478200066573635,
    0.0019124137552949405
  ],
  "vf_iters": [
    2,
    2,
    3,
    2,
    3,
    2,
    2,
    2,
    3,
    3
  ],
  "vf_minibatches": [
    5,
    7,
    20,
    8,
    9,
    10,
    10,
    10,
    10,
    10
  ],
  "num_envs": 4,
  "results_dir_name": "results",
  "storage_dir_name": "storage",
  "train_set": "remaining",
  "eval_set": "remaining",
  "OPENAI_LOG_FORMAT": "csv",
  "walltime_hrs": 0.3,
  "num_checkpoints": 100,
  "eval_ntrajs": 10,
  "eval_nsteps": 200,
  "eval_seed": 12345,
  "looping_tree": {
    "method": "fixed",
    "environment": "fixed",
    "total_timesteps": "fixed",
    "rng_seed": "cartesian",
    "policy_kwargs": "fixed",
    "timesteps_per_batch": "zip",
    "gamma": "zip",
    "lam": "zip",
    "max_kl": "zip",
    "cg_iters": "zip",
    "entcoeff": "zip",
    "cg_damping": "zip",
    "vf_stepsize": "zip",
    "vf_iters": "zip",
    "vf_minibatches": "zip"
  }
}