{
  "description": "Hyper-parameter optimization for trpo on a low frequency environment",
  "method": "trpo",
  "environment": "drop_leg_100hz",
  "total_timesteps": 4000000,
  "rng_seed": [
    0,
    1000,
    2000
  ],
  "policy_kwargs": {
    "net_arch": [
      {
        "vf": [
          64,
          64
        ],
        "pi": [
          64,
          64
        ]
      }
    ]
  },
  "timesteps_per_batch": [
    1102,
    663,
    909,
    799,
    698,
    772,
    1013,
    769,
    813,
    671
  ],
  "gamma": [
    0.9397448028711035,
    0.9704408973926177,
    0.9132053439681684,
    0.9731933236058555,
    0.9392489985586538,
    0.9444073737837135,
    0.9351014544681733,
    0.9336889595448519,
    0.9363222418588673,
    0.9461610309068779
  ],
  "lam": [
    0.9419516245927286,
    0.9061494186358395,
    0.9873022005008685,
    0.9856539226463935,
    0.9810370088990965,
    0.9693850661125972,
    0.9735252231858484,
    0.9879508738173095,
    0.9882514995884436,
    0.9836152665808922
  ],
  "max_kl": [
    0.004913243454165505,
    0.002066199176865554,
    0.0028528816251467562,
    0.003107067568979168,
    0.0016096830134907085,
    0.0034480654548942756,
    0.001939391791780487,
    0.002340859287664683,
    0.0023397317049710345,
    0.002440901647487748
  ],
  "cg_iters": [
    15,
    20,
    18,
    18,
    19,
    18,
    19,
    19,
    18,
    20
  ],
  "entcoeff": [
    1.853740015834693e-07,
    1.2534732570764632e-06,
    1.6818482860380315e-07,
    8.719540403068457e-07,
    -3.3881317890172014e-21,
    1.326756249511212e-06,
    4.957108265712774e-07,
    -3.3881317890172014e-21,
    4.982144030872838e-07,
    -3.3881317890172014e-21
  ],
  "cg_damping": [
    0.00060975943815695,
    0.0015531812149996106,
    0.001237894956637157,
    0.003191358212107298,
    0.004173343485490579,
    0.0019228271115690795,
    0.0010915315342692675,
    0.001373855264251604,
    0.0015695286098843303,
    0.006175801572344445
  ],
  "vf_stepsize": [
    0.013128369361490918,
    0.0027582399487744986,
    0.015850521968079505,
    0.007428188771683471,
    0.0032846056700734294,
    0.009795989480849726,
    0.005140275690868584,
    0.00422005689209277,
    0.008862104577831985,
    0.006087546146435906
  ],
  "vf_iters": [
    3,
    2,
    2,
    2,
    2,
    2,
    2,
    2,
    2,
    2
  ],
  "vf_minibatches": [
    10,
    12,
    15,
    8,
    8,
    10,
    12,
    12,
    11,
    10
  ],
  "num_envs": 4,
  "results_dir_name": "results",
  "storage_dir_name": "storage",
  "train_set": "remaining",
  "eval_set": "remaining",
  "OPENAI_LOG_FORMAT": "csv",
  "walltime_hrs": 0.3,
  "num_checkpoints": 100,
  "eval_ntrajs": 10,
  "eval_nsteps": 200,
  "eval_seed": 12345,
  "looping_tree": {
    "method": "fixed",
    "environment": "fixed",
    "total_timesteps": "fixed",
    "rng_seed": "cartesian",
    "policy_kwargs": "fixed",
    "timesteps_per_batch": "zip",
    "gamma": "zip",
    "lam": "zip",
    "max_kl": "zip",
    "cg_iters": "zip",
    "entcoeff": "zip",
    "cg_damping": "zip",
    "vf_stepsize": "zip",
    "vf_iters": "zip",
    "vf_minibatches": "zip"
  }
}