{
  "description": "Hyper-parameter optimization for trpo on a low frequency environment",
  "method": "trpo",
  "environment": "drop_leg_100hz",
  "total_timesteps": 4000000,
  "rng_seed": [
    0,
    1000,
    2000
  ],
  "policy_kwargs": {
    "net_arch": [
      {
        "vf": [
          64,
          64
        ],
        "pi": [
          64,
          64
        ]
      }
    ]
  },
  "timesteps_per_batch": [
    15269,
    155,
    16024,
    2573,
    2888,
    3596,
    2829,
    3222,
    2120,
    1743
  ],
  "gamma": [
    0.999737935116251,
    0.7493618828746341,
    0.9978760103538531,
    0.8363579311772956,
    0.36,
    0.5865270129750277,
    0.36,
    0.36,
    0.36,
    0.36
  ],
  "lam": [
    0.6602344623260625,
    0.7439473676114301,
    0.9823066458427896,
    0.9883230921675664,
    0.7933084986323974,
    0.9894050658735825,
    0.9144068906230797,
    0.8347220600044926,
    0.8794974379011262,
    0.9127269948754176
  ],
  "max_kl": [
    0.03397662697369515,
    0.001949810925776616,
    0.003586981986130857,
    0.03260028821433899,
    0.003292493490393084,
    0.002215667561394879,
    0.0020064102100160637,
    0.0012500000000000002,
    0.003414092004429567,
    0.0012500000000000002
  ],
  "cg_iters": [
    2,
    2,
    5,
    6,
    7,
    8,
    9,
    7,
    8,
    6
  ],
  "entcoeff": [
    0.00011532153727502128,
    0.0007216730449552801,
    1.3450726792114818e-06,
    8.770825161589095e-07,
    -3.3881317890172014e-21,
    1.3673938719097769e-05,
    3.382784886149866e-06,
    9.421328319342343e-06,
    -3.3881317890172014e-21,
    3.139811663700987e-06
  ],
  "cg_damping": [
    0.0002386982752738984,
    0.00025225053370888647,
    0.23215446386796382,
    0.8520276402829787,
    0.04498447091324792,
    0.3102484136183271,
    0.10218084917069055,
    0.014903558034808018,
    0.03775686950191105,
    0.029941995252360312
  ],
  "vf_stepsize": [
    0.029204239344991938,
    0.02332974891739554,
    0.008429741151410586,
    0.00014149843672308268,
    0.020139942825281525,
    0.001797289946659443,
    0.0009166489888507527,
    0.0008904599171003422,
    0.002916926263636332,
    0.0014546303612883054
  ],
  "vf_iters": [
    10,
    3,
    3,
    7,
    5,
    4,
    3,
    3,
    3,
    3
  ],
  "vf_minibatches": [
    3,
    16,
    10,
    21,
    16,
    12,
    13,
    14,
    12,
    15
  ],
  "num_envs": 4,
  "results_dir_name": "results",
  "storage_dir_name": "storage",
  "train_set": "remaining",
  "eval_set": "remaining",
  "OPENAI_LOG_FORMAT": "csv",
  "walltime_hrs": 0.3,
  "num_checkpoints": 100,
  "eval_ntrajs": 10,
  "eval_nsteps": 200,
  "eval_seed": 12345,
  "looping_tree": {
    "method": "fixed",
    "environment": "fixed",
    "total_timesteps": "fixed",
    "rng_seed": "cartesian",
    "policy_kwargs": "fixed",
    "timesteps_per_batch": "zip",
    "gamma": "zip",
    "lam": "zip",
    "max_kl": "zip",
    "cg_iters": "zip",
    "entcoeff": "zip",
    "cg_damping": "zip",
    "vf_stepsize": "zip",
    "vf_iters": "zip",
    "vf_minibatches": "zip"
  }
}