{
  "description": "Hyper-parameter optimization for trpo on a low frequency environment",
  "method": "trpo",
  "environment": "drop_leg_100hz",
  "total_timesteps": 4000000,
  "rng_seed": [
    0,
    1000,
    2000
  ],
  "policy_kwargs": {
    "net_arch": [
      {
        "vf": [
          64,
          64
        ],
        "pi": [
          64,
          64
        ]
      }
    ]
  },
  "timesteps_per_batch": [
    740,
    635,
    1762,
    458,
    703,
    682,
    955,
    1157,
    855,
    1130
  ],
  "gamma": [
    0.919062495898795,
    0.9940853634214498,
    0.9268402539114824,
    0.9841068545355725,
    0.9506050569809357,
    0.9274087705673542,
    0.9602325460286747,
    0.9475237055114433,
    0.8891444372229902,
    0.9227983955529766
  ],
  "lam": [
    0.9974403485313147,
    0.9571924917324449,
    0.9532542511388381,
    0.9975668163188878,
    0.9711382538855281,
    0.9908094112691399,
    0.9375803359530348,
    0.984844873483154,
    0.976573115494319,
    0.9926471223865276
  ],
  "max_kl": [
    0.010834919203702267,
    0.0019016798431827854,
    0.003781284019228989,
    0.007182947106544649,
    0.0020530618837638253,
    0.0057884103824025444,
    0.0027376646779365766,
    0.0054380262999925225,
    0.005097644762204476,
    0.0032847971956012144
  ],
  "cg_iters": [
    12,
    17,
    17,
    17,
    17,
    19,
    16,
    16,
    16,
    17
  ],
  "entcoeff": [
    3.3068303814277e-06,
    3.261407840898177e-06,
    1.1497075114344085e-06,
    3.3322133978297614e-06,
    7.45166519734283e-07,
    1.8630166943780736e-06,
    1.2132788972792522e-06,
    1.7727678290771337e-07,
    5.428248467276926e-06,
    1.8550626557345148e-06
  ],
  "cg_damping": [
    0.00021754875742207945,
    0.00023095563134085587,
    0.00020032589463825736,
    0.007546680672696045,
    0.00020567100230228287,
    0.0003020293314193832,
    0.0011722390416084897,
    0.0013305077015240416,
    0.005784651836168424,
    0.001494507169812244
  ],
  "vf_stepsize": [
    0.0003411506674354235,
    0.013222217485256883,
    0.0004671985430095664,
    0.0004441328778467263,
    0.00595280347814645,
    0.005795773615947236,
    0.004560696105895286,
    0.003221235102000208,
    0.0036685602905712072,
    0.00568075474236088
  ],
  "vf_iters": [
    2,
    3,
    3,
    3,
    3,
    3,
    3,
    2,
    2,
    2
  ],
  "vf_minibatches": [
    13,
    7,
    10,
    8,
    11,
    7,
    10,
    8,
    8,
    7
  ],
  "num_envs": 4,
  "results_dir_name": "results",
  "storage_dir_name": "storage",
  "train_set": "remaining",
  "eval_set": "remaining",
  "OPENAI_LOG_FORMAT": "csv",
  "walltime_hrs": 0.3,
  "num_checkpoints": 100,
  "eval_ntrajs": 10,
  "eval_nsteps": 200,
  "eval_seed": 12345,
  "looping_tree": {
    "method": "fixed",
    "environment": "fixed",
    "total_timesteps": "fixed",
    "rng_seed": "cartesian",
    "policy_kwargs": "fixed",
    "timesteps_per_batch": "zip",
    "gamma": "zip",
    "lam": "zip",
    "max_kl": "zip",
    "cg_iters": "zip",
    "entcoeff": "zip",
    "cg_damping": "zip",
    "vf_stepsize": "zip",
    "vf_iters": "zip",
    "vf_minibatches": "zip"
  }
}