{
  "description": "Hyper-parameter optimization for trpo on a low frequency environment",
  "method": "trpo",
  "environment": "drop_leg_100hz",
  "total_timesteps": 4000000,
  "rng_seed": [
    0,
    1000,
    2000
  ],
  "policy_kwargs": {
    "net_arch": [
      {
        "vf": [
          64,
          64
        ],
        "pi": [
          64,
          64
        ]
      }
    ]
  },
  "timesteps_per_batch": [
    618,
    2512,
    1128,
    749,
    294,
    876,
    764,
    676,
    722,
    1076
  ],
  "gamma": [
    0.5188467956815148,
    0.3951344808931747,
    0.36,
    0.36,
    0.36,
    0.36,
    0.36,
    0.36,
    0.36,
    0.36
  ],
  "lam": [
    0.9994723008775789,
    0.9989355954666695,
    0.9951161119421691,
    0.9973467157438357,
    0.9870158987895938,
    0.9970106462311928,
    0.9939755225430152,
    0.9965509716218662,
    0.9895357690408129,
    0.9935128995470672
  ],
  "max_kl": [
    0.004128866471422868,
    0.005040162436589196,
    0.011688773617253824,
    0.0035016200290117552,
    0.0047384952972251045,
    0.008209718957147462,
    0.017152453667555793,
    0.005588045218271228,
    0.006523327195350763,
    0.008739055613715368
  ],
  "cg_iters": [
    11,
    11,
    11,
    19,
    9,
    8,
    7,
    11,
    10,
    10
  ],
  "entcoeff": [
    -3.3881317890172014e-21,
    -3.3881317890172014e-21,
    -3.3881317890172014e-21,
    1.1116610425468985e-06,
    -3.3881317890172014e-21,
    -3.3881317890172014e-21,
    -3.3881317890172014e-21,
    -3.3881317890172014e-21,
    -3.3881317890172014e-21,
    2.869228718514708e-07
  ],
  "cg_damping": [
    0.04063794222535041,
    0.0030706313146284183,
    0.0798770673353436,
    0.0744325237678841,
    0.021706510159164524,
    0.024826756091285547,
    0.13107390851852946,
    0.016716153013620554,
    0.009474186211889092,
    0.014525938410409535
  ],
  "vf_stepsize": [
    0.015072275064646283,
    0.0004809051101905471,
    0.016958764599429278,
    0.0017399416515453444,
    0.029999999999999995,
    0.0003721826124770761,
    0.0020305931598376932,
    0.0026316375171754505,
    0.0016110987583100832,
    0.0027033170566712647
  ],
  "vf_iters": [
    3,
    2,
    3,
    3,
    2,
    3,
    2,
    3,
    3,
    2
  ],
  "vf_minibatches": [
    6,
    17,
    18,
    9,
    6,
    19,
    18,
    12,
    13,
    15
  ],
  "num_envs": 4,
  "results_dir_name": "results",
  "storage_dir_name": "storage",
  "train_set": "remaining",
  "eval_set": "remaining",
  "OPENAI_LOG_FORMAT": "csv",
  "walltime_hrs": 0.3,
  "num_checkpoints": 100,
  "eval_ntrajs": 10,
  "eval_nsteps": 200,
  "eval_seed": 12345,
  "looping_tree": {
    "method": "fixed",
    "environment": "fixed",
    "total_timesteps": "fixed",
    "rng_seed": "cartesian",
    "policy_kwargs": "fixed",
    "timesteps_per_batch": "zip",
    "gamma": "zip",
    "lam": "zip",
    "max_kl": "zip",
    "cg_iters": "zip",
    "entcoeff": "zip",
    "cg_damping": "zip",
    "vf_stepsize": "zip",
    "vf_iters": "zip",
    "vf_minibatches": "zip"
  }
}