{
  "description": "Hyper-parameter optimization for trpo on a low frequency environment",
  "method": "trpo",
  "environment": "drop_leg_100hz",
  "total_timesteps": 4000000,
  "rng_seed": [
    0,
    1000,
    2000
  ],
  "policy_kwargs": {
    "net_arch": [
      {
        "vf": [
          64,
          64
        ],
        "pi": [
          64,
          64
        ]
      }
    ]
  },
  "timesteps_per_batch": [
    313,
    809,
    1727,
    793,
    1609,
    1531,
    934,
    1099,
    1086,
    1154
  ],
  "gamma": [
    0.908289561539408,
    0.992667616201822,
    0.8844945793168973,
    0.8577315746290591,
    0.8577315746290591,
    0.8577315746290591,
    0.879378458151054,
    0.8577315746290591,
    0.8577315746290591,
    0.8577315746290591
  ],
  "lam": [
    0.9954314082942587,
    0.9976469363481426,
    0.9872657688655578,
    0.9737849656754899,
    0.9536437944879661,
    0.9856942356167155,
    0.9668942414915256,
    0.9795203884950993,
    0.9797795248076684,
    0.9803748611167182
  ],
  "max_kl": [
    0.006574408470000055,
    0.00438198917701279,
    0.0029495429212361233,
    0.010088998806085242,
    0.004269661693473215,
    0.0067196713817087314,
    0.006782156122647749,
    0.009783276648041522,
    0.004724743982441379,
    0.006627954351292135
  ],
  "cg_iters": [
    14,
    12,
    12,
    17,
    17,
    20,
    16,
    17,
    20,
    17
  ],
  "entcoeff": [
    2.106235509391131e-05,
    1.1502853787318025e-06,
    3.976617943534325e-06,
    5.319202421528389e-07,
    7.979914204627388e-07,
    1.3294787951286533e-06,
    2.266337989695859e-06,
    2.150141921588376e-06,
    1.1546074725162724e-06,
    9.797888967713852e-07
  ],
  "cg_damping": [
    0.0076220955218716056,
    0.00019973516035680597,
    0.0003094522981429824,
    0.0010593992381831806,
    0.0021145028766285886,
    0.0004932376745186036,
    0.0018325651650938515,
    0.0016342401628357752,
    0.001512683040496016,
    0.0014217795891500163
  ],
  "vf_stepsize": [
    0.0009840179766296578,
    0.000676415656991665,
    0.010431255932935129,
    0.006454399794252749,
    0.001184880187073592,
    0.004196577594677754,
    0.003310739872174454,
    0.002422394468270555,
    0.0024529914595459437,
    0.0018261574129753017
  ],
  "vf_iters": [
    2,
    4,
    2,
    2,
    2,
    2,
    2,
    2,
    2,
    2
  ],
  "vf_minibatches": [
    25,
    7,
    23,
    10,
    14,
    14,
    16,
    13,
    15,
    12
  ],
  "num_envs": 4,
  "results_dir_name": "results",
  "storage_dir_name": "storage",
  "train_set": "remaining",
  "eval_set": "remaining",
  "OPENAI_LOG_FORMAT": "csv",
  "walltime_hrs": 0.3,
  "num_checkpoints": 100,
  "eval_ntrajs": 10,
  "eval_nsteps": 200,
  "eval_seed": 12345,
  "looping_tree": {
    "method": "fixed",
    "environment": "fixed",
    "total_timesteps": "fixed",
    "rng_seed": "cartesian",
    "policy_kwargs": "fixed",
    "timesteps_per_batch": "zip",
    "gamma": "zip",
    "lam": "zip",
    "max_kl": "zip",
    "cg_iters": "zip",
    "entcoeff": "zip",
    "cg_damping": "zip",
    "vf_stepsize": "zip",
    "vf_iters": "zip",
    "vf_minibatches": "zip"
  }
}