{
  "description": "Hyper-parameter optimization for trpo on a low frequency environment",
  "method": "trpo",
  "environment": "drop_leg_100hz",
  "total_timesteps": 4000000,
  "rng_seed": [
    0,
    1000,
    2000
  ],
  "policy_kwargs": {
    "net_arch": [
      {
        "vf": [
          64,
          64
        ],
        "pi": [
          64,
          64
        ]
      }
    ]
  },
  "timesteps_per_batch": [
    968,
    895,
    737,
    701,
    827,
    811,
    795,
    968,
    706,
    857
  ],
  "gamma": [
    0.9624351571021693,
    0.9474769663726227,
    0.9566377665486393,
    0.9562323810992273,
    0.9398318764078207,
    0.943184598585271,
    0.9514615249325062,
    0.9556301227803126,
    0.9481534870582804,
    0.9494166034828759
  ],
  "lam": [
    0.9885877374430471,
    0.9793056291277757,
    0.9776179003684634,
    0.975662711264714,
    0.9869447877194978,
    0.9864278409684524,
    0.9840172247444949,
    0.9884932517595388,
    0.9817370750225514,
    0.987732780119632
  ],
  "max_kl": [
    0.00455491525789032,
    0.005339231215208913,
    0.004814322984649999,
    0.0038315225805002043,
    0.003258146530496391,
    0.004446247698680521,
    0.004621036928937139,
    0.003217161924004289,
    0.0039660487106305976,
    0.003773122856986085
  ],
  "cg_iters": [
    16,
    17,
    17,
    18,
    16,
    18,
    18,
    17,
    16,
    17
  ],
  "entcoeff": [
    1.9127858089840785e-06,
    1.3442733644722712e-06,
    1.0834268634319946e-06,
    3.6133122390453567e-06,
    3.0869833667848034e-06,
    2.7969466584028174e-06,
    2.4313337168582746e-06,
    4.963781479221122e-06,
    3.6288029957603034e-06,
    1.865575215520318e-06
  ],
  "cg_damping": [
    0.001979731857003037,
    0.0011006957197184817,
    0.0028642847101943464,
    0.001524491283420585,
    0.0015232280030783277,
    0.0010626196130291187,
    0.0018273479103279725,
    0.001424064283287667,
    0.001689963042009967,
    0.0015599864732748596
  ],
  "vf_stepsize": [
    0.0029191977389360513,
    0.0021941297243471764,
    0.002183356826913314,
    0.003010941383013895,
    0.001961513661825778,
    0.0027187760804752844,
    0.0035041912222598926,
    0.00277236940390406,
    0.002909347416227865,
    0.0029581112654285006
  ],
  "vf_iters": [
    3,
    3,
    3,
    3,
    3,
    3,
    3,
    3,
    3,
    3
  ],
  "vf_minibatches": [
    12,
    12,
    10,
    12,
    11,
    12,
    10,
    12,
    12,
    11
  ],
  "num_envs": 4,
  "results_dir_name": "results",
  "storage_dir_name": "storage",
  "train_set": "remaining",
  "eval_set": "remaining",
  "OPENAI_LOG_FORMAT": "csv",
  "walltime_hrs": 0.3,
  "num_checkpoints": 100,
  "eval_ntrajs": 10,
  "eval_nsteps": 200,
  "eval_seed": 12345,
  "looping_tree": {
    "method": "fixed",
    "environment": "fixed",
    "total_timesteps": "fixed",
    "rng_seed": "cartesian",
    "policy_kwargs": "fixed",
    "timesteps_per_batch": "zip",
    "gamma": "zip",
    "lam": "zip",
    "max_kl": "zip",
    "cg_iters": "zip",
    "entcoeff": "zip",
    "cg_damping": "zip",
    "vf_stepsize": "zip",
    "vf_iters": "zip",
    "vf_minibatches": "zip"
  }
}