{
  "description": "Hyper-parameter optimization for trpo on a low frequency environment",
  "method": "trpo",
  "environment": "drop_leg_100hz",
  "total_timesteps": 4000000,
  "rng_seed": [
    0,
    1000,
    2000
  ],
  "policy_kwargs": {
    "net_arch": [
      {
        "vf": [
          64,
          64
        ],
        "pi": [
          64,
          64
        ]
      }
    ]
  },
  "timesteps_per_batch": [
    1120,
    824,
    650,
    619,
    927,
    701,
    671,
    747,
    726,
    909
  ],
  "gamma": [
    0.9186151601018824,
    0.9322551338703456,
    0.9101934689070351,
    0.8978800482486655,
    0.9212890968388133,
    0.9005741919524746,
    0.900747094877524,
    0.9261284748294516,
    0.9207843891832064,
    0.9159164686626757
  ],
  "lam": [
    0.991506026585636,
    0.979865146264901,
    0.9858328116531991,
    0.9684841120650004,
    0.9703728209444048,
    0.971806042022425,
    0.9819577161391005,
    0.9725103221582614,
    0.9749676119314195,
    0.979336964132024
  ],
  "max_kl": [
    0.004393427756794823,
    0.003895716956730911,
    0.0037742850431672927,
    0.0031538464597750553,
    0.0029130001392483596,
    0.0031674537182551144,
    0.002696097256666081,
    0.0037150700729799966,
    0.003349876611821145,
    0.003274557121450479
  ],
  "cg_iters": [
    14,
    17,
    14,
    14,
    16,
    16,
    17,
    17,
    17,
    16
  ],
  "entcoeff": [
    5.013467202455682e-07,
    1.485661571633627e-07,
    2.5426471719589846e-08,
    2.376661835806527e-06,
    7.609817035720575e-07,
    -3.3881317890172014e-21,
    -3.3881317890172014e-21,
    -3.3881317890172014e-21,
    -3.3881317890172014e-21,
    -3.3881317890172014e-21
  ],
  "cg_damping": [
    0.0036887769195209853,
    0.0017269859346656362,
    0.000964456188278465,
    0.0013725555313028222,
    0.0012819506286191882,
    0.002144262100323061,
    0.0015362243654406305,
    0.0015594535408956602,
    0.0018877985958508506,
    0.0014876142994479692
  ],
  "vf_stepsize": [
    0.0026264618940707294,
    0.0012438989571147677,
    0.002732830597810183,
    0.004445141177037093,
    0.0021269858064510913,
    0.002453003729422009,
    0.002965162305067488,
    0.002965861586977836,
    0.0029601389930295438,
    0.0023876868587071947
  ],
  "vf_iters": [
    3,
    3,
    2,
    2,
    2,
    3,
    2,
    2,
    3,
    2
  ],
  "vf_minibatches": [
    11,
    9,
    10,
    8,
    10,
    8,
    10,
    9,
    10,
    9
  ],
  "num_envs": 4,
  "results_dir_name": "results",
  "storage_dir_name": "storage",
  "train_set": "remaining",
  "eval_set": "remaining",
  "OPENAI_LOG_FORMAT": "csv",
  "walltime_hrs": 0.3,
  "num_checkpoints": 100,
  "eval_ntrajs": 10,
  "eval_nsteps": 200,
  "eval_seed": 12345,
  "looping_tree": {
    "method": "fixed",
    "environment": "fixed",
    "total_timesteps": "fixed",
    "rng_seed": "cartesian",
    "policy_kwargs": "fixed",
    "timesteps_per_batch": "zip",
    "gamma": "zip",
    "lam": "zip",
    "max_kl": "zip",
    "cg_iters": "zip",
    "entcoeff": "zip",
    "cg_damping": "zip",
    "vf_stepsize": "zip",
    "vf_iters": "zip",
    "vf_minibatches": "zip"
  }
}