{
  "description": "Hyper-parameter optimization for trpo on a low frequency environment",
  "method": "trpo",
  "environment": "drop_leg_100hz",
  "total_timesteps": 4000000,
  "rng_seed": [
    0,
    1000,
    2000
  ],
  "policy_kwargs": {
    "net_arch": [
      {
        "vf": [
          64,
          64
        ],
        "pi": [
          64,
          64
        ]
      }
    ]
  },
  "timesteps_per_batch": [
    105,
    72,
    13987,
    159,
    1300,
    864,
    1188,
    607,
    955,
    805
  ],
  "gamma": [
    0.9996940955081667,
    0.7678884036653308,
    0.9770421624695235,
    0.9974843506307909,
    0.9033302214493029,
    0.8389724203730216,
    0.886363982682511,
    0.7312779508243811,
    0.8455268612153221,
    0.8821534635497366
  ],
  "lam": [
    0.9994435374794448,
    0.9997073370812923,
    0.9996364923960553,
    0.9996256840437334,
    0.9794430038657267,
    0.9976347925324623,
    0.9691055423506733,
    0.9921841012592169,
    0.9659068076122262,
    0.9568922842120311
  ],
  "max_kl": [
    0.40547321110540313,
    0.19979950279357053,
    0.11579608446481579,
    0.30310854169231627,
    0.009796616684401472,
    0.008977991547826893,
    0.007155246403493492,
    0.008207128375746463,
    0.013167596439125184,
    0.0060618680906618545
  ],
  "cg_iters": [
    13,
    15,
    10,
    20,
    10,
    9,
    15,
    10,
    16,
    10
  ],
  "entcoeff": [
    0.0008674079263080183,
    5.4375910546339845e-05,
    5.9287006276441366e-05,
    2.245945846586084e-05,
    6.298161605639384e-06,
    -3.3881317890172014e-21,
    -3.3881317890172014e-21,
    -3.3881317890172014e-21,
    -3.3881317890172014e-21,
    -3.3881317890172014e-21
  ],
  "cg_damping": [
    0.041107724488782575,
    0.00010547966830722458,
    0.9982391982038341,
    0.00024110533465810966,
    0.008809621694004618,
    0.002442226975945472,
    0.011123549980666265,
    0.00846271043140606,
    0.00473501222516548,
    0.035058799688603356
  ],
  "vf_stepsize": [
    3.37712890590401e-06,
    0.012131079612353515,
    4.268014662778251e-06,
    3.495876357502353e-06,
    0.004036558118159778,
    0.007114531115474882,
    0.002851923698411289,
    0.0038720224330794973,
    0.0018538886770651953,
    0.00371381116032904
  ],
  "vf_iters": [
    10,
    5,
    9,
    1,
    3,
    3,
    2,
    3,
    3,
    3
  ],
  "vf_minibatches": [
    59,
    28,
    61,
    26,
    10,
    13,
    7,
    11,
    16,
    8
  ],
  "num_envs": 4,
  "results_dir_name": "results",
  "storage_dir_name": "storage",
  "train_set": "remaining",
  "eval_set": "remaining",
  "OPENAI_LOG_FORMAT": "csv",
  "walltime_hrs": 0.3,
  "num_checkpoints": 100,
  "eval_ntrajs": 10,
  "eval_nsteps": 200,
  "eval_seed": 12345,
  "looping_tree": {
    "method": "fixed",
    "environment": "fixed",
    "total_timesteps": "fixed",
    "rng_seed": "cartesian",
    "policy_kwargs": "fixed",
    "timesteps_per_batch": "zip",
    "gamma": "zip",
    "lam": "zip",
    "max_kl": "zip",
    "cg_iters": "zip",
    "entcoeff": "zip",
    "cg_damping": "zip",
    "vf_stepsize": "zip",
    "vf_iters": "zip",
    "vf_minibatches": "zip"
  }
}