{
  "description": "Hyper-parameter optimization for trpo on a low frequency environment",
  "method": "trpo",
  "environment": "drop_leg_100hz",
  "total_timesteps": 4000000,
  "rng_seed": [
    0,
    1000,
    2000
  ],
  "policy_kwargs": {
    "net_arch": [
      {
        "vf": [
          64,
          64
        ],
        "pi": [
          64,
          64
        ]
      }
    ]
  },
  "timesteps_per_batch": [
    911,
    1403,
    1122,
    1159,
    1317,
    908,
    969,
    1320,
    1355,
    1587
  ],
  "gamma": [
    0.9231872329122666,
    0.8479314688871865,
    0.9487932994426344,
    0.8896838409706538,
    0.798319710588032,
    0.837960628596449,
    0.897046913719928,
    0.8611779136802353,
    0.9050948535367194,
    0.9002739501018664
  ],
  "lam": [
    0.9801671285903617,
    0.9612901455351199,
    0.9894048503596742,
    0.9233084747141098,
    0.9857052566303204,
    0.983722788268707,
    0.9707995043715792,
    0.9855882011954257,
    0.9600192383064353,
    0.9810183681045189
  ],
  "max_kl": [
    0.0037833775475130667,
    0.007327245155137494,
    0.0051537195716152995,
    0.005001128592051277,
    0.0030660860945019193,
    0.004713900068204639,
    0.0036460478057312815,
    0.005413585537759873,
    0.0050669630149500705,
    0.005371880511066056
  ],
  "cg_iters": [
    16,
    15,
    16,
    16,
    15,
    14,
    16,
    13,
    16,
    16
  ],
  "entcoeff": [
    1.390412511531129e-06,
    -3.3881317890172014e-21,
    -3.3881317890172014e-21,
    -3.3881317890172014e-21,
    -3.3881317890172014e-21,
    -3.3881317890172014e-21,
    -3.3881317890172014e-21,
    -3.3881317890172014e-21,
    -3.3881317890172014e-21,
    -3.3881317890172014e-21
  ],
  "cg_damping": [
    0.001988608170799426,
    0.015935942029551082,
    0.012428620566602195,
    0.004450604601203568,
    0.025108159525142622,
    0.007820337354523166,
    0.01242173728521514,
    0.005468611740659856,
    0.005814799447968343,
    0.007998925565648622
  ],
  "vf_stepsize": [
    0.0030660759309772893,
    0.016473533410378115,
    0.010806161358358858,
    0.005544563857536787,
    0.005077049299271142,
    0.00894827164020275,
    0.005950223683318985,
    0.0038745397732476887,
    0.0076117272990732,
    0.004783168392697548
  ],
  "vf_iters": [
    3,
    2,
    2,
    3,
    3,
    3,
    3,
    3,
    3,
    3
  ],
  "vf_minibatches": [
    11,
    6,
    5,
    8,
    8,
    6,
    7,
    7,
    9,
    7
  ],
  "num_envs": 4,
  "results_dir_name": "results",
  "storage_dir_name": "storage",
  "train_set": "remaining",
  "eval_set": "remaining",
  "OPENAI_LOG_FORMAT": "csv",
  "walltime_hrs": 0.3,
  "num_checkpoints": 100,
  "eval_ntrajs": 10,
  "eval_nsteps": 200,
  "eval_seed": 12345,
  "looping_tree": {
    "method": "fixed",
    "environment": "fixed",
    "total_timesteps": "fixed",
    "rng_seed": "cartesian",
    "policy_kwargs": "fixed",
    "timesteps_per_batch": "zip",
    "gamma": "zip",
    "lam": "zip",
    "max_kl": "zip",
    "cg_iters": "zip",
    "entcoeff": "zip",
    "cg_damping": "zip",
    "vf_stepsize": "zip",
    "vf_iters": "zip",
    "vf_minibatches": "zip"
  }
}