{
  "description": "Hyper-parameter optimization for trpo on a low frequency environment",
  "method": "trpo",
  "environment": "drop_leg_100hz",
  "total_timesteps": 4000000,
  "rng_seed": [
    0,
    1000,
    2000
  ],
  "policy_kwargs": {
    "net_arch": [
      {
        "vf": [
          64,
          64
        ],
        "pi": [
          64,
          64
        ]
      }
    ]
  },
  "timesteps_per_batch": [
    690,
    743,
    573,
    697,
    888,
    555,
    721,
    845,
    708,
    649
  ],
  "gamma": [
    0.9502458209751636,
    0.9638104256126955,
    0.9426808568073775,
    0.9570811405556433,
    0.9435802985698515,
    0.9369699358133219,
    0.930535175373841,
    0.9391892410274333,
    0.9400654039319978,
    0.9504364510653281
  ],
  "lam": [
    0.9946360611103989,
    0.99275571370361,
    0.9824994115402489,
    0.989181543059754,
    0.9856180396627361,
    0.9878112064502083,
    0.9851930017875633,
    0.9886018105357944,
    0.9873710302910292,
    0.9911424212572604
  ],
  "max_kl": [
    0.003542279726444258,
    0.003047208359314154,
    0.0024081704046203414,
    0.0032823495476542912,
    0.003415176903653277,
    0.0027938977382674893,
    0.0027511392829500133,
    0.002896312110430633,
    0.0027772520259059874,
    0.0030061836510233545
  ],
  "cg_iters": [
    19,
    18,
    19,
    20,
    16,
    19,
    18,
    20,
    20,
    18
  ],
  "entcoeff": [
    -3.3881317890172014e-21,
    -3.3881317890172014e-21,
    1.59370327497023e-06,
    -3.3881317890172014e-21,
    6.770801108604338e-07,
    -3.3881317890172014e-21,
    -3.3881317890172014e-21,
    -3.3881317890172014e-21,
    -3.3881317890172014e-21,
    -3.3881317890172014e-21
  ],
  "cg_damping": [
    0.001076526964175046,
    0.002580995996940155,
    0.0030172573112655374,
    0.0012948378102309037,
    0.0024832361164930238,
    0.0019367237629497717,
    0.0015751353253351144,
    0.0015136412612330034,
    0.0013769162026238168,
    0.001633721667109916
  ],
  "vf_stepsize": [
    0.010394346332713326,
    0.008499506860753991,
    0.01021725984605972,
    0.00588216128418028,
    0.005448580626467578,
    0.008927882544074528,
    0.005577146860164725,
    0.007400248220778674,
    0.006374965104464019,
    0.005333541060698659
  ],
  "vf_iters": [
    3,
    3,
    3,
    3,
    3,
    3,
    3,
    3,
    3,
    3
  ],
  "vf_minibatches": [
    13,
    11,
    10,
    9,
    10,
    8,
    10,
    9,
    8,
    10
  ],
  "num_envs": 4,
  "results_dir_name": "results",
  "storage_dir_name": "storage",
  "train_set": "remaining",
  "eval_set": "remaining",
  "OPENAI_LOG_FORMAT": "csv",
  "walltime_hrs": 0.3,
  "num_checkpoints": 100,
  "eval_ntrajs": 10,
  "eval_nsteps": 200,
  "eval_seed": 12345,
  "looping_tree": {
    "method": "fixed",
    "environment": "fixed",
    "total_timesteps": "fixed",
    "rng_seed": "cartesian",
    "policy_kwargs": "fixed",
    "timesteps_per_batch": "zip",
    "gamma": "zip",
    "lam": "zip",
    "max_kl": "zip",
    "cg_iters": "zip",
    "entcoeff": "zip",
    "cg_damping": "zip",
    "vf_stepsize": "zip",
    "vf_iters": "zip",
    "vf_minibatches": "zip"
  }
}