{
  "description": "Hyper-parameter optimization for trpo on a low frequency environment",
  "method": "trpo",
  "environment": "drop_leg_100hz",
  "total_timesteps": 4000000,
  "rng_seed": [
    0,
    1000,
    2000
  ],
  "policy_kwargs": {
    "net_arch": [
      {
        "vf": [
          64,
          64
        ],
        "pi": [
          64,
          64
        ]
      }
    ]
  },
  "timesteps_per_batch": [
    13163,
    8131,
    10670,
    3154,
    12389,
    5945,
    1050,
    939,
    525,
    1108
  ],
  "gamma": [
    0.9492026312376626,
    0.4443068423188191,
    0.6069423156391771,
    0.4817753859557157,
    0.4457203892383098,
    0.7298347866855884,
    0.36,
    0.4009450580055046,
    0.36,
    0.36
  ],
  "lam": [
    0.4588181809170947,
    0.49973621689651015,
    0.9553665665291285,
    0.9485566948170503,
    0.9792169194785049,
    0.9941965505256699,
    0.9709800233920697,
    0.8872727087474601,
    0.9421656873290144,
    0.9775000910612288
  ],
  "max_kl": [
    0.5105547420427069,
    0.3766179491046349,
    0.4309954148597532,
    0.3766635266665169,
    0.06437503967340362,
    0.10167352227433776,
    0.030578653837337585,
    0.0172325620559452,
    0.0063529887730637835,
    0.010532041218697758
  ],
  "cg_iters": [
    2,
    15,
    19,
    10,
    10,
    12,
    13,
    18,
    20,
    18
  ],
  "entcoeff": [
    0.0008376573229664987,
    2.4278163135397816e-05,
    1.3219791463739556e-05,
    0.0008300234059965188,
    0.00014700011162147898,
    0.00017429993431125994,
    1.2592791077876524e-05,
    1.2942083049733812e-05,
    1.0986492103923669e-05,
    9.644236770330053e-06
  ],
  "cg_damping": [
    0.00013233306775937807,
    0.002161693366542995,
    0.10092752466957475,
    0.14228053288203044,
    0.00028703268957614895,
    0.29900363385924583,
    0.05334647199542695,
    0.008666019406867804,
    0.03548187755345501,
    0.011953797430492883
  ],
  "vf_stepsize": [
    0.00014913910753573247,
    0.014018714309147803,
    3.522318444199719e-06,
    0.0017206623818712958,
    0.00014009951984414137,
    7.409929913190964e-06,
    0.002888318010968872,
    0.0008546023882365394,
    0.0025065050254479797,
    0.001610974428039282
  ],
  "vf_iters": [
    13,
    17,
    15,
    7,
    7,
    13,
    4,
    4,
    4,
    3
  ],
  "vf_minibatches": [
    3,
    13,
    16,
    21,
    1,
    14,
    3,
    8,
    7,
    10
  ],
  "num_envs": 4,
  "results_dir_name": "results",
  "storage_dir_name": "storage",
  "train_set": "remaining",
  "eval_set": "remaining",
  "OPENAI_LOG_FORMAT": "csv",
  "walltime_hrs": 0.3,
  "num_checkpoints": 100,
  "eval_ntrajs": 10,
  "eval_nsteps": 200,
  "eval_seed": 12345,
  "looping_tree": {
    "method": "fixed",
    "environment": "fixed",
    "total_timesteps": "fixed",
    "rng_seed": "cartesian",
    "policy_kwargs": "fixed",
    "timesteps_per_batch": "zip",
    "gamma": "zip",
    "lam": "zip",
    "max_kl": "zip",
    "cg_iters": "zip",
    "entcoeff": "zip",
    "cg_damping": "zip",
    "vf_stepsize": "zip",
    "vf_iters": "zip",
    "vf_minibatches": "zip"
  }
}