{
  "description": "Hyper-parameter optimization for trpo on a low frequency environment",
  "method": "trpo",
  "environment": "drop_leg_100hz",
  "total_timesteps": 4000000,
  "rng_seed": [
    0,
    1000,
    2000
  ],
  "policy_kwargs": {
    "net_arch": [
      {
        "vf": [
          64,
          64
        ],
        "pi": [
          64,
          64
        ]
      }
    ]
  },
  "timesteps_per_batch": [
    728,
    892,
    575,
    840,
    975,
    746,
    806,
    843,
    755,
    874
  ],
  "gamma": [
    0.9511342895315084,
    0.9452581380596912,
    0.9507541444774565,
    0.9405542879823705,
    0.9636829692709494,
    0.9576017272414897,
    0.9607668561540993,
    0.9594796849530325,
    0.9581173179613194,
    0.9607864165656979
  ],
  "lam": [
    0.9683811611962726,
    0.9869259048717192,
    0.9774946022590687,
    0.9855415161905177,
    0.9831594261824446,
    0.9855255644064074,
    0.9870239048382883,
    0.9823098521583582,
    0.9856163407934314,
    0.9839507051447665
  ],
  "max_kl": [
    0.004718106898137642,
    0.005741431577576283,
    0.005411799088035789,
    0.006392273640389089,
    0.005523523966004569,
    0.004644405651761775,
    0.0051158842660210665,
    0.005631145685976386,
    0.005541130547035406,
    0.005283020610535458
  ],
  "cg_iters": [
    16,
    17,
    16,
    16,
    16,
    16,
    16,
    17,
    15,
    16
  ],
  "entcoeff": [
    6.883242510600099e-06,
    6.95995192129269e-06,
    7.3609871634685655e-06,
    4.285756826860294e-06,
    5.79640505198497e-06,
    5.580393364208454e-06,
    5.520129039851239e-06,
    5.459626523979613e-06,
    5.418392646294506e-06,
    5.697343154050888e-06
  ],
  "cg_damping": [
    0.0006058221229621036,
    0.0013125001770710049,
    0.0012763983480677523,
    0.0018295627835047054,
    0.0013775146134939703,
    0.0015947745359887482,
    0.0017291564743780888,
    0.0017502655290847467,
    0.0014129586954745373,
    0.0017745484211759005
  ],
  "vf_stepsize": [
    0.00347968683400821,
    0.0012724758907730672,
    0.0016046555387980602,
    0.00226165605998399,
    0.0015804105048585287,
    0.001966043730259789,
    0.002532488757411835,
    0.002235891270586969,
    0.0020197891082430444,
    0.001868131124340093
  ],
  "vf_iters": [
    3,
    3,
    3,
    3,
    3,
    3,
    3,
    3,
    3,
    3
  ],
  "vf_minibatches": [
    11,
    9,
    11,
    10,
    11,
    11,
    11,
    12,
    12,
    11
  ],
  "num_envs": 4,
  "results_dir_name": "results",
  "storage_dir_name": "storage",
  "train_set": "remaining",
  "eval_set": "remaining",
  "OPENAI_LOG_FORMAT": "csv",
  "walltime_hrs": 0.3,
  "num_checkpoints": 100,
  "eval_ntrajs": 10,
  "eval_nsteps": 200,
  "eval_seed": 12345,
  "looping_tree": {
    "method": "fixed",
    "environment": "fixed",
    "total_timesteps": "fixed",
    "rng_seed": "cartesian",
    "policy_kwargs": "fixed",
    "timesteps_per_batch": "zip",
    "gamma": "zip",
    "lam": "zip",
    "max_kl": "zip",
    "cg_iters": "zip",
    "entcoeff": "zip",
    "cg_damping": "zip",
    "vf_stepsize": "zip",
    "vf_iters": "zip",
    "vf_minibatches": "zip"
  }
}