{
  "description": "Hyper-parameter optimization for ppo1 on a low frequency environment",
  "method": "ppo1",
  "environment": "drop_leg_4k",
  "total_timesteps": 5000000000,
  "rng_seed": [
    0,
    1000,
    2000
  ],
  "policy_kwargs": {
    "net_arch": [
      {
        "vf": [
          64,
          64
        ],
        "pi": [
          64,
          64
        ]
      }
    ]
  },
  "gamma": [
    0.5425029890416005,
    0.5392673295285353,
    0.5735646120133394,
    0.9526951757671993,
    0.5950037050566053,
    0.9573752583953121,
    0.9601239689824163,
    0.5520362051800818,
    0.959735645270896,
    0.9546669182141093
  ],
  "lam": [
    0.9970621359097619,
    0.9971753610496399,
    0.9970956461999533,
    0.9971980933273813,
    0.9973316657135862,
    0.9973079575956306,
    0.9970099972970302,
    0.9968618272222206,
    0.9975154660005126,
    0.9969020535627718
  ],
  "timesteps_per_actorbatch": [
    186,
    217,
    233,
    205,
    194,
    197,
    192,
    214,
    205,
    176
  ],
  "clip_param": [
    0.022036345647396368,
    0.029748484733259348,
    0.025252259513877804,
    0.029314870426482304,
    0.03190121599711753,
    0.027442816547764762,
    0.024034954699395428,
    0.027212141775644825,
    0.026377486441272704,
    0.03033504825557655
  ],
  "entcoeff": [
    1.7014551383967303e-05,
    1.649599825526366e-05,
    1.5075692600801413e-05,
    1.7101202034865377e-05,
    1.5154152281176434e-05,
    1.6482335962886162e-05,
    1.489775228373318e-05,
    1.5916115457360423e-05,
    1.5181758189394244e-05,
    1.3116577793848072e-05
  ],
  "optim_epochs": [
    1,
    1,
    1,
    1,
    2,
    1,
    1,
    1,
    1,
    1
  ],
  "optim_stepsize": [
    0.003632047109604755,
    0.003037240645000267,
    0.002989670746581467,
    0.0028222697936215093,
    0.0027820560545616106,
    0.003179662022164968,
    0.002970384877832402,
    0.0030347104934986147,
    0.0032008764562309355,
    0.003144822561055064
  ],
  "optim_minibatches": [
    7,
    7,
    7,
    7,
    7,
    7,
    6,
    7,
    6,
    7
  ],
  "adam_epsilon": [
    2.991183132910684e-05,
    2.8741258043074184e-05,
    3.2047025996957476e-05,
    3.162804777564848e-05,
    3.367928204014956e-05,
    3.3062918860561514e-05,
    3.437384108833397e-05,
    3.194364483083228e-05,
    3.0973073814791454e-05,
    2.9391188145487864e-05
  ],
  "schedule": [
    "linear",
    "linear",
    "linear",
    "linear",
    "linear",
    "linear",
    "linear",
    "linear",
    "linear",
    "linear"
  ],
  "num_envs": 24,
  "results_dir_name": "results",
  "storage_dir_name": "storage",
  "train_set": "remaining",
  "eval_set": "remaining",
  "OPENAI_LOG_FORMAT": "csv",
  "walltime_hrs": 10,
  "num_checkpoints": 1000,
  "eval_ntrajs": 10,
  "eval_nsteps": 8000,
  "eval_seed": 12345,
  "looping_tree": {
    "method": "fixed",
    "environment": "fixed",
    "total_timesteps": "fixed",
    "rng_seed": "cartesian",
    "policy_kwargs": "fixed",
    "gamma": "zip",
    "lam": "zip",
    "timesteps_per_actorbatch": "zip",
    "clip_param": "zip",
    "entcoeff": "zip",
    "optim_epochs": "zip",
    "optim_stepsize": "zip",
    "optim_minibatches": "zip",
    "adam_epsilon": "zip",
    "schedule": "zip"
  }
}