{
  "description": "Hyper-parameter optimization for ppo1 on a low frequency environment",
  "method": "ppo1",
  "environment": "drop_leg_4k",
  "total_timesteps": 5000000000,
  "rng_seed": [
    0,
    1000,
    2000
  ],
  "policy_kwargs": {
    "net_arch": [
      {
        "vf": [
          64,
          64
        ],
        "pi": [
          64,
          64
        ]
      }
    ]
  },
  "gamma": [
    0.7329691798418316,
    0.849598815247218,
    0.9785435137165218,
    0.6962819019362133,
    0.846382210293818,
    0.9794423157906109,
    0.9812078699492862,
    0.9787108830657193,
    0.9784161482167715,
    0.9788209600055675
  ],
  "lam": [
    0.9993244244257563,
    0.9980044519502281,
    0.9948011489806079,
    0.9950558349057901,
    0.9978618880943099,
    0.997895059457726,
    0.9992991365114795,
    0.9993263970234462,
    0.9993157820635297,
    0.9993163570541119
  ],
  "timesteps_per_actorbatch": [
    596,
    633,
    653,
    630,
    5055,
    710,
    682,
    7694,
    6206,
    652
  ],
  "clip_param": [
    0.03871125456487469,
    0.07963666382745234,
    0.07788149148234155,
    0.0786989146143232,
    0.03739546158864287,
    0.03830827159957976,
    0.03891613329839494,
    0.07992507430161845,
    0.03857474522505995,
    0.04076659134444481
  ],
  "entcoeff": [
    2.4827559115592683e-05,
    2.355187036620135e-05,
    1.0055854063981381e-05,
    2.1243287658440863e-05,
    2.5253370117180905e-05,
    2.452544829943929e-05,
    2.3145612572680958e-05,
    2.2112781313395933e-05,
    2.162806472680593e-05,
    2.2904261697378336e-05
  ],
  "optim_epochs": [
    2,
    2,
    2,
    2,
    2,
    2,
    2,
    2,
    2,
    2
  ],
  "optim_stepsize": [
    0.004608557930604479,
    0.006032873320085647,
    0.004774921272103298,
    0.004608587826821623,
    0.0057939969364468194,
    0.005125727712406655,
    0.0042090359143634746,
    0.004370233271211952,
    0.004448621300728215,
    0.004823876722544028
  ],
  "optim_minibatches": [
    9,
    5,
    9,
    9,
    9,
    10,
    10,
    5,
    9,
    9
  ],
  "adam_epsilon": [
    1.4078010472246496e-05,
    4.7462544482273024e-05,
    4.591319333810994e-05,
    4.585121001036891e-05,
    5.364396159835398e-05,
    4.8240456911611925e-05,
    2.4422790554357902e-05,
    4.186066362935134e-05,
    4.329008758649179e-05,
    4.746924162274592e-05
  ],
  "schedule": [
    "linear",
    "linear",
    "linear",
    "linear",
    "linear",
    "linear",
    "linear",
    "linear",
    "linear",
    "linear"
  ],
  "num_envs": 24,
  "results_dir_name": "results",
  "storage_dir_name": "storage",
  "train_set": "remaining",
  "eval_set": "remaining",
  "OPENAI_LOG_FORMAT": "csv",
  "walltime_hrs": 10,
  "num_checkpoints": 1000,
  "eval_ntrajs": 10,
  "eval_nsteps": 8000,
  "eval_seed": 12345,
  "looping_tree": {
    "method": "fixed",
    "environment": "fixed",
    "total_timesteps": "fixed",
    "rng_seed": "cartesian",
    "policy_kwargs": "fixed",
    "gamma": "zip",
    "lam": "zip",
    "timesteps_per_actorbatch": "zip",
    "clip_param": "zip",
    "entcoeff": "zip",
    "optim_epochs": "zip",
    "optim_stepsize": "zip",
    "optim_minibatches": "zip",
    "adam_epsilon": "zip",
    "schedule": "zip"
  }
}