{
  "description": "Hyper-parameter optimization for ppo1 on a low frequency environment",
  "method": "ppo1",
  "environment": "drop_leg_4k",
  "total_timesteps": 5000000000,
  "rng_seed": [
    0,
    1000,
    2000
  ],
  "policy_kwargs": {
    "net_arch": [
      {
        "vf": [
          64,
          64
        ],
        "pi": [
          64,
          64
        ]
      }
    ]
  },
  "gamma": [
    0.8184979956196379,
    0.797311080245311,
    0.8226091639207157,
    0.8084613037423078,
    0.7350011532759329,
    0.8211373415315466,
    0.8327199051784384,
    0.7885423896468735,
    0.8234640984548495,
    0.7309284645598253
  ],
  "lam": [
    0.9985670547835084,
    0.9986263785416587,
    0.9983895879442246,
    0.9984028027254718,
    0.9985437797780092,
    0.998602525169042,
    0.9986035336634717,
    0.9986033816260932,
    0.9983944160129521,
    0.9986079225949873
  ],
  "timesteps_per_actorbatch": [
    486,
    464,
    301,
    421,
    455,
    399,
    407,
    438,
    331,
    401
  ],
  "clip_param": [
    0.04811185341582635,
    0.056474452242553166,
    0.047497245120184974,
    0.06734283697581492,
    0.05450347435297362,
    0.04577739401028798,
    0.04398224708279104,
    0.0505746761345361,
    0.04324040082589147,
    0.058595859346343815
  ],
  "entcoeff": [
    7.130349734596158e-06,
    9.244427368371686e-06,
    9.03838356593786e-06,
    6.777139554808991e-06,
    8.481465428174307e-06,
    8.144598574062278e-06,
    7.5910995242398565e-06,
    9.201731959009541e-06,
    8.32513023831547e-06,
    8.269430622189694e-06
  ],
  "optim_epochs": [
    2,
    2,
    2,
    2,
    2,
    2,
    2,
    2,
    2,
    2
  ],
  "optim_stepsize": [
    0.0016508011035895986,
    0.0017410878447942446,
    0.0016553373227894271,
    0.0022537348689167865,
    0.0014971670125906147,
    0.0015111218425356721,
    0.0016649230072832558,
    0.0014653989749129931,
    0.0017558937142279844,
    0.0015920502856733316
  ],
  "optim_minibatches": [
    6,
    5,
    5,
    5,
    5,
    6,
    5,
    5,
    5,
    6
  ],
  "adam_epsilon": [
    1.906522805164342e-05,
    1.610408111011486e-05,
    1.689972517426247e-05,
    1.950187085011901e-05,
    1.709882112493656e-05,
    1.8949327083265065e-05,
    1.6364313274780813e-05,
    1.888617093461977e-05,
    1.7039142896771046e-05,
    1.7409930040067673e-05
  ],
  "schedule": [
    "linear",
    "linear",
    "linear",
    "linear",
    "linear",
    "linear",
    "linear",
    "linear",
    "linear",
    "linear"
  ],
  "num_envs": 24,
  "results_dir_name": "results",
  "storage_dir_name": "storage",
  "train_set": "remaining",
  "eval_set": "remaining",
  "OPENAI_LOG_FORMAT": "csv",
  "walltime_hrs": 10,
  "num_checkpoints": 1000,
  "eval_ntrajs": 10,
  "eval_nsteps": 8000,
  "eval_seed": 12345,
  "looping_tree": {
    "method": "fixed",
    "environment": "fixed",
    "total_timesteps": "fixed",
    "rng_seed": "cartesian",
    "policy_kwargs": "fixed",
    "gamma": "zip",
    "lam": "zip",
    "timesteps_per_actorbatch": "zip",
    "clip_param": "zip",
    "entcoeff": "zip",
    "optim_epochs": "zip",
    "optim_stepsize": "zip",
    "optim_minibatches": "zip",
    "adam_epsilon": "zip",
    "schedule": "zip"
  }
}