{
  "description": "Hyper-parameter optimization for ppo1 on a low frequency environment",
  "method": "ppo1",
  "environment": "drop_leg_4k",
  "total_timesteps": 5000000000,
  "rng_seed": [
    0,
    1000,
    2000
  ],
  "policy_kwargs": {
    "net_arch": [
      {
        "vf": [
          64,
          64
        ],
        "pi": [
          64,
          64
        ]
      }
    ]
  },
  "gamma": [
    0.8992170452800123,
    0.9024093160510506,
    0.9180613670263005,
    0.9074816780799855,
    0.9078645392332909,
    0.9203352087568047,
    0.9047642997278016,
    0.8859877612280759,
    0.9165759123684899,
    0.892081411692249
  ],
  "lam": [
    0.9991746390363142,
    0.999068074980879,
    0.9990314488077742,
    0.9991967036537046,
    0.9990920705598244,
    0.9991087777410507,
    0.9991505038078061,
    0.9991444371263116,
    0.9991822205934111,
    0.9989344475559065
  ],
  "timesteps_per_actorbatch": [
    1571,
    2190,
    1974,
    2794,
    1277,
    1588,
    1689,
    1325,
    1737,
    1799
  ],
  "clip_param": [
    0.11811822376222388,
    0.12316044974956158,
    0.11622979026068826,
    0.10215446930917611,
    0.09455939873830246,
    0.10453752198668094,
    0.11623046686276756,
    0.10665613449420397,
    0.3377882273544511,
    0.11821401477010508
  ],
  "entcoeff": [
    4.508337211327019e-06,
    3.7992179238204284e-06,
    3.590122722052558e-06,
    3.830432749334665e-06,
    4.14272421190544e-06,
    3.6664777380598123e-06,
    4.4704281017272834e-06,
    3.55708284412925e-06,
    4.4911091740635085e-06,
    3.4470888919104842e-06
  ],
  "optim_epochs": [
    3,
    3,
    3,
    3,
    3,
    3,
    3,
    3,
    3,
    3
  ],
  "optim_stepsize": [
    0.0005842660796585126,
    0.0005971570476837728,
    0.0005849178185652968,
    0.0006280225108314338,
    0.0005054279638569307,
    0.0005608033272112875,
    0.0005711370674957944,
    0.00043508749627431734,
    0.0005250999325786392,
    0.0005930689577900609
  ],
  "optim_minibatches": [
    3,
    3,
    3,
    5,
    3,
    3,
    3,
    3,
    3,
    3
  ],
  "adam_epsilon": [
    5.180584494750295e-06,
    1.701613363458786e-05,
    5.087427057209897e-06,
    6.0862943842397514e-06,
    5.937387000417534e-06,
    5.815985039674814e-06,
    5.800815521088924e-06,
    5.542354985266438e-06,
    5.85222072262018e-06,
    6.2977622246478754e-06
  ],
  "schedule": [
    "linear",
    "linear",
    "linear",
    "linear",
    "linear",
    "linear",
    "linear",
    "linear",
    "linear",
    "linear"
  ],
  "num_envs": 24,
  "results_dir_name": "results",
  "storage_dir_name": "storage",
  "train_set": "remaining",
  "eval_set": "remaining",
  "OPENAI_LOG_FORMAT": "csv",
  "walltime_hrs": 10,
  "num_checkpoints": 1000,
  "eval_ntrajs": 10,
  "eval_nsteps": 8000,
  "eval_seed": 12345,
  "looping_tree": {
    "method": "fixed",
    "environment": "fixed",
    "total_timesteps": "fixed",
    "rng_seed": "cartesian",
    "policy_kwargs": "fixed",
    "gamma": "zip",
    "lam": "zip",
    "timesteps_per_actorbatch": "zip",
    "clip_param": "zip",
    "entcoeff": "zip",
    "optim_epochs": "zip",
    "optim_stepsize": "zip",
    "optim_minibatches": "zip",
    "adam_epsilon": "zip",
    "schedule": "zip"
  }
}