{
  "description": "Hyper-parameter optimization for ppo1 on a low frequency environment",
  "method": "ppo1",
  "environment": "drop_leg_100hz",
  "total_timesteps": 4000000,
  "rng_seed": [
    2000,
    1000,
    1000,
    1000,
    2000,
    2000,
    0,
    0,
    1000,
    2000,
    0,
    2000,
    2000,
    1000,
    1000,
    1000,
    1000,
    1000,
    2000,
    0,
    1000,
    0,
    0,
    2000,
    1000,
    0,
    0,
    0,
    0,
    2000
  ],
  "policy_kwargs": {
    "net_arch": [
      {
        "vf": [
          64,
          64
        ],
        "pi": [
          64,
          64
        ]
      }
    ]
  },
  "gamma": [
    0.5498141855634471,
    0.7299338455490757,
    0.8655963062182515,
    0.9230642596151203,
    0.7128306047682144,
    0.9332022188464281,
    0.806881975597892,
    0.8808996573406782,
    0.8212392981610382,
    0.827599573881828,
    0.8016593329091484,
    0.8239934485010829,
    0.9194952906286186,
    0.8862655993330516,
    0.9138061313634634,
    0.8799787750069282,
    0.8555976764258261,
    0.8893616268773349,
    0.8558504158232321,
    0.8846905428546517,
    0.902499712920289,
    0.8592350147966065,
    0.8519203951055156,
    0.8725478704704609,
    0.8575273382784685,
    0.8547439084583267,
    0.8801587550763627,
    0.8769063773896988,
    0.881818182734093,
    0.8899980940657696
  ],
  "lam": [
    0.9644569655522548,
    0.9122409995374396,
    0.8765265902856055,
    0.8918551432447765,
    0.9371185191500755,
    0.8821440356375102,
    0.9409163335390839,
    0.8804414725745513,
    0.8717315557770609,
    0.9288012257399955,
    0.836941765021745,
    0.7435713353221625,
    0.9277765360801002,
    0.8324099939591475,
    0.8629767083895128,
    0.9011914432725003,
    0.8809196200181139,
    0.8401045847933428,
    0.8349561329870274,
    0.8616703452033737,
    0.887679764378496,
    0.8830615664498663,
    0.8806976918290643,
    0.8522137967611519,
    0.8497689018759942,
    0.891935452645636,
    0.9036848214638831,
    0.8585906716718789,
    0.8738692411041245,
    0.8805624972552726
  ],
  "timesteps_per_actorbatch": [
    72,
    64,
    64,
    82,
    76,
    64,
    64,
    65,
    64,
    64,
    67,
    64,
    64,
    64,
    64,
    64,
    64,
    64,
    64,
    64,
    64,
    64,
    64,
    64,
    66,
    64,
    64,
    65,
    64,
    64
  ],
  "clip_param": [
    21.552937694447905,
    10.281610633970507,
    31.788047270377707,
    11.410213265125268,
    13.397971138722436,
    2.5836871419503753,
    2.6939577954465155,
    11.219796540153427,
    5.757653819245505,
    6.794007155914078,
    10.715596802507854,
    4.889509205151513,
    5.980164354750034,
    4.1383265327107175,
    11.392465648506422,
    5.218988773554611,
    12.76959096778205,
    6.214691464526131,
    7.700314280149518,
    3.4110139342367534,
    5.298585071026246,
    5.108455949120157,
    8.997763008857897,
    4.340756284001385,
    4.28209417437617,
    5.302699627722742,
    7.566747621262668,
    4.328596106208646,
    6.0520257223889455,
    5.99544903274896
  ],
  "entcoeff": [
    5.901897622716293e-05,
    5.247677931715855e-05,
    5.031583734236273e-05,
    7.073405049236661e-05,
    7.174266186804677e-05,
    4.577642586506671e-05,
    5.1183010212935655e-05,
    6.677931581190963e-05,
    6.266903329872824e-05,
    6.267938080919122e-05,
    6.186016722487785e-05,
    5.281823165045524e-05,
    5.472312404158214e-05,
    5.449189910398849e-05,
    5.1171540335062435e-05,
    7.21108329187285e-05,
    4.808812481022849e-05,
    6.563603361006939e-05,
    6.815486679425993e-05,
    4.629780648191128e-05,
    4.617163503034599e-05,
    7.56205420226231e-05,
    6.743628936502998e-05,
    5.000746826836445e-05,
    5.679073979305984e-05,
    7.097750289888497e-05,
    7.192309159338096e-05,
    5.9673970790916834e-05,
    7.83827583566169e-05,
    7.920414033538823e-05
  ],
  "optim_epochs": [
    2,
    5,
    5,
    3,
    3,
    4,
    6,
    4,
    3,
    3,
    2,
    3,
    3,
    3,
    3,
    3,
    3,
    3,
    3,
    3,
    3,
    3,
    3,
    2,
    3,
    3,
    3,
    3,
    3,
    3
  ],
  "optim_stepsize": [
    0.00014148182852540613,
    0.00016270895285708654,
    0.00016459456918288111,
    0.00017002588490872813,
    0.00025677163775474944,
    0.0001520444035642539,
    0.00019775182755744794,
    0.00022043289342828375,
    0.00024167277439550734,
    0.0002779321550745704,
    0.0004922966597892317,
    0.0006531587102180077,
    0.0002930867945193159,
    0.0004169792138632248,
    0.0003562809751650708,
    0.0003854435064844233,
    0.0004239469283469626,
    0.0006112866101912105,
    0.00032134441189187536,
    0.00046606496221205025,
    0.0005309382124514503,
    0.0005274668866575784,
    0.0004458522968932279,
    0.00047346666066835593,
    0.0006587934166266286,
    0.00038364912063753865,
    0.0003911406552382906,
    0.00048478443751350723,
    0.0004666057308941993,
    0.0005657828655335173
  ],
  "optim_minibatches": [
    1,
    1,
    1,
    1,
    1,
    1,
    1,
    1,
    1,
    1,
    1,
    1,
    1,
    1,
    1,
    1,
    1,
    1,
    1,
    1,
    1,
    1,
    1,
    1,
    1,
    1,
    1,
    1,
    1,
    1
  ],
  "adam_epsilon": [
    2.2055787413957977e-06,
    1.4568588898912462e-06,
    4.141399807930932e-06,
    7.054682787909591e-07,
    5.780746674178609e-06,
    6.433955610053068e-06,
    3.0015007777192167e-06,
    2.5102670310371507e-06,
    4.094962675147456e-06,
    1.3672668437046003e-06,
    3.7472299472939723e-06,
    4.393979255406624e-06,
    2.2144866561914345e-06,
    5.216092237696022e-06,
    3.895896960922672e-06,
    1.8984069333910511e-06,
    2.181411168696174e-06,
    3.0396128604817078e-06,
    2.6334608707723797e-06,
    2.3895674222850348e-06,
    2.95967038499589e-06,
    2.4096384647099394e-06,
    2.387895730947795e-06,
    4.531421111798669e-06,
    2.739164508034297e-06,
    2.418331495685848e-06,
    1.550309414664586e-06,
    2.813871959940562e-06,
    2.4026454997954966e-06,
    2.1956451143433136e-06
  ],
  "schedule": [
    "linear",
    "linear",
    "linear",
    "linear",
    "linear",
    "linear",
    "linear",
    "linear",
    "linear",
    "linear",
    "linear",
    "linear",
    "linear",
    "linear",
    "linear",
    "linear",
    "linear",
    "linear",
    "linear",
    "linear",
    "linear",
    "linear",
    "linear",
    "linear",
    "linear",
    "linear",
    "linear",
    "linear",
    "linear",
    "linear"
  ],
  "num_envs": 4,
  "results_dir_name": "results",
  "storage_dir_name": "storage",
  "train_set": "remaining",
  "eval_set": "remaining",
  "OPENAI_LOG_FORMAT": "csv",
  "walltime_hrs": 0.3,
  "num_checkpoints": 100,
  "eval_ntrajs": 10,
  "eval_nsteps": 200,
  "eval_seed": 12345,
  "looping_tree": {
    "method": "fixed",
    "environment": "fixed",
    "total_timesteps": "fixed",
    "rng_seed": "zip",
    "policy_kwargs": "fixed",
    "gamma": "zip",
    "lam": "zip",
    "timesteps_per_actorbatch": "zip",
    "clip_param": "zip",
    "entcoeff": "zip",
    "optim_epochs": "zip",
    "optim_stepsize": "zip",
    "optim_minibatches": "zip",
    "adam_epsilon": "zip",
    "schedule": "zip"
  }
}