{
  "description": "Hyper-parameter optimization for ppo1 on a low frequency environment",
  "method": "ppo1",
  "environment": "drop_leg_100hz",
  "total_timesteps": 4000000,
  "rng_seed": [
    0,
    0,
    0,
    2000,
    2000,
    0,
    2000,
    1000,
    2000,
    2000,
    2000,
    2000,
    1000,
    0,
    0,
    0,
    0,
    2000,
    0,
    1000,
    1000,
    2000,
    2000,
    0,
    0,
    1000,
    1000,
    1000,
    0,
    0
  ],
  "policy_kwargs": {
    "net_arch": [
      {
        "vf": [
          64,
          64
        ],
        "pi": [
          64,
          64
        ]
      }
    ]
  },
  "gamma": [
    0.5395953384353966,
    0.729702526900082,
    0.651017433862169,
    0.7626181115819303,
    0.9863952113968079,
    0.868624424371905,
    0.4289217186838227,
    0.4193643452920245,
    0.6202748997669202,
    0.37024916065954816,
    0.8811981224940655,
    0.4213162982041351,
    0.5408803350971317,
    0.5822119071432316,
    0.606782066671554,
    0.5653592806549841,
    0.46775188572320636,
    0.5090918328504149,
    0.5076228919126704,
    0.36,
    0.4746041983196947,
    0.605581797283781,
    0.36,
    0.5820162972192512,
    0.670045659078934,
    0.7082090122168239,
    0.6092868776075033,
    0.36,
    0.36,
    0.6127775344833528
  ],
  "lam": [
    0.9966980493075525,
    0.3717597681108432,
    0.8431600710991992,
    0.9997122472188216,
    0.8240925664334077,
    0.45992675413801387,
    0.4243926402133441,
    0.9994422459845372,
    0.9759965343809448,
    0.8635863223253784,
    0.6605287503775852,
    0.8737701601295056,
    0.7518007432318253,
    0.9945621624767736,
    0.947658988607869,
    0.9004767504243998,
    0.9750191068450336,
    0.9358031771359825,
    0.9777602658548521,
    0.9829430391767601,
    0.9319438642409426,
    0.967760930607619,
    0.9549970333754509,
    0.9888381986596155,
    0.9227776734335625,
    0.9735702314322162,
    0.9177779784479814,
    0.9632486077394604,
    0.9511037009474924,
    0.9639618762255182
  ],
  "timesteps_per_actorbatch": [
    8162,
    491,
    1501,
    300,
    115,
    72,
    6834,
    96,
    4006,
    70,
    73,
    466,
    373,
    441,
    1784,
    217,
    962,
    660,
    978,
    396,
    641,
    674,
    857,
    493,
    554,
    837,
    632,
    900,
    556,
    1128
  ],
  "clip_param": [
    155.1605558405276,
    136.5956985139584,
    0.028627908626191186,
    19.737805849309524,
    0.032083389721281046,
    69.80130763538597,
    142.30609132599378,
    0.057296659254169796,
    0.5694631788596375,
    0.03634851973917541,
    0.19331279217321512,
    0.3260455857235616,
    0.04313902437368146,
    2.8457595965052427,
    0.27080924398139733,
    0.08217480591314845,
    0.2890175126869115,
    0.05561458378980491,
    0.08681033713153678,
    0.2912523494076296,
    0.08619737785697908,
    0.24192426764759364,
    0.1623758088235075,
    0.0706764956444337,
    0.14086533387754982,
    0.14805856471759132,
    0.07475228519249526,
    0.3487455239736932,
    0.059462797604202935,
    0.3543619153209102
  ],
  "entcoeff": [
    0.00036358806804328794,
    0.0005081297505800701,
    5.0748073138367395e-05,
    3.4663075432806086e-06,
    0.00023252660742511792,
    1.7225989038794242e-05,
    9.6488862662115e-06,
    3.624353915771099e-06,
    0.00010514357059481672,
    1.3169700987030609e-05,
    2.406964768405329e-06,
    1.7696491871525326e-06,
    6.747971567057177e-06,
    5.110906556907602e-05,
    6.202868517796074e-06,
    6.954209645891369e-06,
    1.572415307819581e-05,
    6.862084121762322e-06,
    1.6510234347123707e-05,
    1.5423416299353528e-05,
    1.1354788990225775e-05,
    6.725632882232504e-06,
    1.0377449443213905e-05,
    1.2190558627354981e-05,
    5.343972356928964e-06,
    5.544354564410416e-06,
    2.1662154414216694e-05,
    2.5498654805645706e-05,
    1.714904835842666e-05,
    1.6669671270951435e-05
  ],
  "optim_epochs": [
    4,
    8,
    1,
    32,
    4,
    40,
    14,
    35,
    6,
    73,
    20,
    34,
    3,
    36,
    5,
    10,
    9,
    11,
    8,
    12,
    10,
    5,
    9,
    7,
    4,
    9,
    7,
    11,
    5,
    7
  ],
  "optim_stepsize": [
    1.1273803090651586e-05,
    0.015538554364315203,
    0.07672262854146521,
    0.0965666987776533,
    1.8717032131425918e-05,
    1.786025416013845e-05,
    7.004482707906998e-05,
    2.6518591572149833e-05,
    0.00027263729671635456,
    1.023103304069666e-05,
    0.06068848437521164,
    0.0011290339782383761,
    9.536106885146435e-05,
    3.38224439696665e-05,
    0.0008881185109197271,
    0.0008094652678383307,
    0.00018053612434587026,
    0.0003913680031449358,
    0.0017855194309047864,
    0.0008371395539511571,
    0.0006740769467005151,
    0.0006937630929982928,
    0.0005609089881517041,
    0.0006888175285456126,
    0.0005137841366723482,
    0.0011399248183707315,
    0.0006737103988095755,
    0.0003246238496060758,
    0.0007596446121289308,
    0.0009901245429445053
  ],
  "optim_minibatches": [
    7,
    16,
    50,
    1,
    9,
    1,
    5,
    2,
    2,
    2,
    3,
    3,
    3,
    3,
    2,
    2,
    2,
    4,
    3,
    2,
    2,
    3,
    2,
    3,
    3,
    2,
    4,
    3,
    2,
    2
  ],
  "adam_epsilon": [
    2.352873103532699e-08,
    1.4412856434754235e-08,
    1.2569500312555593e-08,
    1.5178343687176572e-07,
    1.5872461111829984e-08,
    6.333837686161219e-08,
    7.168940762091907e-05,
    2.4102937862074238e-08,
    2.1324145654802856e-08,
    2.655325319060525e-07,
    8.87675645556734e-08,
    6.938934330489974e-08,
    5.349612170805624e-07,
    7.291157305285651e-07,
    8.462649573929972e-07,
    1.9356137899017937e-06,
    4.723581398666781e-06,
    8.085752868534843e-06,
    4.1138704728403415e-06,
    3.1970468370930678e-06,
    2.325813820938572e-06,
    5.552814271080481e-06,
    1.399431126150129e-05,
    3.706114654016128e-06,
    1.9922014022842227e-06,
    3.544020506243726e-06,
    2.9820464504807256e-06,
    3.3999593131332173e-06,
    6.0866693199236326e-06,
    5.294481117658525e-06
  ],
  "schedule": [
    "linear",
    "linear",
    "linear",
    "linear",
    "linear",
    "linear",
    "linear",
    "linear",
    "linear",
    "linear",
    "linear",
    "linear",
    "linear",
    "linear",
    "linear",
    "linear",
    "linear",
    "linear",
    "linear",
    "linear",
    "linear",
    "linear",
    "linear",
    "linear",
    "linear",
    "linear",
    "linear",
    "linear",
    "linear",
    "linear"
  ],
  "num_envs": 4,
  "results_dir_name": "results",
  "storage_dir_name": "storage",
  "train_set": "remaining",
  "eval_set": "remaining",
  "OPENAI_LOG_FORMAT": "csv",
  "walltime_hrs": 0.3,
  "num_checkpoints": 100,
  "eval_ntrajs": 10,
  "eval_nsteps": 200,
  "eval_seed": 12345,
  "looping_tree": {
    "method": "fixed",
    "environment": "fixed",
    "total_timesteps": "fixed",
    "rng_seed": "zip",
    "policy_kwargs": "fixed",
    "gamma": "zip",
    "lam": "zip",
    "timesteps_per_actorbatch": "zip",
    "clip_param": "zip",
    "entcoeff": "zip",
    "optim_epochs": "zip",
    "optim_stepsize": "zip",
    "optim_minibatches": "zip",
    "adam_epsilon": "zip",
    "schedule": "zip"
  }
}