{
  "description": "Hyper-parameter optimization for ppo1 on a low frequency environment",
  "method": "ppo1",
  "environment": "drop_leg_100hz",
  "total_timesteps": 4000000,
  "rng_seed": [
    1000,
    1000,
    1000,
    2000,
    2000,
    1000,
    1000,
    2000,
    1000,
    1000,
    0,
    2000,
    2000,
    2000,
    0,
    2000,
    0,
    0,
    2000,
    1000,
    0,
    1000,
    1000,
    1000,
    0,
    2000,
    1000,
    2000,
    0,
    1000
  ],
  "policy_kwargs": {
    "net_arch": [
      {
        "vf": [
          64,
          64
        ],
        "pi": [
          64,
          64
        ]
      }
    ]
  },
  "gamma": [
    0.5780865434905724,
    0.9994845588539527,
    0.997607955758893,
    0.9906871072027317,
    0.6056539170398935,
    0.9092296323417991,
    0.9978737625632543,
    0.9967761297961716,
    0.9925590430943559,
    0.6826041870481394,
    0.9740390064177001,
    0.9344593186846033,
    0.8803937238339073,
    0.9060539819149707,
    0.5609000907408379,
    0.9833365842601582,
    0.9470649850181208,
    0.7666800488841611,
    0.8169033823574602,
    0.8879118010585901,
    0.6632915807289408,
    0.8181824582814687,
    0.8372006766850257,
    0.8462624510541724,
    0.85130495338625,
    0.7410078538311796,
    0.8185740530983003,
    0.774942108929941,
    0.710821298383781,
    0.5903413767884831
  ],
  "lam": [
    0.43007339713342907,
    0.9998007743728458,
    0.9993506616231108,
    0.511326139154483,
    0.999120296248717,
    0.9998162919734981,
    0.9993516292636647,
    0.5733192665631753,
    0.9950220214135245,
    0.9817747113442482,
    0.9925337869481491,
    0.9852891090066197,
    0.994525440738073,
    0.9877908491124908,
    0.9916691820815142,
    0.952580352943664,
    0.9915445776604466,
    0.9812758262771779,
    0.9947313929564703,
    0.9890343287864395,
    0.9786406584608187,
    0.9623283983037333,
    0.9782217080283995,
    0.9849392509539016,
    0.9810980292413857,
    0.9723808527773081,
    0.9554384108109552,
    0.9732483775660449,
    0.9761077504824194,
    0.9738320518641834
  ],
  "timesteps_per_actorbatch": [
    2597,
    697,
    355,
    118,
    122,
    1684,
    2690,
    181,
    496,
    5835,
    148,
    706,
    614,
    578,
    853,
    558,
    1006,
    634,
    883,
    376,
    518,
    652,
    470,
    629,
    358,
    350,
    506,
    323,
    421,
    467
  ],
  "clip_param": [
    97.64000459127905,
    39.81664146444035,
    0.3076111063773188,
    109.80564019420396,
    0.2142712638695723,
    1.3108166576094835,
    0.15010789924502305,
    0.02063892254049604,
    0.035427667262314694,
    9.666184999481967,
    0.03337911310263727,
    2.3153300968963304,
    0.5288120534921635,
    2.046333235611444,
    2.6966093365889736,
    0.044764260915813675,
    0.4702103541590032,
    0.12924414395677677,
    0.4364359162117392,
    0.3564577401905635,
    0.8314993125434729,
    0.1842630996392987,
    0.1241477123934515,
    0.5207282063449297,
    0.23013913092400265,
    0.17399884754168699,
    0.2803834419859946,
    0.18986463605101447,
    0.14298012362791393,
    0.32195360122765365
  ],
  "entcoeff": [
    0.0005807752328040006,
    5.883536865132268e-06,
    2.657979475202856e-06,
    3.6744870477626493e-06,
    5.2860165989324233e-05,
    0.00012481935730252041,
    7.978723043662876e-05,
    0.00013703748665118033,
    7.409213519896735e-06,
    4.193609258521083e-05,
    3.1480225758839733e-05,
    3.4498432494303006e-05,
    5.453843085792153e-06,
    9.511983796639818e-06,
    1.1901221070478596e-05,
    5.394727397540431e-07,
    5.600166515254197e-06,
    1.2228201091106139e-05,
    1.9603638688225797e-05,
    9.56593048509403e-06,
    1.0452332370734321e-05,
    7.542662561826294e-06,
    6.727550304226318e-06,
    1.0497912714984415e-05,
    6.056184796414302e-06,
    8.017771578268985e-06,
    1.8618251103336736e-05,
    8.583286929748465e-06,
    9.127534860298986e-06,
    1.3583072917658264e-05
  ],
  "optim_epochs": [
    2,
    10,
    1,
    17,
    13,
    5,
    2,
    35,
    69,
    8,
    28,
    16,
    12,
    7,
    12,
    10,
    9,
    16,
    10,
    12,
    13,
    11,
    8,
    16,
    12,
    11,
    12,
    10,
    13,
    12
  ],
  "optim_stepsize": [
    0.09376006247842489,
    0.057682555910346045,
    0.08428908192759324,
    0.0032898803212322854,
    0.017640419989595497,
    0.0025570322402358875,
    4.8888154002513185e-05,
    0.0005506450212404303,
    0.032958377629125,
    0.08713828161748631,
    0.000246530296129305,
    1.3316595191941642e-05,
    0.0032225055394477647,
    0.0009737171921065354,
    0.0006581982169997905,
    0.0002767608263675678,
    0.00036068219496499855,
    0.0009951955401169656,
    0.0006061687834850892,
    0.0007591975117409201,
    0.000554660260974713,
    0.0005226173058891593,
    0.0005322239628179749,
    0.0004074796583275106,
    0.00030422880190003165,
    0.0002507339714773952,
    0.00036512624779447934,
    0.00040326897851248255,
    0.00020340785374643508,
    0.0003447617597741209
  ],
  "optim_minibatches": [
    14,
    3,
    8,
    5,
    17,
    1,
    2,
    1,
    4,
    3,
    6,
    2,
    2,
    3,
    4,
    3,
    2,
    4,
    3,
    3,
    3,
    3,
    3,
    3,
    3,
    4,
    3,
    3,
    3,
    4
  ],
  "adam_epsilon": [
    9.334137870462736e-05,
    1.0893992091083761e-05,
    3.300039764344306e-08,
    7.956810484718811e-07,
    1.3263373348026231e-08,
    5.944346122008963e-07,
    1.4678899161428767e-07,
    6.549916016987935e-07,
    1.6145850125164045e-07,
    1.4704518470526917e-06,
    3.436866193649269e-08,
    1.3236824531651065e-05,
    7.540234703994163e-07,
    2.1169488071050535e-05,
    3.364111291920178e-06,
    1.7771510159718917e-06,
    8.396812876854257e-06,
    5.81062444320717e-07,
    2.676203522906312e-06,
    6.459494402265809e-06,
    1.4727202253451132e-05,
    6.142614987080124e-06,
    2.475083298360281e-06,
    4.525459644983773e-06,
    1.8743015755238008e-06,
    3.813552273255075e-06,
    4.5730706371871574e-06,
    5.185889237094364e-06,
    6.6335218431064016e-06,
    2.4920150993986263e-06
  ],
  "schedule": [
    "linear",
    "linear",
    "linear",
    "linear",
    "linear",
    "linear",
    "linear",
    "linear",
    "linear",
    "linear",
    "linear",
    "linear",
    "linear",
    "linear",
    "linear",
    "linear",
    "linear",
    "linear",
    "linear",
    "linear",
    "linear",
    "linear",
    "linear",
    "linear",
    "linear",
    "linear",
    "linear",
    "linear",
    "linear",
    "linear"
  ],
  "num_envs": 4,
  "results_dir_name": "results",
  "storage_dir_name": "storage",
  "train_set": "remaining",
  "eval_set": "remaining",
  "OPENAI_LOG_FORMAT": "csv",
  "walltime_hrs": 0.3,
  "num_checkpoints": 100,
  "eval_ntrajs": 10,
  "eval_nsteps": 200,
  "eval_seed": 12345,
  "looping_tree": {
    "method": "fixed",
    "environment": "fixed",
    "total_timesteps": "fixed",
    "rng_seed": "zip",
    "policy_kwargs": "fixed",
    "gamma": "zip",
    "lam": "zip",
    "timesteps_per_actorbatch": "zip",
    "clip_param": "zip",
    "entcoeff": "zip",
    "optim_epochs": "zip",
    "optim_stepsize": "zip",
    "optim_minibatches": "zip",
    "adam_epsilon": "zip",
    "schedule": "zip"
  }
}