{
  "description": "Hyper-parameter optimization for ppo1 on a low frequency environment",
  "method": "ppo1",
  "environment": "drop_leg_100hz",
  "total_timesteps": 4000000,
  "rng_seed": [
    1000,
    0,
    0,
    1000,
    2000,
    1000,
    0,
    1000,
    0,
    0,
    2000,
    2000,
    2000,
    1000,
    1000,
    0,
    2000,
    0,
    0,
    2000,
    2000,
    2000,
    2000,
    0,
    1000,
    2000,
    1000,
    0,
    0,
    0
  ],
  "policy_kwargs": {
    "net_arch": [
      {
        "vf": [
          64,
          64
        ],
        "pi": [
          64,
          64
        ]
      }
    ]
  },
  "gamma": [
    0.4818432216834534,
    0.5677181682422955,
    0.9781957076299526,
    0.9685618768226395,
    0.5143501679051874,
    0.5060637821752714,
    0.9709831501129669,
    0.7007221630315335,
    0.9734139564429393,
    0.9715546341478569,
    0.9701047064144669,
    0.975048539206933,
    0.9623005522184395,
    0.8693552147458055,
    0.9396709302150473,
    0.8569719240501863,
    0.945766621901554,
    0.9023330804538986,
    0.9008538455357226,
    0.9288063305830351,
    0.9063791354879684,
    0.9549421526675425,
    0.7874110672463757,
    0.7951513353417434,
    0.9204589892478027,
    0.8832553960641804,
    0.9360285108901162,
    0.8435266299005073,
    0.9209052673607077,
    0.9155457883247383
  ],
  "lam": [
    0.5200714684288777,
    0.41391512583189993,
    0.9750359910184783,
    0.9571948629574103,
    0.9098065837624326,
    0.4925270742148242,
    0.5766700734223805,
    0.973335809678423,
    0.9447293779582399,
    0.5283554929245421,
    0.8459615718830029,
    0.9717316200593514,
    0.9354530862350295,
    0.6295801296637271,
    0.8294624304794658,
    0.8691694117824267,
    0.9069556207655822,
    0.7177122318467587,
    0.9423807937750934,
    0.9096256632219228,
    0.9567550495326638,
    0.8288395269160909,
    0.7890547505211792,
    0.9006678831648515,
    0.923351418079108,
    0.771284529080694,
    0.8979162924156938,
    0.9335384872290304,
    0.9313240877497695,
    0.7913253137608954
  ],
  "timesteps_per_actorbatch": [
    65,
    95,
    81,
    72,
    86,
    99,
    79,
    69,
    88,
    67,
    74,
    82,
    78,
    64,
    75,
    74,
    80,
    75,
    68,
    78,
    64,
    82,
    67,
    68,
    78,
    67,
    81,
    89,
    75,
    72
  ],
  "clip_param": [
    1.0678451898768175,
    0.9292239591011161,
    1.0399015619309262,
    0.4806496610225163,
    0.6214749743766612,
    0.5459466879053116,
    15.080390645955193,
    3.419621977653769,
    4.4881330253552925,
    1.225535086178694,
    0.9138430266358899,
    5.167410081943273,
    0.578868668799927,
    1.9752918325523585,
    1.1308873784298032,
    2.080013530359829,
    2.3359524934159643,
    2.986122261180416,
    3.023916040261147,
    2.1923345524996605,
    4.135072256097396,
    2.266081673808822,
    1.3887734508201508,
    4.12168469279545,
    1.2537673225546693,
    1.9675531827900772,
    2.16000992301474,
    3.920392542221656,
    4.01858109280673,
    5.638568745573321
  ],
  "entcoeff": [
    0.00011664438705849523,
    9.784727854263882e-05,
    0.00016230251737661767,
    9.268894085405721e-05,
    8.161676574325865e-05,
    3.0116397483364515e-05,
    9.431371305002212e-05,
    2.9835436201182306e-05,
    9.97243162849543e-05,
    8.165661861974747e-05,
    7.416574404980248e-05,
    4.45251808890861e-05,
    3.153305458364341e-05,
    4.382840603140001e-05,
    5.541454718631965e-05,
    6.523389984997051e-05,
    5.3113943784042255e-05,
    6.515067872212832e-05,
    3.5700538774540885e-05,
    6.449997438983898e-05,
    5.722848734696689e-05,
    4.485631669708545e-05,
    4.315040578190819e-05,
    4.638992727077966e-05,
    7.445817302157295e-05,
    8.98204380068521e-05,
    6.462196648207633e-05,
    6.139728647875368e-05,
    4.5319953856803856e-05,
    6.102771330120507e-05
  ],
  "optim_epochs": [
    4,
    7,
    4,
    6,
    6,
    5,
    7,
    3,
    6,
    4,
    3,
    5,
    5,
    6,
    4,
    3,
    4,
    4,
    2,
    3,
    4,
    3,
    3,
    4,
    3,
    6,
    2,
    3,
    5,
    1
  ],
  "optim_stepsize": [
    0.0025002780816237324,
    0.0023630098460219375,
    0.00016779731138087504,
    8.063680016628016e-05,
    9.679476009355786e-05,
    0.00012989767891585975,
    0.0028871995972711787,
    8.384062795999224e-05,
    0.0006394319096536764,
    0.0022275819193857565,
    0.00028832810142929825,
    0.00011030972656005705,
    0.00025634540319783536,
    0.0007919982874226249,
    0.00043296430923255393,
    0.0010780712735095582,
    0.00022132819349659333,
    0.00034947324455881975,
    0.00030336167384499877,
    0.0010283682205849947,
    0.00014716179176604483,
    0.0006144907096190668,
    0.0009398356746848654,
    0.0003091407322708341,
    0.000868513459456762,
    0.0007173489445410842,
    0.00030127933727116987,
    0.0005777293717529521,
    0.0005389255119066438,
    0.0004329151270843558
  ],
  "optim_minibatches": [
    2,
    1,
    1,
    2,
    1,
    2,
    1,
    1,
    1,
    1,
    1,
    1,
    1,
    1,
    1,
    1,
    1,
    1,
    1,
    1,
    1,
    1,
    1,
    1,
    1,
    1,
    1,
    1,
    1,
    1
  ],
  "adam_epsilon": [
    5.911989397396679e-07,
    2.1291272390895098e-05,
    2.1955794768012236e-06,
    1.984161910216416e-05,
    1.3850065817670466e-05,
    8.112611871263227e-07,
    1.885810622566433e-05,
    1.88936536815873e-05,
    1.8201654356716975e-05,
    2.4571596829902247e-06,
    1.928350996810758e-05,
    1.515630859411088e-06,
    2.956411733442238e-06,
    2.497041912231889e-06,
    4.2157221556094836e-06,
    3.1958199556016043e-06,
    4.389235057076449e-06,
    3.279520357881558e-06,
    2.042130002156438e-06,
    1.6982482610217994e-06,
    2.594967693313949e-06,
    4.662441518911406e-06,
    3.3486928444030497e-06,
    5.856701219111281e-06,
    4.586208675487508e-06,
    2.1119071344966937e-06,
    4.970604973455454e-06,
    1.9170793340513285e-06,
    1.5947283762662101e-06,
    3.6576815017689957e-06
  ],
  "schedule": [
    "linear",
    "linear",
    "linear",
    "linear",
    "linear",
    "linear",
    "linear",
    "linear",
    "linear",
    "linear",
    "linear",
    "linear",
    "linear",
    "linear",
    "linear",
    "linear",
    "linear",
    "linear",
    "linear",
    "linear",
    "linear",
    "linear",
    "linear",
    "linear",
    "linear",
    "linear",
    "linear",
    "linear",
    "linear",
    "linear"
  ],
  "num_envs": 4,
  "results_dir_name": "results",
  "storage_dir_name": "storage",
  "train_set": "remaining",
  "eval_set": "remaining",
  "OPENAI_LOG_FORMAT": "csv",
  "walltime_hrs": 0.3,
  "num_checkpoints": 100,
  "eval_ntrajs": 10,
  "eval_nsteps": 200,
  "eval_seed": 12345,
  "looping_tree": {
    "method": "fixed",
    "environment": "fixed",
    "total_timesteps": "fixed",
    "rng_seed": "zip",
    "policy_kwargs": "fixed",
    "gamma": "zip",
    "lam": "zip",
    "timesteps_per_actorbatch": "zip",
    "clip_param": "zip",
    "entcoeff": "zip",
    "optim_epochs": "zip",
    "optim_stepsize": "zip",
    "optim_minibatches": "zip",
    "adam_epsilon": "zip",
    "schedule": "zip"
  }
}