{
  "description": "Hyper-parameter optimization for ppo1 on a low frequency environment",
  "method": "ppo1",
  "environment": "drop_leg_100hz",
  "total_timesteps": 4000000,
  "rng_seed": [
    0,
    1000,
    0,
    1000,
    1000,
    2000,
    0,
    2000,
    0,
    0,
    0,
    2000,
    1000,
    2000,
    2000,
    0,
    1000,
    1000,
    1000,
    1000,
    0,
    1000,
    0,
    0,
    1000,
    2000,
    0,
    2000,
    0,
    1000
  ],
  "policy_kwargs": {
    "net_arch": [
      {
        "vf": [
          64,
          64
        ],
        "pi": [
          64,
          64
        ]
      }
    ]
  },
  "gamma": [
    0.9980548173294399,
    0.9998320322831752,
    0.9998387530500515,
    0.9997907708063162,
    0.9997242844172723,
    0.9998244297996832,
    0.9997139017304286,
    0.999773330724232,
    0.9998382650226961,
    0.9997684352224204,
    0.9116525737723351,
    0.9995506338550538,
    0.4429061451157805,
    0.914054113879547,
    0.9516843438339339,
    0.7318323058288722,
    0.7410781674953326,
    0.8934635941502814,
    0.8535703450827535,
    0.9984179896116846,
    0.994872869347547,
    0.981270532732063,
    0.9112034810129733,
    0.5028313619787177,
    0.9923589677035533,
    0.9503098481960491,
    0.9929393736289774,
    0.999570621691721,
    0.8754699489081412,
    0.6336707667716455
  ],
  "lam": [
    0.9998092919640525,
    0.7873086016570431,
    0.9997701530170271,
    0.9997737037525801,
    0.5249446550135157,
    0.804606027368169,
    0.7497460013211357,
    0.998556167465354,
    0.6410152528992753,
    0.9293720508274207,
    0.9174029924559826,
    0.9973261533180287,
    0.9895205427228901,
    0.9917207695692657,
    0.9635732280275195,
    0.950125031839028,
    0.9868642263248708,
    0.9624129390090189,
    0.9909177218998858,
    0.9154733687833311,
    0.9930044005653648,
    0.9967408951209255,
    0.9555905311468585,
    0.9803811068319849,
    0.991427716340631,
    0.9416567538873163,
    0.974655890162864,
    0.9832092462468467,
    0.992159000909093,
    0.8791091701828609
  ],
  "timesteps_per_actorbatch": [
    12778,
    3722,
    7779,
    15411,
    1121,
    7004,
    9071,
    4147,
    685,
    645,
    11214,
    69,
    1527,
    8819,
    82,
    413,
    338,
    889,
    72,
    514,
    245,
    370,
    131,
    497,
    479,
    884,
    70,
    148,
    1519,
    592
  ],
  "clip_param": [
    180.5580608259266,
    137.5270071002387,
    0.049339677432295226,
    26.43355574639586,
    105.01005817234693,
    0.15974112003534235,
    0.2525361400808137,
    0.07013031425620213,
    0.3344277542353088,
    0.18814720104450122,
    0.22585640360250314,
    0.1710144768509788,
    0.11663477725472193,
    0.21322020247182333,
    0.12111542452470331,
    0.5333075618219189,
    0.17082205142185472,
    0.07229064484023195,
    0.13600869511120883,
    0.33454248353764804,
    0.7109993944410502,
    0.07500641649951457,
    0.4313794323370696,
    0.903972391057463,
    0.625308704119069,
    0.8320440792030122,
    0.1158970577938706,
    0.48895705730833233,
    0.07096067214236222,
    0.3207045564942883
  ],
  "entcoeff": [
    0.0009511681797264221,
    4.511731575277164e-06,
    1.8081928336850885e-05,
    3.466489533506836e-05,
    0.0004499824714726443,
    6.302677455370722e-06,
    0.00017153069435424346,
    7.347348731048818e-05,
    1.1183898051965442e-06,
    2.705464424674733e-06,
    7.789147779296058e-06,
    4.7375830961233863e-07,
    2.307504762001719e-06,
    5.795539131309223e-06,
    4.261613885951703e-06,
    1.2631575770642218e-06,
    3.2137610471294176e-06,
    2.1556887968705213e-05,
    1.5173149041677326e-05,
    3.734736105537661e-07,
    4.648362443860354e-06,
    1.3333264257826908e-05,
    2.091183402459173e-05,
    7.956593072888295e-07,
    4.774284303195144e-06,
    1.3077123989429574e-07,
    5.447676641746828e-05,
    4.432195393370239e-05,
    1.11384592445643e-06,
    2.4626676793706443e-05
  ],
  "optim_epochs": [
    26,
    84,
    120,
    19,
    25,
    110,
    91,
    85,
    65,
    4,
    82,
    99,
    83,
    5,
    15,
    23,
    25,
    6,
    6,
    2,
    2,
    13,
    3,
    2,
    25,
    17,
    1,
    8,
    5,
    2
  ],
  "optim_stepsize": [
    0.03954776443935541,
    2.1270060078024036e-05,
    0.00072092114459699,
    1.1649624365326628e-05,
    0.024698617316455,
    0.03552315876290692,
    1.3743022692837537e-05,
    0.0014906068500758316,
    0.0010410855699008,
    0.0014302830520556134,
    0.002344298811989995,
    0.0001689679198971724,
    0.0007828073284664766,
    0.0016376477775629787,
    0.0007088617769409667,
    0.002736557301644686,
    0.002070017092087662,
    0.0006911200348199381,
    0.0006923312799582662,
    0.0019448582160601188,
    0.0010216245111230788,
    0.001187685759075341,
    0.00103055050751303,
    0.0004996834026424069,
    0.00020820035433486269,
    0.0007902609110010337,
    0.0022141343944059723,
    0.002146234043036598,
    0.00035549295805569224,
    0.000615143511163609
  ],
  "optim_minibatches": [
    61,
    13,
    3,
    4,
    60,
    4,
    2,
    4,
    31,
    5,
    3,
    8,
    3,
    11,
    11,
    7,
    1,
    2,
    2,
    1,
    1,
    6,
    1,
    21,
    3,
    3,
    3,
    9,
    2,
    2
  ],
  "adam_epsilon": [
    5.0798352296119895e-08,
    3.383404377108043e-08,
    1.6097392801594796e-08,
    2.8745983908976506e-05,
    2.3162785146842018e-05,
    5.363000115161088e-07,
    5.304521694108604e-05,
    7.255515278197435e-05,
    5.331049694729961e-05,
    4.54123662662814e-06,
    3.1233332608275e-06,
    7.201043662240519e-07,
    3.167874214880635e-05,
    8.558057637487985e-06,
    2.677474068296092e-05,
    9.0950777575258e-06,
    2.7595202525940272e-05,
    6.343901670432476e-06,
    3.0676005083155014e-06,
    1.1541605165589563e-05,
    7.404767344588443e-06,
    1.2200208671183599e-05,
    3.1846586379096926e-06,
    7.400452017703319e-06,
    1.550361928405573e-05,
    3.0141663614599293e-06,
    9.318188882767172e-06,
    1.3487442538072352e-05,
    2.9064206838790635e-06,
    7.366252383144079e-06
  ],
  "schedule": [
    "linear",
    "linear",
    "linear",
    "linear",
    "linear",
    "linear",
    "linear",
    "linear",
    "linear",
    "linear",
    "linear",
    "linear",
    "linear",
    "linear",
    "linear",
    "linear",
    "linear",
    "linear",
    "linear",
    "linear",
    "linear",
    "linear",
    "linear",
    "linear",
    "linear",
    "linear",
    "linear",
    "linear",
    "linear",
    "linear"
  ],
  "num_envs": 4,
  "results_dir_name": "results",
  "storage_dir_name": "storage",
  "train_set": "remaining",
  "eval_set": "remaining",
  "OPENAI_LOG_FORMAT": "csv",
  "walltime_hrs": 0.3,
  "num_checkpoints": 100,
  "eval_ntrajs": 10,
  "eval_nsteps": 200,
  "eval_seed": 12345,
  "looping_tree": {
    "method": "fixed",
    "environment": "fixed",
    "total_timesteps": "fixed",
    "rng_seed": "zip",
    "policy_kwargs": "fixed",
    "gamma": "zip",
    "lam": "zip",
    "timesteps_per_actorbatch": "zip",
    "clip_param": "zip",
    "entcoeff": "zip",
    "optim_epochs": "zip",
    "optim_stepsize": "zip",
    "optim_minibatches": "zip",
    "adam_epsilon": "zip",
    "schedule": "zip"
  }
}