{
  "description": "Hyper-parameter optimization for ppo1 on a low frequency environment",
  "method": "ppo1",
  "environment": "drop_leg_100hz",
  "total_timesteps": 4000000,
  "rng_seed": [
    2000,
    1000,
    2000,
    0,
    0,
    0,
    2000,
    1000,
    1000,
    2000,
    0,
    0,
    2000,
    0,
    1000,
    0,
    0,
    0,
    0,
    2000,
    1000,
    1000,
    1000,
    1000,
    2000,
    0,
    0,
    0,
    0,
    2000
  ],
  "policy_kwargs": {
    "net_arch": [
      {
        "vf": [
          64,
          64
        ],
        "pi": [
          64,
          64
        ]
      }
    ]
  },
  "gamma": [
    0.8733724897046213,
    0.9733842725886269,
    0.8462942047219091,
    0.9756618738853688,
    0.9948297594684522,
    0.8522450992513727,
    0.9790261695292785,
    0.9714436580649645,
    0.9686833651056804,
    0.8935571856063695,
    0.8996668594754578,
    0.935515109718571,
    0.9622258321194158,
    0.9251522367116695,
    0.9618322252407727,
    0.9163600837901866,
    0.9746741229660267,
    0.8949650095874024,
    0.9468005867987084,
    0.9484820518110829,
    0.9488539967058103,
    0.8930818322343922,
    0.9457860917311594,
    0.9079802241831915,
    0.9593446581402153,
    0.9523986002637528,
    0.945515010093366,
    0.9308964448192508,
    0.9593931546189556,
    0.9276523256249306
  ],
  "lam": [
    0.9976987302590495,
    0.9908776907326082,
    0.9976929995757844,
    0.9770493070995357,
    0.9233935344755633,
    0.9887228198391617,
    0.9875592484975946,
    0.9710525833396646,
    0.9855974630618444,
    0.9592905299801335,
    0.9726794692620768,
    0.9479613317504982,
    0.9797982114667434,
    0.9734323062781406,
    0.9846317291473191,
    0.9759561196245756,
    0.9766692782399251,
    0.9710668874676845,
    0.9418653695383286,
    0.9685505157271523,
    0.9695738329587702,
    0.9750397676093746,
    0.973813798367069,
    0.9694621690809455,
    0.9539992939976586,
    0.9698826769642768,
    0.9706064925495449,
    0.979222697546415,
    0.9691722382750939,
    0.970319794698656
  ],
  "timesteps_per_actorbatch": [
    426,
    750,
    189,
    218,
    228,
    455,
    251,
    323,
    263,
    269,
    153,
    292,
    260,
    469,
    392,
    199,
    224,
    243,
    333,
    310,
    284,
    238,
    234,
    297,
    240,
    342,
    321,
    306,
    222,
    242
  ],
  "clip_param": [
    4.163321858530246,
    0.34277409348309906,
    3.758288204521039,
    0.7322739901009606,
    10.98739421320969,
    0.4750658995088592,
    1.3380400148385443,
    0.0777619205042519,
    0.5617917022973624,
    1.0828530295196943,
    0.22421152767563735,
    0.751134038286336,
    0.5943327055929016,
    0.5638985403978554,
    0.35827536913149755,
    0.48908444525248446,
    1.3291794165373623,
    0.591275737620036,
    0.9785600513609644,
    1.1850276297699225,
    0.5161763408451242,
    1.742568615024239,
    0.712380635368219,
    1.0213882696526109,
    0.7645917073722408,
    1.0083521265346431,
    1.1065535191189773,
    1.6626450071241403,
    0.8307202115922271,
    1.0036830426819185
  ],
  "entcoeff": [
    2.8442353974205778e-05,
    3.8291679893397376e-05,
    5.9102299851647246e-05,
    2.2156481820975312e-05,
    2.6095020908830697e-05,
    3.748744724578519e-05,
    3.1788450453234955e-05,
    3.228853305603979e-05,
    3.3201321127580774e-05,
    3.290115793927552e-05,
    2.2952578116144664e-05,
    3.608726857058293e-05,
    2.626763794880044e-05,
    3.366964194892315e-05,
    2.1373678724525015e-05,
    2.698849073159893e-05,
    3.813242798917171e-05,
    3.992772627808397e-05,
    2.008263924558919e-05,
    3.4269533841799976e-05,
    3.429037351689221e-05,
    3.836229792331746e-05,
    2.9924727537481655e-05,
    3.339456539363871e-05,
    3.1548918139330084e-05,
    3.4613400360946776e-05,
    3.122340808223351e-05,
    2.7104911799848606e-05,
    2.627990464681719e-05,
    3.5891157831864236e-05
  ],
  "optim_epochs": [
    4,
    8,
    5,
    5,
    3,
    6,
    5,
    4,
    5,
    3,
    4,
    7,
    4,
    7,
    4,
    5,
    7,
    6,
    6,
    5,
    5,
    7,
    4,
    5,
    4,
    4,
    4,
    4,
    5,
    5
  ],
  "optim_stepsize": [
    8.804085091661118e-05,
    0.009991075802422455,
    0.00369993260087908,
    0.00018474120758770314,
    0.0017380290290717486,
    0.0004691931348898913,
    0.002980662689212092,
    0.002171968482406195,
    0.0040745088743692265,
    7.99402304546541e-05,
    0.000292719853402884,
    0.0005021811923204537,
    0.0005394922106998201,
    0.0021347086286166283,
    0.0004526261833183335,
    0.000774358609641115,
    0.001351248538645887,
    0.0011696738174319613,
    0.0007799983477137243,
    0.0011615767026967358,
    0.0004255605448476106,
    0.0005738410954127275,
    0.000744791330613417,
    0.00043501180219816625,
    0.0006909850644792588,
    0.00036298599872225097,
    0.0010738831452801992,
    0.0009806463629310476,
    0.0005362636618038626,
    0.0011989454010300172
  ],
  "optim_minibatches": [
    2,
    3,
    1,
    2,
    3,
    2,
    3,
    2,
    2,
    2,
    2,
    2,
    2,
    3,
    2,
    3,
    3,
    2,
    2,
    3,
    3,
    2,
    3,
    2,
    2,
    2,
    2,
    2,
    2,
    2
  ],
  "adam_epsilon": [
    5.454304842067063e-06,
    3.770999963170407e-06,
    4.895172948897722e-06,
    3.043560880657874e-05,
    3.1521277533543345e-07,
    3.209238304843562e-07,
    6.0529333859300485e-06,
    2.2164107451758885e-06,
    5.972186900187123e-07,
    3.324106959668322e-06,
    1.0017116461265113e-06,
    7.011579038217791e-06,
    3.469755865989909e-07,
    1.358607231316659e-06,
    3.6820270338169817e-06,
    9.216014365453402e-07,
    1.787594558440382e-06,
    1.860046128697883e-06,
    1.7849343559432549e-06,
    2.1806916882261354e-06,
    3.1492344463497328e-06,
    1.959883580979793e-06,
    1.9164039469880293e-06,
    1.50453505814821e-06,
    2.091667482747624e-06,
    2.0936658904756222e-06,
    2.666123456836432e-06,
    1.7420290278199291e-06,
    2.0065288192294483e-06,
    2.6449742961702833e-06
  ],
  "schedule": [
    "linear",
    "linear",
    "linear",
    "linear",
    "linear",
    "linear",
    "linear",
    "linear",
    "linear",
    "linear",
    "linear",
    "linear",
    "linear",
    "linear",
    "linear",
    "linear",
    "linear",
    "linear",
    "linear",
    "linear",
    "linear",
    "linear",
    "linear",
    "linear",
    "linear",
    "linear",
    "linear",
    "linear",
    "linear",
    "linear"
  ],
  "num_envs": 4,
  "results_dir_name": "results",
  "storage_dir_name": "storage",
  "train_set": "remaining",
  "eval_set": "remaining",
  "OPENAI_LOG_FORMAT": "csv",
  "walltime_hrs": 0.3,
  "num_checkpoints": 100,
  "eval_ntrajs": 10,
  "eval_nsteps": 200,
  "eval_seed": 12345,
  "looping_tree": {
    "method": "fixed",
    "environment": "fixed",
    "total_timesteps": "fixed",
    "rng_seed": "zip",
    "policy_kwargs": "fixed",
    "gamma": "zip",
    "lam": "zip",
    "timesteps_per_actorbatch": "zip",
    "clip_param": "zip",
    "entcoeff": "zip",
    "optim_epochs": "zip",
    "optim_stepsize": "zip",
    "optim_minibatches": "zip",
    "adam_epsilon": "zip",
    "schedule": "zip"
  }
}