{
  "description": "Hyper-parameter optimization for ppo1 on a low frequency environment",
  "method": "ppo1",
  "environment": "drop_leg_100hz",
  "total_timesteps": 4000000,
  "rng_seed": [
    0,
    1000,
    2000,
    2000,
    0,
    1000,
    2000,
    1000,
    2000,
    0,
    1000,
    1000,
    1000,
    0,
    1000,
    1000,
    2000,
    2000,
    1000,
    0,
    1000,
    2000,
    0,
    0,
    2000,
    1000,
    2000,
    1000,
    2000,
    2000
  ],
  "policy_kwargs": {
    "net_arch": [
      {
        "vf": [
          64,
          64
        ],
        "pi": [
          64,
          64
        ]
      }
    ]
  },
  "gamma": [
    0.47338114094353356,
    0.5339398986256129,
    0.7571497706574826,
    0.9696807316120442,
    0.963105041458511,
    0.7610980883790872,
    0.9792876152640766,
    0.9311789464870536,
    0.8534615621866948,
    0.8004030624277827,
    0.7895861501874942,
    0.8950143466184665,
    0.8995745504914072,
    0.9398353314121347,
    0.922611989416235,
    0.9189636776159481,
    0.876400017844537,
    0.9321178129102816,
    0.9153166630001164,
    0.9220638544865087,
    0.8812965068099314,
    0.903071881461893,
    0.899586862901046,
    0.8995760636961263,
    0.9016448305971171,
    0.9194567145719021,
    0.9006383539839297,
    0.8994247485774041,
    0.9001348630517142,
    0.9015057013574894
  ],
  "lam": [
    0.5775833892724933,
    0.9604903452335406,
    0.5058510767079776,
    0.5984007914574256,
    0.775084392084261,
    0.6709742263268641,
    0.36202288870626287,
    0.7487936982668899,
    0.7946125622519864,
    0.8628031121342087,
    0.9184807527485839,
    0.923859413882744,
    0.8540711838053654,
    0.7878534451403187,
    0.8092481084335952,
    0.9056216904123687,
    0.9086939417988047,
    0.813743682380474,
    0.837580120486394,
    0.8889757397127144,
    0.9093745606354632,
    0.8475368049216764,
    0.8809618059828265,
    0.8752880207282551,
    0.875240918209077,
    0.8263787596738543,
    0.8419958298772988,
    0.8822008697848626,
    0.8962793047998326,
    0.8513567061261227
  ],
  "timesteps_per_actorbatch": [
    150,
    150,
    87,
    95,
    69,
    69,
    77,
    83,
    78,
    74,
    64,
    69,
    64,
    64,
    64,
    64,
    64,
    65,
    64,
    64,
    64,
    64,
    64,
    64,
    65,
    64,
    64,
    64,
    64,
    64
  ],
  "clip_param": [
    14.745372805929088,
    11.111669926797862,
    16.8879721374909,
    18.400613146915433,
    0.6870128870916997,
    1.592741045437505,
    14.9762692892348,
    1.9097308970554112,
    8.175028439338321,
    0.6744521638030185,
    3.7005179416118463,
    5.3477154519886705,
    3.8725307357422856,
    3.916230186810403,
    4.336939364598977,
    4.77872339757707,
    5.365033583876666,
    2.8566465726981933,
    4.66223457977841,
    4.684016536493804,
    7.280136366877892,
    5.221834706899424,
    6.36427970906542,
    4.95338509495519,
    4.655567416767931,
    4.144958795592286,
    5.40451874374622,
    5.79527461039088,
    4.767278065171024,
    4.861269174846145
  ],
  "entcoeff": [
    0.00010920631218475328,
    1.8279137926121586e-05,
    2.986902493438333e-05,
    2.8291131229940526e-05,
    2.148756342733435e-05,
    2.4534921909636853e-05,
    2.11347479412375e-05,
    1.8485906085692977e-05,
    4.694117430246483e-05,
    2.128502352044376e-05,
    4.721795921877242e-05,
    4.8050173408336744e-05,
    4.86245080541423e-05,
    3.630453303835634e-05,
    5.198430587726382e-05,
    4.164336041221502e-05,
    5.4706153854745216e-05,
    5.008304547458244e-05,
    4.851443505562094e-05,
    5.012936352463302e-05,
    4.7935777612781615e-05,
    5.698117789512619e-05,
    4.460974911809494e-05,
    5.341419311305742e-05,
    4.293880963724771e-05,
    4.5232283421614265e-05,
    4.85746250785749e-05,
    4.2763914432530135e-05,
    5.179602282701906e-05,
    4.8189726519930116e-05
  ],
  "optim_epochs": [
    5,
    4,
    2,
    7,
    5,
    7,
    5,
    5,
    6,
    3,
    3,
    3,
    3,
    3,
    3,
    2,
    3,
    3,
    3,
    3,
    3,
    3,
    4,
    3,
    3,
    3,
    3,
    4,
    4,
    3
  ],
  "optim_stepsize": [
    0.00023593161527379428,
    0.0014999100329293582,
    8.150429104515561e-05,
    0.0004680307251577322,
    8.699382547216762e-05,
    0.00020211229839721723,
    0.00020373197104890686,
    0.0002488969160347527,
    0.0002039628396115124,
    0.00014267420579748357,
    0.0011665165509617357,
    0.0008048430941314876,
    0.0006638103369072999,
    0.0003575774118924891,
    0.0005330704445577225,
    0.000957040720121053,
    0.0004940828467082693,
    0.0004978671621922025,
    0.0003669155513731344,
    0.0005858340972902372,
    0.0008212451816888232,
    0.0004359997031986383,
    0.0005332969177218854,
    0.0005910898263933892,
    0.0006108793935991878,
    0.0006002133310249823,
    0.0004965704024744882,
    0.0004462602086113671,
    0.000497613593048863,
    0.00040962229887869344
  ],
  "optim_minibatches": [
    2,
    2,
    2,
    2,
    1,
    2,
    1,
    2,
    1,
    1,
    1,
    1,
    1,
    1,
    1,
    1,
    1,
    1,
    1,
    1,
    1,
    1,
    1,
    1,
    1,
    1,
    1,
    1,
    1,
    1
  ],
  "adam_epsilon": [
    1.5347108786532212e-05,
    1.5026357986091935e-05,
    4.390683384748801e-06,
    1.580878241533076e-05,
    1.0838370159240679e-05,
    9.515416213496944e-06,
    5.700497100606516e-07,
    1.3497984501637707e-05,
    1.973389471452333e-05,
    7.66430178170111e-06,
    9.129680275882787e-07,
    9.742567477588518e-07,
    1.4686325721863985e-06,
    4.709246604147422e-06,
    5.347507296140519e-06,
    1.6725186937006858e-06,
    1.065589787176191e-06,
    3.2781437486325078e-06,
    3.1970644564259844e-06,
    2.1090103206347053e-06,
    1.727756505616567e-06,
    3.6749113565099544e-06,
    4.831907414868543e-06,
    3.4762708348744827e-06,
    4.548869115317595e-06,
    3.990020146382016e-06,
    3.234988714795223e-06,
    4.873165072469781e-06,
    2.968024118390091e-06,
    3.617467920859969e-06
  ],
  "schedule": [
    "linear",
    "linear",
    "linear",
    "linear",
    "linear",
    "linear",
    "linear",
    "linear",
    "linear",
    "linear",
    "linear",
    "linear",
    "linear",
    "linear",
    "linear",
    "linear",
    "linear",
    "linear",
    "linear",
    "linear",
    "linear",
    "linear",
    "linear",
    "linear",
    "linear",
    "linear",
    "linear",
    "linear",
    "linear",
    "linear"
  ],
  "num_envs": 4,
  "results_dir_name": "results",
  "storage_dir_name": "storage",
  "train_set": "remaining",
  "eval_set": "remaining",
  "OPENAI_LOG_FORMAT": "csv",
  "walltime_hrs": 0.3,
  "num_checkpoints": 100,
  "eval_ntrajs": 10,
  "eval_nsteps": 200,
  "eval_seed": 12345,
  "looping_tree": {
    "method": "fixed",
    "environment": "fixed",
    "total_timesteps": "fixed",
    "rng_seed": "zip",
    "policy_kwargs": "fixed",
    "gamma": "zip",
    "lam": "zip",
    "timesteps_per_actorbatch": "zip",
    "clip_param": "zip",
    "entcoeff": "zip",
    "optim_epochs": "zip",
    "optim_stepsize": "zip",
    "optim_minibatches": "zip",
    "adam_epsilon": "zip",
    "schedule": "zip"
  }
}