{
  "description": "Hyper-parameter optimization for ppo1 on a low frequency environment",
  "method": "ppo1",
  "environment": "drop_leg_100hz",
  "total_timesteps": 4000000,
  "rng_seed": [
    0,
    2000,
    1000,
    2000,
    1000,
    1000,
    0,
    2000,
    2000,
    2000,
    2000,
    2000,
    0,
    0,
    0,
    0,
    1000,
    1000,
    0,
    1000,
    1000,
    2000,
    1000,
    2000,
    0,
    1000,
    2000,
    2000,
    2000,
    1000
  ],
  "policy_kwargs": {
    "net_arch": [
      {
        "vf": [
          64,
          64
        ],
        "pi": [
          64,
          64
        ]
      }
    ]
  },
  "gamma": [
    0.8763708197214617,
    0.8524800793911849,
    0.8157705751533721,
    0.9239287082890415,
    0.9008860068463005,
    0.9029021410150078,
    0.849204694393137,
    0.914291785970938,
    0.8859310101252806,
    0.874554616944484,
    0.883237493648752,
    0.9074879812016129,
    0.9082743160364344,
    0.8648654404651612,
    0.8976992898611658,
    0.9095018347027072,
    0.8638255210147117,
    0.9099008150331241,
    0.8895470093915745,
    0.9010773541158116,
    0.897548640644682,
    0.8852978458509417,
    0.8772870179223137,
    0.8873201304664999,
    0.8957467981407805,
    0.8853143808279837,
    0.8932300360929664,
    0.8939370595021882,
    0.8920591440861144,
    0.8900521580275487
  ],
  "lam": [
    0.9199218281859801,
    0.8970838069804226,
    0.930187823478494,
    0.8942410207764081,
    0.8976274347383875,
    0.9049737113856287,
    0.8977209772196135,
    0.8380749263342181,
    0.8634718024297233,
    0.9245059796777271,
    0.8685812456905515,
    0.8539372595716894,
    0.9013432015301194,
    0.8844261267191416,
    0.9175692101644528,
    0.8810503881815439,
    0.9037510886107782,
    0.882081764613845,
    0.8895015414304837,
    0.8907067926711102,
    0.8853891212342989,
    0.8704471388158127,
    0.8973622620458309,
    0.8852151300994101,
    0.8738410429258308,
    0.8892254895498778,
    0.8623304036077535,
    0.8781348031810222,
    0.8712894439805027,
    0.8831411562474947
  ],
  "timesteps_per_actorbatch": [
    75,
    66,
    64,
    64,
    66,
    67,
    64,
    64,
    64,
    69,
    64,
    64,
    64,
    64,
    64,
    64,
    64,
    64,
    64,
    64,
    64,
    64,
    64,
    64,
    64,
    64,
    64,
    64,
    64,
    64
  ],
  "clip_param": [
    1.8248095175253414,
    3.9928311253433484,
    4.256294731488568,
    2.4809337690338316,
    1.4654474051381687,
    4.076800540147559,
    3.113774980340575,
    2.0238793632328327,
    2.9192910670485652,
    1.7795984322682932,
    2.5509429647990745,
    2.0344259627657384,
    6.376123323231677,
    2.1368457461251293,
    4.403787177140131,
    3.600555157534875,
    4.05988224760117,
    2.7765635000182347,
    1.7535995091689556,
    2.4098201634066565,
    2.024927616494451,
    3.1250491913038134,
    4.057855109102293,
    2.8908461432084636,
    2.9797687698352546,
    3.808628072456234,
    3.1882261823099713,
    3.5030451800446496,
    3.263470066726087,
    3.5702085372317582
  ],
  "entcoeff": [
    5.628057306498881e-05,
    6.207036915803726e-05,
    5.714148406037535e-05,
    7.041903489254662e-05,
    6.280718792544812e-05,
    4.874612670244618e-05,
    6.388705839214413e-05,
    6.301523868800983e-05,
    8.118385864050181e-05,
    5.5737222501117356e-05,
    5.49768585275237e-05,
    5.397521680028069e-05,
    6.763925471962286e-05,
    6.620925442216e-05,
    5.577011917562113e-05,
    6.300328959828985e-05,
    6.159726053656762e-05,
    4.5047906935150214e-05,
    5.4487102279502584e-05,
    6.303044325731545e-05,
    5.805996570452487e-05,
    5.7140396143620496e-05,
    5.8098273771411545e-05,
    5.62444327652693e-05,
    5.942322497370639e-05,
    5.973409997848435e-05,
    5.601146393608771e-05,
    5.2350746752773263e-05,
    5.408444887776617e-05,
    5.73754003587696e-05
  ],
  "optim_epochs": [
    2,
    2,
    3,
    3,
    2,
    2,
    2,
    3,
    3,
    2,
    4,
    2,
    4,
    3,
    3,
    2,
    3,
    2,
    3,
    3,
    3,
    3,
    3,
    2,
    3,
    3,
    3,
    3,
    3,
    3
  ],
  "optim_stepsize": [
    0.0006300486820915267,
    0.000321161132770677,
    0.0003229453755204509,
    0.0007907444707237988,
    0.0004448462292997528,
    0.0008505046080636066,
    0.0005565208035529972,
    0.0002909469320146433,
    0.0003876408431490853,
    0.0006497722348958928,
    0.0002919530660631366,
    0.00044955026801095295,
    0.00041690441462081886,
    0.0004151551654260861,
    0.0006345775873518866,
    0.0005191769944410529,
    0.0003999191899280785,
    0.0006322435060696143,
    0.0005619196841435689,
    0.0004426595063313037,
    0.00048568534956131026,
    0.0005167514306607206,
    0.00046122057523273913,
    0.0004999308205042569,
    0.0004694283130251753,
    0.0004652340796064527,
    0.0005132543693807127,
    0.0005521502251344581,
    0.00046887086473957544,
    0.00046142821949199267
  ],
  "optim_minibatches": [
    1,
    1,
    1,
    1,
    1,
    1,
    1,
    1,
    1,
    1,
    1,
    1,
    1,
    1,
    1,
    1,
    1,
    1,
    1,
    1,
    1,
    1,
    1,
    1,
    1,
    1,
    1,
    1,
    1,
    1
  ],
  "adam_epsilon": [
    5.789638072673392e-06,
    6.8831627616797e-06,
    4.050310397509108e-06,
    5.150980982930912e-06,
    4.121741637280976e-06,
    5.154225356497883e-06,
    5.564363790665943e-06,
    4.205746294449937e-06,
    6.597690764805658e-06,
    2.3738445845132274e-06,
    2.8310879805897123e-06,
    4.877178186037245e-06,
    3.403791115237114e-06,
    4.142828564504584e-06,
    2.3396125770812756e-06,
    4.662336756003371e-06,
    3.871358745731628e-06,
    3.826535011016737e-06,
    3.102821466849578e-06,
    2.8247977731936672e-06,
    4.001721018912934e-06,
    4.755484923890321e-06,
    2.534650687209175e-06,
    3.915389155755312e-06,
    3.4223533385660437e-06,
    3.330648338683658e-06,
    4.130504548631277e-06,
    3.3248043565711e-06,
    2.913116849351185e-06,
    3.4734895636388905e-06
  ],
  "schedule": [
    "linear",
    "linear",
    "linear",
    "linear",
    "linear",
    "linear",
    "linear",
    "linear",
    "linear",
    "linear",
    "linear",
    "linear",
    "linear",
    "linear",
    "linear",
    "linear",
    "linear",
    "linear",
    "linear",
    "linear",
    "linear",
    "linear",
    "linear",
    "linear",
    "linear",
    "linear",
    "linear",
    "linear",
    "linear",
    "linear"
  ],
  "num_envs": 4,
  "results_dir_name": "results",
  "storage_dir_name": "storage",
  "train_set": "remaining",
  "eval_set": "remaining",
  "OPENAI_LOG_FORMAT": "csv",
  "walltime_hrs": 0.3,
  "num_checkpoints": 100,
  "eval_ntrajs": 10,
  "eval_nsteps": 200,
  "eval_seed": 12345,
  "looping_tree": {
    "method": "fixed",
    "environment": "fixed",
    "total_timesteps": "fixed",
    "rng_seed": "zip",
    "policy_kwargs": "fixed",
    "gamma": "zip",
    "lam": "zip",
    "timesteps_per_actorbatch": "zip",
    "clip_param": "zip",
    "entcoeff": "zip",
    "optim_epochs": "zip",
    "optim_stepsize": "zip",
    "optim_minibatches": "zip",
    "adam_epsilon": "zip",
    "schedule": "zip"
  }
}