{
  "description": "Hyper-parameter optimization for ppo1 on a low frequency environment",
  "method": "ppo1",
  "environment": "drop_leg_100hz",
  "total_timesteps": 4000000,
  "rng_seed": [
    2000,
    1000,
    0,
    0,
    2000,
    0,
    1000,
    2000,
    1000,
    1000,
    2000,
    2000,
    0,
    1000,
    1000,
    1000,
    2000,
    1000,
    0,
    2000,
    2000,
    1000,
    0,
    2000,
    2000,
    0,
    0,
    0,
    1000,
    1000
  ],
  "policy_kwargs": {
    "net_arch": [
      {
        "vf": [
          64,
          64
        ],
        "pi": [
          64,
          64
        ]
      }
    ]
  },
  "gamma": [
    0.8214103893789817,
    0.997990726737744,
    0.9583100618576447,
    0.9976982907419418,
    0.9127957652924265,
    0.9946457552951536,
    0.9992041975723054,
    0.8380311013623333,
    0.9864871626120952,
    0.43510983308538154,
    0.8931762766841985,
    0.48517170241238206,
    0.36,
    0.8664018878807634,
    0.6600916620641917,
    0.8613569322176556,
    0.6459831093118966,
    0.8974783458562917,
    0.8595225925505994,
    0.5906793014618812,
    0.7729984944242709,
    0.6285504123540633,
    0.8768560705164807,
    0.662949998451635,
    0.7075007091158072,
    0.6304300104409105,
    0.8858570705931538,
    0.7060500125683609,
    0.47184476992324886,
    0.7441203506456866
  ],
  "lam": [
    0.9997507992556632,
    0.99957328807561,
    0.9997909726297959,
    0.9879483242064679,
    0.9734921637697718,
    0.3918972477694994,
    0.7902400676565622,
    0.44962868874036444,
    0.8686202648983303,
    0.9957122669940386,
    0.9828577596348733,
    0.9994217299959285,
    0.9804622841942171,
    0.8383000349616692,
    0.9440767915074297,
    0.9672397917874229,
    0.9545900742485505,
    0.9828927268657243,
    0.9747730392179099,
    0.9616976550213224,
    0.9487299189353753,
    0.9817829441682223,
    0.9661264064318364,
    0.9719764934824606,
    0.9829498742718192,
    0.9630260789081453,
    0.9677190489900831,
    0.9797646067352407,
    0.9839475571493242,
    0.976422960192521
  ],
  "timesteps_per_actorbatch": [
    680,
    137,
    10039,
    81,
    14730,
    1664,
    240,
    73,
    1468,
    322,
    700,
    192,
    590,
    510,
    559,
    432,
    316,
    412,
    298,
    416,
    436,
    327,
    467,
    586,
    613,
    578,
    834,
    497,
    598,
    384
  ],
  "clip_param": [
    178.11694247304732,
    14.022269490022017,
    0.026819964850637375,
    171.79948096847824,
    137.21745163110978,
    7.633222257381668,
    2.135104115236828,
    6.637771698878114,
    0.14889037984537665,
    38.62867990859114,
    0.0365870235598163,
    0.38571997800416885,
    0.16766964294044368,
    0.35557413074113076,
    3.065915835249294,
    0.3392753234046007,
    1.4144228617481593,
    0.664615925752928,
    0.19193758762060387,
    0.04763535311697862,
    0.2449248410041837,
    0.14431307124097018,
    0.36400538115670306,
    0.39153987532875933,
    0.2695534920955513,
    0.35206679665012036,
    0.24206799550297645,
    0.21974213284353186,
    0.15131484601784045,
    0.30276770191035124
  ],
  "entcoeff": [
    0.0004266639353483927,
    1.6355139010212516e-05,
    0.0005715164205068313,
    0.0003504221142453341,
    5.6251686894240706e-08,
    6.205189050735216e-05,
    3.848869426041507e-05,
    4.648640506821006e-06,
    7.552494541861282e-06,
    1.0188950913693673e-05,
    2.756670894465532e-05,
    2.9116117966231114e-05,
    1.998588115964554e-05,
    8.302333323762598e-06,
    2.170327753477153e-05,
    4.117688256224072e-06,
    1.1286299339375974e-05,
    3.3761509604359644e-05,
    3.3875018922425926e-07,
    1.9989554708210566e-05,
    1.2740889383751862e-05,
    9.559968088513544e-06,
    3.229571194587054e-06,
    1.1041610147072586e-05,
    9.595010046231967e-06,
    9.2033438663695e-06,
    4.849752354650092e-06,
    8.03780872333114e-06,
    9.059671761340162e-06,
    1.4823340480235686e-05
  ],
  "optim_epochs": [
    11,
    3,
    120,
    2,
    4,
    11,
    3,
    87,
    3,
    4,
    118,
    8,
    11,
    13,
    12,
    22,
    17,
    15,
    9,
    9,
    12,
    13,
    14,
    12,
    13,
    10,
    18,
    7,
    10,
    8
  ],
  "optim_stepsize": [
    0.007056703123498945,
    1.2584655692066181e-05,
    0.03440396517072142,
    1.3802409880466401e-05,
    0.0017489943636977822,
    1.2476197250565628e-05,
    0.0031909572951667286,
    6.887930316398171e-05,
    1.0922118996860937e-05,
    0.0016930925373511096,
    1.172258400836385e-05,
    5.743680676297844e-05,
    6.39703996298875e-05,
    5.534979777283771e-05,
    0.00017488129371339025,
    0.0001498964080385274,
    0.00020188048976695487,
    0.0002284880180169434,
    0.00018629271754565927,
    9.594111900415754e-05,
    0.00017275854173155877,
    0.00029970787593341545,
    0.0005591320896699538,
    0.00023088356148550065,
    0.00021412806704889859,
    0.00043446948233278357,
    0.00022795088896857072,
    0.00017429135333204987,
    0.0003391711698429555,
    0.0001539973607473912
  ],
  "optim_minibatches": [
    31,
    1,
    3,
    2,
    2,
    6,
    5,
    7,
    3,
    1,
    3,
    4,
    2,
    2,
    1,
    4,
    2,
    3,
    4,
    3,
    3,
    2,
    4,
    4,
    3,
    3,
    2,
    2,
    3,
    3
  ],
  "adam_epsilon": [
    6.707311550569355e-05,
    1.5525094867050065e-08,
    2.2669787196003513e-07,
    4.259606510976458e-06,
    1.9268527349736286e-07,
    7.917332181571445e-07,
    1.0884306392029473e-08,
    3.051698502891151e-05,
    4.694633081164387e-06,
    4.746507506785192e-06,
    4.517321782027492e-06,
    9.9592438711935e-06,
    1.684418451660871e-07,
    1.6832160378670338e-06,
    3.9306594613656035e-05,
    1.736141377423231e-05,
    6.297445177675799e-07,
    2.374197193713608e-06,
    1.263741685624959e-06,
    1.7418839272617821e-06,
    3.855570277460081e-06,
    2.2854532358324316e-06,
    2.6970558680003426e-06,
    1.8696865276450256e-06,
    5.188393179709737e-06,
    3.1295372542423087e-06,
    2.7895860928574115e-06,
    3.1631224916073783e-06,
    3.7663472677501954e-06,
    6.680916911631139e-06
  ],
  "schedule": [
    "linear",
    "linear",
    "linear",
    "linear",
    "linear",
    "linear",
    "linear",
    "linear",
    "linear",
    "linear",
    "linear",
    "linear",
    "linear",
    "linear",
    "linear",
    "linear",
    "linear",
    "linear",
    "linear",
    "linear",
    "linear",
    "linear",
    "linear",
    "linear",
    "linear",
    "linear",
    "linear",
    "linear",
    "linear",
    "linear"
  ],
  "num_envs": 4,
  "results_dir_name": "results",
  "storage_dir_name": "storage",
  "train_set": "remaining",
  "eval_set": "remaining",
  "OPENAI_LOG_FORMAT": "csv",
  "walltime_hrs": 0.3,
  "num_checkpoints": 100,
  "eval_ntrajs": 10,
  "eval_nsteps": 200,
  "eval_seed": 12345,
  "looping_tree": {
    "method": "fixed",
    "environment": "fixed",
    "total_timesteps": "fixed",
    "rng_seed": "zip",
    "policy_kwargs": "fixed",
    "gamma": "zip",
    "lam": "zip",
    "timesteps_per_actorbatch": "zip",
    "clip_param": "zip",
    "entcoeff": "zip",
    "optim_epochs": "zip",
    "optim_stepsize": "zip",
    "optim_minibatches": "zip",
    "adam_epsilon": "zip",
    "schedule": "zip"
  }
}