{
  "description": "Hyper-parameter optimization for ppo1 on a low frequency environment",
  "method": "ppo1",
  "environment": "drop_leg_100hz",
  "total_timesteps": 4000000,
  "rng_seed": [
    2000,
    1000,
    1000,
    2000,
    1000,
    0,
    1000,
    1000,
    1000,
    1000,
    1000,
    1000,
    2000,
    2000,
    2000,
    1000,
    2000,
    0,
    0,
    2000,
    2000,
    1000,
    1000,
    2000,
    1000,
    0,
    1000,
    2000,
    2000,
    0
  ],
  "policy_kwargs": {
    "net_arch": [
      {
        "vf": [
          64,
          64
        ],
        "pi": [
          64,
          64
        ]
      }
    ]
  },
  "gamma": [
    0.9974455987998309,
    0.9817337491274384,
    0.9429550709616908,
    0.9884391765141222,
    0.9833671567748105,
    0.8593419596974892,
    0.9782713346177215,
    0.966282027338988,
    0.6742834762662254,
    0.9495228384594021,
    0.853733697567156,
    0.9339412105052632,
    0.9704875721514606,
    0.9428502796635592,
    0.8593855133374765,
    0.922341037329315,
    0.8802434742440829,
    0.898324355017883,
    0.897273832034208,
    0.8502619407964123,
    0.9491133149490106,
    0.8777319637768295,
    0.9283279913478153,
    0.836802408135319,
    0.8282221165251867,
    0.9131738785216336,
    0.836344353134952,
    0.9353232168349723,
    0.900966637341176,
    0.9220457286935007
  ],
  "lam": [
    0.993491659991265,
    0.9997060182405036,
    0.9461322953730712,
    0.9772908267982306,
    0.9998150317665714,
    0.753285015654707,
    0.9062115695689592,
    0.8641719717201979,
    0.9454375272161057,
    0.9781821147176858,
    0.8032222445243502,
    0.978302987555846,
    0.9049459387264129,
    0.891670862076121,
    0.9568162589602349,
    0.9209238102325964,
    0.9007413205709871,
    0.9616079497334266,
    0.9172010871994792,
    0.9010520138821143,
    0.9309127210517941,
    0.9329550815307766,
    0.9450453923116204,
    0.9325444667938434,
    0.9523407099048288,
    0.8681693533768594,
    0.9310893837396735,
    0.9193119517009789,
    0.9188616944015434,
    0.9540667378867924
  ],
  "timesteps_per_actorbatch": [
    3834,
    749,
    64,
    136,
    990,
    64,
    64,
    73,
    64,
    64,
    64,
    64,
    64,
    72,
    64,
    64,
    64,
    64,
    64,
    64,
    64,
    64,
    64,
    64,
    64,
    64,
    73,
    64,
    64,
    64
  ],
  "clip_param": [
    16.887751131251733,
    163.5817592786408,
    3.132258053539363,
    22.594220007143335,
    3.3551074960196177,
    3.6554615055115827,
    0.7704556960631055,
    21.64774778392916,
    1.6880510614802926,
    1.38272196897391,
    4.8862148274416315,
    2.1589532020397977,
    4.041628301295885,
    0.5071489557781014,
    2.036953714444217,
    1.618826133485504,
    1.56485680077407,
    2.8355155199113034,
    0.744809780529066,
    1.4682188619319823,
    1.6193269101114396,
    2.0944168339991305,
    0.7623610708007899,
    2.3271973734426665,
    1.0106904051093106,
    1.4216127995431265,
    3.3548395260815442,
    1.1961072113523528,
    1.7531784613845367,
    0.8144009195094141
  ],
  "entcoeff": [
    0.00013924375534327395,
    3.458248542701589e-05,
    8.980881341127415e-05,
    0.00037304402113579326,
    8.787203478061099e-06,
    4.149696706819089e-05,
    2.2683846532265482e-05,
    2.6707753599370434e-05,
    3.1174168067562834e-05,
    3.427857400110786e-05,
    2.3123838906895474e-06,
    1.9470006018103965e-05,
    2.7576921543553613e-05,
    1.869523830068637e-05,
    1.587971694535637e-05,
    3.274453479547309e-05,
    2.039700241234142e-05,
    1.4843155023444746e-05,
    1.9374433589783104e-05,
    1.599340963919944e-05,
    2.358848423249496e-05,
    3.149029664529102e-05,
    1.7121817811169975e-05,
    2.2444646975717524e-05,
    1.7704692015071215e-05,
    1.0211224402478942e-05,
    1.5283074673067306e-05,
    9.252863616597954e-06,
    3.74948659412033e-05,
    1.419329808650293e-05
  ],
  "optim_epochs": [
    5,
    38,
    2,
    69,
    118,
    1,
    1,
    1,
    1,
    3,
    2,
    2,
    1,
    2,
    2,
    2,
    2,
    2,
    2,
    1,
    2,
    2,
    1,
    2,
    2,
    2,
    1,
    2,
    2,
    1
  ],
  "optim_stepsize": [
    0.00041256574260972154,
    2.2021719165814226e-05,
    2.136303228332377e-05,
    1.53186131195113e-05,
    0.0013955111509113432,
    2.9283052403451415e-05,
    6.423049917015803e-05,
    0.0002911299016114077,
    2.9895602886393878e-05,
    0.00024129342819837707,
    0.00010946025894758287,
    9.177641584499305e-05,
    0.00038271766067939506,
    0.0002231923921669471,
    0.00010630862229620083,
    0.0001573993486061756,
    0.00029274470486097357,
    0.0002977421678967289,
    0.00016749498390068463,
    0.0002481896346970552,
    0.0003776943619950795,
    0.00020801488230065129,
    0.0001070461192628441,
    0.00015323036008369303,
    0.0001816253300839631,
    0.00027534482077355596,
    0.00013269170637014363,
    0.00031359353340100585,
    0.0002801169128644715,
    0.00010933678418705493
  ],
  "optim_minibatches": [
    52,
    9,
    1,
    60,
    47,
    1,
    1,
    2,
    1,
    1,
    1,
    1,
    1,
    1,
    1,
    1,
    1,
    1,
    1,
    1,
    1,
    1,
    1,
    1,
    1,
    1,
    1,
    1,
    1,
    1
  ],
  "adam_epsilon": [
    7.350076677974692e-07,
    5.69521902785524e-07,
    7.473169059633773e-08,
    3.5559146636346625e-08,
    5.894440361805391e-06,
    5.807076185865133e-06,
    1.222958536271108e-06,
    3.863187345562746e-07,
    6.867745386962895e-07,
    1.2952229798959582e-07,
    2.5066072960121863e-07,
    5.480618530817314e-06,
    1.348496976993158e-06,
    4.3645262376903255e-07,
    3.886843251961739e-07,
    1.3398258742555093e-06,
    3.3839797976641213e-07,
    8.088052993691145e-07,
    8.226131158718977e-07,
    9.432101665435606e-07,
    6.425349831931629e-07,
    7.721793482075858e-07,
    4.7049732842013526e-07,
    4.7587714755068775e-07,
    1.2177498660248156e-06,
    9.899636960478566e-07,
    1.2685838233232476e-06,
    9.490055285703743e-07,
    1.1041706915050655e-06,
    7.69473971897802e-07
  ],
  "schedule": [
    "linear",
    "linear",
    "linear",
    "linear",
    "linear",
    "linear",
    "linear",
    "linear",
    "linear",
    "linear",
    "linear",
    "linear",
    "linear",
    "linear",
    "linear",
    "linear",
    "linear",
    "linear",
    "linear",
    "linear",
    "linear",
    "linear",
    "linear",
    "linear",
    "linear",
    "linear",
    "linear",
    "linear",
    "linear",
    "linear"
  ],
  "num_envs": 4,
  "results_dir_name": "results",
  "storage_dir_name": "storage",
  "train_set": "remaining",
  "eval_set": "remaining",
  "OPENAI_LOG_FORMAT": "csv",
  "walltime_hrs": 0.3,
  "num_checkpoints": 100,
  "eval_ntrajs": 10,
  "eval_nsteps": 200,
  "eval_seed": 12345,
  "looping_tree": {
    "method": "fixed",
    "environment": "fixed",
    "total_timesteps": "fixed",
    "rng_seed": "zip",
    "policy_kwargs": "fixed",
    "gamma": "zip",
    "lam": "zip",
    "timesteps_per_actorbatch": "zip",
    "clip_param": "zip",
    "entcoeff": "zip",
    "optim_epochs": "zip",
    "optim_stepsize": "zip",
    "optim_minibatches": "zip",
    "adam_epsilon": "zip",
    "schedule": "zip"
  }
}