{
  "description": "Hyper-parameter optimization for ppo1 on a low frequency environment",
  "method": "ppo1",
  "environment": "drop_leg_100hz",
  "total_timesteps": 4000000,
  "rng_seed": [
    1000,
    1000,
    2000,
    2000,
    1000,
    0,
    0,
    2000,
    1000,
    1000,
    2000,
    1000,
    2000,
    2000,
    1000,
    1000,
    0,
    0,
    2000,
    0,
    2000,
    1000,
    0,
    0,
    2000,
    0,
    2000,
    0,
    1000,
    0
  ],
  "policy_kwargs": {
    "net_arch": [
      {
        "vf": [
          64,
          64
        ],
        "pi": [
          64,
          64
        ]
      }
    ]
  },
  "gamma": [
    0.8262711507157304,
    0.8575220713669622,
    0.8776475059890614,
    0.9045114215655548,
    0.8746673567829635,
    0.7896691107909268,
    0.8876558635445723,
    0.9265271472106819,
    0.8936188514331448,
    0.8686377775371618,
    0.9089070715826286,
    0.8978250945969145,
    0.8524126217134159,
    0.9158899839717666,
    0.8480003748875058,
    0.9000546391612816,
    0.8693185578622316,
    0.8801844540935725,
    0.896665194441272,
    0.9096996444875196,
    0.9011128268684728,
    0.8867971495353111,
    0.8938783144455875,
    0.8875377840884964,
    0.8799868134814844,
    0.8896767711020637,
    0.8732160682476716,
    0.8792442722790238,
    0.8884889092402579,
    0.8959387732191546
  ],
  "lam": [
    0.9015382824591762,
    0.8573777784015776,
    0.9203193296499435,
    0.868258241753939,
    0.8935171415048961,
    0.7728742015887912,
    0.9228434995870695,
    0.9192944626872137,
    0.874615700228859,
    0.911640886989467,
    0.8830577626554993,
    0.8782081871562363,
    0.8886482641607896,
    0.892327667472128,
    0.9059664757839474,
    0.9110983501418959,
    0.8582835978971699,
    0.8890348131480053,
    0.8959063094920691,
    0.9089444468167296,
    0.895077169628592,
    0.8798086127024306,
    0.8902670388643587,
    0.861090604382607,
    0.8607493784067478,
    0.8886249554814836,
    0.8751660641410619,
    0.8810608672955818,
    0.9012761345195519,
    0.9029278030267097
  ],
  "timesteps_per_actorbatch": [
    64,
    64,
    66,
    67,
    64,
    64,
    67,
    66,
    64,
    64,
    66,
    64,
    65,
    64,
    64,
    64,
    64,
    64,
    64,
    64,
    64,
    64,
    64,
    64,
    64,
    64,
    64,
    64,
    64,
    64
  ],
  "clip_param": [
    2.7923068825730493,
    2.09119297499832,
    2.74863168514801,
    1.6866085571147118,
    3.607188204911831,
    3.570331921508493,
    2.89620522857588,
    3.60352171901907,
    4.490310378116499,
    3.373078624880158,
    2.1058212453147767,
    2.8512406496993847,
    2.252442398746216,
    3.4488138752719015,
    3.5673685785978146,
    4.561723580210946,
    1.819096780204,
    3.2112360422479362,
    2.7352932957732667,
    3.753424360663908,
    3.6593087552983743,
    2.593529573520108,
    3.935851433897254,
    3.4465381508392046,
    2.800764356590143,
    4.91553438190314,
    2.999585983859117,
    3.3001417342204964,
    3.0758033406886125,
    4.701388970553242
  ],
  "entcoeff": [
    4.654452737955037e-05,
    4.267954732577705e-05,
    5.553724890053212e-05,
    3.896634024701048e-05,
    3.907648915795219e-05,
    4.971587272019136e-05,
    5.77942149926114e-05,
    4.299653923897699e-05,
    4.735205886170579e-05,
    5.996113903203299e-05,
    4.168727470401302e-05,
    4.9109168497004435e-05,
    5.401289523996606e-05,
    5.380964149275854e-05,
    4.8635797280430394e-05,
    5.021975679688098e-05,
    5.012948279464245e-05,
    5.848877606714341e-05,
    5.2989215486968374e-05,
    5.21191019238013e-05,
    5.4149109632802334e-05,
    4.650977517657826e-05,
    5.1975259782542486e-05,
    5.103985491538203e-05,
    5.158762911577768e-05,
    4.8903575188945704e-05,
    4.779279610040045e-05,
    5.321225240305987e-05,
    5.07896499329849e-05,
    4.929482349272005e-05
  ],
  "optim_epochs": [
    3,
    3,
    2,
    3,
    3,
    3,
    3,
    3,
    3,
    3,
    3,
    3,
    3,
    3,
    2,
    3,
    3,
    3,
    3,
    3,
    3,
    2,
    3,
    3,
    3,
    3,
    3,
    3,
    2,
    3
  ],
  "optim_stepsize": [
    0.0002271533089408032,
    0.0002753981401612994,
    0.00035923783171922565,
    0.00035341129796989977,
    0.00038942710037250894,
    0.00030654355077954567,
    0.0006504497657293693,
    0.00042753977938856535,
    0.00023924090903405503,
    0.0005338696481935463,
    0.0005095712150364733,
    0.00042403181746282953,
    0.00039525980033266713,
    0.0005405239539342832,
    0.0004887193903930211,
    0.00038480091156241515,
    0.00043725649542977735,
    0.0004968684532508802,
    0.0004626015187922247,
    0.0003639449534219318,
    0.00042620641703330274,
    0.000516787932496569,
    0.0005370932047340463,
    0.0004349762879360187,
    0.0005486685619163572,
    0.00044222684214280394,
    0.0004658693423643522,
    0.0004457671780694347,
    0.0005019383765360021,
    0.0004142133719244346
  ],
  "optim_minibatches": [
    1,
    1,
    1,
    1,
    1,
    1,
    1,
    1,
    1,
    1,
    1,
    1,
    1,
    1,
    1,
    1,
    1,
    1,
    1,
    1,
    1,
    1,
    1,
    1,
    1,
    1,
    1,
    1,
    1,
    1
  ],
  "adam_epsilon": [
    1.9426463907532784e-06,
    3.824160335520253e-06,
    3.5449018036045753e-06,
    2.1886414121926614e-06,
    1.1221010319401063e-06,
    2.7479733364273337e-06,
    2.978865277968619e-06,
    2.1877662827396172e-06,
    2.6998664518342924e-06,
    1.7450564739814702e-06,
    3.0765103336516087e-06,
    3.823918059463787e-06,
    2.111622646336331e-06,
    2.9291644050302566e-06,
    3.1260008460105105e-06,
    2.479265209371977e-06,
    2.8843154074625077e-06,
    3.1854487538588242e-06,
    2.030845361985188e-06,
    3.98983644546205e-06,
    2.5627449330188553e-06,
    2.6544213308678696e-06,
    3.543851892440998e-06,
    3.377437090098007e-06,
    3.3693146115557064e-06,
    3.6074157093533738e-06,
    3.451768028414356e-06,
    3.1666790544647027e-06,
    3.1111873375222526e-06,
    2.630676232198098e-06
  ],
  "schedule": [
    "linear",
    "linear",
    "linear",
    "linear",
    "linear",
    "linear",
    "linear",
    "linear",
    "linear",
    "linear",
    "linear",
    "linear",
    "linear",
    "linear",
    "linear",
    "linear",
    "linear",
    "linear",
    "linear",
    "linear",
    "linear",
    "linear",
    "linear",
    "linear",
    "linear",
    "linear",
    "linear",
    "linear",
    "linear",
    "linear"
  ],
  "num_envs": 4,
  "results_dir_name": "results",
  "storage_dir_name": "storage",
  "train_set": "remaining",
  "eval_set": "remaining",
  "OPENAI_LOG_FORMAT": "csv",
  "walltime_hrs": 0.3,
  "num_checkpoints": 100,
  "eval_ntrajs": 10,
  "eval_nsteps": 200,
  "eval_seed": 12345,
  "looping_tree": {
    "method": "fixed",
    "environment": "fixed",
    "total_timesteps": "fixed",
    "rng_seed": "zip",
    "policy_kwargs": "fixed",
    "gamma": "zip",
    "lam": "zip",
    "timesteps_per_actorbatch": "zip",
    "clip_param": "zip",
    "entcoeff": "zip",
    "optim_epochs": "zip",
    "optim_stepsize": "zip",
    "optim_minibatches": "zip",
    "adam_epsilon": "zip",
    "schedule": "zip"
  }
}