{
  "description": "Hyper-parameter optimization for ppo1 on a low frequency environment",
  "method": "ppo1",
  "environment": "drop_leg_100hz",
  "total_timesteps": 4000000,
  "rng_seed": [
    0,
    2000,
    0,
    1000,
    1000,
    0,
    1000,
    1000,
    0,
    1000,
    0,
    0,
    0,
    1000,
    2000,
    2000,
    1000,
    0,
    0,
    2000,
    2000,
    1000,
    0,
    2000,
    2000,
    0,
    2000,
    0,
    1000,
    2000
  ],
  "policy_kwargs": {
    "net_arch": [
      {
        "vf": [
          64,
          64
        ],
        "pi": [
          64,
          64
        ]
      }
    ]
  },
  "gamma": [
    0.7263008614448168,
    0.9161080165699541,
    0.8564073789841531,
    0.8898047184653448,
    0.8919058037665291,
    0.9523090432070149,
    0.9325597965872864,
    0.9397622326448861,
    0.7113833523738606,
    0.833841508537917,
    0.8806610612401485,
    0.9252466580639735,
    0.878770381107874,
    0.8839358670581936,
    0.8674414581341435,
    0.9433004961461997,
    0.897874867855356,
    0.892403288576066,
    0.921791035348613,
    0.8790666146433075,
    0.9022392547225093,
    0.9211378912934742,
    0.8865528952388753,
    0.8629383721780305,
    0.8266354632235452,
    0.9117327643806625,
    0.8833921264000432,
    0.917941831200672,
    0.8853736309053464,
    0.9017625165835534
  ],
  "lam": [
    0.7607055181227614,
    0.928811050006617,
    0.7707609601134562,
    0.8463543334351045,
    0.7687832543994654,
    0.777023276037986,
    0.9052382204560616,
    0.7853159274678754,
    0.922641255748086,
    0.8750666612753377,
    0.7993606595009572,
    0.8394835088059246,
    0.8645954048798697,
    0.7421057399062866,
    0.939457616431946,
    0.7571974353630706,
    0.8210723550431429,
    0.8737237186467837,
    0.8489222050653346,
    0.7491398485099471,
    0.8820049420989572,
    0.8463467360547108,
    0.8863871537639494,
    0.8387283865189983,
    0.8447157866979345,
    0.8456012525377877,
    0.8622413067109065,
    0.842380220749753,
    0.8476047631840171,
    0.8543264039848522
  ],
  "timesteps_per_actorbatch": [
    64,
    64,
    66,
    64,
    73,
    75,
    64,
    64,
    64,
    64,
    64,
    72,
    70,
    73,
    64,
    64,
    64,
    72,
    64,
    68,
    64,
    64,
    64,
    64,
    64,
    64,
    64,
    64,
    64,
    64
  ],
  "clip_param": [
    6.100904264692026,
    4.843373599598495,
    1.2833679700657772,
    5.1482312873530285,
    0.3683242692430206,
    2.96853713773545,
    6.533924688775899,
    1.5614309754220381,
    6.624475479541346,
    2.569601394771466,
    3.293441359592506,
    2.4913176028684325,
    2.348940936096932,
    1.177552890794029,
    6.611037984813373,
    1.2935190549905886,
    0.8574886510475404,
    3.134753450035921,
    2.223524914075843,
    1.5974269249933557,
    4.595004143721683,
    1.2692131785301675,
    3.0864977030225758,
    2.1116674876693584,
    4.666276262279615,
    1.463091553968631,
    2.1363422071905647,
    2.4129732871997995,
    2.53283068953979,
    1.898723882057476
  ],
  "entcoeff": [
    3.0134257888538778e-05,
    5.617558695966628e-05,
    5.9448598496235336e-05,
    4.730276999774794e-05,
    3.526358662793418e-05,
    2.9680173254512164e-05,
    4.184873721915682e-05,
    5.95624695365982e-05,
    4.362855080351653e-05,
    4.050577584359155e-05,
    3.93357137643634e-05,
    5.354105460485477e-05,
    4.730365117017646e-05,
    3.177605975941872e-05,
    5.375825611378991e-05,
    3.58982117254076e-05,
    4.024976310218144e-05,
    3.044523425188108e-05,
    4.26213470550575e-05,
    4.295069581078253e-05,
    4.4830055576196256e-05,
    4.710699852962753e-05,
    4.099043421583648e-05,
    4.930446837906417e-05,
    5.878140962074976e-05,
    3.793764083817665e-05,
    3.7197874663646005e-05,
    4.413381617838947e-05,
    4.9441578407690765e-05,
    4.402735740741878e-05
  ],
  "optim_epochs": [
    2,
    1,
    2,
    2,
    1,
    2,
    2,
    2,
    1,
    1,
    2,
    2,
    2,
    2,
    2,
    2,
    2,
    2,
    2,
    2,
    2,
    2,
    2,
    2,
    2,
    2,
    2,
    2,
    2,
    2
  ],
  "optim_stepsize": [
    0.0016887752849455509,
    0.0003835999755991911,
    0.00039154979241465054,
    0.0006941703778441266,
    0.0007666356484703026,
    0.0008059020911470188,
    0.0015266724280169224,
    0.00038596791917651905,
    0.0015089957614282453,
    0.000642588272949034,
    0.0013496575904928683,
    0.000780923456797893,
    0.0006345929783881417,
    0.001021345134150194,
    0.0006565116769550673,
    0.0007596836476599498,
    0.0008598367640394178,
    0.0009328307485413363,
    0.0007496159376610392,
    0.0008870266859729294,
    0.0007638780590096701,
    0.00088503640185203,
    0.000931538731208662,
    0.0009766597084086821,
    0.0007823503422678711,
    0.0007043591081091117,
    0.0009053134259840534,
    0.0007184449692556152,
    0.0005728189370078308,
    0.000671636580874249
  ],
  "optim_minibatches": [
    1,
    1,
    1,
    1,
    1,
    1,
    1,
    1,
    1,
    1,
    1,
    1,
    1,
    1,
    1,
    1,
    1,
    1,
    1,
    1,
    1,
    1,
    1,
    1,
    1,
    1,
    1,
    1,
    1,
    1
  ],
  "adam_epsilon": [
    5.339072513730198e-06,
    5.139277618259297e-06,
    6.779109393858724e-06,
    1.891279681972264e-06,
    9.585290126317074e-06,
    4.89926261978426e-06,
    4.455917200355161e-06,
    1.952340149694741e-06,
    2.3656390890544164e-06,
    4.886704500914023e-06,
    3.3529205801307216e-06,
    1.0646109014649251e-06,
    2.1665038204056396e-06,
    5.836761487885412e-06,
    2.0883306897599184e-06,
    3.145638214749178e-06,
    3.1480124857995547e-06,
    3.0967269199365625e-06,
    2.9080695901345204e-06,
    3.079860780230549e-06,
    2.845839086769304e-06,
    2.132061691015729e-06,
    1.9845410525050862e-06,
    3.48635799827989e-06,
    2.129606409253458e-06,
    2.5870747796539093e-06,
    2.59927163989041e-06,
    1.827843544960252e-06,
    3.901777167843363e-06,
    3.548109845438376e-06
  ],
  "schedule": [
    "linear",
    "linear",
    "linear",
    "linear",
    "linear",
    "linear",
    "linear",
    "linear",
    "linear",
    "linear",
    "linear",
    "linear",
    "linear",
    "linear",
    "linear",
    "linear",
    "linear",
    "linear",
    "linear",
    "linear",
    "linear",
    "linear",
    "linear",
    "linear",
    "linear",
    "linear",
    "linear",
    "linear",
    "linear",
    "linear"
  ],
  "num_envs": 4,
  "results_dir_name": "results",
  "storage_dir_name": "storage",
  "train_set": "remaining",
  "eval_set": "remaining",
  "OPENAI_LOG_FORMAT": "csv",
  "walltime_hrs": 0.3,
  "num_checkpoints": 100,
  "eval_ntrajs": 10,
  "eval_nsteps": 200,
  "eval_seed": 12345,
  "looping_tree": {
    "method": "fixed",
    "environment": "fixed",
    "total_timesteps": "fixed",
    "rng_seed": "zip",
    "policy_kwargs": "fixed",
    "gamma": "zip",
    "lam": "zip",
    "timesteps_per_actorbatch": "zip",
    "clip_param": "zip",
    "entcoeff": "zip",
    "optim_epochs": "zip",
    "optim_stepsize": "zip",
    "optim_minibatches": "zip",
    "adam_epsilon": "zip",
    "schedule": "zip"
  }
}