{
  "description": "Hyper-parameter optimization for ppo1 on a low frequency environment",
  "method": "ppo1",
  "environment": "drop_leg_100hz",
  "total_timesteps": 4000000,
  "rng_seed": [
    1000,
    0,
    2000,
    1000,
    1000,
    0,
    1000,
    2000,
    2000,
    1000,
    2000,
    2000,
    1000,
    2000,
    1000,
    1000,
    0,
    2000,
    2000,
    2000,
    0,
    1000,
    0,
    2000,
    1000,
    1000,
    1000,
    2000,
    0,
    0
  ],
  "policy_kwargs": {
    "net_arch": [
      {
        "vf": [
          64,
          64
        ],
        "pi": [
          64,
          64
        ]
      }
    ]
  },
  "gamma": [
    0.9676515813886677,
    0.9580406238780588,
    0.9152399047331069,
    0.8086376903064196,
    0.917268747322795,
    0.8784581985113364,
    0.9316073605333236,
    0.8435384951493152,
    0.884433641273921,
    0.884590228512784,
    0.9522132305413197,
    0.9026923954506221,
    0.8624523936274099,
    0.9342311759155395,
    0.8854188814072472,
    0.9267775661509711,
    0.9285804832617772,
    0.8869012092361942,
    0.8694829620707731,
    0.9130495479825599,
    0.9071703320142208,
    0.8388417001639259,
    0.9096364154017366,
    0.9186296645028824,
    0.9130533206338453,
    0.9136150012609123,
    0.8773097681038434,
    0.9340351091467827,
    0.9202421099885343,
    0.9355841216651862
  ],
  "lam": [
    0.9279643604099191,
    0.8833144707410598,
    0.899798140350633,
    0.8824809998055348,
    0.8239878642195941,
    0.896837902355837,
    0.9404882279681174,
    0.7792693881984676,
    0.8650963816176929,
    0.871244203502157,
    0.8046076840889984,
    0.9226138895345568,
    0.9199161313039736,
    0.8319676014443445,
    0.8587089872960117,
    0.8679101505469988,
    0.9219733313769066,
    0.8790486636296424,
    0.8694111385736655,
    0.9089951373432535,
    0.8717342710784234,
    0.9170268575696903,
    0.9250426298840828,
    0.8474214718519792,
    0.8783051502415119,
    0.9008697091675255,
    0.9075161473148852,
    0.8806750215310134,
    0.9318431704442649,
    0.8721129713298186
  ],
  "timesteps_per_actorbatch": [
    64,
    87,
    64,
    69,
    64,
    109,
    75,
    64,
    78,
    73,
    64,
    64,
    67,
    64,
    71,
    66,
    64,
    64,
    64,
    79,
    64,
    78,
    65,
    64,
    78,
    64,
    64,
    64,
    64,
    64
  ],
  "clip_param": [
    26.08317875983192,
    16.8827843568923,
    14.302581973238958,
    16.52436426730034,
    17.918851115169687,
    3.1965505773508176,
    13.417495095977069,
    5.998292507540745,
    7.025060284017726,
    8.204465720701632,
    17.110432379748723,
    13.696323536272269,
    5.635496079099615,
    5.987926069978834,
    8.049876667033633,
    13.785148309142281,
    3.5715669638954863,
    10.293715908722824,
    5.9504390047698825,
    10.103116897696035,
    14.359503281327328,
    10.466495218009618,
    10.18519894418982,
    3.4981983336396545,
    7.161219328799991,
    10.294864179490867,
    7.568363211813832,
    4.613075227267176,
    12.564033687789514,
    5.686481319749035
  ],
  "entcoeff": [
    7.076441507366853e-05,
    4.2264584885866336e-05,
    4.226852986296974e-05,
    5.014438712498863e-05,
    3.320525499889854e-05,
    4.6915983093494897e-05,
    4.8456652244325625e-05,
    4.871040846101566e-05,
    4.6967326942645984e-05,
    5.776830148824949e-05,
    3.547835418022048e-05,
    6.579789668918107e-05,
    6.715575635524115e-05,
    5.027785353283157e-05,
    4.856005366722422e-05,
    4.349581020265806e-05,
    5.65591111175527e-05,
    5.16148320866827e-05,
    4.39598440043352e-05,
    5.634166177473978e-05,
    3.37789212957869e-05,
    5.8307022045621075e-05,
    5.0584013846997166e-05,
    4.956170847665649e-05,
    4.1241547320721555e-05,
    6.006022240288328e-05,
    6.814574630712498e-05,
    4.536968865727025e-05,
    4.896820910287474e-05,
    5.597586437719477e-05
  ],
  "optim_epochs": [
    2,
    4,
    3,
    5,
    3,
    2,
    4,
    3,
    2,
    3,
    3,
    3,
    4,
    3,
    3,
    3,
    3,
    3,
    3,
    3,
    3,
    3,
    3,
    4,
    3,
    2,
    3,
    3,
    3,
    3
  ],
  "optim_stepsize": [
    0.0003593646773465606,
    0.0006875728801814086,
    0.0005843295815142262,
    0.0006023345218162544,
    0.0012538889175764568,
    0.0020275117613122104,
    0.0006441639945560289,
    0.0003786976960214981,
    0.0005248309897692654,
    0.0005922721188042358,
    0.0005091747478560812,
    0.0008147311838824347,
    0.0005509996270832024,
    0.0006873490148978772,
    0.0009424739998031534,
    0.0007250805608520192,
    0.000717521123325524,
    0.001050536072915417,
    0.0004853542817473563,
    0.0005799300030945405,
    0.0007212695387525654,
    0.0007600247892931285,
    0.0006885767235929288,
    0.000673586518859133,
    0.0007226675337029134,
    0.0007069360058349544,
    0.0006112412455922003,
    0.0007830706149660811,
    0.0007245068429835018,
    0.0005289487577431367
  ],
  "optim_minibatches": [
    1,
    1,
    1,
    1,
    1,
    1,
    1,
    1,
    1,
    1,
    1,
    1,
    1,
    1,
    1,
    1,
    1,
    1,
    1,
    1,
    1,
    1,
    1,
    1,
    1,
    1,
    1,
    1,
    1,
    1
  ],
  "adam_epsilon": [
    3.914992775348593e-06,
    1.3465992407506384e-06,
    1.0533820770222e-05,
    3.0824051488075497e-06,
    2.56600033287515e-06,
    1.604963673743711e-05,
    3.919227212476875e-06,
    8.407690026618068e-06,
    4.526812209433999e-07,
    1.2319785251876554e-06,
    3.021255287104921e-06,
    1.8652366018345761e-06,
    5.4151051185470674e-06,
    7.768522206857964e-06,
    3.828992509823849e-06,
    1.459269573792076e-06,
    1.421920347392851e-06,
    1.669974530990872e-06,
    2.165645314996943e-06,
    2.152785433271193e-06,
    2.393852240805123e-06,
    1.5886563149745782e-06,
    2.873689991736197e-06,
    3.0563920023193654e-06,
    2.130905368859627e-06,
    2.6647919462897235e-06,
    3.2228092506639063e-06,
    3.0259911755692576e-06,
    1.835238233879337e-06,
    2.996085596717768e-06
  ],
  "schedule": [
    "linear",
    "linear",
    "linear",
    "linear",
    "linear",
    "linear",
    "linear",
    "linear",
    "linear",
    "linear",
    "linear",
    "linear",
    "linear",
    "linear",
    "linear",
    "linear",
    "linear",
    "linear",
    "linear",
    "linear",
    "linear",
    "linear",
    "linear",
    "linear",
    "linear",
    "linear",
    "linear",
    "linear",
    "linear",
    "linear"
  ],
  "num_envs": 4,
  "results_dir_name": "results",
  "storage_dir_name": "storage",
  "train_set": "remaining",
  "eval_set": "remaining",
  "OPENAI_LOG_FORMAT": "csv",
  "walltime_hrs": 0.3,
  "num_checkpoints": 100,
  "eval_ntrajs": 10,
  "eval_nsteps": 200,
  "eval_seed": 12345,
  "looping_tree": {
    "method": "fixed",
    "environment": "fixed",
    "total_timesteps": "fixed",
    "rng_seed": "zip",
    "policy_kwargs": "fixed",
    "gamma": "zip",
    "lam": "zip",
    "timesteps_per_actorbatch": "zip",
    "clip_param": "zip",
    "entcoeff": "zip",
    "optim_epochs": "zip",
    "optim_stepsize": "zip",
    "optim_minibatches": "zip",
    "adam_epsilon": "zip",
    "schedule": "zip"
  }
}