{
  "description": "Hyper-parameter optimization for ppo1 on a low frequency environment",
  "method": "ppo1",
  "environment": "drop_leg_100hz",
  "total_timesteps": 4000000,
  "rng_seed": [
    2000,
    0,
    1000,
    2000,
    1000,
    0,
    1000,
    0,
    0,
    0,
    1000,
    2000,
    0,
    2000,
    1000,
    0,
    0,
    0,
    1000,
    1000,
    2000,
    0,
    0,
    1000,
    0,
    0,
    2000,
    1000,
    1000,
    2000
  ],
  "policy_kwargs": {
    "net_arch": [
      {
        "vf": [
          64,
          64
        ],
        "pi": [
          64,
          64
        ]
      }
    ]
  },
  "gamma": [
    0.8639059701509028,
    0.8859550652518728,
    0.8296146843832715,
    0.8716722708347272,
    0.8665907740885629,
    0.8867556260971965,
    0.8354718252259803,
    0.8491050774714155,
    0.9072334015201534,
    0.8417317655427573,
    0.8638602244472431,
    0.8990382733269053,
    0.8619680012755224,
    0.8928174016359306,
    0.8408640485989766,
    0.8861005893299949,
    0.8668822671059165,
    0.8769345351036957,
    0.8743698428586801,
    0.890748641181029,
    0.8851396093110326,
    0.8702553370116561,
    0.8863929550836379,
    0.8792176701842405,
    0.8779903137440774,
    0.8637490140971966,
    0.8738536411672377,
    0.8838614028028147,
    0.8769062766688596,
    0.8798409505771327
  ],
  "lam": [
    0.871713709685323,
    0.8752283592471795,
    0.9351737723240828,
    0.9315493133667514,
    0.9210212003900597,
    0.9106719134307744,
    0.8955595027902096,
    0.8580700156086143,
    0.8765122383591831,
    0.8948277842734441,
    0.9179633742809107,
    0.9053054821181074,
    0.9134650839606483,
    0.8951837602850405,
    0.8824498381289388,
    0.8973135472751611,
    0.8716672875584269,
    0.9146596985019728,
    0.8894429051520727,
    0.9076128317495792,
    0.8946810467808092,
    0.8942440811831714,
    0.9042867561454386,
    0.890783321486528,
    0.9059391685709883,
    0.8985840604154565,
    0.9058157939433512,
    0.9036375095962798,
    0.902418214586333,
    0.9080190985809812
  ],
  "timesteps_per_actorbatch": [
    69,
    68,
    67,
    64,
    64,
    67,
    64,
    66,
    64,
    70,
    66,
    64,
    73,
    68,
    64,
    68,
    67,
    64,
    68,
    72,
    70,
    66,
    65,
    71,
    68,
    68,
    66,
    71,
    70,
    70
  ],
  "clip_param": [
    4.271052660781714,
    8.547997827875314,
    3.983913099682657,
    6.854672837139919,
    9.858243622518884,
    3.165600239613164,
    6.870953940135477,
    5.622219958600636,
    4.650388391280386,
    3.635842445368279,
    6.501900185568109,
    7.302685700118935,
    4.895096015617962,
    6.173052809828867,
    4.505862268901956,
    3.9353958763486325,
    4.512143520291909,
    7.130874018458075,
    5.449772698929358,
    4.688781890078822,
    5.691287893149586,
    4.574519861619178,
    5.792875446067091,
    4.6740401173826625,
    4.927319564552448,
    4.926473172992017,
    5.281438312041049,
    5.625543746015214,
    5.150058569249811,
    5.71149282569265
  ],
  "entcoeff": [
    6.056824348613988e-05,
    4.978177860958909e-05,
    5.4072436105387175e-05,
    5.080168366281002e-05,
    5.116389719055411e-05,
    6.0575421172739556e-05,
    4.560855448119561e-05,
    5.808377736509102e-05,
    5.2262404256085186e-05,
    6.200988562461624e-05,
    4.215063625348033e-05,
    5.395674584945785e-05,
    5.6818175779460144e-05,
    4.2570982550203824e-05,
    5.537008730884877e-05,
    5.045118102406825e-05,
    5.909951675319137e-05,
    5.217394306281784e-05,
    4.794590909051841e-05,
    5.44113601361984e-05,
    5.792949540062937e-05,
    6.158228697304699e-05,
    4.8205507705751874e-05,
    5.069128309439179e-05,
    5.7438515273408984e-05,
    5.1247461737895497e-05,
    5.0965474671932434e-05,
    5.0655805365336224e-05,
    5.2349078876227906e-05,
    5.3083466633074554e-05
  ],
  "optim_epochs": [
    3,
    3,
    3,
    3,
    3,
    3,
    3,
    3,
    3,
    3,
    3,
    3,
    3,
    3,
    3,
    3,
    3,
    3,
    3,
    3,
    3,
    3,
    3,
    3,
    3,
    3,
    3,
    3,
    3,
    3
  ],
  "optim_stepsize": [
    0.0005830545915456965,
    0.00047693923706239083,
    0.0005541299280104157,
    0.00048642034560500094,
    0.000500678947110259,
    0.0006158602039699548,
    0.0007173380768711808,
    0.0003652753945126377,
    0.0006036491356386792,
    0.00048335207696067193,
    0.0005225305538448313,
    0.0006083167313257556,
    0.0006339774369688612,
    0.0006656665495620151,
    0.0003884195937808039,
    0.0005544002762376596,
    0.0005717626472125383,
    0.0006056634898788694,
    0.0004862897080558342,
    0.0006147739119963332,
    0.0007061616964090747,
    0.0005430676377835237,
    0.0005673708302342649,
    0.0005338376007089713,
    0.0005405214908399985,
    0.0004931360829777643,
    0.000542895818626287,
    0.0005814822549224396,
    0.0004992695115414659,
    0.0005446149446675102
  ],
  "optim_minibatches": [
    1,
    1,
    1,
    1,
    1,
    1,
    1,
    1,
    1,
    1,
    1,
    1,
    1,
    1,
    1,
    1,
    1,
    1,
    1,
    1,
    1,
    1,
    1,
    1,
    1,
    1,
    1,
    1,
    1,
    1
  ],
  "adam_epsilon": [
    5.905596013337614e-07,
    6.496463032028785e-07,
    7.380108479335595e-07,
    6.238755351018706e-07,
    1.0574634444612526e-06,
    9.659357260175822e-07,
    7.866887895842464e-07,
    8.617102095519873e-07,
    8.485147522526864e-07,
    8.832055232966968e-07,
    1.5927605710779582e-06,
    8.230968964391526e-07,
    7.648616793151484e-07,
    1.2345472487021997e-06,
    1.3648822018491588e-06,
    8.849762583968237e-07,
    1.1747797839097521e-06,
    1.128395594816448e-06,
    1.4631951841629676e-06,
    1.1296264902313132e-06,
    8.676974608837337e-07,
    9.655534099057059e-07,
    9.271452469792836e-07,
    9.75196006383395e-07,
    9.766614210674611e-07,
    8.875902982298035e-07,
    9.139356999990366e-07,
    1.0681985999858382e-06,
    9.533007806187576e-07,
    1.0223628146144766e-06
  ],
  "schedule": [
    "linear",
    "linear",
    "linear",
    "linear",
    "linear",
    "linear",
    "linear",
    "linear",
    "linear",
    "linear",
    "linear",
    "linear",
    "linear",
    "linear",
    "linear",
    "linear",
    "linear",
    "linear",
    "linear",
    "linear",
    "linear",
    "linear",
    "linear",
    "linear",
    "linear",
    "linear",
    "linear",
    "linear",
    "linear",
    "linear"
  ],
  "num_envs": 4,
  "results_dir_name": "results",
  "storage_dir_name": "storage",
  "train_set": "remaining",
  "eval_set": "remaining",
  "OPENAI_LOG_FORMAT": "csv",
  "walltime_hrs": 0.3,
  "num_checkpoints": 100,
  "eval_ntrajs": 10,
  "eval_nsteps": 200,
  "eval_seed": 12345,
  "looping_tree": {
    "method": "fixed",
    "environment": "fixed",
    "total_timesteps": "fixed",
    "rng_seed": "zip",
    "policy_kwargs": "fixed",
    "gamma": "zip",
    "lam": "zip",
    "timesteps_per_actorbatch": "zip",
    "clip_param": "zip",
    "entcoeff": "zip",
    "optim_epochs": "zip",
    "optim_stepsize": "zip",
    "optim_minibatches": "zip",
    "adam_epsilon": "zip",
    "schedule": "zip"
  }
}