{
  "description": "Hyper-parameter optimization for ppo1 on a low frequency environment",
  "method": "ppo1",
  "environment": "drop_leg_100hz",
  "total_timesteps": 4000000,
  "rng_seed": [
    2000,
    1000,
    1000,
    2000,
    2000,
    1000,
    0,
    0,
    2000,
    2000,
    0,
    2000,
    2000,
    0,
    0,
    1000,
    0,
    1000,
    1000,
    1000,
    0,
    2000,
    0,
    1000,
    2000,
    0,
    0,
    2000,
    0,
    0
  ],
  "policy_kwargs": {
    "net_arch": [
      {
        "vf": [
          64,
          64
        ],
        "pi": [
          64,
          64
        ]
      }
    ]
  },
  "gamma": [
    0.9918773648458078,
    0.8758388187787025,
    0.9674745056276757,
    0.9132605784022299,
    0.8229462381704247,
    0.9694895619670786,
    0.9455759782778985,
    0.9806710095328137,
    0.9776236260893683,
    0.9326422469449739,
    0.9838794464073805,
    0.9766219391229309,
    0.9684213149799099,
    0.9407325480665512,
    0.9120559788240328,
    0.9410362820992603,
    0.9365053192065369,
    0.9306586774329807,
    0.9519691042639944,
    0.9361948513973903,
    0.9444524546307309,
    0.9309552984502966,
    0.9040032729869665,
    0.8953878727664335,
    0.9473410414524919,
    0.9218229097038433,
    0.9248341125516055,
    0.9224785717512669,
    0.905243032647417,
    0.8931801215636165
  ],
  "lam": [
    0.9413549948885096,
    0.8795427166537982,
    0.9474678684166857,
    0.4177963078104453,
    0.9219265184712275,
    0.5749310710664781,
    0.9712223283415939,
    0.9831669142735497,
    0.9691814252984327,
    0.760017479506043,
    0.9691947964787442,
    0.8236198722415317,
    0.8978594652877351,
    0.8845932000860789,
    0.9574365764259821,
    0.8788202516246515,
    0.9482321843347209,
    0.9436326662584263,
    0.9492888888888076,
    0.8329615065878547,
    0.8737293402390336,
    0.9259367526782817,
    0.9398690292965806,
    0.8902063702977748,
    0.9331520028331718,
    0.8949216416598371,
    0.897885179289254,
    0.928692950601342,
    0.9163309206476362,
    0.9110448781915219
  ],
  "timesteps_per_actorbatch": [
    66,
    137,
    64,
    102,
    64,
    79,
    84,
    64,
    64,
    77,
    129,
    131,
    64,
    81,
    64,
    95,
    104,
    64,
    64,
    64,
    64,
    64,
    64,
    67,
    64,
    90,
    64,
    85,
    64,
    64
  ],
  "clip_param": [
    1.142685921451417,
    25.78834179133545,
    3.5321249925923004,
    1.8938461355304461,
    29.206995765451577,
    0.34840106190779274,
    14.300212554694179,
    6.592719431902778,
    0.47563025636180867,
    0.09083640395822432,
    1.5756312050191204,
    1.2265487847137053,
    1.0112844035319775,
    0.538025963760197,
    2.7501836393177244,
    0.34096825567821315,
    1.0631898892301626,
    7.780227150012955,
    2.507380884882055,
    1.0105049720692736,
    0.6374693241891735,
    1.4548030166429253,
    0.8593869577871768,
    1.2608550841328412,
    1.2661937722886754,
    1.0507934483582668,
    0.6196886543652876,
    1.9296863165412614,
    1.3298380603779636,
    1.3926042402936112
  ],
  "entcoeff": [
    6.290546379251047e-05,
    3.6071000875858604e-05,
    7.89644591623974e-05,
    2.905120878977284e-05,
    5.9765467084922194e-05,
    4.9402005378459673e-05,
    5.004436279117426e-05,
    3.7394158122391464e-05,
    5.7677895378299116e-05,
    1.9553574269092702e-05,
    4.956837951061414e-05,
    2.4021440801824023e-05,
    4.75920526850592e-05,
    2.4669303356809294e-05,
    2.2736173974902837e-05,
    5.76203106902404e-05,
    3.582492674225796e-05,
    3.724299708429106e-05,
    4.1156526213663454e-05,
    2.4715952884653435e-05,
    4.073726509241556e-05,
    5.08677727406343e-05,
    2.4065166105169022e-05,
    4.348593013164026e-05,
    3.273416452212473e-05,
    2.5291681438753182e-05,
    3.904229228296067e-05,
    2.7300664879971053e-05,
    3.989437022723348e-05,
    3.221483194205698e-05
  ],
  "optim_epochs": [
    3,
    1,
    1,
    5,
    2,
    2,
    1,
    1,
    2,
    2,
    3,
    1,
    4,
    2,
    2,
    2,
    2,
    2,
    2,
    2,
    2,
    2,
    2,
    2,
    2,
    2,
    2,
    2,
    2,
    2
  ],
  "optim_stepsize": [
    0.0062959078686194185,
    0.004476304460842206,
    0.0007573217993677611,
    0.003806729648153371,
    0.0009159896253097476,
    0.0012749245100183606,
    0.003542310814689362,
    0.004813428025894784,
    0.006061522374062707,
    0.0012877136847724718,
    0.0012574427178315235,
    0.00415859158869987,
    0.001836346352211332,
    0.003172041643188612,
    0.0014995604028546319,
    0.0008125074731771248,
    0.001133283795344452,
    0.0012778494336641228,
    0.0015980743433881245,
    0.0016536621677413123,
    0.0009083617209542411,
    0.0010541501878196086,
    0.0012557854807324139,
    0.0013925126560802464,
    0.0017032183291693943,
    0.001394754720919204,
    0.0020189263440008845,
    0.0007895341228930058,
    0.0009711795288494464,
    0.0017620962654717708
  ],
  "optim_minibatches": [
    1,
    1,
    1,
    1,
    2,
    4,
    1,
    1,
    1,
    1,
    1,
    1,
    1,
    1,
    1,
    1,
    1,
    1,
    1,
    1,
    1,
    1,
    1,
    1,
    1,
    1,
    1,
    1,
    1,
    1
  ],
  "adam_epsilon": [
    4.079676651625491e-07,
    2.117671874554469e-05,
    5.922007345973927e-05,
    2.067334804993165e-07,
    2.4639422314159535e-06,
    9.349910846578488e-07,
    2.47402576509603e-07,
    5.85524407984557e-06,
    3.29765708513976e-06,
    2.9719636621975033e-06,
    1.915837575962925e-06,
    1.1358143885135943e-06,
    7.8139441405334e-07,
    2.3213466537448696e-06,
    2.2303347747838385e-07,
    8.189900869683284e-07,
    8.274704514080507e-07,
    9.200346811227037e-07,
    2.260436635439581e-06,
    1.0046858659379204e-06,
    3.147315069807693e-06,
    1.8028495659863962e-06,
    1.7495881624518743e-06,
    1.3105739872585993e-06,
    3.989364547909025e-06,
    1.2738143531105728e-06,
    2.1398897820203796e-06,
    1.4907698825999395e-06,
    2.812761714707181e-06,
    9.822590388355442e-07
  ],
  "schedule": [
    "linear",
    "linear",
    "linear",
    "linear",
    "linear",
    "linear",
    "linear",
    "linear",
    "linear",
    "linear",
    "linear",
    "linear",
    "linear",
    "linear",
    "linear",
    "linear",
    "linear",
    "linear",
    "linear",
    "linear",
    "linear",
    "linear",
    "linear",
    "linear",
    "linear",
    "linear",
    "linear",
    "linear",
    "linear",
    "linear"
  ],
  "num_envs": 4,
  "results_dir_name": "results",
  "storage_dir_name": "storage",
  "train_set": "remaining",
  "eval_set": "remaining",
  "OPENAI_LOG_FORMAT": "csv",
  "walltime_hrs": 0.3,
  "num_checkpoints": 100,
  "eval_ntrajs": 10,
  "eval_nsteps": 200,
  "eval_seed": 12345,
  "looping_tree": {
    "method": "fixed",
    "environment": "fixed",
    "total_timesteps": "fixed",
    "rng_seed": "zip",
    "policy_kwargs": "fixed",
    "gamma": "zip",
    "lam": "zip",
    "timesteps_per_actorbatch": "zip",
    "clip_param": "zip",
    "entcoeff": "zip",
    "optim_epochs": "zip",
    "optim_stepsize": "zip",
    "optim_minibatches": "zip",
    "adam_epsilon": "zip",
    "schedule": "zip"
  }
}