{
  "description": "Hyper-parameter optimization for ppo1 on a low frequency environment",
  "method": "ppo1",
  "environment": "drop_leg_100hz",
  "total_timesteps": 4000000,
  "rng_seed": [
    1000,
    1000,
    2000,
    2000,
    0,
    1000,
    2000,
    0,
    1000,
    1000,
    0,
    0,
    0,
    1000,
    0,
    0,
    1000,
    1000,
    0,
    0,
    1000,
    0,
    2000,
    1000,
    0,
    1000,
    0,
    0,
    0,
    0
  ],
  "policy_kwargs": {
    "net_arch": [
      {
        "vf": [
          64,
          64
        ],
        "pi": [
          64,
          64
        ]
      }
    ]
  },
  "gamma": [
    0.8617058449688185,
    0.889448999992358,
    0.9419995105421393,
    0.8750113893059938,
    0.9136050443454582,
    0.8742069985795389,
    0.8830518351187332,
    0.9382927913429273,
    0.7723339563674545,
    0.8682507548267342,
    0.9148845391393245,
    0.8606945434735048,
    0.9134653005564208,
    0.8593118066730652,
    0.919573701557365,
    0.8883506302825515,
    0.907628324130428,
    0.8839846682819402,
    0.9032265898684603,
    0.8940992368323218,
    0.9141225982975151,
    0.8974294206804466,
    0.8919256313713251,
    0.8900125956367706,
    0.8711986027157232,
    0.8881156549500542,
    0.8919720810334519,
    0.8745384919223815,
    0.904152678624091,
    0.8665838591969366
  ],
  "lam": [
    0.9751239490160227,
    0.9441634360370612,
    0.9347289200432891,
    0.6062498473909175,
    0.8787855009090542,
    0.6741708365456738,
    0.8483346674586081,
    0.903112477701423,
    0.7872683954054625,
    0.769950684360901,
    0.8867802509594925,
    0.918398050086455,
    0.712602513805773,
    0.8654216767174177,
    0.827073686100173,
    0.8468667310244635,
    0.783097923025376,
    0.8677478724249285,
    0.7949041634675387,
    0.815314318184253,
    0.881569508546298,
    0.8586905735359582,
    0.800266940566794,
    0.8643885962798421,
    0.86448623321279,
    0.8848358371968452,
    0.815381631821602,
    0.8723463283607551,
    0.8521115864201713,
    0.8676156559879615
  ],
  "timesteps_per_actorbatch": [
    64,
    64,
    64,
    64,
    76,
    64,
    64,
    64,
    64,
    64,
    64,
    64,
    64,
    64,
    64,
    64,
    64,
    66,
    64,
    64,
    64,
    64,
    64,
    64,
    64,
    64,
    64,
    64,
    64,
    64
  ],
  "clip_param": [
    3.4091496356162696,
    1.5030976994607745,
    7.908578380351959,
    8.862987610044007,
    2.1279399651971653,
    15.800324526354418,
    14.706055332564665,
    2.3350412812761614,
    3.936510802258334,
    2.5930961923549756,
    7.286107855949546,
    12.394722183998796,
    6.345220148144534,
    2.645671179794314,
    9.462450288632313,
    16.377905249765167,
    2.4540260772218065,
    7.954069428929606,
    3.173648664394394,
    3.5579275719416508,
    5.183953424756563,
    5.170751454077954,
    6.183687294925435,
    6.467025367868643,
    4.088321089548259,
    9.805468452574555,
    2.8610218528134697,
    5.521509930583009,
    8.029439684789967,
    4.831988957363885
  ],
  "entcoeff": [
    3.9114761562918676e-05,
    7.083026244105384e-05,
    2.5968231343425427e-05,
    4.0467096349045676e-05,
    3.625881638399743e-05,
    7.646870350920545e-05,
    9.327832161335803e-05,
    5.38660347406511e-05,
    5.9358854482762064e-05,
    5.520866694026521e-05,
    3.783601347595446e-05,
    6.209917911248705e-05,
    4.2103540043900854e-05,
    3.9962246872236664e-05,
    4.8140149853671244e-05,
    4.4382104239605726e-05,
    4.2080585752778906e-05,
    5.301502100175583e-05,
    4.1442650638245145e-05,
    4.645539089745097e-05,
    5.0407202302874255e-05,
    5.072558587346944e-05,
    4.6899998547704e-05,
    5.7595221667809156e-05,
    4.768543496461485e-05,
    5.049615171586335e-05,
    4.8234323456314446e-05,
    6.007109857537776e-05,
    4.7012314217165094e-05,
    5.0020041244738384e-05
  ],
  "optim_epochs": [
    2,
    3,
    4,
    3,
    4,
    3,
    5,
    3,
    3,
    3,
    5,
    4,
    3,
    3,
    3,
    3,
    3,
    4,
    3,
    3,
    3,
    3,
    3,
    3,
    3,
    3,
    3,
    3,
    3,
    3
  ],
  "optim_stepsize": [
    0.0006355620552797759,
    0.00035844677845013525,
    0.00026120605477810045,
    0.000951012763628424,
    0.0010398435645180212,
    0.0010516134940910446,
    0.0004974065996622794,
    0.000374973504890538,
    0.000364777725499607,
    0.00038809342582733287,
    0.0004346552089006765,
    0.0005176450616864617,
    0.0006187546220964786,
    0.0005860040151948622,
    0.0004775959985511638,
    0.000733352851363349,
    0.0004537359570676684,
    0.0004187522721191498,
    0.0007870218669572329,
    0.000477320734365838,
    0.0005106721183885453,
    0.0005091247717708276,
    0.0006773470237737207,
    0.0006443789631782431,
    0.0004151293831055394,
    0.0005055782485829888,
    0.000568374838316631,
    0.0005313285993624756,
    0.00047657190729411697,
    0.0004559994429175855
  ],
  "optim_minibatches": [
    1,
    1,
    1,
    1,
    1,
    1,
    1,
    1,
    1,
    1,
    1,
    1,
    1,
    1,
    1,
    1,
    1,
    1,
    1,
    1,
    1,
    1,
    1,
    1,
    1,
    1,
    1,
    1,
    1,
    1
  ],
  "adam_epsilon": [
    1.0504379728371036e-05,
    7.962637689382498e-06,
    7.138819054013286e-06,
    2.0097583803848257e-06,
    7.734072495231813e-06,
    4.3583900472905895e-06,
    6.808324307695578e-06,
    5.763036602236145e-06,
    1.1168790157353363e-06,
    1.4652622488632287e-05,
    4.806083611493863e-06,
    6.33144338118707e-07,
    3.4575883976729587e-06,
    8.57020471154873e-06,
    2.411962565628474e-06,
    4.728614245692033e-06,
    5.152676652553253e-06,
    3.3266408316740943e-06,
    3.700828401769817e-06,
    3.3623303938350534e-06,
    4.733711887302099e-06,
    2.517983562519317e-06,
    3.402621400715213e-06,
    3.5628669232769304e-06,
    3.800947432765624e-06,
    3.484890414174804e-06,
    3.1923704328204247e-06,
    2.6064744014740235e-06,
    2.8300063968676153e-06,
    3.868649018613472e-06
  ],
  "schedule": [
    "linear",
    "linear",
    "linear",
    "linear",
    "linear",
    "linear",
    "linear",
    "linear",
    "linear",
    "linear",
    "linear",
    "linear",
    "linear",
    "linear",
    "linear",
    "linear",
    "linear",
    "linear",
    "linear",
    "linear",
    "linear",
    "linear",
    "linear",
    "linear",
    "linear",
    "linear",
    "linear",
    "linear",
    "linear",
    "linear"
  ],
  "num_envs": 4,
  "results_dir_name": "results",
  "storage_dir_name": "storage",
  "train_set": "remaining",
  "eval_set": "remaining",
  "OPENAI_LOG_FORMAT": "csv",
  "walltime_hrs": 0.3,
  "num_checkpoints": 100,
  "eval_ntrajs": 10,
  "eval_nsteps": 200,
  "eval_seed": 12345,
  "looping_tree": {
    "method": "fixed",
    "environment": "fixed",
    "total_timesteps": "fixed",
    "rng_seed": "zip",
    "policy_kwargs": "fixed",
    "gamma": "zip",
    "lam": "zip",
    "timesteps_per_actorbatch": "zip",
    "clip_param": "zip",
    "entcoeff": "zip",
    "optim_epochs": "zip",
    "optim_stepsize": "zip",
    "optim_minibatches": "zip",
    "adam_epsilon": "zip",
    "schedule": "zip"
  }
}