{
  "description": "Hyper-parameter optimization for ppo1 on a low frequency environment",
  "method": "ppo1",
  "environment": "drop_leg_100hz",
  "total_timesteps": 4000000,
  "rng_seed": [
    0,
    2000,
    2000,
    0,
    2000,
    1000,
    1000,
    1000,
    0,
    1000,
    1000,
    0,
    2000,
    2000,
    1000,
    0,
    2000,
    0,
    2000,
    1000,
    0,
    0,
    2000,
    0,
    2000,
    0,
    1000,
    0,
    0,
    2000
  ],
  "policy_kwargs": {
    "net_arch": [
      {
        "vf": [
          64,
          64
        ],
        "pi": [
          64,
          64
        ]
      }
    ]
  },
  "gamma": [
    0.6398114585421601,
    0.36,
    0.451900840569301,
    0.36,
    0.8589110550404351,
    0.4531006829357975,
    0.3810922430809265,
    0.5629352931640261,
    0.36,
    0.36,
    0.8412991899991625,
    0.36,
    0.36,
    0.369570805298579,
    0.7652317790087855,
    0.36,
    0.7968852482873903,
    0.4520155359273942,
    0.3831337211893967,
    0.5770946925200767,
    0.7724214079530982,
    0.36,
    0.5522676138195399,
    0.36,
    0.48724540348257306,
    0.4443797740868951,
    0.40029582240977657,
    0.7646693231185305,
    0.48172321447339805,
    0.5224229084700692
  ],
  "lam": [
    0.8979202918017055,
    0.9824109022112282,
    0.3983647080143361,
    0.9931792303673236,
    0.8691136500081396,
    0.7889878254921774,
    0.9784167197243331,
    0.8286371865778424,
    0.9626624270471228,
    0.9766158785597977,
    0.9517948904445631,
    0.9418667606531128,
    0.9347375165926737,
    0.9793371364488569,
    0.979330988586775,
    0.9464315257001847,
    0.9574010123363484,
    0.9105568526476246,
    0.9437674844437833,
    0.9616345174216484,
    0.9467309645945103,
    0.946289361595153,
    0.9485855173948846,
    0.9662921607504338,
    0.9643415665972136,
    0.9453762622748728,
    0.9582801080301774,
    0.9714372571633674,
    0.9474017416190498,
    0.9425991702648192
  ],
  "timesteps_per_actorbatch": [
    132,
    90,
    125,
    115,
    64,
    99,
    150,
    111,
    64,
    89,
    80,
    114,
    96,
    64,
    64,
    64,
    128,
    76,
    107,
    68,
    92,
    74,
    64,
    74,
    105,
    76,
    81,
    65,
    117,
    72
  ],
  "clip_param": [
    0.04768116947288015,
    3.19839662770663,
    0.6839925745325992,
    0.23102431805740373,
    0.15302450728065256,
    0.04284346755309659,
    0.19113396209155903,
    0.7177782902716271,
    0.25140224212722256,
    0.05922111815286514,
    0.15043066722862922,
    0.10277093143947104,
    0.7948043352637346,
    0.8898496787167037,
    0.4464298954802625,
    0.42104157426987954,
    0.5292512040979418,
    0.35921894551120276,
    0.28070219879509684,
    0.9694616387236796,
    0.6190896860936504,
    0.1837117196926404,
    0.4534419051688435,
    0.5373018913302336,
    0.5793014281975994,
    0.5982331227835768,
    0.4103291538843884,
    0.592305471251177,
    0.6361114560872703,
    0.4121345421247444
  ],
  "entcoeff": [
    3.724351994947182e-05,
    3.658918139422113e-05,
    9.975872843828649e-05,
    4.9362896971534624e-05,
    3.924184443308002e-05,
    5.383408970308211e-05,
    2.3128188130412818e-05,
    5.0362025595096345e-05,
    2.517080467648635e-05,
    7.378139686094233e-05,
    7.869844840002112e-05,
    4.411343262180629e-05,
    5.315299089677053e-05,
    3.7480151242216634e-05,
    5.471918065475674e-05,
    6.438468396936759e-05,
    6.390383368351274e-05,
    6.377935844665364e-05,
    5.353874422297952e-05,
    5.5162788793249954e-05,
    3.90743407455465e-05,
    4.1595709745225926e-05,
    5.965242335054202e-05,
    5.6447584795690914e-05,
    6.768471282580164e-05,
    5.11051703088869e-05,
    6.628550746561652e-05,
    4.632515700200814e-05,
    5.0134473572497215e-05,
    3.900872387613742e-05
  ],
  "optim_epochs": [
    3,
    2,
    3,
    1,
    3,
    3,
    2,
    5,
    2,
    3,
    3,
    3,
    2,
    2,
    4,
    4,
    4,
    4,
    3,
    3,
    4,
    3,
    4,
    3,
    3,
    2,
    4,
    3,
    3,
    3
  ],
  "optim_stepsize": [
    0.010291661079389548,
    0.00449838587896628,
    0.0025654743633251424,
    0.011678241593686495,
    0.00010041814191753928,
    0.0012065821353475492,
    0.005506382188769608,
    0.012504697292113547,
    0.0050213203095239994,
    0.0020505400360591973,
    0.0024845687887968234,
    0.0017065816369377686,
    0.004740427612530466,
    0.0026351222400503565,
    0.002177550643929628,
    0.0028540916784567543,
    0.0027586589499303303,
    0.003084512410060999,
    0.0019731097792538106,
    0.0024375872388833083,
    0.0020097964353512857,
    0.001259524572807533,
    0.0012457502211068012,
    0.0036012562487359946,
    0.0015748198479947364,
    0.001134037808513807,
    0.0013839972823590507,
    0.001841095708189803,
    0.0030384687824120938,
    0.002659272322077855
  ],
  "optim_minibatches": [
    1,
    1,
    1,
    1,
    1,
    1,
    1,
    1,
    1,
    1,
    1,
    1,
    1,
    1,
    1,
    1,
    1,
    1,
    1,
    1,
    1,
    1,
    1,
    1,
    1,
    1,
    1,
    1,
    1,
    1
  ],
  "adam_epsilon": [
    2.2834662861686457e-06,
    8.844994447996267e-05,
    6.106658418012805e-05,
    7.054725274930476e-06,
    1.5073244416315754e-05,
    7.165771629395662e-07,
    9.371526069450177e-07,
    2.841400855559066e-06,
    4.766075019109111e-06,
    6.7461967195089156e-06,
    3.4016715423544395e-06,
    1.7442838188236948e-06,
    2.4091155698025116e-06,
    6.99185210579594e-06,
    4.290446463029794e-06,
    6.6934405950040684e-06,
    1.4769948096217592e-06,
    1.161527974604058e-06,
    4.9436110689668274e-06,
    2.812872290686251e-06,
    4.060686082763605e-06,
    2.7821992251592315e-06,
    2.611872278160616e-06,
    4.511556691924019e-06,
    4.2286811512683474e-06,
    3.553332682763381e-06,
    3.7429151553369033e-06,
    2.8122053113384086e-06,
    2.4301969448221776e-06,
    6.985664566963893e-06
  ],
  "schedule": [
    "linear",
    "linear",
    "linear",
    "linear",
    "linear",
    "linear",
    "linear",
    "linear",
    "linear",
    "linear",
    "linear",
    "linear",
    "linear",
    "linear",
    "linear",
    "linear",
    "linear",
    "linear",
    "linear",
    "linear",
    "linear",
    "linear",
    "linear",
    "linear",
    "linear",
    "linear",
    "linear",
    "linear",
    "linear",
    "linear"
  ],
  "num_envs": 4,
  "results_dir_name": "results",
  "storage_dir_name": "storage",
  "train_set": "remaining",
  "eval_set": "remaining",
  "OPENAI_LOG_FORMAT": "csv",
  "walltime_hrs": 0.3,
  "num_checkpoints": 100,
  "eval_ntrajs": 10,
  "eval_nsteps": 200,
  "eval_seed": 12345,
  "looping_tree": {
    "method": "fixed",
    "environment": "fixed",
    "total_timesteps": "fixed",
    "rng_seed": "zip",
    "policy_kwargs": "fixed",
    "gamma": "zip",
    "lam": "zip",
    "timesteps_per_actorbatch": "zip",
    "clip_param": "zip",
    "entcoeff": "zip",
    "optim_epochs": "zip",
    "optim_stepsize": "zip",
    "optim_minibatches": "zip",
    "adam_epsilon": "zip",
    "schedule": "zip"
  }
}