{
  "description": "Hyper-parameter optimization for ppo1 on a low frequency environment",
  "method": "ppo1",
  "environment": "drop_leg_100hz",
  "total_timesteps": 4000000,
  "rng_seed": [
    2000,
    2000,
    2000,
    0,
    1000,
    2000,
    1000,
    0,
    2000,
    2000,
    2000,
    0,
    0,
    1000,
    0,
    1000,
    0,
    2000,
    0,
    1000,
    1000,
    1000,
    2000,
    0,
    0,
    2000,
    1000,
    2000,
    2000,
    0
  ],
  "policy_kwargs": {
    "net_arch": [
      {
        "vf": [
          64,
          64
        ],
        "pi": [
          64,
          64
        ]
      }
    ]
  },
  "gamma": [
    0.8156739175479395,
    0.9519296762364001,
    0.970804054878664,
    0.9259055884931421,
    0.9181476689893249,
    0.9065421953013107,
    0.9431453450154433,
    0.9432022037196179,
    0.8548766176462177,
    0.8269976917879722,
    0.8977476864729771,
    0.9297558271236757,
    0.8959307908085865,
    0.9286407770321282,
    0.8980821759180789,
    0.9041118034689266,
    0.9097038649770228,
    0.9016649952458982,
    0.8947006979182196,
    0.9040679983855041,
    0.908991309791201,
    0.9089186485634264,
    0.917221498026972,
    0.9123256283937274,
    0.9109369132041099,
    0.8982269143101842,
    0.8971456158318573,
    0.909680606669708,
    0.9074258449489735,
    0.9077552004586581
  ],
  "lam": [
    0.8107831783149511,
    0.8883602471659309,
    0.8649206682835824,
    0.7881514296498799,
    0.8872927575164982,
    0.7829763540182751,
    0.7617071143861857,
    0.8794983485586485,
    0.8506800012599015,
    0.7849406162683664,
    0.7966107476727553,
    0.8998027225766916,
    0.8498735139366578,
    0.8693452042043928,
    0.890828665556259,
    0.8202517024760618,
    0.8634446772181686,
    0.7877192226151348,
    0.8865337742781434,
    0.8635696996116726,
    0.868300157662536,
    0.8623759910236953,
    0.8480300461504336,
    0.88211388597672,
    0.8600882406600124,
    0.8786039262774655,
    0.8682865947256762,
    0.8730876425816672,
    0.8827597132177636,
    0.8521427409898122
  ],
  "timesteps_per_actorbatch": [
    75,
    67,
    64,
    64,
    64,
    64,
    69,
    64,
    64,
    64,
    64,
    64,
    64,
    64,
    64,
    64,
    64,
    64,
    64,
    64,
    64,
    64,
    64,
    64,
    64,
    64,
    64,
    64,
    64,
    64
  ],
  "clip_param": [
    1.9070558561309698,
    1.857006254095389,
    2.7299559509110582,
    1.5133645697934928,
    1.7611514152168624,
    1.4253415794879973,
    1.753573018908216,
    2.67108832076934,
    3.609917161498433,
    2.714339618412841,
    1.8318660083531637,
    2.726550191769522,
    2.4037961244950936,
    2.3384489336745857,
    3.7592137580013025,
    3.0299981022815565,
    2.951957081834382,
    2.1876838474475635,
    3.879938452661444,
    2.427742789643331,
    3.544616582169993,
    3.798187862571056,
    3.3501193079172187,
    3.2106591563896814,
    4.0837781844984,
    4.365821723160767,
    5.069014265894313,
    3.8337080329080386,
    4.4471896374760975,
    3.139007743899138
  ],
  "entcoeff": [
    5.958992227761103e-05,
    5.976161345930915e-05,
    5.030203261277204e-05,
    6.339555144499512e-05,
    5.67556108049387e-05,
    8.824468728482815e-05,
    3.4391831049919687e-05,
    5.203208894489098e-05,
    5.6361563544189203e-05,
    5.206747861359052e-05,
    5.248088830809822e-05,
    4.465199129436799e-05,
    5.348497457124146e-05,
    5.459829814314618e-05,
    5.2472445539440284e-05,
    4.6935798725756186e-05,
    5.6724240911897684e-05,
    5.544133064596097e-05,
    5.105209871269318e-05,
    5.754353156193733e-05,
    5.055412854013416e-05,
    5.4098081642547726e-05,
    4.6975088913828086e-05,
    4.918891334050901e-05,
    4.988411578635346e-05,
    5.335606096773116e-05,
    6.0571078132024545e-05,
    5.0457887791678044e-05,
    5.424936369553887e-05,
    5.078188294013261e-05
  ],
  "optim_epochs": [
    3,
    4,
    3,
    3,
    3,
    3,
    2,
    3,
    4,
    3,
    3,
    3,
    3,
    3,
    3,
    3,
    2,
    2,
    3,
    3,
    3,
    3,
    3,
    3,
    3,
    3,
    3,
    3,
    3,
    3
  ],
  "optim_stepsize": [
    0.0007312888986850526,
    0.0004567537608746554,
    0.0002756964449009264,
    0.0006040052726592298,
    0.0005981667580341257,
    0.0005652335150089495,
    0.00038620634946162446,
    0.0003074885097648508,
    0.00021632283343116777,
    0.00040899601728934694,
    0.00048229118483857184,
    0.0006476007653410022,
    0.00037156104517774286,
    0.0005404646649033217,
    0.0005010428739644884,
    0.00038495518539840234,
    0.0006151448623842867,
    0.0004949677124230125,
    0.0005622860879657752,
    0.0005358229354763133,
    0.0005697085316462545,
    0.0004369733681872723,
    0.0004969533379690852,
    0.0004578548745769983,
    0.0004290163877847306,
    0.00048046559792549423,
    0.0005203243714767466,
    0.0005051880233774054,
    0.00047124937500215913,
    0.0004557719623347468
  ],
  "optim_minibatches": [
    1,
    1,
    1,
    1,
    1,
    1,
    1,
    1,
    1,
    1,
    1,
    1,
    1,
    1,
    1,
    1,
    1,
    1,
    1,
    1,
    1,
    1,
    1,
    1,
    1,
    1,
    1,
    1,
    1,
    1
  ],
  "adam_epsilon": [
    8.817915435581841e-07,
    1.0294031471092098e-06,
    2.3884005384078387e-06,
    1.2149512364876387e-06,
    1.3051193489684216e-06,
    3.4107136699647084e-06,
    4.580920462913989e-06,
    2.803625422555684e-06,
    7.030109758500695e-06,
    5.8538679925191735e-06,
    2.1523133603952932e-06,
    1.9296586429374923e-06,
    2.226440619252254e-06,
    2.822090467277751e-06,
    1.5689761622114695e-06,
    6.150248556533088e-06,
    2.692315876511982e-06,
    3.3234701359559684e-06,
    1.9622551358102e-06,
    1.8761842168628228e-06,
    2.147813231080781e-06,
    3.5882839345529947e-06,
    3.052524651820067e-06,
    2.330608768747493e-06,
    3.6322218395334057e-06,
    3.3092346502828227e-06,
    3.299625375296997e-06,
    2.6281845587833066e-06,
    3.6937968321792326e-06,
    2.648783368719289e-06
  ],
  "schedule": [
    "linear",
    "linear",
    "linear",
    "linear",
    "linear",
    "linear",
    "linear",
    "linear",
    "linear",
    "linear",
    "linear",
    "linear",
    "linear",
    "linear",
    "linear",
    "linear",
    "linear",
    "linear",
    "linear",
    "linear",
    "linear",
    "linear",
    "linear",
    "linear",
    "linear",
    "linear",
    "linear",
    "linear",
    "linear",
    "linear"
  ],
  "num_envs": 4,
  "results_dir_name": "results",
  "storage_dir_name": "storage",
  "train_set": "remaining",
  "eval_set": "remaining",
  "OPENAI_LOG_FORMAT": "csv",
  "walltime_hrs": 0.3,
  "num_checkpoints": 100,
  "eval_ntrajs": 10,
  "eval_nsteps": 200,
  "eval_seed": 12345,
  "looping_tree": {
    "method": "fixed",
    "environment": "fixed",
    "total_timesteps": "fixed",
    "rng_seed": "zip",
    "policy_kwargs": "fixed",
    "gamma": "zip",
    "lam": "zip",
    "timesteps_per_actorbatch": "zip",
    "clip_param": "zip",
    "entcoeff": "zip",
    "optim_epochs": "zip",
    "optim_stepsize": "zip",
    "optim_minibatches": "zip",
    "adam_epsilon": "zip",
    "schedule": "zip"
  }
}