{
  "description": "Hyper-parameter optimization for ppo1 on a low frequency environment",
  "method": "ppo1",
  "environment": "drop_leg_100hz",
  "total_timesteps": 4000000,
  "rng_seed": [
    0,
    2000,
    1000,
    0,
    2000,
    1000,
    0,
    2000,
    2000,
    2000,
    1000,
    2000,
    1000,
    1000,
    2000,
    1000,
    2000,
    0,
    1000,
    2000,
    2000,
    0,
    0,
    1000,
    1000,
    1000,
    0,
    2000,
    2000,
    1000
  ],
  "policy_kwargs": {
    "net_arch": [
      {
        "vf": [
          64,
          64
        ],
        "pi": [
          64,
          64
        ]
      }
    ]
  },
  "gamma": [
    0.9997480047036221,
    0.7286530584880688,
    0.9682400650519198,
    0.9831528443994363,
    0.8441625405203953,
    0.7595095605437826,
    0.6636098478985886,
    0.4420312007004382,
    0.5226018507682286,
    0.3619306758554037,
    0.6664186528415073,
    0.5645395740138625,
    0.6577016211498738,
    0.8539126089382111,
    0.7859238191088129,
    0.6964988741871612,
    0.8244889068458502,
    0.5815156133459164,
    0.5316319952756169,
    0.7924856459053079,
    0.7688301421435524,
    0.6092325939459113,
    0.8505464212720207,
    0.8589417863351896,
    0.8648450374421537,
    0.8793714658557932,
    0.5920668301828613,
    0.8366202454468734,
    0.36,
    0.6604013031254082
  ],
  "lam": [
    0.3901488383257734,
    0.9998000984215915,
    0.982756933367481,
    0.9930648229259555,
    0.9998165813978915,
    0.9598661012232114,
    0.9997225968424278,
    0.9635447494561737,
    0.9732825797102775,
    0.948503853399591,
    0.7049792439556604,
    0.96061957697617,
    0.7720394934312844,
    0.970215129491835,
    0.9259033995704303,
    0.9588340494648966,
    0.9173322789550437,
    0.9796284742325242,
    0.9333349909364732,
    0.9473731471394581,
    0.9270287833965833,
    0.8939173908428175,
    0.8258367546279399,
    0.9009376033081629,
    0.9524470367966651,
    0.9288413581952074,
    0.98081287495678,
    0.9511012695881489,
    0.9431244652359123,
    0.8986511191912407
  ],
  "timesteps_per_actorbatch": [
    1285,
    11055,
    116,
    13066,
    5222,
    120,
    5283,
    119,
    88,
    64,
    92,
    64,
    88,
    75,
    64,
    122,
    71,
    88,
    74,
    64,
    64,
    149,
    92,
    64,
    64,
    108,
    64,
    64,
    107,
    92
  ],
  "clip_param": [
    0.0945282572503986,
    0.02640896928791916,
    4.344813483317754,
    0.245377831796914,
    5.748299086901419,
    24.206007623884407,
    0.022449029463563013,
    2.6049947804055487,
    1.1570929222404078,
    1.9143412578393586,
    0.43684881130316155,
    0.2588760154268038,
    0.4818828750137908,
    2.3737035949011127,
    1.445030927474562,
    0.3497635786129683,
    0.8342993174815357,
    0.6065666185098866,
    0.34931462295343896,
    0.8655348564460678,
    0.44787526294007535,
    0.8449521046719471,
    1.4729850622235172,
    0.6576783134160219,
    1.4402764605551166,
    0.7376054756576659,
    0.30054185532485017,
    0.8627206876432957,
    0.6094028654288046,
    0.5913143218105901
  ],
  "entcoeff": [
    3.067810250739431e-05,
    0.0006730803842553224,
    0.0009451818139112714,
    6.95236073925658e-06,
    1.7296613704187185e-05,
    9.727704936217959e-06,
    2.6969296883040523e-06,
    6.076000435325424e-05,
    4.737344231925987e-05,
    2.0702473007868977e-05,
    4.148549258314139e-05,
    4.813852707274687e-05,
    2.360280179734302e-05,
    3.314059140447835e-05,
    3.67215732429594e-05,
    5.822462526608639e-05,
    4.058119944770638e-05,
    5.957255344865014e-05,
    4.763551181541462e-05,
    4.296887956144238e-05,
    6.958435179838852e-05,
    4.5175436951679246e-05,
    3.4174797147718414e-05,
    2.3411878337079335e-05,
    3.204650901866449e-05,
    3.0175337683435327e-05,
    5.1925720585047525e-05,
    4.1738471828852e-05,
    3.938707349232166e-05,
    3.0678040927508913e-05
  ],
  "optim_epochs": [
    88,
    53,
    2,
    48,
    118,
    4,
    9,
    1,
    3,
    2,
    3,
    1,
    2,
    1,
    2,
    2,
    2,
    2,
    3,
    2,
    2,
    1,
    2,
    2,
    2,
    2,
    2,
    2,
    2,
    2
  ],
  "optim_stepsize": [
    2.284662890832659e-05,
    2.226174924808748e-05,
    0.008729797965281278,
    5.1240814395076276e-05,
    1.3730960601352537e-05,
    0.0015054416364652917,
    0.00014713445391322687,
    0.007458156270873379,
    0.001353578780922698,
    0.0006989823567694852,
    0.000381584059363545,
    0.0005636599561747772,
    0.0015534938746861553,
    0.001984441104066082,
    0.00046741852466520325,
    0.0016896229078427578,
    0.002611447149727008,
    0.0010033581187116627,
    0.0009131400331641409,
    0.0005873975964521213,
    0.0013927545527082905,
    0.001174318656297725,
    0.0011220021733885598,
    0.0006703084804515694,
    0.001024040212196078,
    0.0005878131767840127,
    0.0008812425034684983,
    0.0005585947577118337,
    0.0008846430708172396,
    0.0015014319517121723
  ],
  "optim_minibatches": [
    62,
    3,
    1,
    40,
    43,
    1,
    20,
    1,
    1,
    1,
    1,
    1,
    1,
    1,
    1,
    1,
    1,
    1,
    1,
    1,
    1,
    1,
    1,
    1,
    1,
    1,
    1,
    1,
    1,
    1
  ],
  "adam_epsilon": [
    5.5257277802633567e-08,
    1.6588073226051004e-05,
    9.652998325611851e-08,
    1.4078605061666007e-07,
    3.190064638333947e-05,
    1.5834667186107613e-08,
    3.0981690180950577e-06,
    3.9695420329400455e-06,
    2.947361151858865e-07,
    4.132816358995064e-06,
    6.623633762401249e-07,
    1.977378860080503e-06,
    3.2690553239833045e-06,
    1.6083751081091991e-06,
    9.724846168933511e-07,
    1.3547251046509023e-05,
    6.4179693043391865e-06,
    2.121808874904188e-06,
    4.240714828536441e-06,
    2.4639405472041693e-06,
    6.337721254102118e-07,
    5.079557210130053e-06,
    2.1905054746762044e-06,
    2.5885553865223096e-06,
    3.3338171261523916e-06,
    2.7079664246112384e-06,
    5.0321727419576605e-06,
    1.5656938747044092e-06,
    3.804134466691372e-06,
    2.9594177209589145e-06
  ],
  "schedule": [
    "linear",
    "linear",
    "linear",
    "linear",
    "linear",
    "linear",
    "linear",
    "linear",
    "linear",
    "linear",
    "linear",
    "linear",
    "linear",
    "linear",
    "linear",
    "linear",
    "linear",
    "linear",
    "linear",
    "linear",
    "linear",
    "linear",
    "linear",
    "linear",
    "linear",
    "linear",
    "linear",
    "linear",
    "linear",
    "linear"
  ],
  "num_envs": 4,
  "results_dir_name": "results",
  "storage_dir_name": "storage",
  "train_set": "remaining",
  "eval_set": "remaining",
  "OPENAI_LOG_FORMAT": "csv",
  "walltime_hrs": 0.3,
  "num_checkpoints": 100,
  "eval_ntrajs": 10,
  "eval_nsteps": 200,
  "eval_seed": 12345,
  "looping_tree": {
    "method": "fixed",
    "environment": "fixed",
    "total_timesteps": "fixed",
    "rng_seed": "zip",
    "policy_kwargs": "fixed",
    "gamma": "zip",
    "lam": "zip",
    "timesteps_per_actorbatch": "zip",
    "clip_param": "zip",
    "entcoeff": "zip",
    "optim_epochs": "zip",
    "optim_stepsize": "zip",
    "optim_minibatches": "zip",
    "adam_epsilon": "zip",
    "schedule": "zip"
  }
}