{
  "description": "Hyper-parameter optimization for ppo1 on a low frequency environment",
  "method": "ppo1",
  "environment": "drop_leg_100hz",
  "total_timesteps": 4000000,
  "rng_seed": [
    0,
    2000,
    1000,
    0,
    2000,
    2000,
    0,
    0,
    0,
    1000,
    1000,
    2000,
    2000,
    1000,
    2000,
    0,
    2000,
    0,
    1000,
    1000,
    1000,
    1000,
    2000,
    1000,
    2000,
    1000,
    2000,
    1000,
    0,
    2000
  ],
  "policy_kwargs": {
    "net_arch": [
      {
        "vf": [
          64,
          64
        ],
        "pi": [
          64,
          64
        ]
      }
    ]
  },
  "gamma": [
    0.6196689703970457,
    0.5851534514244137,
    0.9778602809825729,
    0.6763265419546248,
    0.9581065185056583,
    0.9761904032091128,
    0.5572751801654152,
    0.7820610277652544,
    0.7723927287907482,
    0.7589681250904452,
    0.9217387942759957,
    0.5899038183132341,
    0.8951670950664298,
    0.9300451813183024,
    0.8951279283397,
    0.9250316000996165,
    0.8998680187649346,
    0.866577690657652,
    0.8852567876846752,
    0.8556478053456402,
    0.8987907114470665,
    0.8940276910809066,
    0.8985023977588513,
    0.8913702036309551,
    0.8928307494474355,
    0.9008788798815982,
    0.8880358557402108,
    0.8897726352969909,
    0.8875673861333573,
    0.9090156034056412
  ],
  "lam": [
    0.9708736458830803,
    0.9746124300195885,
    0.9731445029132471,
    0.4263698633705649,
    0.5026056248214227,
    0.9737456359347127,
    0.9717241614601886,
    0.9756080388042936,
    0.967114009589868,
    0.9638334458416006,
    0.9618223114620742,
    0.9530745704622563,
    0.8812537193788985,
    0.9300122927094793,
    0.8235496674646225,
    0.8789733028626466,
    0.9018993058784534,
    0.9189003842133869,
    0.9262845071807584,
    0.899561648259347,
    0.8713987363700519,
    0.9067286266817609,
    0.9008786709906633,
    0.8784033635447444,
    0.8767890552739763,
    0.8958516994598642,
    0.9123294869691579,
    0.8920273098297968,
    0.9012874389476424,
    0.8809332570083149
  ],
  "timesteps_per_actorbatch": [
    113,
    72,
    127,
    192,
    69,
    74,
    173,
    66,
    66,
    167,
    65,
    75,
    64,
    64,
    64,
    64,
    64,
    64,
    64,
    64,
    65,
    64,
    64,
    64,
    64,
    64,
    64,
    64,
    64,
    64
  ],
  "clip_param": [
    0.8609803489620368,
    3.131292680459964,
    0.5091262870711573,
    0.5214609662820893,
    7.851583424765706,
    16.153161974466233,
    7.2963791269069365,
    5.51956302190666,
    0.5143976994907952,
    0.4759580357429609,
    1.7320144200593417,
    1.1157559099383092,
    6.529000751543525,
    3.688993128708043,
    7.304457430020784,
    3.7905767177449867,
    5.124091935895951,
    5.060642728395989,
    5.307787099595337,
    4.673656528670257,
    4.676535987535807,
    4.101900492846146,
    7.30118619844193,
    6.086396839178566,
    7.151423038092296,
    6.339630123540546,
    4.484949434954778,
    4.981075565856375,
    3.0505121649855216,
    6.7898089860959825
  ],
  "entcoeff": [
    0.00016303225120777666,
    0.00015740428085706567,
    4.2653767024727444e-05,
    2.7041769998772656e-05,
    2.4632138335501783e-05,
    8.317656698661711e-05,
    2.1883032733388083e-05,
    7.09642649149533e-05,
    7.874991980901373e-05,
    4.5562731208043945e-05,
    0.00013956499845516648,
    0.00012529554016400192,
    5.910888618420152e-05,
    5.405016163168708e-05,
    4.922859814670202e-05,
    5.4019509448061033e-05,
    5.105322653366428e-05,
    5.462682717915788e-05,
    7.047656879452203e-05,
    6.181213522422903e-05,
    7.377911121663411e-05,
    7.630717169939878e-05,
    6.30975758697617e-05,
    5.9125198467351834e-05,
    4.914964202831078e-05,
    3.8790706603834254e-05,
    6.073109769613143e-05,
    4.4231553134476445e-05,
    4.848576579801888e-05,
    5.159729876505511e-05
  ],
  "optim_epochs": [
    5,
    6,
    5,
    4,
    4,
    3,
    2,
    5,
    7,
    4,
    5,
    4,
    4,
    4,
    4,
    3,
    4,
    5,
    4,
    4,
    5,
    4,
    4,
    4,
    4,
    3,
    3,
    4,
    3,
    4
  ],
  "optim_stepsize": [
    0.00016350473912845885,
    0.0027530985693386438,
    0.0013696013975614803,
    0.00023967836138770923,
    7.957177006099978e-05,
    0.0026235921750554234,
    0.0008716184266885093,
    0.0008598947597793684,
    0.0001694383245767364,
    0.0005447188207009135,
    0.00015409083346500956,
    0.000710631981611692,
    0.0004952097034004963,
    0.000658485099305316,
    0.0004904138061947678,
    0.00039079974481784927,
    0.0005291169345815551,
    0.0005751797666353506,
    0.00042712065482599466,
    0.0004133221052763949,
    0.0004413130764537838,
    0.0004607394957388809,
    0.0004923183996667998,
    0.0004443235006863492,
    0.0004979082789943688,
    0.0004683512320391158,
    0.0005710947669465457,
    0.0005470972790003047,
    0.0004825260441344365,
    0.0005451726639236523
  ],
  "optim_minibatches": [
    2,
    1,
    1,
    2,
    2,
    2,
    2,
    1,
    1,
    2,
    1,
    1,
    1,
    1,
    1,
    1,
    1,
    1,
    1,
    1,
    1,
    1,
    1,
    1,
    1,
    1,
    1,
    1,
    1,
    1
  ],
  "adam_epsilon": [
    5.472923669340682e-07,
    1.4578228617831468e-05,
    1.9372444770295982e-05,
    1.8504211102653968e-05,
    2.105883641597607e-05,
    9.614946601719613e-06,
    6.718631315956146e-07,
    8.077190924014487e-07,
    3.1632859363210027e-06,
    6.209468158391248e-07,
    6.832698969557351e-07,
    1.1027627689400683e-05,
    1.1777945938826595e-05,
    9.80041934405612e-06,
    6.541727003661055e-06,
    9.777462450327315e-06,
    5.41090469220279e-06,
    3.1410328304055174e-06,
    2.144406327146816e-06,
    6.180245677855247e-06,
    3.0859243244049954e-06,
    4.971335265552243e-06,
    3.1265472799066176e-06,
    4.4297561497863655e-06,
    8.727561958633983e-06,
    4.545728713805113e-06,
    3.5701834955711184e-06,
    3.025907279449522e-06,
    4.000004556925459e-06,
    6.389527796478313e-06
  ],
  "schedule": [
    "linear",
    "linear",
    "linear",
    "linear",
    "linear",
    "linear",
    "linear",
    "linear",
    "linear",
    "linear",
    "linear",
    "linear",
    "linear",
    "linear",
    "linear",
    "linear",
    "linear",
    "linear",
    "linear",
    "linear",
    "linear",
    "linear",
    "linear",
    "linear",
    "linear",
    "linear",
    "linear",
    "linear",
    "linear",
    "linear"
  ],
  "num_envs": 4,
  "results_dir_name": "results",
  "storage_dir_name": "storage",
  "train_set": "remaining",
  "eval_set": "remaining",
  "OPENAI_LOG_FORMAT": "csv",
  "walltime_hrs": 0.3,
  "num_checkpoints": 100,
  "eval_ntrajs": 10,
  "eval_nsteps": 200,
  "eval_seed": 12345,
  "looping_tree": {
    "method": "fixed",
    "environment": "fixed",
    "total_timesteps": "fixed",
    "rng_seed": "zip",
    "policy_kwargs": "fixed",
    "gamma": "zip",
    "lam": "zip",
    "timesteps_per_actorbatch": "zip",
    "clip_param": "zip",
    "entcoeff": "zip",
    "optim_epochs": "zip",
    "optim_stepsize": "zip",
    "optim_minibatches": "zip",
    "adam_epsilon": "zip",
    "schedule": "zip"
  }
}