{
  "description": "Hyper-parameter optimization for ppo1 on a low frequency environment",
  "method": "ppo1",
  "environment": "drop_leg_100hz",
  "total_timesteps": 4000000,
  "rng_seed": [
    2000,
    1000,
    0,
    0,
    2000,
    0,
    0,
    0,
    2000,
    0,
    0,
    0,
    2000,
    0,
    2000,
    0,
    0,
    2000,
    0,
    0,
    2000,
    1000,
    2000,
    1000,
    1000,
    1000,
    1000,
    0,
    1000,
    0
  ],
  "policy_kwargs": {
    "net_arch": [
      {
        "vf": [
          64,
          64
        ],
        "pi": [
          64,
          64
        ]
      }
    ]
  },
  "gamma": [
    0.9857022540910254,
    0.9410222032499785,
    0.9343557653210358,
    0.8667180804954375,
    0.943235718698843,
    0.9507765847676926,
    0.9576130570431906,
    0.9522830416044835,
    0.8949419911529111,
    0.9406007071442997,
    0.9647020409008331,
    0.9298717181152176,
    0.8939951334819743,
    0.9310031268325363,
    0.927959193746982,
    0.9595561313374728,
    0.9231499472652044,
    0.9357270097947415,
    0.9405229886865923,
    0.9422892556296807,
    0.9558295839967963,
    0.919765843016842,
    0.9290018284996635,
    0.9412233663424966,
    0.9171130148021203,
    0.9365202441160546,
    0.939049607156296,
    0.9294835654774114,
    0.9390771903933046,
    0.9305011271920663
  ],
  "lam": [
    0.4562339341541082,
    0.40842566399016866,
    0.6285081998320684,
    0.5599225532680283,
    0.7040907585580167,
    0.7797408381909773,
    0.6624392908410551,
    0.4516900952117917,
    0.8679211826261284,
    0.5401140839402796,
    0.7562211518190276,
    0.7496835803700186,
    0.7893264005503496,
    0.8031224502468005,
    0.8232552548934455,
    0.669427618667513,
    0.7894062153488797,
    0.8555810472459948,
    0.7103076512254053,
    0.7673274665843645,
    0.6546184912436028,
    0.8732074837712553,
    0.814847859221976,
    0.7131775423110931,
    0.8049928899255219,
    0.6972888751965903,
    0.8189752170421368,
    0.843630066016068,
    0.8023358114119286,
    0.6757697635496795
  ],
  "timesteps_per_actorbatch": [
    64,
    67,
    64,
    64,
    109,
    105,
    64,
    64,
    64,
    64,
    69,
    64,
    64,
    64,
    64,
    64,
    64,
    64,
    64,
    66,
    64,
    75,
    64,
    74,
    64,
    64,
    76,
    64,
    64,
    64
  ],
  "clip_param": [
    1.0377446109499138,
    0.5412285266505149,
    4.767906451841023,
    3.603558456385238,
    0.7444770680644688,
    0.3034193182834764,
    4.764279390877074,
    1.807647836433316,
    3.8102757626181663,
    4.209534325124293,
    0.5374823685171067,
    3.1269338043667725,
    0.546895725087861,
    6.530359760290664,
    4.2673900936152735,
    0.8620473950299817,
    4.935134345278083,
    4.59380543897827,
    2.2272358184828125,
    3.795911489932004,
    0.5473327044981926,
    2.7923932603923793,
    4.640390029761168,
    0.7872610293434229,
    2.6000795480346497,
    2.2108396240417805,
    2.153871631902752,
    4.011799375600097,
    4.047701426162861,
    2.8743755398821227
  ],
  "entcoeff": [
    7.877722466391248e-05,
    5.298128382623712e-05,
    8.732352083187157e-05,
    6.12274136594281e-05,
    9.667729965643596e-05,
    4.7867540931623476e-05,
    8.313086318931068e-05,
    5.9295788212664606e-05,
    8.36517326196478e-05,
    6.213106268601617e-05,
    4.922573091060437e-05,
    7.053685855910393e-05,
    5.004394402873615e-05,
    8.866487370321444e-05,
    9.639956503166975e-05,
    5.76460853499466e-05,
    8.914969549939573e-05,
    6.166379507967385e-05,
    6.049043154805388e-05,
    5.6354788177810395e-05,
    5.7420017211332093e-05,
    7.643471555308097e-05,
    4.99125980560853e-05,
    5.172478869802472e-05,
    7.967245890806336e-05,
    6.198764186547383e-05,
    5.901247802377129e-05,
    6.625098964191391e-05,
    6.884349814209764e-05,
    7.703655019241333e-05
  ],
  "optim_epochs": [
    2,
    2,
    3,
    3,
    3,
    2,
    2,
    3,
    2,
    2,
    1,
    3,
    3,
    3,
    2,
    3,
    2,
    2,
    2,
    2,
    2,
    2,
    2,
    2,
    3,
    2,
    3,
    2,
    2,
    3
  ],
  "optim_stepsize": [
    0.0002820789038915636,
    0.00030439416879676594,
    0.00021697810762998793,
    0.00020832764088811708,
    8.847464622654961e-05,
    0.00036323444002123417,
    0.0003584897266650788,
    0.00034248918207121755,
    0.00023741364933670066,
    0.0007195153833759112,
    0.0004729009396956967,
    0.0004265407791181252,
    0.00032374418431992656,
    0.0003501899703139195,
    0.0005686960401054263,
    0.00032447184683971213,
    0.0007981555683050087,
    0.00051549664620826,
    0.000564155880618034,
    0.0005264517989076162,
    0.0005185003272716423,
    0.0003839802891638345,
    0.00032467999515097776,
    0.0003594530857679695,
    0.000430107398291829,
    0.0005382812892436822,
    0.0005064322409485344,
    0.0003419840104256084,
    0.0005909950055377486,
    0.0004712018994120569
  ],
  "optim_minibatches": [
    1,
    1,
    1,
    1,
    1,
    1,
    1,
    1,
    1,
    1,
    1,
    1,
    1,
    1,
    1,
    1,
    1,
    1,
    1,
    1,
    1,
    1,
    1,
    1,
    1,
    1,
    1,
    1,
    1,
    1
  ],
  "adam_epsilon": [
    3.1914647088277538e-06,
    6.3979452239850566e-06,
    4.230059881190556e-06,
    8.473077728988703e-07,
    2.327375015174829e-06,
    2.270264135854398e-06,
    1.3256714090497164e-06,
    6.034555575924056e-06,
    1.658630259021155e-06,
    2.9267634736781964e-06,
    5.112804497662008e-06,
    2.374457148568977e-06,
    2.8456068555523213e-06,
    3.61856236217789e-06,
    1.0542376945165488e-06,
    3.0879966895846108e-06,
    3.0477411921738395e-06,
    2.6701845489083286e-06,
    5.9217844011550115e-06,
    2.3433237847794393e-06,
    3.932266549223903e-06,
    2.149483687760642e-06,
    1.7239189863439451e-06,
    4.742434861242749e-06,
    2.2588687898663625e-06,
    2.9384972110626974e-06,
    2.4154796107187997e-06,
    1.4622743451064326e-06,
    2.123960297699159e-06,
    2.5812401582818525e-06
  ],
  "schedule": [
    "linear",
    "linear",
    "linear",
    "linear",
    "linear",
    "linear",
    "linear",
    "linear",
    "linear",
    "linear",
    "linear",
    "linear",
    "linear",
    "linear",
    "linear",
    "linear",
    "linear",
    "linear",
    "linear",
    "linear",
    "linear",
    "linear",
    "linear",
    "linear",
    "linear",
    "linear",
    "linear",
    "linear",
    "linear",
    "linear"
  ],
  "num_envs": 4,
  "results_dir_name": "results",
  "storage_dir_name": "storage",
  "train_set": "remaining",
  "eval_set": "remaining",
  "OPENAI_LOG_FORMAT": "csv",
  "walltime_hrs": 0.3,
  "num_checkpoints": 100,
  "eval_ntrajs": 10,
  "eval_nsteps": 200,
  "eval_seed": 12345,
  "looping_tree": {
    "method": "fixed",
    "environment": "fixed",
    "total_timesteps": "fixed",
    "rng_seed": "zip",
    "policy_kwargs": "fixed",
    "gamma": "zip",
    "lam": "zip",
    "timesteps_per_actorbatch": "zip",
    "clip_param": "zip",
    "entcoeff": "zip",
    "optim_epochs": "zip",
    "optim_stepsize": "zip",
    "optim_minibatches": "zip",
    "adam_epsilon": "zip",
    "schedule": "zip"
  }
}