{
  "description": "Hyper-parameter optimization for ppo1 on a low frequency environment",
  "method": "ppo1",
  "environment": "drop_leg_100hz",
  "total_timesteps": 4000000,
  "rng_seed": [
    2000,
    1000,
    0,
    2000,
    2000,
    1000,
    0,
    0,
    0,
    0,
    2000,
    2000,
    0,
    0,
    0,
    1000,
    0,
    1000,
    2000,
    0,
    2000,
    1000,
    2000,
    2000,
    2000,
    1000,
    1000,
    1000,
    1000,
    1000
  ],
  "policy_kwargs": {
    "net_arch": [
      {
        "vf": [
          64,
          64
        ],
        "pi": [
          64,
          64
        ]
      }
    ]
  },
  "gamma": [
    0.9111152213347096,
    0.5618407132803267,
    0.97528104326078,
    0.7829246801478542,
    0.7445602519651799,
    0.9376729591724771,
    0.9081716748844578,
    0.8982890546361703,
    0.9311031177759455,
    0.9183278725732272,
    0.9619225987089262,
    0.8889959744241576,
    0.898892523698222,
    0.9177449899388979,
    0.9282844023144303,
    0.925222411142774,
    0.9105188294092476,
    0.9264016478033226,
    0.9183304421263923,
    0.9132010843171962,
    0.9239811659968552,
    0.9068749277037309,
    0.8966920561985634,
    0.9255413597038962,
    0.9160531083681315,
    0.9184145606045472,
    0.9241734191363487,
    0.9016988579665766,
    0.9194875710056963,
    0.9091010404980786
  ],
  "lam": [
    0.4494187298841157,
    0.8158743566234007,
    0.9166600882777171,
    0.8604012287812409,
    0.5869666146522929,
    0.5759361475420361,
    0.392962866802515,
    0.7515350619990169,
    0.7408902206775607,
    0.7275960493124496,
    0.9025940604728964,
    0.8756310035124416,
    0.8724466022556776,
    0.8651629003253057,
    0.8228284487361448,
    0.9100384330011453,
    0.8599104018873696,
    0.8399003220296583,
    0.876231990619769,
    0.8646910162399881,
    0.8954219784098639,
    0.8801566644745802,
    0.8907873882060929,
    0.879717515037102,
    0.8773242794737662,
    0.8900703786803993,
    0.8787173355482945,
    0.8785083656430368,
    0.8737964692519677,
    0.8749256934492626
  ],
  "timesteps_per_actorbatch": [
    144,
    88,
    158,
    130,
    128,
    187,
    174,
    99,
    71,
    64,
    65,
    65,
    64,
    64,
    64,
    64,
    64,
    64,
    64,
    65,
    64,
    64,
    64,
    64,
    64,
    64,
    64,
    64,
    64,
    64
  ],
  "clip_param": [
    8.768905209055053,
    0.5557741297351808,
    10.62125065595659,
    0.9057539382583469,
    3.6620711533383767,
    2.102647151666638,
    0.8485513140481615,
    0.7135074845079118,
    6.832328269108687,
    4.291942139940842,
    4.021658714942543,
    7.980135513803395,
    4.198144146445501,
    2.9087731663544734,
    5.6802566840540845,
    9.641630929684975,
    3.9554591479825056,
    5.43167139363867,
    3.963338669490738,
    3.789245751935712,
    4.706202635294608,
    4.466748853670727,
    6.066850584353922,
    4.803808451198537,
    6.076757542887645,
    5.330194185953257,
    5.182822245397107,
    5.251529556179817,
    4.653488249667344,
    4.5853256275163945
  ],
  "entcoeff": [
    2.6564595291144847e-05,
    0.0001622042349932732,
    2.3949777245369462e-05,
    0.0001290011757500156,
    6.412284641560328e-05,
    2.5548319055265003e-05,
    1.8845537984670125e-05,
    1.7992654553000593e-05,
    4.21107473764203e-05,
    4.9972774746147114e-05,
    3.584567594208442e-05,
    5.504766625647819e-05,
    4.929675220757462e-05,
    4.940158045817204e-05,
    4.6105280332243645e-05,
    5.671526845247366e-05,
    4.336156809548555e-05,
    4.6099334898974885e-05,
    5.814440902846461e-05,
    4.830333989559651e-05,
    4.4101355025111994e-05,
    5.114326935523066e-05,
    6.044143225274034e-05,
    5.3565571867483536e-05,
    5.0239373412747613e-05,
    4.2313877214830004e-05,
    4.720965042837223e-05,
    5.466175877638695e-05,
    5.1412585659889944e-05,
    5.117732162136782e-05
  ],
  "optim_epochs": [
    2,
    4,
    6,
    5,
    7,
    4,
    4,
    1,
    3,
    3,
    5,
    4,
    4,
    4,
    4,
    3,
    3,
    3,
    3,
    3,
    4,
    3,
    3,
    3,
    3,
    4,
    3,
    4,
    4,
    3
  ],
  "optim_stepsize": [
    0.0013297190899840762,
    0.0003301692778871484,
    9.43216280489922e-05,
    0.00017851173331090303,
    0.0010288040078018504,
    0.0010191543656824823,
    0.00018954763648428057,
    0.0004505375038051251,
    0.000504979399166948,
    0.0003135740794433832,
    0.0004813254812505662,
    0.0002521761821007361,
    0.0009766763086923465,
    0.0006258710005778672,
    0.0003857281463442212,
    0.00043511602902564526,
    0.00039875152095254253,
    0.0006049423972514488,
    0.0006267786117735443,
    0.00045096383463608537,
    0.0006179675791347812,
    0.00045818412836763514,
    0.0005841970031855834,
    0.0006131099304290102,
    0.0005688375890157626,
    0.000512336590176402,
    0.000518091101096745,
    0.00045612975697765265,
    0.0005738213076734905,
    0.00046256231698572073
  ],
  "optim_minibatches": [
    2,
    2,
    2,
    2,
    2,
    2,
    2,
    2,
    1,
    1,
    1,
    1,
    1,
    1,
    1,
    1,
    1,
    1,
    1,
    1,
    1,
    1,
    1,
    1,
    1,
    1,
    1,
    1,
    1,
    1
  ],
  "adam_epsilon": [
    2.1495648408930227e-05,
    6.587831392883073e-07,
    1.9330411234762036e-05,
    2.5279652316642186e-06,
    1.4708836591227893e-05,
    9.452104977821025e-07,
    5.790913744684557e-07,
    8.729949116086716e-07,
    2.0098915363572212e-05,
    8.526248412072097e-06,
    5.008997132762992e-06,
    6.181514111213495e-06,
    9.409763223433413e-06,
    8.015494521651905e-06,
    8.442965456794443e-06,
    5.374950812418352e-06,
    6.641591652794439e-06,
    5.473438524562499e-06,
    3.993010498129623e-06,
    3.2032928125512318e-06,
    4.740880221406044e-06,
    3.9094755360572135e-06,
    3.674263388867992e-06,
    3.7425633041127725e-06,
    4.7230715807979054e-06,
    3.618527157341639e-06,
    2.709312286769417e-06,
    3.51046616152132e-06,
    4.73190355199719e-06,
    2.593157411674787e-06
  ],
  "schedule": [
    "linear",
    "linear",
    "linear",
    "linear",
    "linear",
    "linear",
    "linear",
    "linear",
    "linear",
    "linear",
    "linear",
    "linear",
    "linear",
    "linear",
    "linear",
    "linear",
    "linear",
    "linear",
    "linear",
    "linear",
    "linear",
    "linear",
    "linear",
    "linear",
    "linear",
    "linear",
    "linear",
    "linear",
    "linear",
    "linear"
  ],
  "num_envs": 4,
  "results_dir_name": "results",
  "storage_dir_name": "storage",
  "train_set": "remaining",
  "eval_set": "remaining",
  "OPENAI_LOG_FORMAT": "csv",
  "walltime_hrs": 0.3,
  "num_checkpoints": 100,
  "eval_ntrajs": 10,
  "eval_nsteps": 200,
  "eval_seed": 12345,
  "looping_tree": {
    "method": "fixed",
    "environment": "fixed",
    "total_timesteps": "fixed",
    "rng_seed": "zip",
    "policy_kwargs": "fixed",
    "gamma": "zip",
    "lam": "zip",
    "timesteps_per_actorbatch": "zip",
    "clip_param": "zip",
    "entcoeff": "zip",
    "optim_epochs": "zip",
    "optim_stepsize": "zip",
    "optim_minibatches": "zip",
    "adam_epsilon": "zip",
    "schedule": "zip"
  }
}