{
  "description": "Hyper-parameter optimization for ppo1 on a low frequency environment",
  "method": "ppo1",
  "environment": "drop_leg_100hz",
  "total_timesteps": 4000000,
  "rng_seed": [
    2000,
    1000,
    0,
    2000,
    2000,
    2000,
    1000,
    0,
    0,
    2000,
    1000,
    1000,
    1000,
    2000,
    2000,
    1000,
    1000,
    0,
    1000,
    0,
    1000,
    0,
    2000,
    2000,
    2000,
    2000,
    0,
    0,
    1000,
    0
  ],
  "policy_kwargs": {
    "net_arch": [
      {
        "vf": [
          64,
          64
        ],
        "pi": [
          64,
          64
        ]
      }
    ]
  },
  "gamma": [
    0.953446411408788,
    0.9414248650867794,
    0.9865233907632351,
    0.9451208918392625,
    0.99156883700649,
    0.9556755992627973,
    0.8604787145722351,
    0.9627600933512015,
    0.8904524507025734,
    0.9747701011634204,
    0.9390560266822638,
    0.9700657951588025,
    0.8998215884579435,
    0.9565921764270475,
    0.8778388456501047,
    0.9700160061235932,
    0.9550290610346885,
    0.9447101714573254,
    0.8759209202613268,
    0.9288660204867626,
    0.9692266958350662,
    0.9457539676978655,
    0.8789571832920734,
    0.8995401786508234,
    0.9488509688945415,
    0.9476530571624958,
    0.9174464370648049,
    0.9010230633729598,
    0.9571321741026928,
    0.9367694353985496
  ],
  "lam": [
    0.928826516835234,
    0.9868699602145045,
    0.981812523510465,
    0.9767228831382035,
    0.9601978841547393,
    0.9952544609143421,
    0.9762046468387305,
    0.8974717059919994,
    0.9604872258097266,
    0.9613681589350668,
    0.9750096039045534,
    0.9395605059604907,
    0.9886788356217081,
    0.9463168877109771,
    0.8862193441322324,
    0.9787779234166639,
    0.9402391078631686,
    0.9752880067661416,
    0.9293971907491043,
    0.9620635695111712,
    0.9396456244355621,
    0.9538995152250362,
    0.9559257827470169,
    0.9255390511530246,
    0.9329617653640639,
    0.9503128589219169,
    0.9521936323981339,
    0.9477513827834897,
    0.9757002623705437,
    0.9460736139897804
  ],
  "timesteps_per_actorbatch": [
    246,
    133,
    186,
    387,
    456,
    259,
    201,
    348,
    299,
    111,
    136,
    345,
    154,
    180,
    218,
    232,
    152,
    241,
    150,
    165,
    307,
    113,
    227,
    232,
    173,
    128,
    147,
    187,
    196,
    141
  ],
  "clip_param": [
    3.436085283154649,
    0.056618977791020486,
    0.3613056869011596,
    7.568942161313999,
    0.3804505863009038,
    0.46505541272667955,
    2.4363197496787445,
    3.126767855124326,
    1.7247629948266185,
    2.7544476193403225,
    1.5090673571643956,
    1.0751793834634986,
    0.6202863545763782,
    0.5136613360284129,
    2.508033476473608,
    2.2520648697164636,
    1.9764260814169603,
    1.085763780475617,
    1.4977904880915716,
    0.8223659385662494,
    1.3565885981026635,
    1.732608040147717,
    1.1986023889555981,
    1.5340661260431225,
    0.8467900627755351,
    1.1866248788909346,
    1.9793922860113229,
    2.08841642986119,
    2.3960164193596563,
    1.588673804945384
  ],
  "entcoeff": [
    5.0640497804305586e-05,
    4.986372027577825e-05,
    5.9085586976411684e-05,
    4.255070074113855e-05,
    2.99737895323674e-05,
    3.3981794069960026e-05,
    3.72983708954319e-05,
    2.1962424059551882e-05,
    3.9353828856766514e-05,
    5.7435161142818566e-05,
    3.0981456183308834e-05,
    2.327225590832302e-05,
    4.55627047942404e-05,
    2.9156454720919837e-05,
    4.461457509172118e-05,
    4.51788192050825e-05,
    5.259289104466527e-05,
    2.5995429051575285e-05,
    3.144955012465502e-05,
    4.2456769674241145e-05,
    3.932044429318451e-05,
    2.6861545667166548e-05,
    2.38423663548282e-05,
    3.23204228264085e-05,
    2.7944426259967138e-05,
    3.547981006536914e-05,
    3.827709736752078e-05,
    4.213610298720365e-05,
    3.82300129211195e-05,
    5.571141186248652e-05
  ],
  "optim_epochs": [
    8,
    3,
    3,
    3,
    3,
    2,
    10,
    3,
    4,
    3,
    9,
    4,
    5,
    7,
    4,
    3,
    6,
    4,
    5,
    3,
    3,
    5,
    4,
    4,
    3,
    3,
    5,
    3,
    3,
    5
  ],
  "optim_stepsize": [
    0.013929121673868394,
    0.0011152145963167434,
    0.0001642178187412064,
    0.00030021354159921477,
    0.0015337216423478442,
    0.0008069015312880827,
    0.002296569970794114,
    0.0008507739870434467,
    0.0006941419641473168,
    0.00026546016621091967,
    0.00032672242494849316,
    0.00031731739334731626,
    0.0007397698089935559,
    0.0008366562812123145,
    0.00038773429270161044,
    0.0006401355078788002,
    0.0020493087258334907,
    0.0005975879172157423,
    0.001640463774942681,
    0.0014148486597292292,
    0.0009361970041744682,
    0.0005484817685823496,
    0.0008477624521491978,
    0.001012283919129329,
    0.001160833079264519,
    0.000718890579730732,
    0.0011460726341339011,
    0.0008802451384434159,
    0.0005342670011317896,
    0.001309294180348097
  ],
  "optim_minibatches": [
    2,
    1,
    2,
    3,
    2,
    3,
    3,
    2,
    5,
    2,
    3,
    1,
    2,
    2,
    2,
    3,
    2,
    2,
    2,
    2,
    2,
    2,
    2,
    2,
    2,
    2,
    3,
    1,
    2,
    1
  ],
  "adam_epsilon": [
    5.125989167394515e-06,
    2.1261521411256158e-07,
    1.7826484801197353e-06,
    1.3131756353976703e-06,
    2.604582896670036e-07,
    1.0109136900197562e-06,
    6.182931758408174e-07,
    7.2119566940753965e-06,
    2.5764919413247182e-06,
    3.7970950171727368e-06,
    5.752285751464942e-07,
    1.2684245669672248e-06,
    3.07861397352902e-06,
    1.2557699761881993e-06,
    1.55357277342027e-06,
    9.242534783384502e-07,
    1.3655901160823418e-06,
    1.8133806345063272e-06,
    3.166955081274564e-06,
    1.8884346894615857e-06,
    2.7640912078430133e-06,
    9.274075130302932e-07,
    9.61802932066702e-07,
    2.502101376619998e-06,
    1.4381958372877217e-06,
    3.5597658668186093e-06,
    1.5877671336785392e-06,
    1.529130395919351e-06,
    1.92457844185596e-06,
    1.3957578289434494e-06
  ],
  "schedule": [
    "linear",
    "linear",
    "linear",
    "linear",
    "linear",
    "linear",
    "linear",
    "linear",
    "linear",
    "linear",
    "linear",
    "linear",
    "linear",
    "linear",
    "linear",
    "linear",
    "linear",
    "linear",
    "linear",
    "linear",
    "linear",
    "linear",
    "linear",
    "linear",
    "linear",
    "linear",
    "linear",
    "linear",
    "linear",
    "linear"
  ],
  "num_envs": 4,
  "results_dir_name": "results",
  "storage_dir_name": "storage",
  "train_set": "remaining",
  "eval_set": "remaining",
  "OPENAI_LOG_FORMAT": "csv",
  "walltime_hrs": 0.3,
  "num_checkpoints": 100,
  "eval_ntrajs": 10,
  "eval_nsteps": 200,
  "eval_seed": 12345,
  "looping_tree": {
    "method": "fixed",
    "environment": "fixed",
    "total_timesteps": "fixed",
    "rng_seed": "zip",
    "policy_kwargs": "fixed",
    "gamma": "zip",
    "lam": "zip",
    "timesteps_per_actorbatch": "zip",
    "clip_param": "zip",
    "entcoeff": "zip",
    "optim_epochs": "zip",
    "optim_stepsize": "zip",
    "optim_minibatches": "zip",
    "adam_epsilon": "zip",
    "schedule": "zip"
  }
}