{
  "description": "Hyper-parameter optimization for ppo1 on a low frequency environment",
  "method": "ppo1",
  "environment": "drop_leg_100hz",
  "total_timesteps": 4000000,
  "rng_seed": [
    2000,
    0,
    2000,
    1000,
    2000,
    0,
    0,
    0,
    2000,
    2000,
    0,
    2000,
    1000,
    2000,
    0,
    2000,
    1000,
    1000,
    0,
    0,
    0,
    2000,
    2000,
    1000,
    1000,
    0,
    0,
    2000,
    1000,
    0
  ],
  "policy_kwargs": {
    "net_arch": [
      {
        "vf": [
          64,
          64
        ],
        "pi": [
          64,
          64
        ]
      }
    ]
  },
  "gamma": [
    0.9589954168211147,
    0.7400736711656862,
    0.5424263895431819,
    0.4783774014362636,
    0.6135020137437275,
    0.8523231174767815,
    0.5400756436755332,
    0.7198917310815889,
    0.9699566715586466,
    0.9118655357304767,
    0.9421570414521969,
    0.8790740287245918,
    0.9395818206535219,
    0.9263677130764753,
    0.8732538492966113,
    0.9354457461039379,
    0.9254207846804432,
    0.9216063119738288,
    0.9171128919885111,
    0.8904461609533212,
    0.9164110506295353,
    0.9078470082772293,
    0.9155272417613016,
    0.9084013628368061,
    0.8897901800158606,
    0.9233464695730856,
    0.9043978304751952,
    0.8926624840630156,
    0.9080958857560641,
    0.9138452706968048
  ],
  "lam": [
    0.41499771010757924,
    0.4138318183651871,
    0.6189842025744021,
    0.8673366138539278,
    0.9645170695650205,
    0.36246117941353395,
    0.8722370671561653,
    0.3830888221565679,
    0.7397581462282725,
    0.7529855441685018,
    0.8502176505297787,
    0.9318254032696687,
    0.8417256411239005,
    0.9121594034690915,
    0.8957368600153556,
    0.9171433754616061,
    0.8562457519581365,
    0.8815893871930582,
    0.8676562621059531,
    0.8898409754536547,
    0.8831106998852329,
    0.8879387819076408,
    0.8726076668728194,
    0.8581912159447729,
    0.8767365920902883,
    0.8823250738952588,
    0.8893210615354651,
    0.8897585532041609,
    0.873160242330295,
    0.8963394907655775
  ],
  "timesteps_per_actorbatch": [
    161,
    157,
    86,
    180,
    190,
    81,
    69,
    69,
    76,
    68,
    64,
    66,
    64,
    64,
    64,
    64,
    64,
    67,
    64,
    64,
    64,
    64,
    64,
    64,
    64,
    66,
    65,
    64,
    66,
    64
  ],
  "clip_param": [
    1.4161718893424855,
    3.8960663884317954,
    1.3395743009584913,
    7.37310258072905,
    4.404592196109692,
    0.9753484701182114,
    18.523255866712276,
    0.6849039674975019,
    3.9312076964931943,
    0.49682376223803554,
    6.416219222973789,
    10.603193277819974,
    7.472845867179648,
    6.809060122675216,
    11.648678259801654,
    7.375746708608916,
    3.0547978105430342,
    7.269742267983971,
    3.413992253338809,
    6.6686400412614555,
    3.2360496618861023,
    4.985218749766918,
    4.782204361236921,
    6.714652629906567,
    6.280758582234343,
    5.937170957480122,
    4.208150138088319,
    4.11467257933477,
    5.133090064697407,
    5.696572571265111
  ],
  "entcoeff": [
    2.7480473119274655e-05,
    0.00013577520842987428,
    0.0001296871419796163,
    0.00016012481657244878,
    2.9849173269891218e-05,
    7.574850939680789e-05,
    0.00013139920468475198,
    6.826121998610179e-05,
    7.369261243611395e-05,
    0.00011798898338327639,
    5.299034311975211e-05,
    6.900674215238963e-05,
    4.629502491519453e-05,
    4.5183834535569966e-05,
    5.239396947981054e-05,
    4.24881041636216e-05,
    5.3363176638559774e-05,
    5.513264382135467e-05,
    5.365929080442199e-05,
    5.6011870836345176e-05,
    4.851058578865214e-05,
    5.2221286765219806e-05,
    5.1362080542610464e-05,
    5.020103455474296e-05,
    4.9013696346283905e-05,
    4.904756165647419e-05,
    5.6158607306024805e-05,
    5.515509559601844e-05,
    4.776763825552526e-05,
    5.694840306746708e-05
  ],
  "optim_epochs": [
    6,
    4,
    1,
    4,
    6,
    2,
    4,
    3,
    4,
    4,
    4,
    4,
    4,
    3,
    4,
    3,
    3,
    3,
    3,
    3,
    3,
    4,
    3,
    3,
    3,
    3,
    3,
    3,
    3,
    3
  ],
  "optim_stepsize": [
    0.002535562096680858,
    0.0027190455991816195,
    9.509578575021714e-05,
    0.00034650420018834314,
    0.00016864125836314167,
    0.0008317836253849642,
    0.0007389273158972743,
    0.0001750464566464224,
    0.00020334940343131027,
    8.019785673536969e-05,
    0.00023990971393497053,
    0.00033183343397755595,
    0.0003949173790864603,
    0.0005914576767452866,
    0.000586592107415394,
    0.0008004208623433583,
    0.0003326371799561161,
    0.0005611225181746433,
    0.0005083816261854076,
    0.0006031369480379502,
    0.0004920393264846438,
    0.0004478656265941463,
    0.0005438539745809266,
    0.00046391670756690853,
    0.0005348903870470972,
    0.0005475464131881597,
    0.0005282407931856181,
    0.00046161911173866636,
    0.0005446776126015936,
    0.0005945526149494703
  ],
  "optim_minibatches": [
    2,
    2,
    1,
    2,
    2,
    1,
    2,
    1,
    1,
    1,
    1,
    1,
    1,
    1,
    1,
    1,
    1,
    1,
    1,
    1,
    1,
    1,
    1,
    1,
    1,
    1,
    1,
    1,
    1,
    1
  ],
  "adam_epsilon": [
    1.650151129304871e-05,
    3.7732001190638657e-06,
    9.573197877899868e-06,
    6.254467197602427e-07,
    6.170947321627762e-07,
    5.610413686509767e-07,
    1.657214225661254e-05,
    3.95117852841899e-06,
    1.408899296999069e-05,
    1.2719423260440775e-05,
    5.9940369962967255e-06,
    4.954355454880492e-06,
    4.267958368124275e-06,
    3.0328831591727064e-06,
    5.5572983408120255e-06,
    5.687896737380079e-06,
    4.996529813829332e-06,
    3.735575690605564e-06,
    2.080180374313753e-06,
    2.6075280489164203e-06,
    4.21202904529374e-06,
    4.563918045601746e-06,
    2.792537196291581e-06,
    4.249234051096776e-06,
    5.06134898935737e-06,
    3.3891713235576483e-06,
    3.1343714981480683e-06,
    3.624680920275946e-06,
    3.390865767296896e-06,
    2.32110562087003e-06
  ],
  "schedule": [
    "linear",
    "linear",
    "linear",
    "linear",
    "linear",
    "linear",
    "linear",
    "linear",
    "linear",
    "linear",
    "linear",
    "linear",
    "linear",
    "linear",
    "linear",
    "linear",
    "linear",
    "linear",
    "linear",
    "linear",
    "linear",
    "linear",
    "linear",
    "linear",
    "linear",
    "linear",
    "linear",
    "linear",
    "linear",
    "linear"
  ],
  "num_envs": 4,
  "results_dir_name": "results",
  "storage_dir_name": "storage",
  "train_set": "remaining",
  "eval_set": "remaining",
  "OPENAI_LOG_FORMAT": "csv",
  "walltime_hrs": 0.3,
  "num_checkpoints": 100,
  "eval_ntrajs": 10,
  "eval_nsteps": 200,
  "eval_seed": 12345,
  "looping_tree": {
    "method": "fixed",
    "environment": "fixed",
    "total_timesteps": "fixed",
    "rng_seed": "zip",
    "policy_kwargs": "fixed",
    "gamma": "zip",
    "lam": "zip",
    "timesteps_per_actorbatch": "zip",
    "clip_param": "zip",
    "entcoeff": "zip",
    "optim_epochs": "zip",
    "optim_stepsize": "zip",
    "optim_minibatches": "zip",
    "adam_epsilon": "zip",
    "schedule": "zip"
  }
}