{
  "description": "Hyper-parameter optimization for ppo1 on a low frequency environment",
  "method": "ppo1",
  "environment": "drop_leg_100hz",
  "total_timesteps": 4000000,
  "rng_seed": [
    1000,
    1000,
    0,
    2000,
    0,
    2000,
    0,
    1000,
    1000,
    0,
    0,
    0,
    0,
    1000,
    2000,
    2000,
    0,
    0,
    2000,
    0,
    2000,
    1000,
    0,
    1000,
    0,
    2000,
    0,
    2000,
    2000,
    1000
  ],
  "policy_kwargs": {
    "net_arch": [
      {
        "vf": [
          64,
          64
        ],
        "pi": [
          64,
          64
        ]
      }
    ]
  },
  "gamma": [
    0.9580560731521662,
    0.9537889826823905,
    0.6191109546111687,
    0.9739682363923854,
    0.8659726085192038,
    0.8912010074834534,
    0.8983414304156484,
    0.9347725121964031,
    0.9183774097016321,
    0.9066279359361299,
    0.8884589148775501,
    0.8981379060410952,
    0.9262174921443442,
    0.8621792872846568,
    0.9122263471054144,
    0.9196004227920967,
    0.9077517997362118,
    0.920191992337029,
    0.9100287930844816,
    0.9097544651211518,
    0.9046676792651095,
    0.8987904761102645,
    0.910229557207459,
    0.917372320143379,
    0.9091541593745021,
    0.9114137059151901,
    0.920333196153001,
    0.8876478850692997,
    0.8965033249849966,
    0.9019310617027942
  ],
  "lam": [
    0.908054536509054,
    0.8137367822631497,
    0.8933861784591364,
    0.863650720052289,
    0.9518281027175393,
    0.653334461103023,
    0.7554825268094751,
    0.9074769128011433,
    0.7694519050085613,
    0.8141441040998969,
    0.8040804920873232,
    0.7788162229001914,
    0.8593772582603547,
    0.8607041049954733,
    0.8330738236219197,
    0.8970885562805797,
    0.8638040415105627,
    0.8292613268081911,
    0.8655954325096218,
    0.8871392697785784,
    0.8574566590091668,
    0.8600060191252877,
    0.8802063080653799,
    0.8627449509766619,
    0.854694456757465,
    0.881167324625499,
    0.8693698663593419,
    0.8784243224672814,
    0.8544005098721635,
    0.8625930120612659
  ],
  "timesteps_per_actorbatch": [
    68,
    65,
    64,
    69,
    64,
    64,
    64,
    64,
    68,
    64,
    65,
    64,
    64,
    64,
    64,
    64,
    64,
    64,
    64,
    64,
    64,
    64,
    64,
    64,
    64,
    64,
    64,
    65,
    64,
    64
  ],
  "clip_param": [
    1.2492633460756224,
    8.935502591733105,
    5.499135439666814,
    11.390533562301844,
    6.6876894364206,
    3.062675572449565,
    3.6403457421626517,
    12.687700053624132,
    2.017990538417069,
    5.639537369583588,
    2.412070896609412,
    9.811763742681196,
    6.431978926809581,
    7.477781850316526,
    6.486279550217497,
    5.748933628527014,
    5.538511107483408,
    3.755089867133735,
    6.180980471747873,
    6.690029765572557,
    3.814968404368601,
    3.9048665451059037,
    3.613581736460037,
    5.841016576138225,
    4.627822221645851,
    4.110251085088826,
    4.741617141577084,
    6.286922489561952,
    4.897564531391716,
    3.930363621914841
  ],
  "entcoeff": [
    3.200670807779548e-05,
    5.7723053474988803e-05,
    5.687488085252747e-05,
    5.4340043059864876e-05,
    3.61638124476816e-05,
    3.393410468889553e-05,
    3.556390284466113e-05,
    5.7855392452898244e-05,
    4.236163522651402e-05,
    3.89350745071712e-05,
    4.918415946712564e-05,
    6.461733664940598e-05,
    6.394024096329186e-05,
    4.538143441861068e-05,
    6.261832029286442e-05,
    4.887808937226726e-05,
    4.885035402181755e-05,
    5.6916848205729024e-05,
    4.954743204763233e-05,
    5.255347147050376e-05,
    4.312659887127706e-05,
    5.956880878603922e-05,
    4.974806042092722e-05,
    5.634379835376339e-05,
    5.325875237802185e-05,
    5.2356508581487144e-05,
    4.923109140342271e-05,
    5.435948298257525e-05,
    5.974993109650403e-05,
    5.311723851537238e-05
  ],
  "optim_epochs": [
    3,
    4,
    3,
    2,
    3,
    2,
    3,
    3,
    3,
    3,
    2,
    3,
    4,
    3,
    3,
    4,
    3,
    3,
    3,
    4,
    3,
    3,
    3,
    3,
    3,
    3,
    3,
    3,
    3,
    3
  ],
  "optim_stepsize": [
    0.00047613808561143426,
    0.0011996704482163671,
    0.0003837596236426891,
    0.0006511539790914362,
    0.0008673668486901551,
    0.00044540252154820037,
    0.00021444171297017335,
    0.0003058152103924841,
    0.0003002134177713534,
    0.0002253308346443736,
    0.00033146684008013993,
    0.000396255037026409,
    0.0004599556174950491,
    0.00034949596910702213,
    0.0003490106588561293,
    0.0003490483253657459,
    0.00047369410384385743,
    0.00039217134305350197,
    0.000470789145121681,
    0.0004474800043959345,
    0.000587463202125181,
    0.0005408235384984671,
    0.0005074395556326984,
    0.0005542025217584493,
    0.00044952756784949726,
    0.0005216319277937364,
    0.0005626130083275734,
    0.0004337007288227305,
    0.00047657947448896085,
    0.0005140871606513393
  ],
  "optim_minibatches": [
    1,
    1,
    1,
    1,
    1,
    1,
    1,
    1,
    1,
    1,
    1,
    1,
    1,
    1,
    1,
    1,
    1,
    1,
    1,
    1,
    1,
    1,
    1,
    1,
    1,
    1,
    1,
    1,
    1,
    1
  ],
  "adam_epsilon": [
    2.7680564547325217e-06,
    3.2160291477729423e-06,
    2.7303707158333363e-06,
    4.777180157746951e-06,
    5.236043840892246e-06,
    1.9302465257309253e-06,
    3.5539558979651866e-06,
    2.1491660708626167e-06,
    1.0268002148767855e-05,
    5.7903350193771265e-06,
    1.7769437763195039e-06,
    4.6801735909141804e-06,
    1.8048716089802797e-06,
    7.966604921708514e-06,
    5.274565088622236e-06,
    6.758752114873213e-06,
    6.553980685297458e-06,
    3.9838235425781355e-06,
    2.060020990720853e-06,
    3.5413038564916796e-06,
    2.574599604135992e-06,
    2.8989530356920082e-06,
    3.212379776644216e-06,
    3.5196250755284903e-06,
    4.103393572175364e-06,
    2.861710740672681e-06,
    3.5876031651142094e-06,
    4.066776764709178e-06,
    2.4289149351689155e-06,
    3.3493588676721368e-06
  ],
  "schedule": [
    "linear",
    "linear",
    "linear",
    "linear",
    "linear",
    "linear",
    "linear",
    "linear",
    "linear",
    "linear",
    "linear",
    "linear",
    "linear",
    "linear",
    "linear",
    "linear",
    "linear",
    "linear",
    "linear",
    "linear",
    "linear",
    "linear",
    "linear",
    "linear",
    "linear",
    "linear",
    "linear",
    "linear",
    "linear",
    "linear"
  ],
  "num_envs": 4,
  "results_dir_name": "results",
  "storage_dir_name": "storage",
  "train_set": "remaining",
  "eval_set": "remaining",
  "OPENAI_LOG_FORMAT": "csv",
  "walltime_hrs": 0.3,
  "num_checkpoints": 100,
  "eval_ntrajs": 10,
  "eval_nsteps": 200,
  "eval_seed": 12345,
  "looping_tree": {
    "method": "fixed",
    "environment": "fixed",
    "total_timesteps": "fixed",
    "rng_seed": "zip",
    "policy_kwargs": "fixed",
    "gamma": "zip",
    "lam": "zip",
    "timesteps_per_actorbatch": "zip",
    "clip_param": "zip",
    "entcoeff": "zip",
    "optim_epochs": "zip",
    "optim_stepsize": "zip",
    "optim_minibatches": "zip",
    "adam_epsilon": "zip",
    "schedule": "zip"
  }
}