{
  "description": "Hyper-parameter optimization for trpo on a low frequency environment",
  "method": "trpo",
  "environment": "drop_leg_100hz",
  "total_timesteps": 4000000,
  "rng_seed": [
    0,
    2000,
    1000,
    2000,
    1000,
    1000,
    0,
    2000,
    2000,
    2000,
    2000,
    2000,
    0,
    0,
    0,
    0,
    1000,
    1000,
    0,
    1000,
    1000,
    2000,
    1000,
    2000,
    0,
    1000,
    2000,
    2000,
    2000,
    1000
  ],
  "policy_kwargs": {
    "net_arch": [
      {
        "vf": [
          64,
          64
        ],
        "pi": [
          64,
          64
        ]
      }
    ]
  },
  "timesteps_per_batch": [
    1546,
    10938,
    2067,
    276,
    5887,
    1426,
    2246,
    7724,
    3741,
    4887,
    5303,
    524,
    1724,
    11198,
    953,
    177,
    299,
    1839,
    13198,
    152,
    1411,
    140,
    2783,
    164,
    10933,
    730,
    9301,
    786,
    79,
    1034
  ],
  "gamma": [
    0.9696233609797482,
    0.9632517856896712,
    0.9753570686326178,
    0.96775530222089,
    0.9630249380019194,
    0.9661554856741936,
    0.9790382698230095,
    0.970318296822063,
    0.9748086642607144,
    0.9641048001471143,
    0.9579125120988198,
    0.9743241685352018,
    0.9662806904876184,
    0.9689189720392698,
    0.9769229344788777,
    0.9764468283703819,
    0.9641415865927206,
    0.9540914719164203,
    0.9621929687168775,
    0.9681088711537676,
    0.9565153996014726,
    0.954888436450503,
    0.9857905108341234,
    0.9768893472554087,
    0.9649098004110258,
    0.967782540163471,
    0.9611840037557104,
    0.9643416864420434,
    0.9615289795014718,
    0.9631032360737014
  ],
  "lam": [
    0.9566176700330608,
    0.8670012087192925,
    0.9344263770495488,
    0.8429937822502294,
    0.9519086006250648,
    0.9835999630934553,
    0.9780103675754948,
    0.9983067911252821,
    0.5208950665051963,
    0.9432125356594454,
    0.9986062920408355,
    0.9556568418895812,
    0.9600071367561722,
    0.9778495854319652,
    0.8321977598216383,
    0.9996133282557573,
    0.9364600653759373,
    0.9980277065022016,
    0.9204204998894069,
    0.996718492122972,
    0.8189360393249451,
    0.9992722172470511,
    0.9988639897023103,
    0.9996782649459144,
    0.9982642575945095,
    0.9524719268386664,
    0.9981509502537879,
    0.9447960477510926,
    0.9947573066377325,
    0.9614767212720401
  ],
  "max_kl": [
    0.09194278714144863,
    0.12154904957004456,
    0.13452703329154275,
    0.590534430576985,
    0.19352455807900662,
    0.12578827890702457,
    0.08080179245969005,
    0.5851729596357306,
    0.16155843609124976,
    0.17750236724488655,
    0.14225471776263807,
    0.10801564393052318,
    0.5246448314373444,
    0.09112131381938858,
    0.13337497777124016,
    0.16672970268472942,
    0.15568305402882796,
    0.3067642397506383,
    0.1407826219771068,
    0.08999200219006481,
    0.5111464724704413,
    0.47977701155212676,
    0.23356623484959677,
    0.1211088263351295,
    0.14655328168224793,
    0.09585656516276775,
    0.12341227486046878,
    0.1391687483400513,
    0.13474775544728515,
    0.11760786160917795
  ],
  "cg_iters": [
    6,
    8,
    5,
    6,
    8,
    8,
    6,
    7,
    5,
    5,
    2,
    5,
    3,
    14,
    2,
    12,
    2,
    10,
    18,
    9,
    17,
    2,
    4,
    10,
    6,
    3,
    5,
    6,
    3,
    2
  ],
  "entcoeff": [
    4.507131663993679e-05,
    4.439695231441186e-05,
    4.272454069581517e-05,
    4.469835384781076e-05,
    4.4402833225994216e-05,
    4.4596766232916734e-05,
    4.345305266348226e-05,
    4.427264764920999e-05,
    4.233043564332833e-05,
    4.449118811330763e-05,
    4.422762310223142e-05,
    4.214599254300033e-05,
    4.4689708876470204e-05,
    4.5103126625043755e-05,
    4.271423913773715e-05,
    4.288017799594856e-05,
    4.454942136025959e-05,
    4.476307988948143e-05,
    4.461990411536566e-05,
    4.490131094317754e-05,
    4.468595598479489e-05,
    4.459765807965e-05,
    4.3892246406094726e-05,
    4.28150993173239e-05,
    4.4016922463296985e-05,
    4.516672141497332e-05,
    4.4127683946436636e-05,
    4.4677949831418846e-05,
    4.4068864281426096e-05,
    4.403152815231008e-05
  ],
  "cg_damping": [
    0.06660238498937054,
    0.11598880402622284,
    0.19883108800889499,
    0.09464156193731749,
    0.1169598973085207,
    0.11579223008628117,
    0.1127371765969685,
    0.11059374948679072,
    0.19769709093482293,
    0.025813712072833974,
    0.11693476416293672,
    0.19832596823865906,
    0.09456006837339802,
    0.06723261843020328,
    0.19978173143542077,
    0.19801850759622863,
    0.11432274317551375,
    0.09795382514433087,
    0.11446072169009262,
    0.06770034337141025,
    0.09555966333988385,
    0.09641745182284937,
    0.11747374693097636,
    0.1951056723314072,
    0.11333549345739989,
    0.06880571826936555,
    0.11342176166285062,
    0.110734555661172,
    0.11600347212731889,
    0.11188838011327523
  ],
  "vf_stepsize": [
    0.0009594571919309461,
    0.0008080712900630806,
    0.00018811397974931472,
    0.00536148356334396,
    4.9968682194475755e-05,
    4.784640241959928e-05,
    0.011438137921001611,
    0.01244229778030121,
    0.0024914613761913874,
    0.0006051913844698369,
    4.7927945730671385e-05,
    0.0009937914675748063,
    0.0013421199237728142,
    0.016062550928449396,
    0.013273340896263018,
    0.0019684253398648557,
    0.009865614691848094,
    0.002142130437205566,
    0.0002284704684994846,
    0.006222669255094883,
    0.00025257495819060936,
    0.020358042745986973,
    0.0006336594225130362,
    0.0012315387420878392,
    7.714328070429546e-05,
    0.0017850602555357128,
    0.0028390040463656847,
    0.00048497223492699633,
    0.000601913238067827,
    0.0033127703803068685
  ],
  "vf_iters": [
    11,
    12,
    12,
    3,
    12,
    12,
    10,
    10,
    13,
    9,
    12,
    12,
    3,
    11,
    12,
    13,
    3,
    2,
    3,
    11,
    2,
    2,
    8,
    13,
    3,
    11,
    3,
    3,
    3,
    3
  ],
  "vf_minibatches": [
    25,
    16,
    14,
    21,
    16,
    16,
    14,
    5,
    14,
    19,
    16,
    14,
    21,
    25,
    14,
    14,
    10,
    21,
    10,
    25,
    21,
    21,
    10,
    14,
    10,
    25,
    10,
    10,
    10,
    10
  ],
  "num_envs": 4,
  "results_dir_name": "results",
  "storage_dir_name": "storage",
  "train_set": "remaining",
  "eval_set": "remaining",
  "OPENAI_LOG_FORMAT": "csv",
  "walltime_hrs": 0.3,
  "num_checkpoints": 100,
  "eval_ntrajs": 10,
  "eval_nsteps": 200,
  "eval_seed": 12345,
  "looping_tree": {
    "method": "fixed",
    "environment": "fixed",
    "total_timesteps": "fixed",
    "rng_seed": "zip",
    "policy_kwargs": "fixed",
    "timesteps_per_batch": "zip",
    "gamma": "zip",
    "lam": "zip",
    "max_kl": "zip",
    "cg_iters": "zip",
    "entcoeff": "zip",
    "cg_damping": "zip",
    "vf_stepsize": "zip",
    "vf_iters": "zip",
    "vf_minibatches": "zip"
  }
}