{
  "description": "Hyper-parameter optimization for trpo on a low frequency environment",
  "method": "trpo",
  "environment": "drop_leg_100hz",
  "total_timesteps": 4000000,
  "rng_seed": [
    0,
    2000,
    2000,
    0,
    2000,
    1000,
    1000,
    1000,
    0,
    1000,
    1000,
    0,
    2000,
    2000,
    1000,
    0,
    2000,
    0,
    2000,
    1000,
    0,
    0,
    2000,
    0,
    2000,
    0,
    1000,
    0,
    0,
    2000
  ],
  "policy_kwargs": {
    "net_arch": [
      {
        "vf": [
          64,
          64
        ],
        "pi": [
          64,
          64
        ]
      }
    ]
  },
  "timesteps_per_batch": [
    417,
    1965,
    2909,
    1681,
    863,
    1045,
    1157,
    9926,
    14833,
    4736,
    6125,
    627,
    154,
    701,
    1354,
    5608,
    679,
    1839,
    2775,
    3227,
    3555,
    1141,
    4807,
    7574,
    797,
    350,
    2616,
    6718,
    3526,
    201
  ],
  "gamma": [
    0.9640714043752668,
    0.9409873636648074,
    0.9890293457316169,
    0.9941990287486466,
    0.9866755689150443,
    0.991815562367106,
    0.9901529094610806,
    0.9938458338942422,
    0.983866853668757,
    0.9759856652202623,
    0.9886918610792466,
    0.9462945911009455,
    0.9915904084242554,
    0.9949006636812521,
    0.9948621141728199,
    0.9962926682089775,
    0.9887566768139403,
    0.9967990520167314,
    0.9936806844299181,
    0.9905919649500681,
    0.9959281005585142,
    0.9969931091128714,
    0.9960197086792837,
    0.9989124785790274,
    0.9949649749139075,
    0.994287894944876,
    0.9977789770121915,
    0.9913346406652609,
    0.9971033173470176,
    0.9906248281746474
  ],
  "lam": [
    0.9430993080232559,
    0.9969902817731663,
    0.9698204188157329,
    0.9943294708569469,
    0.9942139909087618,
    0.766174742705834,
    0.999273808931763,
    0.9986099508921709,
    0.9852963934944243,
    0.9995809493492323,
    0.5353713520605838,
    0.9818905884594503,
    0.8054683427106047,
    0.9978173968766664,
    0.9706082528740613,
    0.9715530283284092,
    0.9952333378192854,
    0.9312067193884679,
    0.9969496764660208,
    0.9986611819994629,
    0.9974223667113004,
    0.9994641031209861,
    0.7675578325829294,
    0.8344063260013683,
    0.9751940930287556,
    0.9951183217231702,
    0.9998086714455413,
    0.9952964006802871,
    0.9522513576094302,
    0.9320005047908015
  ],
  "max_kl": [
    0.17730114208294875,
    0.24056531620764982,
    0.05224936144569512,
    0.0021031222912713293,
    0.3887109650859763,
    0.041860156745230005,
    0.15769998174975283,
    0.004012130309636049,
    0.11446271292702304,
    0.008347494746458545,
    0.024944271405938256,
    0.07612184190170382,
    0.008573291589211997,
    0.003051487492818849,
    0.5266080417665515,
    0.006173414969283841,
    0.006683946076236265,
    0.024481416490646522,
    0.06760099947963173,
    0.17625495825681683,
    0.019224165645136543,
    0.1115349876239341,
    0.002329244180368127,
    0.02017963022614546,
    0.061941195575015255,
    0.015954663610531453,
    0.005306719535859504,
    0.007084821679710615,
    0.14973631326821377,
    0.0023800735154630255
  ],
  "cg_iters": [
    5,
    4,
    8,
    8,
    5,
    5,
    5,
    5,
    5,
    5,
    5,
    4,
    5,
    8,
    5,
    8,
    5,
    5,
    5,
    5,
    8,
    8,
    5,
    6,
    8,
    6,
    8,
    5,
    8,
    5
  ],
  "entcoeff": [
    4.398888971010808e-05,
    -3.3881317890172014e-21,
    0.00017505806772362344,
    0.00017462584859232478,
    4.391398689023797e-05,
    4.405387410508522e-05,
    4.440612829994337e-05,
    4.415441427926101e-05,
    4.405013009363041e-05,
    4.4150978241166365e-05,
    4.36618124614332e-05,
    -3.3881317890172014e-21,
    4.409502551674248e-05,
    0.0001743199590339403,
    4.3653177374242976e-05,
    0.00017380410998997885,
    4.367077983994033e-05,
    4.4559840389413974e-05,
    4.405338953284206e-05,
    4.429235836038152e-05,
    0.00017397551727200904,
    0.00017418898275462413,
    4.4244781372823674e-05,
    4.4085417194405015e-05,
    0.00017425391454901126,
    4.3949544879019504e-05,
    0.0001763382181963925,
    4.436604164032221e-05,
    0.00017544036788916159,
    4.41603091001754e-05
  ],
  "cg_damping": [
    0.11384411356577168,
    0.19624133368771027,
    0.11512186982009023,
    0.11543918161531803,
    0.11451191560151364,
    0.1137573365477995,
    0.11205087249955414,
    0.11244303135320763,
    0.11324508992775548,
    0.11379285849135815,
    0.11462306912693039,
    0.19469012105238645,
    0.11386047327069129,
    0.1145105579867602,
    0.11420347073492777,
    0.11567666385384841,
    0.11151770803051915,
    0.11395212818736467,
    0.1152505079302373,
    0.11242561691187453,
    0.11435815407819049,
    0.11506621071724722,
    0.11367240719359992,
    0.11434917805651347,
    0.11645994020453623,
    0.11446859149356944,
    0.1159350318567266,
    0.11348736274543528,
    0.11322056719675769,
    0.11493487482490065
  ],
  "vf_stepsize": [
    0.0077872709345577305,
    0.011412926157383459,
    0.0038353413746716534,
    0.0040836813911707525,
    0.0070629154863199,
    0.006757052805035355,
    0.007437996411989458,
    0.008002993072391204,
    0.007904272178945472,
    0.009266038941523357,
    0.00664777431612941,
    0.013231408792355383,
    0.009685337789500087,
    0.0034006855312751143,
    0.011830947948984894,
    0.0037675246777016964,
    0.009605321745447738,
    0.011250288303310286,
    0.010055969239920417,
    0.009985710436984423,
    0.003628084420117227,
    0.004032525864590591,
    0.009090495438882434,
    0.008183793632999106,
    0.0043041923890037685,
    0.00957900662612317,
    0.003954779949617255,
    0.00831170708842306,
    0.004238661332066829,
    0.008780750578820381
  ],
  "vf_iters": [
    12,
    12,
    14,
    14,
    12,
    12,
    11,
    14,
    12,
    12,
    12,
    13,
    10,
    16,
    11,
    16,
    13,
    13,
    14,
    11,
    15,
    14,
    12,
    9,
    17,
    11,
    15,
    10,
    16,
    12
  ],
  "vf_minibatches": [
    18,
    11,
    17,
    16,
    18,
    18,
    17,
    20,
    19,
    18,
    16,
    13,
    19,
    17,
    19,
    17,
    19,
    20,
    21,
    21,
    14,
    17,
    16,
    19,
    15,
    18,
    16,
    17,
    17,
    16
  ],
  "num_envs": 4,
  "results_dir_name": "results",
  "storage_dir_name": "storage",
  "train_set": "remaining",
  "eval_set": "remaining",
  "OPENAI_LOG_FORMAT": "csv",
  "walltime_hrs": 0.3,
  "num_checkpoints": 100,
  "eval_ntrajs": 10,
  "eval_nsteps": 200,
  "eval_seed": 12345,
  "looping_tree": {
    "method": "fixed",
    "environment": "fixed",
    "total_timesteps": "fixed",
    "rng_seed": "zip",
    "policy_kwargs": "fixed",
    "timesteps_per_batch": "zip",
    "gamma": "zip",
    "lam": "zip",
    "max_kl": "zip",
    "cg_iters": "zip",
    "entcoeff": "zip",
    "cg_damping": "zip",
    "vf_stepsize": "zip",
    "vf_iters": "zip",
    "vf_minibatches": "zip"
  }
}