{
  "description": "Hyper-parameter optimization for trpo on a low frequency environment",
  "method": "trpo",
  "environment": "drop_leg_100hz",
  "total_timesteps": 4000000,
  "rng_seed": [
    1000,
    1000,
    2000,
    2000,
    1000,
    0,
    0,
    2000,
    1000,
    1000,
    2000,
    1000,
    2000,
    2000,
    1000,
    1000,
    0,
    0,
    2000,
    0,
    2000,
    1000,
    0,
    0,
    2000,
    0,
    2000,
    0,
    1000,
    0
  ],
  "policy_kwargs": {
    "net_arch": [
      {
        "vf": [
          64,
          64
        ],
        "pi": [
          64,
          64
        ]
      }
    ]
  },
  "timesteps_per_batch": [
    1344,
    3356,
    2489,
    7113,
    3270,
    2649,
    4071,
    3667,
    3484,
    7061,
    3555,
    3463,
    3631,
    2622,
    3348,
    3498,
    3362,
    3386,
    3912,
    3840,
    3186,
    7088,
    3218,
    2575,
    3686,
    7173,
    2817,
    3825,
    3079,
    3829
  ],
  "gamma": [
    0.9592551895092678,
    0.9334725456391197,
    0.9749412261607697,
    0.9839107800427912,
    0.9498105072865434,
    0.9704659244737305,
    0.9362477259796793,
    0.8978545948862804,
    0.9307468854193353,
    0.974683613025376,
    0.9336078173683202,
    0.973549710697049,
    0.9282181181232083,
    0.9717851635045165,
    0.9340356586934591,
    0.9111828888145284,
    0.9480285764863513,
    0.9449296896897109,
    0.9618849498476116,
    0.9272222710310627,
    0.9531304727521246,
    0.9893358329812405,
    0.9309132534501239,
    0.9780853157836467,
    0.9567300007843528,
    0.9719025207372556,
    0.9772382972596324,
    0.9443153619415544,
    0.9662844552508918,
    0.9362451256061392
  ],
  "lam": [
    0.9996900947723663,
    0.42704407149422563,
    0.5885809742749593,
    0.8020522473907753,
    0.36,
    0.6096593757456763,
    0.7896294528111788,
    0.7034630888867093,
    0.3613082269861243,
    0.7083248126523789,
    0.5278322387195722,
    0.6972873998621533,
    0.45199373423492173,
    0.5929980441144751,
    0.574534079661731,
    0.5712039044982775,
    0.8109286724353677,
    0.36,
    0.8192852674849751,
    0.6470043414810238,
    0.36,
    0.44103864913057456,
    0.5463544462884216,
    0.5646968746548977,
    0.691711963664192,
    0.5272550776134584,
    0.36,
    0.7841304311686104,
    0.36,
    0.8093680613806935
  ],
  "max_kl": [
    0.12651969854965164,
    0.01546123428892521,
    0.07499970680954214,
    0.06921446671831151,
    0.11315342651324246,
    0.27619678505441897,
    0.08449852424540055,
    0.009393783977224792,
    0.04621510739630153,
    0.04819315121457866,
    0.020760403993452397,
    0.2838590397555901,
    0.10454529646360694,
    0.05989577763192153,
    0.07539374156607515,
    0.42899455181730317,
    0.03352704426206739,
    0.0028631628101952107,
    0.3803821788141407,
    0.1928178190119219,
    0.38953106948797506,
    0.16070275862285624,
    0.07325937316857775,
    0.04243939648586846,
    0.1373342490839943,
    0.016976664684795105,
    0.002884267871060222,
    0.2099458382258796,
    0.005301535053089887,
    0.046019415038596766
  ],
  "cg_iters": [
    6,
    5,
    6,
    5,
    5,
    6,
    5,
    5,
    5,
    5,
    5,
    5,
    5,
    6,
    5,
    5,
    5,
    5,
    6,
    5,
    6,
    5,
    6,
    6,
    6,
    5,
    6,
    5,
    6,
    5
  ],
  "entcoeff": [
    4.2361068293081405e-05,
    4.4120808579036305e-05,
    4.321438645077376e-05,
    4.4393873141201776e-05,
    4.3851882476286684e-05,
    4.304675439604722e-05,
    4.460646008607961e-05,
    4.300232678810513e-05,
    4.4191430513726384e-05,
    4.4858613700072534e-05,
    4.384051933732089e-05,
    4.353703756443886e-05,
    4.5916377732883165e-05,
    4.428484176937208e-05,
    4.4753744946248e-05,
    4.1501690645223304e-05,
    4.521956465202497e-05,
    4.1832178015052916e-05,
    4.456012065120858e-05,
    4.381724125926739e-05,
    4.252034751705827e-05,
    4.387516291539225e-05,
    4.227457207636036e-05,
    4.12230660702507e-05,
    4.534669164548979e-05,
    4.462540628002773e-05,
    4.4701155852392696e-05,
    4.903657913031118e-05,
    4.518567755793752e-05,
    4.408319095386131e-05
  ],
  "cg_damping": [
    0.031884069497496295,
    0.11748946392444266,
    0.18252190947376415,
    0.02505346884906466,
    0.11767105248178386,
    0.19023296931315095,
    0.09327696363747863,
    0.11987165529901905,
    0.1184602025800188,
    0.026125843160177607,
    0.11424960089629543,
    0.12247609858750878,
    0.1179845563130997,
    0.19491732524888947,
    0.09845681127718296,
    0.11703513698405534,
    0.123668651441437,
    0.12293136390140733,
    0.10544397882217932,
    0.09905918314874432,
    0.12453071408716526,
    0.025501792960156675,
    0.12507483062567812,
    0.19452222610287867,
    0.09156292506861606,
    0.025007499237246426,
    0.0651617798837958,
    0.09692189148211434,
    0.12063368536382336,
    0.09776428746122348
  ],
  "vf_stepsize": [
    0.006530469064149631,
    0.009765324621661705,
    0.0029932339753029275,
    0.007181454379062527,
    0.010133546787862525,
    0.0034757672749301176,
    0.015425463286672709,
    0.010942531801169822,
    0.012143958719972505,
    0.006805712710856327,
    0.011946803302567355,
    0.010164008091425382,
    0.010434885124973923,
    0.002976876983070635,
    0.01567483222494502,
    0.01109466506059801,
    0.011160893613485068,
    0.010118887037627854,
    0.009823929995553038,
    0.014221454967062359,
    0.00864259519987744,
    0.007085696091818879,
    0.010396885931731135,
    0.003031506645204966,
    0.015096032718234509,
    0.0071529071601921235,
    0.004978692169781451,
    0.014526134160288636,
    0.008299584144765948,
    0.014768465091911579
  ],
  "vf_iters": [
    10,
    8,
    14,
    9,
    9,
    14,
    3,
    8,
    9,
    8,
    6,
    7,
    7,
    16,
    3,
    7,
    7,
    7,
    4,
    4,
    8,
    9,
    8,
    15,
    3,
    10,
    8,
    3,
    8,
    3
  ],
  "vf_minibatches": [
    6,
    18,
    15,
    19,
    15,
    15,
    20,
    19,
    19,
    20,
    18,
    17,
    19,
    14,
    19,
    18,
    17,
    16,
    4,
    19,
    15,
    20,
    18,
    14,
    20,
    19,
    22,
    19,
    14,
    19
  ],
  "num_envs": 4,
  "results_dir_name": "results",
  "storage_dir_name": "storage",
  "train_set": "remaining",
  "eval_set": "remaining",
  "OPENAI_LOG_FORMAT": "csv",
  "walltime_hrs": 0.3,
  "num_checkpoints": 100,
  "eval_ntrajs": 10,
  "eval_nsteps": 200,
  "eval_seed": 12345,
  "looping_tree": {
    "method": "fixed",
    "environment": "fixed",
    "total_timesteps": "fixed",
    "rng_seed": "zip",
    "policy_kwargs": "fixed",
    "timesteps_per_batch": "zip",
    "gamma": "zip",
    "lam": "zip",
    "max_kl": "zip",
    "cg_iters": "zip",
    "entcoeff": "zip",
    "cg_damping": "zip",
    "vf_stepsize": "zip",
    "vf_iters": "zip",
    "vf_minibatches": "zip"
  }
}