{
  "description": "Hyper-parameter optimization for trpo on a low frequency environment",
  "method": "trpo",
  "environment": "drop_leg_100hz",
  "total_timesteps": 4000000,
  "rng_seed": [
    2000,
    1000,
    0,
    2000,
    2000,
    2000,
    1000,
    0,
    0,
    2000,
    1000,
    1000,
    1000,
    2000,
    2000,
    1000,
    1000,
    0,
    1000,
    0,
    1000,
    0,
    2000,
    2000,
    2000,
    2000,
    0,
    0,
    1000,
    0
  ],
  "policy_kwargs": {
    "net_arch": [
      {
        "vf": [
          64,
          64
        ],
        "pi": [
          64,
          64
        ]
      }
    ]
  },
  "timesteps_per_batch": [
    6892,
    1569,
    8315,
    6167,
    11607,
    7088,
    14742,
    1424,
    869,
    4859,
    11426,
    392,
    161,
    2537,
    3411,
    14195,
    2931,
    1593,
    1827,
    1242,
    1579,
    4579,
    582,
    2752,
    358,
    5008,
    1122,
    12796,
    183,
    8262
  ],
  "gamma": [
    0.9637955701325165,
    0.9659716933670058,
    0.9663410187865987,
    0.9290430238469047,
    0.9106667467171583,
    0.9624775169407108,
    0.9731674840741475,
    0.9558222835236935,
    0.9384998144504706,
    0.9741082415732646,
    0.9312627871215657,
    0.9226292718972473,
    0.9626691832895558,
    0.9267240884926756,
    0.9681075842071958,
    0.9575688609525131,
    0.9207021586616683,
    0.9727390827838828,
    0.9290971325468016,
    0.9632512611042936,
    0.9339001759898723,
    0.9722145947596391,
    0.9162150725831391,
    0.964955657554492,
    0.9718403033309863,
    0.9214943176036179,
    0.9524242334170699,
    0.965406685389317,
    0.9740534986123406,
    0.9317835434744232
  ],
  "lam": [
    0.43863418056881753,
    0.36,
    0.44420361511200135,
    0.3864302817557863,
    0.827821005767475,
    0.36,
    0.6143719647177025,
    0.36,
    0.6864881108028571,
    0.36,
    0.7111479107225179,
    0.7145389551260545,
    0.36,
    0.5813771280336744,
    0.36,
    0.5695610893963095,
    0.39722434800575446,
    0.36,
    0.8330499335511096,
    0.36,
    0.8194129094138903,
    0.8595472069648862,
    0.8253513687222306,
    0.37413397757437916,
    0.8178792400857329,
    0.8429696963239088,
    0.36,
    0.7523451002890977,
    0.36,
    0.7285677619213249
  ],
  "max_kl": [
    0.2334891364206471,
    0.19255845842358973,
    0.20001834137754793,
    0.23647464931433293,
    0.01438557435421368,
    0.038143468315759294,
    0.007292114496679836,
    0.02243844206062321,
    0.06737302110370501,
    0.07186135493670985,
    0.030256930848983864,
    0.009163990676617752,
    0.28031154210408304,
    0.03877745600025591,
    0.1320671155086476,
    0.09491880677279405,
    0.013653887669977298,
    0.032865541789462265,
    0.011397515908601075,
    0.03353606446842899,
    0.015200902733293414,
    0.535545954203433,
    0.11933583960029064,
    0.07041884762598241,
    0.011977298380861945,
    0.07286474950398744,
    0.2724143229309373,
    0.2723872631128734,
    0.014990069512277986,
    0.08001016163145343
  ],
  "cg_iters": [
    5,
    6,
    5,
    5,
    5,
    6,
    6,
    5,
    5,
    6,
    5,
    5,
    6,
    5,
    5,
    6,
    6,
    6,
    6,
    6,
    5,
    5,
    5,
    6,
    5,
    5,
    5,
    8,
    6,
    5
  ],
  "entcoeff": [
    4.441206458720454e-05,
    4.462287695110964e-05,
    4.438715445602029e-05,
    4.509014939302768e-05,
    4.4983019386311064e-05,
    4.4539088522449606e-05,
    4.430946958820571e-05,
    4.487290843532827e-05,
    4.493083372781388e-05,
    4.459708403924943e-05,
    4.4800050516704526e-05,
    4.489575929719824e-05,
    4.433537658887548e-05,
    4.4404543926490366e-05,
    4.3981291990277265e-05,
    4.485913121076955e-05,
    4.4996498400931014e-05,
    4.411093819629971e-05,
    4.4674878499924905e-05,
    4.4682131336317205e-05,
    4.5027794005436034e-05,
    4.480142338306569e-05,
    4.464416322260028e-05,
    4.47416899133698e-05,
    4.454071019778772e-05,
    4.554080476720165e-05,
    4.449347342448804e-05,
    4.476410866805168e-05,
    4.424624113760207e-05,
    4.493861626052195e-05
  ],
  "cg_damping": [
    0.025062358192676652,
    0.10018575714154727,
    0.026994019341305277,
    0.039244899601877783,
    0.0392553393976026,
    0.052880516421751546,
    0.06851419410456548,
    0.04247717608287001,
    0.04419719592721938,
    0.05939195591235097,
    0.04688916986835938,
    0.045266213857441034,
    0.0653641620300284,
    0.03672379233517599,
    0.07563064497208137,
    0.061481388284744865,
    0.06290571864119411,
    0.050860168236260016,
    0.036984786563403954,
    0.04958254969370598,
    0.07898112500137466,
    0.09144423051666471,
    0.05884992810176107,
    0.06626936404424888,
    0.1078860415028383,
    0.04548963296054814,
    0.03598037171383956,
    0.14643894696661133,
    0.0904083435456292,
    0.04684550953516723
  ],
  "vf_stepsize": [
    0.005426987322525025,
    0.004346582531348248,
    0.004898275985293747,
    0.0036714894855789507,
    0.003111884126666383,
    0.0057154906885000184,
    0.005978748249490639,
    0.004557867034620037,
    0.003573622312214008,
    0.005913906170279869,
    0.003727614757260445,
    0.0035244380735532086,
    0.004920654522846235,
    0.003371220249709706,
    0.005314836786685821,
    0.004587356488794035,
    0.0034871638144623024,
    0.006495002854245699,
    0.0035134035347209307,
    0.004569127140817919,
    0.003336015490113644,
    0.013585340077549052,
    0.0035502011844087394,
    0.004671042474804172,
    0.013543972231593171,
    0.003450176916451807,
    0.004615400709919022,
    0.003235944738305538,
    0.005947348546501734,
    0.0032989663666076387
  ],
  "vf_iters": [
    11,
    10,
    2,
    10,
    10,
    3,
    22,
    17,
    7,
    4,
    3,
    20,
    2,
    18,
    7,
    2,
    14,
    13,
    18,
    2,
    13,
    3,
    11,
    9,
    11,
    7,
    1,
    11,
    9,
    14
  ],
  "vf_minibatches": [
    19,
    16,
    21,
    47,
    47,
    18,
    16,
    23,
    32,
    17,
    36,
    46,
    20,
    39,
    20,
    20,
    37,
    12,
    41,
    19,
    45,
    21,
    43,
    25,
    20,
    36,
    29,
    15,
    16,
    43
  ],
  "num_envs": 4,
  "results_dir_name": "results",
  "storage_dir_name": "storage",
  "train_set": "remaining",
  "eval_set": "remaining",
  "OPENAI_LOG_FORMAT": "csv",
  "walltime_hrs": 0.3,
  "num_checkpoints": 100,
  "eval_ntrajs": 10,
  "eval_nsteps": 200,
  "eval_seed": 12345,
  "looping_tree": {
    "method": "fixed",
    "environment": "fixed",
    "total_timesteps": "fixed",
    "rng_seed": "zip",
    "policy_kwargs": "fixed",
    "timesteps_per_batch": "zip",
    "gamma": "zip",
    "lam": "zip",
    "max_kl": "zip",
    "cg_iters": "zip",
    "entcoeff": "zip",
    "cg_damping": "zip",
    "vf_stepsize": "zip",
    "vf_iters": "zip",
    "vf_minibatches": "zip"
  }
}