{
  "description": "Hyper-parameter optimization for trpo on a low frequency environment",
  "method": "trpo",
  "environment": "drop_leg_100hz",
  "total_timesteps": 4000000,
  "rng_seed": [
    1000,
    1000,
    0,
    2000,
    0,
    2000,
    0,
    1000,
    1000,
    0,
    0,
    0,
    0,
    1000,
    2000,
    2000,
    0,
    0,
    2000,
    0,
    2000,
    1000,
    0,
    1000,
    0,
    2000,
    0,
    2000,
    2000,
    1000
  ],
  "policy_kwargs": {
    "net_arch": [
      {
        "vf": [
          64,
          64
        ],
        "pi": [
          64,
          64
        ]
      }
    ]
  },
  "timesteps_per_batch": [
    2386,
    2400,
    2423,
    2421,
    2411,
    2398,
    2383,
    2365,
    2351,
    2332,
    2311,
    2292,
    2275,
    2259,
    2244,
    2229,
    2216,
    2203,
    2192,
    2181,
    2170,
    2161,
    2151,
    2142,
    2134,
    2126,
    2119,
    2112,
    2105,
    2099
  ],
  "gamma": [
    0.9605458013679021,
    0.9609962101408374,
    0.9610022566717604,
    0.9607263480543088,
    0.960243677059985,
    0.9595963580107933,
    0.9588180328782758,
    0.9579460360441653,
    0.9569862548000242,
    0.9559568924048437,
    0.9549336675940582,
    0.9538498536116051,
    0.9527811743978654,
    0.9517589730559647,
    0.9507368940545796,
    0.9497608125415793,
    0.9488163070939497,
    0.9479036501401815,
    0.9470206744743002,
    0.9461673632130896,
    0.9453417112450098,
    0.9445447022012803,
    0.9437711116002954,
    0.9430214815543077,
    0.9422939295917984,
    0.9415934565840567,
    0.9409120562278409,
    0.9402506096129057,
    0.9396082503846123,
    0.9389826286662754
  ],
  "lam": [
    0.36,
    0.36,
    0.36,
    0.36,
    0.36,
    0.36,
    0.36,
    0.36,
    0.36,
    0.36,
    0.36,
    0.36,
    0.36,
    0.36,
    0.36,
    0.36,
    0.36,
    0.36,
    0.36,
    0.36,
    0.36,
    0.36,
    0.36,
    0.36,
    0.36,
    0.36,
    0.36,
    0.36,
    0.36,
    0.36
  ],
  "max_kl": [
    0.64,
    0.64,
    0.64,
    0.64,
    0.64,
    0.64,
    0.64,
    0.64,
    0.64,
    0.64,
    0.64,
    0.64,
    0.64,
    0.64,
    0.64,
    0.64,
    0.64,
    0.64,
    0.64,
    0.64,
    0.64,
    0.64,
    0.64,
    0.64,
    0.64,
    0.64,
    0.64,
    0.64,
    0.64,
    0.64
  ],
  "cg_iters": [
    4,
    4,
    4,
    4,
    4,
    4,
    4,
    4,
    4,
    4,
    4,
    4,
    4,
    4,
    4,
    4,
    4,
    4,
    4,
    4,
    4,
    4,
    4,
    4,
    4,
    4,
    4,
    4,
    4,
    4
  ],
  "entcoeff": [
    2.8285909846611454e-07,
    3.061496887225811e-06,
    -3.3881317890172014e-21,
    -3.3881317890172014e-21,
    -3.3881317890172014e-21,
    -3.3881317890172014e-21,
    -3.3881317890172014e-21,
    -3.3881317890172014e-21,
    -3.3881317890172014e-21,
    -3.3881317890172014e-21,
    -3.3881317890172014e-21,
    -3.3881317890172014e-21,
    -3.3881317890172014e-21,
    -3.3881317890172014e-21,
    -3.3881317890172014e-21,
    -3.3881317890172014e-21,
    -3.3881317890172014e-21,
    -3.3881317890172014e-21,
    -3.3881317890172014e-21,
    -3.3881317890172014e-21,
    -3.3881317890172014e-21,
    -3.3881317890172014e-21,
    -3.3881317890172014e-21,
    -3.3881317890172014e-21,
    -3.3881317890172014e-21,
    -3.3881317890172014e-21,
    -3.3881317890172014e-21,
    -3.3881317890172014e-21,
    -3.3881317890172014e-21,
    -3.3881317890172014e-21
  ],
  "cg_damping": [
    1.0,
    1.0,
    1.0,
    1.0,
    1.0,
    1.0,
    1.0,
    1.0,
    1.0,
    1.0,
    1.0,
    1.0,
    1.0,
    1.0,
    1.0,
    1.0,
    1.0,
    1.0,
    1.0,
    1.0,
    1.0,
    1.0,
    1.0,
    1.0,
    1.0,
    1.0,
    1.0,
    1.0,
    1.0,
    1.0
  ],
  "vf_stepsize": [
    0.011709108343033955,
    0.010663064549056654,
    0.00946077813507491,
    0.008202149491437284,
    0.00707064290363412,
    0.006120656443462023,
    0.00535708350064751,
    0.0047568359400248315,
    0.004296222133457166,
    0.003948749951496001,
    0.003638321517257819,
    0.003448452776139956,
    0.003300112696499984,
    0.0031695395981617682,
    0.003061673949444018,
    0.0029651417566465073,
    0.0028808330222331777,
    0.0028065435937904425,
    0.002740433734566741,
    0.0026812731282465784,
    0.002628521509021148,
    0.0025808137932599048,
    0.002538106606041451,
    0.002498681200868482,
    0.00246333807510282,
    0.0024306803661066755,
    0.002400876008942819,
    0.002373534324340045,
    0.0023483536328505208,
    0.002325057418580974
  ],
  "vf_iters": [
    1,
    5,
    1,
    16,
    24,
    23,
    19,
    11,
    2,
    14,
    20,
    24,
    24,
    24,
    24,
    24,
    24,
    24,
    24,
    24,
    24,
    24,
    24,
    24,
    24,
    24,
    24,
    24,
    24,
    24
  ],
  "vf_minibatches": [
    13,
    13,
    13,
    13,
    13,
    13,
    13,
    13,
    13,
    13,
    13,
    13,
    12,
    12,
    12,
    12,
    12,
    12,
    12,
    12,
    12,
    12,
    11,
    11,
    11,
    11,
    11,
    11,
    11,
    11
  ],
  "num_envs": 4,
  "results_dir_name": "results",
  "storage_dir_name": "storage",
  "train_set": "remaining",
  "eval_set": "remaining",
  "OPENAI_LOG_FORMAT": "csv",
  "walltime_hrs": 0.3,
  "num_checkpoints": 100,
  "eval_ntrajs": 10,
  "eval_nsteps": 200,
  "eval_seed": 12345,
  "looping_tree": {
    "method": "fixed",
    "environment": "fixed",
    "total_timesteps": "fixed",
    "rng_seed": "zip",
    "policy_kwargs": "fixed",
    "timesteps_per_batch": "zip",
    "gamma": "zip",
    "lam": "zip",
    "max_kl": "zip",
    "cg_iters": "zip",
    "entcoeff": "zip",
    "cg_damping": "zip",
    "vf_stepsize": "zip",
    "vf_iters": "zip",
    "vf_minibatches": "zip"
  }
}