{
  "description": "Hyper-parameter optimization for trpo on a low frequency environment",
  "method": "trpo",
  "environment": "drop_leg_100hz",
  "total_timesteps": 4000000,
  "rng_seed": [
    0,
    1000,
    0,
    1000,
    1000,
    2000,
    0,
    2000,
    0,
    0,
    0,
    2000,
    1000,
    2000,
    2000,
    0,
    1000,
    1000,
    1000,
    1000,
    0,
    1000,
    0,
    0,
    1000,
    2000,
    0,
    2000,
    0,
    1000
  ],
  "policy_kwargs": {
    "net_arch": [
      {
        "vf": [
          64,
          64
        ],
        "pi": [
          64,
          64
        ]
      }
    ]
  },
  "timesteps_per_batch": [
    615,
    76,
    2038,
    359,
    1476,
    6025,
    9542,
    164,
    66,
    164,
    1627,
    9993,
    7453,
    6413,
    825,
    85,
    12495,
    162,
    1180,
    233,
    9943,
    569,
    6652,
    14508,
    2628,
    1387,
    66,
    2402,
    7337,
    132
  ],
  "gamma": [
    0.9998286576329138,
    0.7268024127821093,
    0.9997371800177408,
    0.9931666158225654,
    0.994263105351379,
    0.9501481883174778,
    0.9972257496818904,
    0.46252050515548626,
    0.9961928270395777,
    0.9977297578507505,
    0.9565268073816533,
    0.9948522517383105,
    0.9966400451650534,
    0.9997086264726155,
    0.9838057621029734,
    0.9933243996399853,
    0.9996177789333223,
    0.5429929091521812,
    0.9998211484639227,
    0.9872816896331401,
    0.9978865188300451,
    0.9683934463113721,
    0.9772827618018919,
    0.7689609633787148,
    0.9197915863513342,
    0.9989539974602635,
    0.9853753601616235,
    0.9998116143147906,
    0.9983196172933653,
    0.9526693455366846
  ],
  "lam": [
    0.9954797900846881,
    0.9998404663991657,
    0.9739650004983651,
    0.9952500723139964,
    0.9653738965885033,
    0.7609048968245353,
    0.8856922421683808,
    0.9969512583395869,
    0.9994544002168918,
    0.9896253299559351,
    0.9971097677323728,
    0.5027737010153084,
    0.9982283441738434,
    0.9882074570711565,
    0.9727774763344278,
    0.9996804426626159,
    0.9930513257269965,
    0.8175164271968753,
    0.9988057584970889,
    0.9058961190471927,
    0.9932149527927997,
    0.9948780197674776,
    0.9861968113627255,
    0.7705032569709116,
    0.9998154082298526,
    0.9993875220921363,
    0.9856092751326907,
    0.9352164062613861,
    0.9672041956684795,
    0.9981120698947001
  ],
  "max_kl": [
    0.014758885889327016,
    0.08080303079494705,
    0.001559096294535064,
    0.0015206350923332003,
    0.026942672402973662,
    0.11378943014547643,
    0.010074132624360018,
    0.099989621567805,
    0.5067560598914677,
    0.06375144312754183,
    0.009590530618485844,
    0.5596484291166688,
    0.15504801849269403,
    0.03787254714899687,
    0.287539935504622,
    0.008312533670742276,
    0.21884288474771618,
    0.2905862563156984,
    0.004961373985816766,
    0.002993624987494804,
    0.0027678466321489313,
    0.010430639138226219,
    0.24738298379465684,
    0.012310401135793516,
    0.020265366381264263,
    0.33517641585076857,
    0.0018365312859845002,
    0.1062134133889654,
    0.006982709336085584,
    0.1555008526566054
  ],
  "cg_iters": [
    11,
    2,
    10,
    1,
    1,
    9,
    1,
    17,
    4,
    2,
    4,
    19,
    7,
    2,
    1,
    6,
    4,
    10,
    2,
    2,
    9,
    4,
    10,
    6,
    6,
    1,
    1,
    3,
    16,
    9
  ],
  "entcoeff": [
    0.00043004305420050873,
    0.00018938836215272474,
    3.752613623508902e-06,
    0.0009900748654186752,
    6.351809390981388e-06,
    0.00012349180705457813,
    2.5837558450324575e-05,
    8.639796600968913e-06,
    4.765103150704366e-05,
    1.1677117162111134e-05,
    9.352797302947548e-05,
    0.00011968635830633602,
    3.501569155695107e-06,
    0.00013206492262275198,
    0.0008430827093693898,
    0.0008003557839800307,
    5.228671147998084e-05,
    4.25628624999879e-05,
    1.0065648669913202e-05,
    1.6989954232715952e-05,
    6.42626425176031e-05,
    0.0001349816175822597,
    7.444574139166152e-06,
    0.00026628035536023384,
    0.0008728176333868589,
    7.502740424342324e-05,
    1.3947217260322409e-05,
    0.0006840645844339283,
    0.00040318683689630837,
    0.00015210759010323978
  ],
  "cg_damping": [
    0.002600832150029419,
    0.0008201037449900318,
    0.028802668653639223,
    0.07587205392881043,
    0.0012553457365942163,
    0.01414522120154908,
    0.2918508334748749,
    0.1414550395177197,
    0.015805268186356296,
    0.8705747600139525,
    0.004371364425978565,
    0.0723546068259267,
    0.8735178006915444,
    0.02256118964406683,
    0.0019267559331108703,
    0.06379993618903924,
    0.0019259082124521364,
    0.005915629601122887,
    0.0006955190705588635,
    0.00015626890918167495,
    0.00026182069115114886,
    0.00012976519107994579,
    0.00025672595086486744,
    0.008612857378537817,
    0.41569159561612434,
    0.006098697680606216,
    0.023003444338923557,
    0.0007988029958804999,
    0.0007104709823435296,
    0.054992991364873386
  ],
  "vf_stepsize": [
    0.0007362810974301159,
    0.0018904663874619986,
    0.003012979168070647,
    0.0037251988289802042,
    5.3329704403419746e-05,
    0.0055707304516021015,
    0.002342066741063225,
    0.00024844444379460096,
    0.01744441718179303,
    7.427799726682667e-06,
    5.594331888606537e-05,
    1.0288545042077559e-05,
    7.724989564187867e-05,
    0.022548115361134585,
    0.0008484683260793737,
    0.020536926315220708,
    0.0007899765381268427,
    0.00011543021754485787,
    1.2771912568252642e-05,
    0.0002899923477413944,
    8.798093215444831e-06,
    0.0004331012128490956,
    0.0005269580739355102,
    0.0005170536482071663,
    5.950866914311549e-05,
    0.0017195262389211139,
    0.0029349276349663516,
    0.0002434788909333255,
    0.017600451294620324,
    0.0007833206049680277
  ],
  "vf_iters": [
    2,
    4,
    2,
    7,
    6,
    5,
    15,
    5,
    23,
    16,
    11,
    13,
    4,
    2,
    6,
    15,
    6,
    4,
    4,
    7,
    3,
    5,
    4,
    15,
    1,
    2,
    14,
    3,
    8,
    3
  ],
  "vf_minibatches": [
    7,
    13,
    1,
    1,
    10,
    14,
    16,
    3,
    2,
    4,
    10,
    52,
    31,
    6,
    15,
    4,
    2,
    1,
    5,
    49,
    8,
    3,
    1,
    2,
    18,
    26,
    2,
    57,
    22,
    2
  ],
  "num_envs": 4,
  "results_dir_name": "results",
  "storage_dir_name": "storage",
  "train_set": "remaining",
  "eval_set": "remaining",
  "OPENAI_LOG_FORMAT": "csv",
  "walltime_hrs": 0.3,
  "num_checkpoints": 100,
  "eval_ntrajs": 10,
  "eval_nsteps": 200,
  "eval_seed": 12345,
  "looping_tree": {
    "method": "fixed",
    "environment": "fixed",
    "total_timesteps": "fixed",
    "rng_seed": "zip",
    "policy_kwargs": "fixed",
    "timesteps_per_batch": "zip",
    "gamma": "zip",
    "lam": "zip",
    "max_kl": "zip",
    "cg_iters": "zip",
    "entcoeff": "zip",
    "cg_damping": "zip",
    "vf_stepsize": "zip",
    "vf_iters": "zip",
    "vf_minibatches": "zip"
  }
}