{
  "description": "Hyper-parameter optimization for trpo on a low frequency environment",
  "method": "trpo",
  "environment": "drop_leg_100hz",
  "total_timesteps": 4000000,
  "rng_seed": [
    0,
    2000,
    1000,
    0,
    2000,
    1000,
    0,
    2000,
    2000,
    2000,
    1000,
    2000,
    1000,
    1000,
    2000,
    1000,
    2000,
    0,
    1000,
    2000,
    2000,
    0,
    0,
    1000,
    1000,
    1000,
    0,
    2000,
    2000,
    1000
  ],
  "policy_kwargs": {
    "net_arch": [
      {
        "vf": [
          64,
          64
        ],
        "pi": [
          64,
          64
        ]
      }
    ]
  },
  "timesteps_per_batch": [
    1361,
    5280,
    4638,
    6468,
    2653,
    5183,
    3391,
    2828,
    2239,
    4176,
    4728,
    1935,
    6521,
    3698,
    4636,
    4709,
    6134,
    2427,
    5011,
    2933,
    2495,
    3881,
    1765,
    6087,
    3971,
    1250,
    4671,
    1786,
    3001,
    2449
  ],
  "gamma": [
    0.9479899928769983,
    0.9339711391171244,
    0.968339560352578,
    0.9280812274653206,
    0.94166943749857,
    0.9540686268684403,
    0.9398706446968121,
    0.9617555419383943,
    0.9337462819885008,
    0.9439191465936111,
    0.9445307882068055,
    0.935351849203543,
    0.9480875337290514,
    0.949315985609246,
    0.9310106788279485,
    0.952662294833219,
    0.9594064947947999,
    0.9558432839699289,
    0.9153918455732881,
    0.9416203823304174,
    0.9480063395463733,
    0.9281251007010514,
    0.9392644215559837,
    0.9600286807097661,
    0.9537886566248517,
    0.9727558680591938,
    0.9602949862225482,
    0.9540042555598673,
    0.9296501326456512,
    0.9447584724608087
  ],
  "lam": [
    0.36,
    0.8968848658537655,
    0.8190380133939104,
    0.7866829841363159,
    0.9639470384430695,
    0.7980019517637723,
    0.8776649394880943,
    0.9096085428716216,
    0.8167186648067362,
    0.9184991156274082,
    0.9452688903776328,
    0.7831898849816878,
    0.9361598943051902,
    0.6018228126181608,
    0.9085724459180488,
    0.6274372135698195,
    0.8762566951825614,
    0.9650712259515635,
    0.8900134718174058,
    0.7402210039837074,
    0.6879486032460339,
    0.9337689160723497,
    0.36,
    0.36,
    0.36,
    0.36,
    0.36,
    0.36,
    0.36,
    0.36
  ],
  "max_kl": [
    0.03793925935165351,
    0.15337712417805005,
    0.1364751491238107,
    0.11752312690698972,
    0.09445187189962972,
    0.03337286212915124,
    0.03453423625000193,
    0.09843881853443534,
    0.08520916092909803,
    0.04856154455954108,
    0.053714212803305114,
    0.08068881558247626,
    0.06508683660616607,
    0.07849758078042995,
    0.04871311849434144,
    0.11159138925828863,
    0.0246767035309699,
    0.06350331199791896,
    0.05210160534917625,
    0.11806370138686971,
    0.04022217682754265,
    0.09959440322821124,
    0.03981506051620933,
    0.0499386437009346,
    0.08682788144178433,
    0.0600850674244472,
    0.02853932718479173,
    0.008127306117541647,
    0.04684005556137631,
    0.04648666890804962
  ],
  "cg_iters": [
    7,
    8,
    8,
    8,
    8,
    8,
    8,
    8,
    8,
    5,
    15,
    8,
    6,
    9,
    8,
    11,
    8,
    9,
    7,
    4,
    9,
    8,
    7,
    8,
    12,
    10,
    10,
    14,
    9,
    20
  ],
  "entcoeff": [
    1.0948055934197672e-05,
    4.1950772187543525e-05,
    4.1712018438575844e-05,
    4.1698034676408486e-05,
    4.2181551890660194e-05,
    4.205448583578024e-05,
    4.203207683531695e-05,
    4.153102119784597e-05,
    4.0774744518048916e-05,
    4.220671798506834e-05,
    4.204146215482364e-05,
    4.249796079048486e-05,
    4.148991577196214e-05,
    4.1929256631854566e-05,
    4.30086010012266e-05,
    4.166920612546264e-05,
    4.25880781483933e-05,
    4.1997908678187665e-05,
    4.1398657718854714e-05,
    4.2065854302385565e-05,
    4.2196771804228174e-05,
    4.2272547023280606e-05,
    1.146987372388848e-05,
    1.120200459274535e-05,
    1.127984649465018e-05,
    1.1258952459705047e-05,
    1.0754363757390838e-05,
    1.0888958292742912e-05,
    1.0940375185230359e-05,
    1.1527077407122777e-05
  ],
  "cg_damping": [
    0.20195619873285023,
    0.10401873247092062,
    0.11477668630070909,
    0.11744183491095395,
    0.11814584196040846,
    0.10919915717712356,
    0.11316848891897481,
    0.10288535699205616,
    0.11342980989910433,
    0.1015118086528821,
    0.10312277102316476,
    0.09940335348849065,
    0.10244343947379704,
    0.10454086139843757,
    0.09993417472794189,
    0.10236023883144042,
    0.10720872627750541,
    0.10282611715969502,
    0.10639229427650036,
    0.10660787163391247,
    0.10811645094217312,
    0.10923018239882104,
    0.22205855914733627,
    0.21175878948945387,
    0.20171727871360898,
    0.22854853961400823,
    0.2533263561998454,
    0.20807246627079354,
    0.2318218893911596,
    0.23743097961613133
  ],
  "vf_stepsize": [
    0.0034136736700493935,
    0.005724878664999427,
    0.005806580409997794,
    0.0030197780267777505,
    0.005144024199157879,
    0.004871291518162908,
    0.0049184937955491885,
    0.00269729206384434,
    0.003663870658782631,
    0.004509952057871052,
    0.004546560616347495,
    0.006325573206704168,
    0.004783558488561825,
    0.003917567328240253,
    0.003269010667054499,
    0.006003730231432769,
    0.006039457869550929,
    0.0065003884657580694,
    0.006757199142522586,
    0.0054846441625652,
    0.005537829946069299,
    0.004179127000497123,
    0.008417943745850242,
    0.007089169856045011,
    0.005977056773790953,
    0.006823222894882394,
    0.005282489041022751,
    0.009437516677431474,
    0.006368019635574309,
    0.005595309936873335
  ],
  "vf_iters": [
    11,
    10,
    13,
    11,
    8,
    7,
    18,
    12,
    11,
    17,
    16,
    15,
    15,
    14,
    11,
    14,
    14,
    13,
    13,
    13,
    11,
    20,
    13,
    8,
    15,
    8,
    15,
    10,
    6,
    9
  ],
  "vf_minibatches": [
    11,
    19,
    14,
    14,
    15,
    15,
    31,
    25,
    16,
    8,
    11,
    13,
    19,
    9,
    22,
    33,
    17,
    17,
    8,
    22,
    18,
    18,
    14,
    9,
    40,
    26,
    21,
    22,
    37,
    9
  ],
  "num_envs": 4,
  "results_dir_name": "results",
  "storage_dir_name": "storage",
  "train_set": "remaining",
  "eval_set": "remaining",
  "OPENAI_LOG_FORMAT": "csv",
  "walltime_hrs": 0.3,
  "num_checkpoints": 100,
  "eval_ntrajs": 10,
  "eval_nsteps": 200,
  "eval_seed": 12345,
  "looping_tree": {
    "method": "fixed",
    "environment": "fixed",
    "total_timesteps": "fixed",
    "rng_seed": "zip",
    "policy_kwargs": "fixed",
    "timesteps_per_batch": "zip",
    "gamma": "zip",
    "lam": "zip",
    "max_kl": "zip",
    "cg_iters": "zip",
    "entcoeff": "zip",
    "cg_damping": "zip",
    "vf_stepsize": "zip",
    "vf_iters": "zip",
    "vf_minibatches": "zip"
  }
}