{
  "description": "Hyper-parameter optimization for trpo on a low frequency environment",
  "method": "trpo",
  "environment": "drop_leg_100hz",
  "total_timesteps": 4000000,
  "rng_seed": [
    2000,
    1000,
    0,
    0,
    2000,
    0,
    0,
    0,
    2000,
    0,
    0,
    0,
    2000,
    0,
    2000,
    0,
    0,
    2000,
    0,
    0,
    2000,
    1000,
    2000,
    1000,
    1000,
    1000,
    1000,
    0,
    1000,
    0
  ],
  "policy_kwargs": {
    "net_arch": [
      {
        "vf": [
          64,
          64
        ],
        "pi": [
          64,
          64
        ]
      }
    ]
  },
  "timesteps_per_batch": [
    3530,
    4207,
    2454,
    3186,
    3242,
    7709,
    1177,
    4207,
    7713,
    3136,
    3973,
    3108,
    4174,
    1191,
    4006,
    1168,
    3643,
    1160,
    1143,
    1142,
    2793,
    3053,
    3887,
    1106,
    3887,
    3984,
    3918,
    3599,
    2712,
    7976
  ],
  "gamma": [
    0.9757544272492501,
    0.96101303415182,
    0.9557697654106363,
    0.9701152916005072,
    0.9633021019146902,
    0.9606307618603753,
    0.9603395922469511,
    0.9610107176404122,
    0.9627231056037029,
    0.9696579166559159,
    0.9605586972365214,
    0.9698008051807597,
    0.9593739372002457,
    0.9580271533943361,
    0.9606476934936342,
    0.9563150039811407,
    0.9716196626900705,
    0.9546295260294233,
    0.9548506389496182,
    0.9581102675067208,
    0.9607951197174159,
    0.9604728542352161,
    0.9594672470540656,
    0.9615289652593396,
    0.9741081683436981,
    0.9590736853370051,
    0.9709192142499516,
    0.9736345329899175,
    0.955141444502445,
    0.9579251243698284
  ],
  "lam": [
    0.548177729239564,
    0.7103226118854216,
    0.5449486722931054,
    0.9816925014440557,
    0.9220986493636494,
    0.9225712257071551,
    0.9855731277214846,
    0.9865780161577985,
    0.9446953949334917,
    0.9927611811428424,
    0.9322004902729553,
    0.4865841869097931,
    0.9909217356684723,
    0.9984800627845225,
    0.9930613766663786,
    0.9006882224406481,
    0.7496157571734143,
    0.9882947946218547,
    0.995892058373335,
    0.9690590564778174,
    0.9799758387287253,
    0.8039176033010254,
    0.8732471261368343,
    0.9964267121723349,
    0.9912694201109699,
    0.9563594783785031,
    0.36,
    0.36,
    0.934049485114266,
    0.9208995152382624
  ],
  "max_kl": [
    0.2341467421463195,
    0.449900920975389,
    0.64,
    0.64,
    0.64,
    0.13744045865491475,
    0.03158608937525931,
    0.24424930332390724,
    0.09199333490496178,
    0.4683997171640877,
    0.3564575475842182,
    0.3809199924441619,
    0.4460265018421878,
    0.035385373412294994,
    0.5316728344127213,
    0.04639653051068089,
    0.49415529699842403,
    0.04845550883776164,
    0.04429524181568048,
    0.021211119984744085,
    0.64,
    0.64,
    0.47735426859257174,
    0.05967007793762986,
    0.60845544771918,
    0.4077920293299714,
    0.4272748147436022,
    0.64,
    0.64,
    0.08033319432623647
  ],
  "cg_iters": [
    6,
    8,
    6,
    6,
    6,
    5,
    6,
    8,
    6,
    6,
    8,
    6,
    8,
    6,
    8,
    6,
    6,
    6,
    6,
    6,
    6,
    6,
    8,
    6,
    6,
    8,
    6,
    6,
    6,
    5
  ],
  "entcoeff": [
    4.4368994291530145e-05,
    4.441213220775461e-05,
    4.491447696747584e-05,
    4.486012994279704e-05,
    4.471691638260114e-05,
    4.4556518128975825e-05,
    4.475546624816748e-05,
    4.49244018727032e-05,
    4.4402474371322116e-05,
    4.4805419664247156e-05,
    4.4865003781374626e-05,
    4.457808379855334e-05,
    4.486266541487556e-05,
    4.542990344051453e-05,
    4.488955283858531e-05,
    4.5144831542339645e-05,
    4.466752178070557e-05,
    4.530875171628934e-05,
    4.559925816692435e-05,
    4.5342565255481935e-05,
    4.54477244104776e-05,
    4.451746100192072e-05,
    4.541063053973915e-05,
    4.534458551751573e-05,
    4.467593622306422e-05,
    4.5179464024666783e-05,
    4.546692311770553e-05,
    4.410286028585773e-05,
    4.52274313111419e-05,
    4.464977406940281e-05
  ],
  "cg_damping": [
    0.11279322709851505,
    0.12812145472104014,
    0.08903054798155952,
    0.10167020044571486,
    0.10804066564938802,
    0.02418634819750657,
    0.0293067646943745,
    0.12096872628313446,
    0.02340807731679318,
    0.07966496309755768,
    0.12442181377661117,
    0.11899602117377683,
    0.13641268997221434,
    0.027365420812772157,
    0.12370181949960493,
    0.02857753900397071,
    0.1089907681457691,
    0.028338011906133387,
    0.02920723185424636,
    0.02885957073013753,
    0.07899694124766417,
    0.09441541780772453,
    0.12483259010553431,
    0.02895116631331938,
    0.09813445891484053,
    0.12730987888278758,
    0.10356525246669843,
    0.1120531362802121,
    0.10150450792101048,
    0.024081100038642042
  ],
  "vf_stepsize": [
    0.0050211774295097706,
    0.0016692692564724903,
    0.02647474076946074,
    0.011895782339739047,
    0.029999999999999995,
    0.021290209427460165,
    0.006837020157247389,
    0.0026678172798441616,
    0.012893717222635732,
    0.0024036486713951773,
    0.0009909999700567476,
    0.0042049162552327875,
    0.0017370901801386236,
    0.0063497892766318535,
    0.0020417038369499557,
    0.0028455846511402337,
    0.004564464487935399,
    0.005072585442285228,
    0.004440427262739054,
    0.008261214598067945,
    0.009599563374451446,
    0.010787653640835013,
    0.0017481054251444457,
    0.005137256871442018,
    0.007965290250599251,
    0.004082325977988852,
    0.023009272235194562,
    0.01101959233528872,
    0.029999999999999995,
    0.007362084547935334
  ],
  "vf_iters": [
    7,
    9,
    14,
    10,
    4,
    14,
    8,
    7,
    21,
    14,
    5,
    11,
    8,
    5,
    9,
    3,
    3,
    10,
    7,
    4,
    9,
    13,
    12,
    4,
    12,
    4,
    4,
    11,
    6,
    19
  ],
  "vf_minibatches": [
    13,
    14,
    29,
    24,
    19,
    24,
    7,
    9,
    18,
    32,
    11,
    17,
    13,
    9,
    11,
    8,
    23,
    9,
    5,
    7,
    44,
    26,
    10,
    12,
    33,
    26,
    17,
    5,
    59,
    7
  ],
  "num_envs": 4,
  "results_dir_name": "results",
  "storage_dir_name": "storage",
  "train_set": "remaining",
  "eval_set": "remaining",
  "OPENAI_LOG_FORMAT": "csv",
  "walltime_hrs": 0.3,
  "num_checkpoints": 100,
  "eval_ntrajs": 10,
  "eval_nsteps": 200,
  "eval_seed": 12345,
  "looping_tree": {
    "method": "fixed",
    "environment": "fixed",
    "total_timesteps": "fixed",
    "rng_seed": "zip",
    "policy_kwargs": "fixed",
    "timesteps_per_batch": "zip",
    "gamma": "zip",
    "lam": "zip",
    "max_kl": "zip",
    "cg_iters": "zip",
    "entcoeff": "zip",
    "cg_damping": "zip",
    "vf_stepsize": "zip",
    "vf_iters": "zip",
    "vf_minibatches": "zip"
  }
}