{
  "description": "Hyper-parameter optimization for trpo on a low frequency environment",
  "method": "trpo",
  "environment": "drop_leg_100hz",
  "total_timesteps": 4000000,
  "rng_seed": [
    0,
    2000,
    1000,
    0,
    2000,
    2000,
    0,
    0,
    0,
    1000,
    1000,
    2000,
    2000,
    1000,
    2000,
    0,
    2000,
    0,
    1000,
    1000,
    1000,
    1000,
    2000,
    1000,
    2000,
    1000,
    2000,
    1000,
    0,
    2000
  ],
  "policy_kwargs": {
    "net_arch": [
      {
        "vf": [
          64,
          64
        ],
        "pi": [
          64,
          64
        ]
      }
    ]
  },
  "timesteps_per_batch": [
    2637,
    2576,
    2519,
    2464,
    2411,
    2362,
    2316,
    2270,
    2231,
    2192,
    2155,
    2115,
    2087,
    2053,
    2022,
    1991,
    1966,
    1934,
    1904,
    1858,
    1740,
    1705,
    1681,
    1657,
    1639,
    1624,
    1614,
    1605,
    1598,
    93
  ],
  "gamma": [
    0.9628431560381436,
    0.9623480760023111,
    0.9618776380718523,
    0.9614285174298204,
    0.9610051831440329,
    0.9606028358005416,
    0.960215429523336,
    0.9598401585229003,
    0.9594853964181211,
    0.9591288880156328,
    0.9587617877373503,
    0.9583835184468237,
    0.9579779903738282,
    0.9577214954983275,
    0.9573686144274764,
    0.9569911986589893,
    0.9565876649737105,
    0.956209678718061,
    0.9557435182303531,
    0.9551971543823482,
    0.950487042544807,
    0.9489497000235332,
    0.947682807222416,
    0.946602026251718,
    0.9456001248889756,
    0.9448428906571024,
    0.9438836637490408,
    0.9431334844570634,
    0.9424471145153511,
    0.9757280918565331
  ],
  "lam": [
    0.36,
    0.36,
    0.36,
    0.36,
    0.36,
    0.36,
    0.36,
    0.36,
    0.36,
    0.36,
    0.36,
    0.36,
    0.36,
    0.36,
    0.36,
    0.36,
    0.36,
    0.36,
    0.36,
    0.36,
    0.36,
    0.36,
    0.36,
    0.36,
    0.36,
    0.36,
    0.36,
    0.36,
    0.36,
    0.5174303332576766
  ],
  "max_kl": [
    0.64,
    0.64,
    0.64,
    0.64,
    0.64,
    0.64,
    0.64,
    0.64,
    0.64,
    0.64,
    0.64,
    0.64,
    0.64,
    0.64,
    0.64,
    0.64,
    0.64,
    0.64,
    0.64,
    0.64,
    0.64,
    0.64,
    0.64,
    0.64,
    0.64,
    0.64,
    0.64,
    0.64,
    0.64,
    0.16599079550843734
  ],
  "cg_iters": [
    4,
    4,
    4,
    4,
    4,
    4,
    4,
    3,
    3,
    3,
    3,
    3,
    3,
    3,
    3,
    3,
    3,
    3,
    3,
    3,
    3,
    3,
    3,
    3,
    3,
    3,
    3,
    3,
    3,
    5
  ],
  "entcoeff": [
    7.073274477815035e-05,
    5.5070718845091565e-05,
    4.492901596323528e-06,
    9.565679691887999e-07,
    1.1924969754025537e-05,
    7.082516279026479e-07,
    1.1131103144645454e-05,
    7.178175571483014e-06,
    5.1870402021369e-06,
    4.965977537598781e-06,
    1.4954996618917062e-06,
    -3.3881317890172014e-21,
    -3.3881317890172014e-21,
    1.6971288263673257e-05,
    1.0812613787839514e-06,
    2.844006531462693e-06,
    5.751690688129816e-06,
    -3.3881317890172014e-21,
    -3.3881317890172014e-21,
    -3.3881317890172014e-21,
    1.3040359006066009e-06,
    2.6791644782443707e-05,
    2.287406332516845e-06,
    0.00015946327909356343,
    1.3004742706096009e-06,
    1.6336505111355887e-05,
    7.2514381757080355e-06,
    9.048964777515609e-06,
    5.705014457983932e-06,
    5.82425314305342e-05
  ],
  "cg_damping": [
    1.0,
    1.0,
    1.0,
    1.0,
    1.0,
    1.0,
    1.0,
    1.0,
    1.0,
    1.0,
    1.0,
    1.0,
    1.0,
    1.0,
    1.0,
    1.0,
    1.0,
    1.0,
    1.0,
    1.0,
    1.0,
    1.0,
    1.0,
    1.0,
    1.0,
    1.0,
    1.0,
    1.0,
    1.0,
    0.19135063970604418
  ],
  "vf_stepsize": [
    0.029999999999999995,
    0.029999999999999995,
    0.029999999999999995,
    0.029999999999999995,
    0.029999999999999995,
    0.029999999999999995,
    0.029999999999999995,
    0.029999999999999995,
    0.029999999999999995,
    0.029999999999999995,
    0.029999999999999995,
    0.029999999999999995,
    0.029999999999999995,
    0.029999999999999995,
    0.029999999999999995,
    0.029999999999999995,
    0.029999999999999995,
    0.029999999999999995,
    0.029999999999999995,
    0.029999999999999995,
    0.029999999999999995,
    0.029999999999999995,
    0.029999999999999995,
    0.029999999999999995,
    0.029999999999999995,
    0.029999999999999995,
    0.029999999999999995,
    0.029999999999999995,
    0.029999999999999995,
    0.0019155946014585133
  ],
  "vf_iters": [
    6,
    3,
    5,
    5,
    3,
    15,
    13,
    3,
    1,
    15,
    6,
    6,
    5,
    7,
    1,
    1,
    2,
    2,
    23,
    21,
    23,
    17,
    2,
    7,
    8,
    24,
    4,
    7,
    18,
    22
  ],
  "vf_minibatches": [
    15,
    14,
    14,
    13,
    13,
    12,
    12,
    11,
    11,
    11,
    10,
    10,
    10,
    9,
    9,
    9,
    9,
    9,
    8,
    8,
    8,
    8,
    7,
    7,
    7,
    7,
    7,
    7,
    7,
    6
  ],
  "num_envs": 4,
  "results_dir_name": "results",
  "storage_dir_name": "storage",
  "train_set": "remaining",
  "eval_set": "remaining",
  "OPENAI_LOG_FORMAT": "csv",
  "walltime_hrs": 0.3,
  "num_checkpoints": 100,
  "eval_ntrajs": 10,
  "eval_nsteps": 200,
  "eval_seed": 12345,
  "looping_tree": {
    "method": "fixed",
    "environment": "fixed",
    "total_timesteps": "fixed",
    "rng_seed": "zip",
    "policy_kwargs": "fixed",
    "timesteps_per_batch": "zip",
    "gamma": "zip",
    "lam": "zip",
    "max_kl": "zip",
    "cg_iters": "zip",
    "entcoeff": "zip",
    "cg_damping": "zip",
    "vf_stepsize": "zip",
    "vf_iters": "zip",
    "vf_minibatches": "zip"
  }
}