{
  "description": "Hyper-parameter optimization for trpo on a low frequency environment",
  "method": "trpo",
  "environment": "drop_leg_100hz",
  "total_timesteps": 4000000,
  "rng_seed": [
    2000,
    1000,
    1000,
    2000,
    2000,
    1000,
    0,
    0,
    2000,
    2000,
    0,
    2000,
    2000,
    0,
    0,
    1000,
    0,
    1000,
    1000,
    1000,
    0,
    2000,
    0,
    1000,
    2000,
    0,
    0,
    2000,
    0,
    0
  ],
  "policy_kwargs": {
    "net_arch": [
      {
        "vf": [
          64,
          64
        ],
        "pi": [
          64,
          64
        ]
      }
    ]
  },
  "timesteps_per_batch": [
    5516,
    5597,
    4373,
    8912,
    3796,
    6917,
    6586,
    4687,
    3384,
    4711,
    5715,
    2694,
    2761,
    5952,
    8490,
    5226,
    4294,
    7068,
    5553,
    3801,
    8168,
    3490,
    12208,
    2579,
    2544,
    3589,
    4061,
    2460,
    893,
    1232
  ],
  "gamma": [
    0.9499510744594417,
    0.9674423396999065,
    0.9681051139531026,
    0.9646550321079875,
    0.9625064705327376,
    0.9640948186447412,
    0.9662636907288109,
    0.9655585558270512,
    0.9600838542223636,
    0.9619475101535712,
    0.962242266217566,
    0.9747860126892702,
    0.9729810305561666,
    0.9688534156735477,
    0.9649632608367996,
    0.9668655507218363,
    0.9741967657858198,
    0.9627122412711581,
    0.9616212934773205,
    0.9702180497265089,
    0.9651472973851322,
    0.950976586155184,
    0.9595369233232292,
    0.9477212435962356,
    0.9484457557901614,
    0.9483738696207022,
    0.9510859360604472,
    0.9487070276781905,
    0.954829590960403,
    0.9508662002775331
  ],
  "lam": [
    0.4227027991638356,
    0.36,
    0.36,
    0.36,
    0.36,
    0.36,
    0.36,
    0.36,
    0.4051608748651875,
    0.36,
    0.7808419930734118,
    0.36,
    0.36,
    0.36,
    0.36,
    0.36,
    0.36,
    0.6224577860889053,
    0.5181165987695338,
    0.36,
    0.36,
    0.8386136564809231,
    0.36,
    0.9013021115315294,
    0.7351395574020924,
    0.6911547181577373,
    0.778401640154726,
    0.8839696315603928,
    0.7706598387459231,
    0.7239852872946282
  ],
  "max_kl": [
    0.4244429723645493,
    0.09402005778974007,
    0.4792669637297944,
    0.45045526203680597,
    0.1464522162544864,
    0.22454185099598795,
    0.24167316331568447,
    0.15401094085933875,
    0.4133586217797025,
    0.21175198802157483,
    0.5828354024979631,
    0.168362120903266,
    0.05451206056217287,
    0.22337088911739933,
    0.12810706065872787,
    0.061482859778317,
    0.1773393628653644,
    0.5186907996593196,
    0.10313908886278252,
    0.09908881214075356,
    0.5167932116745335,
    0.05104804665588421,
    0.12693906180404996,
    0.029438445708036817,
    0.019843695366395412,
    0.013746211721382011,
    0.11354773812410329,
    0.04276751653425634,
    0.010996590468826955,
    0.11746934071585603
  ],
  "cg_iters": [
    5,
    5,
    6,
    5,
    5,
    5,
    6,
    5,
    4,
    5,
    8,
    6,
    6,
    5,
    5,
    6,
    6,
    8,
    5,
    6,
    5,
    8,
    5,
    7,
    7,
    7,
    7,
    7,
    7,
    7
  ],
  "entcoeff": [
    4.4590651979172695e-05,
    4.5083017706008726e-05,
    4.433254789113117e-05,
    4.404860083035456e-05,
    4.4635552989450294e-05,
    4.473086339787578e-05,
    4.4408283042182424e-05,
    4.4302942228068324e-05,
    -3.3881317890172014e-21,
    4.4490381446507026e-05,
    4.404673646320447e-05,
    4.451882109407604e-05,
    4.445909082030752e-05,
    4.487261308201003e-05,
    4.441011129395114e-05,
    4.4324492318503616e-05,
    4.424264495186063e-05,
    4.4001832719833126e-05,
    4.4751292971202195e-05,
    4.420848076071488e-05,
    4.483094707284426e-05,
    0.0001768390261802816,
    4.46158875882656e-05,
    0.00017761707818474687,
    0.00017766869927353924,
    0.0001765418194409115,
    0.0001771349562779258,
    0.0001747988235795321,
    0.00017678781730323578,
    0.00017639945631279337
  ],
  "cg_damping": [
    0.11158312883702938,
    0.14872670079257047,
    0.0001348432591068398,
    0.14983939426184226,
    0.1300518376727814,
    0.11464286932967321,
    0.6971718021522115,
    0.0004825888596283571,
    0.00018558662311060452,
    0.022250897217692286,
    0.0030054633661285115,
    0.16222410911224083,
    0.00017638105338817363,
    0.22640130076543777,
    0.025838985527936918,
    0.001445189703109919,
    0.002801771964482003,
    0.19852364733051808,
    0.0012778860037035667,
    0.21032067423852294,
    0.0011762099081002177,
    0.029201364097255093,
    0.0021899870979201043,
    0.0011843006345607855,
    0.29981126021237675,
    0.0011618593934695492,
    0.009277507492400815,
    0.012334001710422067,
    0.880030745884209,
    0.0004976308302017971
  ],
  "vf_stepsize": [
    0.01136318349852354,
    0.009349933347870354,
    0.008394814301534168,
    0.010514792274466209,
    0.012679261590536494,
    0.010210545349114324,
    0.007868265158099507,
    0.01071580580044314,
    0.010933405652685338,
    0.00925237987733825,
    0.0028530172462961465,
    0.006731631557904534,
    0.007091877690597895,
    0.011483962483760192,
    0.0075912665269084675,
    0.010577949861653483,
    0.005618442664873689,
    0.002575546565737637,
    0.011576200391434664,
    0.009315269868580462,
    0.008929688763101946,
    0.0028163334056011953,
    0.010142014450198258,
    0.0025130585138066048,
    0.002681851648865019,
    0.002501558663655635,
    0.002590832266481786,
    0.0027609512774424043,
    0.002859651684274332,
    0.0020541686959497808
  ],
  "vf_iters": [
    9,
    12,
    12,
    9,
    15,
    7,
    5,
    6,
    13,
    13,
    12,
    10,
    8,
    8,
    8,
    16,
    7,
    19,
    8,
    9,
    4,
    11,
    10,
    9,
    5,
    12,
    3,
    6,
    8,
    7
  ],
  "vf_minibatches": [
    22,
    20,
    17,
    22,
    21,
    21,
    17,
    19,
    10,
    17,
    17,
    18,
    14,
    18,
    20,
    19,
    15,
    17,
    19,
    17,
    20,
    16,
    23,
    17,
    15,
    18,
    18,
    16,
    17,
    16
  ],
  "num_envs": 4,
  "results_dir_name": "results",
  "storage_dir_name": "storage",
  "train_set": "remaining",
  "eval_set": "remaining",
  "OPENAI_LOG_FORMAT": "csv",
  "walltime_hrs": 0.3,
  "num_checkpoints": 100,
  "eval_ntrajs": 10,
  "eval_nsteps": 200,
  "eval_seed": 12345,
  "looping_tree": {
    "method": "fixed",
    "environment": "fixed",
    "total_timesteps": "fixed",
    "rng_seed": "zip",
    "policy_kwargs": "fixed",
    "timesteps_per_batch": "zip",
    "gamma": "zip",
    "lam": "zip",
    "max_kl": "zip",
    "cg_iters": "zip",
    "entcoeff": "zip",
    "cg_damping": "zip",
    "vf_stepsize": "zip",
    "vf_iters": "zip",
    "vf_minibatches": "zip"
  }
}