{
  "description": "Hyper-parameter optimization for trpo on a low frequency environment",
  "method": "trpo",
  "environment": "drop_leg_100hz",
  "total_timesteps": 4000000,
  "rng_seed": [
    2000,
    1000,
    1000,
    1000,
    2000,
    2000,
    0,
    0,
    1000,
    2000,
    0,
    2000,
    2000,
    1000,
    1000,
    1000,
    1000,
    1000,
    2000,
    0,
    1000,
    0,
    0,
    2000,
    1000,
    0,
    0,
    0,
    0,
    2000
  ],
  "policy_kwargs": {
    "net_arch": [
      {
        "vf": [
          64,
          64
        ],
        "pi": [
          64,
          64
        ]
      }
    ]
  },
  "timesteps_per_batch": [
    3857,
    3516,
    4088,
    5040,
    3971,
    2884,
    6257,
    6132,
    3130,
    4076,
    5344,
    5605,
    9042,
    1629,
    1006,
    13251,
    3778,
    4176,
    5416,
    7129,
    1222,
    1641,
    5358,
    1571,
    7787,
    6491,
    7299,
    2614,
    7644,
    2385
  ],
  "gamma": [
    0.9676361980738981,
    0.9759672448770121,
    0.9130430425650886,
    0.938354458111652,
    0.947376162339379,
    0.9735263731721896,
    0.9517888754933992,
    0.9674797957813984,
    0.9810390943045051,
    0.9606947623961087,
    0.9607339341921168,
    0.951456736986394,
    0.9386581365857429,
    0.9881485326535105,
    0.987272760941836,
    0.9615884495276957,
    0.9182679049730995,
    0.864625079641768,
    0.833692348206884,
    0.9452921420857234,
    0.994429036798868,
    0.9902651603301418,
    0.9661536136140891,
    0.9918631153490505,
    0.9599271817145755,
    0.9430282553421997,
    0.9664502297545993,
    0.9859894195201577,
    0.9125746198433895,
    0.9756068917565883
  ],
  "lam": [
    0.497125950996513,
    0.4532304938845435,
    0.7833032706129375,
    0.8908164500011828,
    0.8967159111705161,
    0.5698963726533,
    0.7847030106183739,
    0.9665144652293767,
    0.7520050580962775,
    0.7292277398047073,
    0.8294640162609668,
    0.8761479176349148,
    0.9564503966449883,
    0.6117308886018485,
    0.6203023749643517,
    0.4302195942895294,
    0.7864025407605131,
    0.8666017184404753,
    0.8610316698687246,
    0.8510871670916608,
    0.7823291700942366,
    0.8627705679653224,
    0.9907433891601053,
    0.7276464060398584,
    0.8624285223295527,
    0.7196958544863379,
    0.9463126330994153,
    0.839247529296756,
    0.737163297772343,
    0.7557214053905021
  ],
  "max_kl": [
    0.0943289722487546,
    0.09205775629072586,
    0.4078489035906839,
    0.11125270913539285,
    0.13374119636796325,
    0.11179714704662849,
    0.64,
    0.13765961586170108,
    0.10920475303423936,
    0.10402637166724005,
    0.12650822657315933,
    0.2040663723132767,
    0.15539624022486936,
    0.1518244220678482,
    0.1590159343581553,
    0.10623751552575375,
    0.64,
    0.387492777133338,
    0.11550024423354037,
    0.27655626407005657,
    0.16169912225184374,
    0.13723990390225668,
    0.23199499935818882,
    0.2214548944837503,
    0.15819458151428092,
    0.2637334589683429,
    0.1706024502947269,
    0.18142678795659417,
    0.13516097507843644,
    0.18470952329919843
  ],
  "cg_iters": [
    6,
    6,
    4,
    6,
    6,
    6,
    6,
    6,
    6,
    6,
    6,
    8,
    6,
    7,
    7,
    6,
    6,
    4,
    6,
    9,
    7,
    7,
    6,
    7,
    6,
    8,
    6,
    7,
    6,
    7
  ],
  "entcoeff": [
    4.4318677676674886e-05,
    4.395339501342833e-05,
    -3.3881317890172014e-21,
    4.413692220491905e-05,
    4.4046398660641186e-05,
    4.3343401204171754e-05,
    4.384510928137173e-05,
    4.3906530007061245e-05,
    4.4055346957199615e-05,
    4.401463841939673e-05,
    4.37895108784422e-05,
    4.43104005637284e-05,
    4.437438368341511e-05,
    4.442265186952883e-05,
    4.485317215386438e-05,
    4.372421379015048e-05,
    4.318969835878831e-05,
    -3.3881317890172014e-21,
    4.3892442525714226e-05,
    4.521718975740115e-05,
    4.449263907723115e-05,
    4.4303074983218486e-05,
    4.318626026435252e-05,
    4.383682314182387e-05,
    4.276070587340207e-05,
    4.527581438067203e-05,
    4.4695240382954656e-05,
    4.549359144069072e-05,
    4.6825929361014686e-05,
    4.289013145927989e-05
  ],
  "cg_damping": [
    0.05695187692004439,
    0.14370943134053915,
    0.00019541515725310856,
    0.022254646637048233,
    0.0678052061456766,
    0.19437308130272493,
    0.0665013900916525,
    0.04821377398391801,
    0.14667837018151356,
    0.04199844733318205,
    0.0664355999533971,
    0.1824261475746584,
    0.05492971700010658,
    0.12307527908784761,
    0.1497599365425287,
    0.04549622487108993,
    0.07352948880508126,
    0.00016397055488030212,
    0.08155734833622079,
    0.057044650301649825,
    0.1681561728727323,
    0.07798716347533224,
    0.042002006963939346,
    0.1363289699158333,
    0.03636558488773807,
    0.18633651845481164,
    0.03851325199884183,
    0.15641506114904016,
    0.051971388090893314,
    0.08919290053699105
  ],
  "vf_stepsize": [
    0.004226507005902736,
    0.00572630730391593,
    0.014048736565997323,
    0.0031083928507293426,
    0.0013913543396381226,
    0.002991131423384574,
    0.012896884556579735,
    0.0016936215982871804,
    0.0039056325440769667,
    0.0037007752634174583,
    0.003734496599368193,
    0.006141329793826207,
    0.0026595579012915157,
    0.006816563955148088,
    0.004124095979773462,
    0.005966682770087343,
    0.008012696259185515,
    0.016583772852264974,
    0.0060045925846857,
    0.018643990517014753,
    0.006329645534197367,
    0.005553713994400991,
    0.0024620712138943603,
    0.005255964937890697,
    0.0022235813502368214,
    0.010592624444284635,
    0.0018794130699589869,
    0.00866416236156225,
    0.004331953914283832,
    0.00467277765390746
  ],
  "vf_iters": [
    13,
    20,
    15,
    11,
    7,
    13,
    11,
    16,
    12,
    6,
    3,
    23,
    5,
    15,
    19,
    6,
    14,
    7,
    6,
    3,
    6,
    13,
    7,
    17,
    8,
    4,
    12,
    13,
    9,
    5
  ],
  "vf_minibatches": [
    25,
    14,
    10,
    25,
    26,
    14,
    5,
    26,
    14,
    26,
    25,
    17,
    26,
    16,
    16,
    25,
    5,
    10,
    26,
    16,
    16,
    16,
    26,
    16,
    26,
    17,
    26,
    16,
    26,
    16
  ],
  "num_envs": 4,
  "results_dir_name": "results",
  "storage_dir_name": "storage",
  "train_set": "remaining",
  "eval_set": "remaining",
  "OPENAI_LOG_FORMAT": "csv",
  "walltime_hrs": 0.3,
  "num_checkpoints": 100,
  "eval_ntrajs": 10,
  "eval_nsteps": 200,
  "eval_seed": 12345,
  "looping_tree": {
    "method": "fixed",
    "environment": "fixed",
    "total_timesteps": "fixed",
    "rng_seed": "zip",
    "policy_kwargs": "fixed",
    "timesteps_per_batch": "zip",
    "gamma": "zip",
    "lam": "zip",
    "max_kl": "zip",
    "cg_iters": "zip",
    "entcoeff": "zip",
    "cg_damping": "zip",
    "vf_stepsize": "zip",
    "vf_iters": "zip",
    "vf_minibatches": "zip"
  }
}