{
  "description": "Hyper-parameter optimization for trpo on a low frequency environment",
  "method": "trpo",
  "environment": "drop_leg_100hz",
  "total_timesteps": 4000000,
  "rng_seed": [
    2000,
    1000,
    0,
    2000,
    2000,
    1000,
    0,
    0,
    0,
    0,
    2000,
    2000,
    0,
    0,
    0,
    1000,
    0,
    1000,
    2000,
    0,
    2000,
    1000,
    2000,
    2000,
    2000,
    1000,
    1000,
    1000,
    1000,
    1000
  ],
  "policy_kwargs": {
    "net_arch": [
      {
        "vf": [
          64,
          64
        ],
        "pi": [
          64,
          64
        ]
      }
    ]
  },
  "timesteps_per_batch": [
    2703,
    2728,
    2744,
    2764,
    2781,
    2798,
    2811,
    2821,
    2809,
    2774,
    2756,
    2744,
    2737,
    2732,
    2730,
    2729,
    2730,
    2732,
    2735,
    2739,
    2744,
    2750,
    2757,
    2764,
    2772,
    2780,
    2790,
    2799,
    2810,
    2820
  ],
  "gamma": [
    0.964713062733325,
    0.9650004914355834,
    0.9652209357629342,
    0.9654789014484167,
    0.9657355575084052,
    0.9659894821458013,
    0.9662443925910978,
    0.966453905749039,
    0.9663666247129571,
    0.9659540964520513,
    0.9657280749913972,
    0.9655717447311445,
    0.9654527404915201,
    0.9653547115295694,
    0.9652733569008034,
    0.9651986879859283,
    0.9651332732406123,
    0.9650734719979017,
    0.9650193902490604,
    0.9649693237972442,
    0.9649231254567062,
    0.9648808098091168,
    0.9648415838422809,
    0.9648053202140192,
    0.9647712485718707,
    0.9647404063544145,
    0.9647123298924234,
    0.9646857148551402,
    0.9646613978688693,
    0.9646416807487547
  ],
  "lam": [
    0.36,
    0.36,
    0.36,
    0.36,
    0.36,
    0.36,
    0.36,
    0.36,
    0.36,
    0.36,
    0.36,
    0.36,
    0.36,
    0.36,
    0.36,
    0.36,
    0.36,
    0.36,
    0.36,
    0.36,
    0.36,
    0.36,
    0.36,
    0.36,
    0.36,
    0.36,
    0.36,
    0.36,
    0.36,
    0.36
  ],
  "max_kl": [
    0.64,
    0.64,
    0.64,
    0.64,
    0.64,
    0.64,
    0.64,
    0.64,
    0.64,
    0.64,
    0.64,
    0.64,
    0.64,
    0.64,
    0.64,
    0.64,
    0.64,
    0.64,
    0.64,
    0.64,
    0.64,
    0.64,
    0.64,
    0.64,
    0.64,
    0.64,
    0.64,
    0.64,
    0.64,
    0.64
  ],
  "cg_iters": [
    4,
    4,
    4,
    4,
    4,
    4,
    4,
    4,
    4,
    4,
    4,
    4,
    4,
    4,
    4,
    4,
    4,
    4,
    4,
    4,
    4,
    4,
    4,
    4,
    4,
    4,
    4,
    4,
    4,
    4
  ],
  "entcoeff": [
    0.00022152302108759199,
    0.000329696723997074,
    0.00032223131757119446,
    0.00023027166172887226,
    0.0004161905142808229,
    0.0008442775128225297,
    0.0005672884425070965,
    0.0004313934769796969,
    0.001,
    0.001,
    0.001,
    0.001,
    0.001,
    0.001,
    0.001,
    0.001,
    0.001,
    0.001,
    0.001,
    0.001,
    0.001,
    0.001,
    0.001,
    0.001,
    0.001,
    0.001,
    0.001,
    0.001,
    0.001,
    0.001
  ],
  "cg_damping": [
    1.0,
    1.0,
    1.0,
    1.0,
    1.0,
    1.0,
    1.0,
    1.0,
    1.0,
    1.0,
    1.0,
    1.0,
    1.0,
    1.0,
    1.0,
    1.0,
    1.0,
    1.0,
    1.0,
    1.0,
    1.0,
    1.0,
    1.0,
    1.0,
    1.0,
    1.0,
    1.0,
    1.0,
    1.0,
    1.0
  ],
  "vf_stepsize": [
    0.02711346644948417,
    0.029999999999999995,
    0.029999999999999995,
    0.029999999999999995,
    0.029999999999999995,
    0.029999999999999995,
    0.029999999999999995,
    0.029999999999999995,
    0.029999999999999995,
    0.029999999999999995,
    0.029999999999999995,
    0.029999999999999995,
    0.029999999999999995,
    0.029999999999999995,
    0.029999999999999995,
    0.029999999999999995,
    0.029999999999999995,
    0.029999999999999995,
    0.029999999999999995,
    0.029999999999999995,
    0.029999999999999995,
    0.029999999999999995,
    0.029999999999999995,
    0.029999999999999995,
    0.029999999999999995,
    0.029999999999999995,
    0.029999999999999995,
    0.029999999999999995,
    0.029999999999999995,
    0.029999999999999995
  ],
  "vf_iters": [
    24,
    24,
    24,
    24,
    24,
    24,
    24,
    24,
    24,
    24,
    24,
    24,
    24,
    24,
    24,
    24,
    24,
    24,
    24,
    24,
    24,
    24,
    24,
    24,
    24,
    24,
    24,
    24,
    24,
    24
  ],
  "vf_minibatches": [
    12,
    12,
    12,
    12,
    12,
    12,
    12,
    12,
    12,
    11,
    11,
    11,
    11,
    11,
    11,
    11,
    11,
    10,
    10,
    10,
    10,
    10,
    10,
    10,
    10,
    10,
    10,
    10,
    10,
    10
  ],
  "num_envs": 4,
  "results_dir_name": "results",
  "storage_dir_name": "storage",
  "train_set": "remaining",
  "eval_set": "remaining",
  "OPENAI_LOG_FORMAT": "csv",
  "walltime_hrs": 0.3,
  "num_checkpoints": 100,
  "eval_ntrajs": 10,
  "eval_nsteps": 200,
  "eval_seed": 12345,
  "looping_tree": {
    "method": "fixed",
    "environment": "fixed",
    "total_timesteps": "fixed",
    "rng_seed": "zip",
    "policy_kwargs": "fixed",
    "timesteps_per_batch": "zip",
    "gamma": "zip",
    "lam": "zip",
    "max_kl": "zip",
    "cg_iters": "zip",
    "entcoeff": "zip",
    "cg_damping": "zip",
    "vf_stepsize": "zip",
    "vf_iters": "zip",
    "vf_minibatches": "zip"
  }
}