{
  "description": "Hyper-parameter optimization for trpo on a low frequency environment",
  "method": "trpo",
  "environment": "drop_leg_100hz",
  "total_timesteps": 4000000,
  "rng_seed": [
    0,
    0,
    0,
    2000,
    2000,
    0,
    2000,
    1000,
    2000,
    2000,
    2000,
    2000,
    1000,
    0,
    0,
    0,
    0,
    2000,
    0,
    1000,
    1000,
    2000,
    2000,
    0,
    0,
    1000,
    1000,
    1000,
    0,
    0
  ],
  "policy_kwargs": {
    "net_arch": [
      {
        "vf": [
          64,
          64
        ],
        "pi": [
          64,
          64
        ]
      }
    ]
  },
  "timesteps_per_batch": [
    1107,
    106,
    349,
    2565,
    8901,
    367,
    209,
    1164,
    477,
    71,
    2868,
    145,
    140,
    13778,
    4617,
    955,
    6348,
    451,
    471,
    12675,
    13524,
    5926,
    385,
    331,
    4119,
    371,
    1228,
    647,
    1561,
    5344
  ],
  "gamma": [
    0.9547499375813253,
    0.8876487659061014,
    0.9961096359068375,
    0.7279380935059395,
    0.9997713854949971,
    0.9067832618558815,
    0.9960291250799536,
    0.8326797498924297,
    0.9645810210967913,
    0.9724292169632412,
    0.9391224358913537,
    0.9977973828139505,
    0.9996629951658532,
    0.9934520157351553,
    0.9960588771241933,
    0.9900759733479583,
    0.6807938283150188,
    0.9367547000691252,
    0.9978198710887445,
    0.9987848663548745,
    0.8338920250295063,
    0.9992467733003974,
    0.9378600870208893,
    0.9897354692647037,
    0.9808072232224941,
    0.881698000889202,
    0.9442186190866575,
    0.9285462961847037,
    0.9780795684229384,
    0.9455460773564394
  ],
  "lam": [
    0.9345944703028364,
    0.9929093773860527,
    0.9989481239431446,
    0.9995859102435961,
    0.9706996802467,
    0.9980398583978415,
    0.9986187436672095,
    0.9995637542803257,
    0.8281896466360311,
    0.984535862261192,
    0.9985051395757701,
    0.9996796846356206,
    0.9996961790201202,
    0.5463972156473766,
    0.9998279222411699,
    0.9973624814782152,
    0.9950338329104603,
    0.9988722822122984,
    0.9977055390413344,
    0.5631823143064059,
    0.9993641891558387,
    0.9983104392465146,
    0.9940838663532401,
    0.9995575911953896,
    0.9992560182095727,
    0.38699105191001326,
    0.39244963085750506,
    0.9560756677147481,
    0.9931756962145154,
    0.9898650026246327
  ],
  "max_kl": [
    0.0028981549908680517,
    0.0030856127235158173,
    0.005509770224912987,
    0.0013426328928774788,
    0.0015152016191746632,
    0.004037690484015014,
    0.07673784906986789,
    0.0051869428859018935,
    0.005101200782354334,
    0.03513520285395728,
    0.15373981149366123,
    0.021128153035528344,
    0.009563705397706826,
    0.044706865796944974,
    0.45201628103711855,
    0.007009859194290285,
    0.008266413298951928,
    0.0067440267271281175,
    0.09244639749488187,
    0.003558410292844226,
    0.008349202546499554,
    0.1081050829777777,
    0.0032829767727839527,
    0.01878219492175852,
    0.006071247473357669,
    0.0023294117239535993,
    0.402084833982885,
    0.0031019689397183132,
    0.002011608171771494,
    0.008780340600497202
  ],
  "cg_iters": [
    2,
    7,
    7,
    8,
    19,
    5,
    2,
    5,
    14,
    1,
    20,
    5,
    18,
    1,
    14,
    5,
    9,
    9,
    1,
    1,
    3,
    6,
    11,
    6,
    7,
    4,
    14,
    16,
    15,
    8
  ],
  "entcoeff": [
    8.114342001946405e-06,
    0.0005860256399222987,
    1.3292052757067902e-05,
    1.2828179520408316e-05,
    0.0001970332436918566,
    1.2327153885961286e-05,
    0.00011915336410188971,
    8.939256546707254e-05,
    3.054697114361271e-05,
    7.488519458369223e-05,
    0.00037374400692110726,
    0.0003301576348103678,
    0.0001749595450293433,
    2.2952194608231202e-05,
    0.0007138434380155527,
    0.000814207597210715,
    4.4492034124387933e-05,
    0.00021661791248639865,
    0.0002748099301857644,
    0.00043529342587177324,
    2.469355699414873e-05,
    6.060223935359471e-06,
    0.00031204034199670193,
    0.00039571991695196986,
    0.0005095436422110065,
    0.0003529329933412193,
    0.00027244835922493843,
    0.0001982141860682743,
    0.0004918783106701239,
    3.40646204101116e-05
  ],
  "cg_damping": [
    0.00041790677602562376,
    0.00045358149672145904,
    0.49788623027461043,
    0.008231324623545947,
    0.017549358771956444,
    0.11225667295364787,
    0.05828789004641037,
    0.3385423511424379,
    0.00020946874328502384,
    0.24435163131029164,
    0.0005633739642287324,
    0.025494689958621433,
    0.09058368734731677,
    0.004215087188382458,
    0.05309154553309707,
    0.2529074568583213,
    0.00012069035002907373,
    0.043664119288122555,
    0.04800881821967674,
    0.02341777229021327,
    0.0004238353663175048,
    0.1212811258737977,
    0.0005358805244455145,
    0.0066123480652893404,
    0.0774715157881559,
    0.0008372776818259929,
    0.007135358907922153,
    0.002859931842130612,
    0.0015120230171961116,
    0.041416116567975315
  ],
  "vf_stepsize": [
    0.00010251162589205213,
    0.005967030630113648,
    9.420975830780523e-06,
    0.00018485829022591016,
    4.263141841938177e-05,
    0.00026065400757815477,
    0.018264005428407,
    7.653621628853852e-06,
    7.143472310055332e-06,
    0.0005648248948026796,
    6.245277521176402e-06,
    5.820061929545114e-06,
    0.0033417561341282753,
    1.8521700588195602e-05,
    6.2010068878361195e-06,
    8.82470035937489e-06,
    1.3165661020102086e-05,
    0.02391870107122017,
    0.0005235252739479004,
    0.0033231117163489434,
    0.02912672102554342,
    0.015453325841902397,
    0.015038162707576404,
    5.384359294779835e-06,
    7.426689157524934e-05,
    0.0002286320147905962,
    6.0969623230543655e-05,
    0.0005197602011150883,
    1.9851282291812928e-05,
    1.7704559122980708e-05
  ],
  "vf_iters": [
    1,
    1,
    9,
    21,
    2,
    3,
    3,
    8,
    1,
    14,
    1,
    2,
    3,
    10,
    3,
    19,
    17,
    1,
    6,
    10,
    2,
    16,
    3,
    9,
    21,
    12,
    5,
    20,
    15,
    15
  ],
  "vf_minibatches": [
    2,
    1,
    5,
    5,
    14,
    3,
    1,
    14,
    6,
    22,
    5,
    44,
    1,
    50,
    10,
    5,
    7,
    4,
    1,
    8,
    15,
    5,
    10,
    3,
    2,
    13,
    18,
    21,
    5,
    3
  ],
  "num_envs": 4,
  "results_dir_name": "results",
  "storage_dir_name": "storage",
  "train_set": "remaining",
  "eval_set": "remaining",
  "OPENAI_LOG_FORMAT": "csv",
  "walltime_hrs": 0.3,
  "num_checkpoints": 100,
  "eval_ntrajs": 10,
  "eval_nsteps": 200,
  "eval_seed": 12345,
  "looping_tree": {
    "method": "fixed",
    "environment": "fixed",
    "total_timesteps": "fixed",
    "rng_seed": "zip",
    "policy_kwargs": "fixed",
    "timesteps_per_batch": "zip",
    "gamma": "zip",
    "lam": "zip",
    "max_kl": "zip",
    "cg_iters": "zip",
    "entcoeff": "zip",
    "cg_damping": "zip",
    "vf_stepsize": "zip",
    "vf_iters": "zip",
    "vf_minibatches": "zip"
  }
}