{
  "description": "Hyper-parameter optimization for trpo on a low frequency environment",
  "method": "trpo",
  "environment": "drop_leg_100hz",
  "total_timesteps": 4000000,
  "rng_seed": [
    0,
    1000,
    2000,
    2000,
    0,
    1000,
    2000,
    1000,
    2000,
    0,
    1000,
    1000,
    1000,
    0,
    1000,
    1000,
    2000,
    2000,
    1000,
    0,
    1000,
    2000,
    0,
    0,
    2000,
    1000,
    2000,
    1000,
    2000,
    2000
  ],
  "policy_kwargs": {
    "net_arch": [
      {
        "vf": [
          64,
          64
        ],
        "pi": [
          64,
          64
        ]
      }
    ]
  },
  "timesteps_per_batch": [
    2586,
    2695,
    2728,
    2742,
    2641,
    2584,
    2545,
    2517,
    2474,
    2448,
    2422,
    2402,
    2375,
    2357,
    2342,
    2330,
    2324,
    2328,
    2311,
    2317,
    2316,
    2227,
    2327,
    2236,
    2261,
    2303,
    2307,
    2334,
    2338,
    2352
  ],
  "gamma": [
    0.9592170454643607,
    0.961658502949267,
    0.9613222994855621,
    0.9611046181290014,
    0.9574057722925693,
    0.9546784630142482,
    0.9522223273507295,
    0.9498379866127176,
    0.9474909589067653,
    0.9452445106430898,
    0.9430399073896919,
    0.9409075200097347,
    0.939083904539274,
    0.9373395167038514,
    0.9357516683165411,
    0.9343729121401323,
    0.933164401430393,
    0.9322155015960117,
    0.9312980518147493,
    0.9307004019544216,
    0.9302451510659386,
    0.9273383850890522,
    0.9298224724189794,
    0.9271538605334998,
    0.9282245667608083,
    0.9304977016558894,
    0.9297556701985944,
    0.929809052121811,
    0.9293533867445176,
    0.9290440023232407
  ],
  "lam": [
    0.36,
    0.36,
    0.36,
    0.36,
    0.36,
    0.36,
    0.36,
    0.36,
    0.36,
    0.36,
    0.36,
    0.36,
    0.36,
    0.36,
    0.36,
    0.36,
    0.36,
    0.36,
    0.36,
    0.36,
    0.36,
    0.36,
    0.36,
    0.36,
    0.36,
    0.36,
    0.36,
    0.36,
    0.36,
    0.36
  ],
  "max_kl": [
    0.64,
    0.64,
    0.64,
    0.64,
    0.64,
    0.64,
    0.64,
    0.64,
    0.64,
    0.64,
    0.64,
    0.64,
    0.64,
    0.64,
    0.64,
    0.64,
    0.64,
    0.64,
    0.64,
    0.64,
    0.64,
    0.64,
    0.64,
    0.64,
    0.64,
    0.64,
    0.64,
    0.64,
    0.64,
    0.64
  ],
  "cg_iters": [
    4,
    4,
    4,
    4,
    4,
    3,
    3,
    3,
    3,
    3,
    3,
    3,
    3,
    3,
    3,
    3,
    3,
    3,
    3,
    3,
    3,
    3,
    3,
    3,
    3,
    3,
    3,
    3,
    3,
    3
  ],
  "entcoeff": [
    0.0002097080274132577,
    8.744646973197094e-06,
    1.6059070714374934e-06,
    3.184988270122932e-05,
    2.106312261908263e-05,
    5.23937090328062e-06,
    6.379691856681712e-05,
    2.2208263585014758e-05,
    1.813207865029577e-05,
    2.2819871540101488e-05,
    1.8883091855610627e-06,
    3.660287954097495e-05,
    3.150675849970367e-05,
    1.8423321962027446e-06,
    3.467184550966344e-05,
    1.4475574347099832e-05,
    1.2075878577525727e-05,
    4.9168954557508525e-05,
    1.1246382444377505e-06,
    5.738367943446964e-06,
    8.86832855747023e-06,
    4.5292162156653556e-05,
    5.871669449098404e-06,
    0.000207795887408383,
    2.287724538765859e-05,
    0.00010804123081709745,
    2.5361593132777434e-05,
    1.876138573449163e-05,
    9.516193888502633e-05,
    1.1281495100228941e-06
  ],
  "cg_damping": [
    1.0,
    1.0,
    1.0,
    1.0,
    1.0,
    1.0,
    1.0,
    1.0,
    1.0,
    1.0,
    1.0,
    1.0,
    1.0,
    1.0,
    1.0,
    1.0,
    1.0,
    1.0,
    1.0,
    1.0,
    1.0,
    1.0,
    1.0,
    1.0,
    1.0,
    1.0,
    1.0,
    1.0,
    1.0,
    1.0
  ],
  "vf_stepsize": [
    2.9999999999999997e-06,
    6.309370505775939e-06,
    4.8818699683593945e-06,
    2.9999999999999997e-06,
    2.9999999999999997e-06,
    2.9999999999999997e-06,
    2.9999999999999997e-06,
    2.9999999999999997e-06,
    2.9999999999999997e-06,
    2.9999999999999997e-06,
    2.9999999999999997e-06,
    2.9999999999999997e-06,
    2.9999999999999997e-06,
    2.9999999999999997e-06,
    2.9999999999999997e-06,
    2.9999999999999997e-06,
    2.9999999999999997e-06,
    2.9999999999999997e-06,
    2.9999999999999997e-06,
    2.9999999999999997e-06,
    2.9999999999999997e-06,
    2.9999999999999997e-06,
    2.9999999999999997e-06,
    2.9999999999999997e-06,
    2.9999999999999997e-06,
    2.9999999999999997e-06,
    2.9999999999999997e-06,
    2.9999999999999997e-06,
    2.9999999999999997e-06,
    2.9999999999999997e-06
  ],
  "vf_iters": [
    16,
    24,
    24,
    24,
    24,
    24,
    24,
    24,
    24,
    24,
    24,
    24,
    24,
    24,
    24,
    24,
    24,
    24,
    24,
    24,
    24,
    24,
    24,
    24,
    24,
    24,
    24,
    24,
    24,
    24
  ],
  "vf_minibatches": [
    14,
    19,
    21,
    25,
    21,
    20,
    19,
    19,
    18,
    17,
    16,
    16,
    15,
    14,
    13,
    12,
    11,
    11,
    10,
    9,
    9,
    22,
    7,
    28,
    37,
    58,
    64,
    64,
    64,
    64
  ],
  "num_envs": 4,
  "results_dir_name": "results",
  "storage_dir_name": "storage",
  "train_set": "remaining",
  "eval_set": "remaining",
  "OPENAI_LOG_FORMAT": "csv",
  "walltime_hrs": 0.3,
  "num_checkpoints": 100,
  "eval_ntrajs": 10,
  "eval_nsteps": 200,
  "eval_seed": 12345,
  "looping_tree": {
    "method": "fixed",
    "environment": "fixed",
    "total_timesteps": "fixed",
    "rng_seed": "zip",
    "policy_kwargs": "fixed",
    "timesteps_per_batch": "zip",
    "gamma": "zip",
    "lam": "zip",
    "max_kl": "zip",
    "cg_iters": "zip",
    "entcoeff": "zip",
    "cg_damping": "zip",
    "vf_stepsize": "zip",
    "vf_iters": "zip",
    "vf_minibatches": "zip"
  }
}