{
  "description": "Hyper-parameter optimization for trpo on a low frequency environment",
  "method": "trpo",
  "environment": "drop_leg_100hz",
  "total_timesteps": 4000000,
  "rng_seed": [
    1000,
    1000,
    1000,
    2000,
    2000,
    1000,
    1000,
    2000,
    1000,
    1000,
    0,
    2000,
    2000,
    2000,
    0,
    2000,
    0,
    0,
    2000,
    1000,
    0,
    1000,
    1000,
    1000,
    0,
    2000,
    1000,
    2000,
    0,
    1000
  ],
  "policy_kwargs": {
    "net_arch": [
      {
        "vf": [
          64,
          64
        ],
        "pi": [
          64,
          64
        ]
      }
    ]
  },
  "timesteps_per_batch": [
    4109,
    3553,
    3894,
    3921,
    3938,
    6014,
    4400,
    4417,
    4430,
    4450,
    4462,
    4484,
    6012,
    4726,
    4738,
    4742,
    4752,
    4763,
    4765,
    4771,
    4786,
    7021,
    5055,
    5068,
    5066,
    5076,
    5090,
    5111,
    5086,
    5100
  ],
  "gamma": [
    0.9517700284143773,
    0.9554188817021017,
    0.9531587952831092,
    0.953146307172071,
    0.9531448359876659,
    0.9512470798078712,
    0.952817787347439,
    0.952806903837601,
    0.9528037470593936,
    0.9528057991007128,
    0.9527946521541624,
    0.9527863194710483,
    0.9542198354097969,
    0.9531748903325049,
    0.9531590020940284,
    0.9531734712995666,
    0.9531620283850633,
    0.9531479068084736,
    0.9531445158793448,
    0.9531130444388102,
    0.9530981463748511,
    0.9480110589001404,
    0.9524689993953026,
    0.952435862601167,
    0.9524534440519993,
    0.9524600449738582,
    0.9524626078243288,
    0.9524461127523534,
    0.9523794467312355,
    0.9524381615288084
  ],
  "lam": [
    0.8789019377371278,
    0.5759539762866405,
    0.8254275348524118,
    0.8244594348621784,
    0.8239989061836095,
    0.8220589073212623,
    0.8167757966075527,
    0.8157403840530114,
    0.8141577907298473,
    0.8128474291865913,
    0.8121054762482333,
    0.8123990058313235,
    0.6544855582661615,
    0.7888200487800632,
    0.7874764108369386,
    0.7865055623511403,
    0.7865449346673216,
    0.7848780003137117,
    0.7846075319013953,
    0.7841574129981554,
    0.7834467183626943,
    0.9487460937355859,
    0.8252780363793895,
    0.8258882332555686,
    0.8248915942813508,
    0.8234605391608912,
    0.8232327720357844,
    0.8223843086763398,
    0.8211601286933006,
    0.8216028373012242
  ],
  "max_kl": [
    0.15670765761006325,
    0.13955844324037514,
    0.13808868081853679,
    0.13963078887081623,
    0.14099924438000472,
    0.2686961269106278,
    0.1662197288974102,
    0.167168728791953,
    0.16831100117178982,
    0.16957436565588327,
    0.17062743115606516,
    0.17140375870468896,
    0.27276481443326445,
    0.1846720363446264,
    0.1855750162791762,
    0.1862492731989772,
    0.186935326260154,
    0.18801348925843603,
    0.18814577732995444,
    0.18889940985784118,
    0.18954462947857395,
    0.2649121528128711,
    0.1973214719177298,
    0.19857972751799494,
    0.19798600293647514,
    0.19876503589622305,
    0.1992679820037315,
    0.2003332035172842,
    0.2004051398646471,
    0.20084422463968268
  ],
  "cg_iters": [
    8,
    9,
    8,
    8,
    8,
    9,
    9,
    9,
    9,
    9,
    9,
    9,
    10,
    9,
    9,
    9,
    9,
    9,
    9,
    9,
    9,
    9,
    9,
    9,
    9,
    9,
    9,
    9,
    9,
    9
  ],
  "entcoeff": [
    5.8779955293937136e-05,
    0.0006013575748446846,
    0.0002624253988559472,
    0.00017654683061606833,
    4.3854803857758926e-05,
    0.0005476151539111463,
    0.0009796392552476514,
    0.0003185836038584197,
    0.00010254132541114664,
    0.0006311869140724125,
    0.00015842691800634363,
    0.00017632293560647245,
    4.2528763437422224e-05,
    0.0005067238696889875,
    2.1174012930162662e-05,
    0.000591667974827596,
    0.0007548707164674148,
    0.00039006404954853305,
    0.000285938190364233,
    6.127283041536448e-05,
    0.00022502147215280915,
    6.221750900513302e-05,
    0.00022209563990202122,
    9.274843734777818e-05,
    6.312083151797311e-05,
    4.1933986150369704e-05,
    0.0007137187598082462,
    0.00012263818372500721,
    0.0002704109600259044,
    5.5257959548392366e-05
  ],
  "cg_damping": [
    0.16187420834108415,
    0.42136333790297215,
    0.11645375045069216,
    0.11497493507411578,
    0.11398930942891111,
    0.0071966929210813164,
    0.06477728571855457,
    0.06507687965081932,
    0.06606064418769596,
    0.0663836896702828,
    0.06738011857077318,
    0.06762672780323636,
    1.0,
    0.1330298003442497,
    0.13239102244817685,
    0.1289599704539467,
    0.1320867431661492,
    0.1330048446032403,
    0.1331162929163434,
    0.13147511426408806,
    0.13203814658697072,
    1.0,
    0.1874851948067368,
    0.1871784637188461,
    0.18768119625379087,
    0.18766258883706266,
    0.18761458706339088,
    0.19252415371191867,
    0.1867154821113569,
    0.1865327062177481
  ],
  "vf_stepsize": [
    0.003641906982279783,
    0.004200370969996598,
    0.003924277542503807,
    0.0039464274637610415,
    0.003962687265441249,
    0.005492710598077034,
    0.004334463571389655,
    0.004347036642081411,
    0.004361263581199087,
    0.00437238082682257,
    0.0043851558648907545,
    0.004391707328080387,
    0.005549899345507888,
    0.004562200981892849,
    0.004563701985769476,
    0.004573193638346028,
    0.004580826201716277,
    0.004586665001958845,
    0.004585285803158196,
    0.004591101220201024,
    0.004601253401918128,
    0.004191254883984518,
    0.004508143700032113,
    0.004517620923001019,
    0.004516316119903987,
    0.004520913108546215,
    0.00452492218768473,
    0.004519428174399578,
    0.004520540060877972,
    0.004536161443069929
  ],
  "vf_iters": [
    12,
    13,
    11,
    11,
    11,
    14,
    12,
    12,
    12,
    12,
    12,
    12,
    12,
    12,
    12,
    12,
    12,
    12,
    12,
    12,
    12,
    12,
    12,
    12,
    12,
    12,
    12,
    12,
    12,
    12
  ],
  "vf_minibatches": [
    20,
    18,
    17,
    17,
    17,
    17,
    17,
    17,
    17,
    17,
    17,
    17,
    26,
    18,
    18,
    18,
    18,
    18,
    18,
    18,
    18,
    24,
    19,
    19,
    19,
    19,
    19,
    19,
    19,
    19
  ],
  "num_envs": 4,
  "results_dir_name": "results",
  "storage_dir_name": "storage",
  "train_set": "remaining",
  "eval_set": "remaining",
  "OPENAI_LOG_FORMAT": "csv",
  "walltime_hrs": 0.3,
  "num_checkpoints": 100,
  "eval_ntrajs": 10,
  "eval_nsteps": 200,
  "eval_seed": 12345,
  "looping_tree": {
    "method": "fixed",
    "environment": "fixed",
    "total_timesteps": "fixed",
    "rng_seed": "zip",
    "policy_kwargs": "fixed",
    "timesteps_per_batch": "zip",
    "gamma": "zip",
    "lam": "zip",
    "max_kl": "zip",
    "cg_iters": "zip",
    "entcoeff": "zip",
    "cg_damping": "zip",
    "vf_stepsize": "zip",
    "vf_iters": "zip",
    "vf_minibatches": "zip"
  }
}