{
  "description": "Hyper-parameter optimization for trpo on a low frequency environment",
  "method": "trpo",
  "environment": "drop_leg_100hz",
  "total_timesteps": 4000000,
  "rng_seed": [
    2000,
    1000,
    1000,
    2000,
    1000,
    0,
    1000,
    1000,
    1000,
    1000,
    1000,
    1000,
    2000,
    2000,
    2000,
    1000,
    2000,
    0,
    0,
    2000,
    2000,
    1000,
    1000,
    2000,
    1000,
    0,
    1000,
    2000,
    2000,
    0
  ],
  "policy_kwargs": {
    "net_arch": [
      {
        "vf": [
          64,
          64
        ],
        "pi": [
          64,
          64
        ]
      }
    ]
  },
  "timesteps_per_batch": [
    4066,
    3548,
    3859,
    3316,
    3173,
    4057,
    3434,
    1568,
    3526,
    5264,
    3875,
    1140,
    3254,
    1392,
    2302,
    3959,
    2552,
    3939,
    1786,
    2445,
    3813,
    2009,
    2583,
    890,
    2399,
    5823,
    3037,
    4317,
    2925,
    1398
  ],
  "gamma": [
    0.966060297528387,
    0.9803648704053262,
    0.9680130233769316,
    0.9620617988087968,
    0.9858889687023769,
    0.9662037056694376,
    0.9845524688691765,
    0.9594457901485463,
    0.9727774300222405,
    0.976059415985906,
    0.9727061476899926,
    0.9734988222160319,
    0.9800491267412658,
    0.9690995593432294,
    0.9717421610527139,
    0.9452559107744091,
    0.9717949615646437,
    0.9742111598942005,
    0.9772390364894958,
    0.9779007893944196,
    0.9695574920844452,
    0.9627703600367918,
    0.9796779757821739,
    0.9882299209160983,
    0.9744686123514377,
    0.9807252206109801,
    0.9881259804475652,
    0.9761453579533651,
    0.9635513222689976,
    0.9796816328562814
  ],
  "lam": [
    0.36,
    0.8612175915763642,
    0.7299334464393712,
    0.8149352264613859,
    0.40683415896910735,
    0.7631895268113102,
    0.9282782968597382,
    0.8691791728333293,
    0.9027592711948734,
    0.36,
    0.7478932354603878,
    0.3694857710015027,
    0.36,
    0.6085711136509064,
    0.8275136605643839,
    0.5382492237846108,
    0.8370310665097673,
    0.6216916075937305,
    0.9231342044259873,
    0.8883560444556585,
    0.7199798427287227,
    0.8171048717308407,
    0.6678226650558726,
    0.48687191153878395,
    0.36,
    0.9309841403249115,
    0.8014202552148848,
    0.36,
    0.9705720862457434,
    0.8188668003465719
  ],
  "max_kl": [
    0.0748094500334551,
    0.21093579580133942,
    0.3091427527804182,
    0.25455081537857105,
    0.08501866486893765,
    0.0480739099043066,
    0.12644665685196813,
    0.2367979025829095,
    0.17410899576287797,
    0.64,
    0.351010112646268,
    0.14121595792997094,
    0.08506313530087027,
    0.23650212012957236,
    0.0992113494031379,
    0.09167411900145457,
    0.416404629157949,
    0.37551227390327546,
    0.21955753071545947,
    0.1394480876854553,
    0.2967501340255986,
    0.172423574506496,
    0.0347669879592221,
    0.09226846530751824,
    0.21415358715327654,
    0.5357956357677873,
    0.4983908694795227,
    0.09191481928764243,
    0.029731033267760564,
    0.16041914706673427
  ],
  "cg_iters": [
    4,
    8,
    5,
    6,
    7,
    7,
    7,
    8,
    7,
    7,
    8,
    7,
    6,
    6,
    9,
    7,
    7,
    7,
    5,
    6,
    5,
    4,
    4,
    4,
    4,
    3,
    4,
    4,
    4,
    3
  ],
  "entcoeff": [
    -3.3881317890172014e-21,
    4.5079400981472046e-05,
    4.447560714391363e-05,
    4.45041507734978e-05,
    4.4220423408037676e-05,
    4.471005998189093e-05,
    4.426702963931298e-05,
    4.451580319518497e-05,
    4.442767545867445e-05,
    4.4043557911666706e-05,
    4.4690019073339636e-05,
    4.444536316817442e-05,
    4.3919258348392054e-05,
    4.427701305315887e-05,
    4.4669885938856485e-05,
    4.4471991672683364e-05,
    4.462164432717292e-05,
    4.4332743809477594e-05,
    4.388223548832269e-05,
    4.4038341927872546e-05,
    4.3527239610718215e-05,
    -3.3881317890172014e-21,
    -3.3881317890172014e-21,
    4.300061190918305e-05,
    4.314453703607634e-05,
    4.314898387635558e-05,
    4.355731623802218e-05,
    4.3383683250247254e-05,
    -3.3881317890172014e-21,
    4.2677384239529576e-05
  ],
  "cg_damping": [
    0.19727816741912985,
    0.11324451819650634,
    0.11465559605707562,
    0.11242153644897634,
    0.11403440403771088,
    0.11439257046401882,
    0.1134301288410325,
    0.11347665729287255,
    0.11408370106333371,
    0.11316762380324898,
    0.11518182123742594,
    0.11320664479174844,
    0.11209533684943246,
    0.11211726984944137,
    0.11315688915752456,
    0.11296222852239805,
    0.1132613347855679,
    0.11305861197319754,
    0.11078959742630551,
    0.11432547434579775,
    0.11213715853916167,
    0.1974223211641174,
    0.19967151159049581,
    0.11051901889885571,
    0.11312689852635813,
    0.11084790140167826,
    0.11305516738347379,
    0.11022742191695105,
    0.1993056185867151,
    0.10995668316616461
  ],
  "vf_stepsize": [
    0.0070283353728874,
    0.011021567192870198,
    0.01216636434703725,
    0.0037294187467686534,
    0.006099841673574577,
    0.006308087102335544,
    0.006568171163644011,
    0.010462109884074342,
    0.013214838648470385,
    0.002526719989460628,
    0.0026481429815465524,
    0.005852943701665359,
    0.006764780193308897,
    0.012800198062320021,
    0.004409632423208978,
    0.010548437197704522,
    0.00635856973222136,
    0.007469059103872595,
    0.004826393734095301,
    0.0034514250220649663,
    0.019415281555295247,
    0.009724742701553409,
    0.004056671422390416,
    0.008221284974557874,
    0.00239913346654589,
    0.010590674068872303,
    0.014322222487711228,
    0.007867594198642865,
    0.008301728747735906,
    0.003752865056864426
  ],
  "vf_iters": [
    8,
    8,
    10,
    7,
    5,
    7,
    7,
    5,
    13,
    11,
    7,
    15,
    10,
    8,
    9,
    8,
    5,
    9,
    5,
    16,
    7,
    13,
    15,
    7,
    5,
    11,
    4,
    4,
    5,
    5
  ],
  "vf_minibatches": [
    22,
    18,
    21,
    12,
    12,
    25,
    22,
    16,
    11,
    40,
    15,
    16,
    14,
    39,
    11,
    18,
    40,
    27,
    19,
    5,
    17,
    8,
    7,
    18,
    21,
    21,
    10,
    6,
    7,
    19
  ],
  "num_envs": 4,
  "results_dir_name": "results",
  "storage_dir_name": "storage",
  "train_set": "remaining",
  "eval_set": "remaining",
  "OPENAI_LOG_FORMAT": "csv",
  "walltime_hrs": 0.3,
  "num_checkpoints": 100,
  "eval_ntrajs": 10,
  "eval_nsteps": 200,
  "eval_seed": 12345,
  "looping_tree": {
    "method": "fixed",
    "environment": "fixed",
    "total_timesteps": "fixed",
    "rng_seed": "zip",
    "policy_kwargs": "fixed",
    "timesteps_per_batch": "zip",
    "gamma": "zip",
    "lam": "zip",
    "max_kl": "zip",
    "cg_iters": "zip",
    "entcoeff": "zip",
    "cg_damping": "zip",
    "vf_stepsize": "zip",
    "vf_iters": "zip",
    "vf_minibatches": "zip"
  }
}