{
  "description": "Hyper-parameter optimization for trpo on a low frequency environment",
  "method": "trpo",
  "environment": "drop_leg_100hz",
  "total_timesteps": 4000000,
  "rng_seed": [
    2000,
    1000,
    0,
    0,
    2000,
    0,
    1000,
    2000,
    1000,
    1000,
    2000,
    2000,
    0,
    1000,
    1000,
    1000,
    2000,
    1000,
    0,
    2000,
    2000,
    1000,
    0,
    2000,
    2000,
    0,
    0,
    0,
    1000,
    1000
  ],
  "policy_kwargs": {
    "net_arch": [
      {
        "vf": [
          64,
          64
        ],
        "pi": [
          64,
          64
        ]
      }
    ]
  },
  "timesteps_per_batch": [
    83,
    91,
    254,
    771,
    297,
    11903,
    6337,
    499,
    1089,
    208,
    6893,
    438,
    13889,
    4215,
    9152,
    1757,
    331,
    764,
    1640,
    824,
    1016,
    364,
    108,
    2232,
    2600,
    3468,
    632,
    625,
    401,
    1052
  ],
  "gamma": [
    0.9986713481901599,
    0.9997677881174726,
    0.9988614770088732,
    0.9959593938456534,
    0.9941739307799065,
    0.9796523550770956,
    0.9770299663584764,
    0.9981888400244369,
    0.9240013852618315,
    0.9984772437413031,
    0.8908849037408932,
    0.8808745096639468,
    0.9987640626020156,
    0.8991285000218989,
    0.999820339287394,
    0.8874837029413786,
    0.9590313933080745,
    0.9996846782218587,
    0.9997567402112415,
    0.936915571231441,
    0.999669926501775,
    0.6560674130587196,
    0.8046517366529402,
    0.6396772284200427,
    0.9965404231761895,
    0.9795884260837113,
    0.99505637713688,
    0.9848603395538531,
    0.9945910659569037,
    0.9961408014215836
  ],
  "lam": [
    0.9997365615122187,
    0.982560412499101,
    0.8838319846626425,
    0.9390273903162999,
    0.9627006892686293,
    0.9973255837845224,
    0.9987872176141203,
    0.9924709000847658,
    0.9982507047236504,
    0.9112669999591094,
    0.8080527588815248,
    0.9778768056121866,
    0.9805546101639708,
    0.6040905000891522,
    0.9962783120621508,
    0.649956168394548,
    0.9268126118269102,
    0.9997076241512062,
    0.9984969162149799,
    0.8936742918844895,
    0.9971627423044198,
    0.990018940132379,
    0.9817861632050578,
    0.9841690168059245,
    0.9402873566315578,
    0.887622027024913,
    0.9980684327718129,
    0.9597157941207735,
    0.9776977913945369,
    0.9623016540078304
  ],
  "max_kl": [
    0.035133874100896745,
    0.07985361790239506,
    0.2463570897047236,
    0.040904654623237544,
    0.028762875213753362,
    0.028767510363017154,
    0.03652905230869609,
    0.009479545170819332,
    0.002847799443013423,
    0.008107506619556809,
    0.0013986477425001465,
    0.021715321433533476,
    0.11010871428732369,
    0.017072282975041618,
    0.061963108143155435,
    0.14394049875780895,
    0.02086471062419476,
    0.0073848636563260996,
    0.6269652036531126,
    0.1702163898085053,
    0.33684048985644705,
    0.22634431258096632,
    0.0029607076571578103,
    0.012912521586388863,
    0.16972893262390903,
    0.25530216761078894,
    0.15711870124521796,
    0.07918521816304053,
    0.08253653015076612,
    0.2810068688276368
  ],
  "cg_iters": [
    4,
    2,
    6,
    4,
    4,
    4,
    12,
    9,
    10,
    3,
    5,
    8,
    1,
    6,
    4,
    17,
    7,
    6,
    10,
    4,
    3,
    2,
    15,
    16,
    10,
    11,
    17,
    20,
    4,
    10
  ],
  "entcoeff": [
    2.4220753613185367e-05,
    8.281743140998665e-05,
    3.363251511236323e-05,
    0.00013545705010006227,
    0.00091333884907252,
    0.00014251475533724723,
    0.00022063977375223368,
    0.0002614594070110477,
    0.00020212212158085083,
    0.00029206606339430684,
    0.0005960814126869205,
    5.7459451643176966e-05,
    0.0002918103523155426,
    2.2047899331256717e-05,
    6.00646619988106e-05,
    0.00013342731805498104,
    5.2805220948882623e-05,
    2.7791621920430897e-05,
    0.00047738724921925056,
    0.00010904521244614544,
    0.00033348071860010275,
    0.0005044998307161321,
    4.753476492538975e-05,
    9.062312371921607e-06,
    2.781496146695457e-05,
    2.280643138316918e-05,
    2.6849844608092036e-05,
    3.608025743928827e-05,
    9.862752486679993e-05,
    3.2542670404032263e-05
  ],
  "cg_damping": [
    0.00028868907755565104,
    0.0010347123476217323,
    0.025705750540305126,
    0.0007018900797079467,
    0.001009264137387639,
    0.0003750418997925554,
    0.0003293188983116106,
    0.0190312444182898,
    0.05707290879901644,
    0.018409674620368077,
    0.0013779868113693331,
    0.18841274377234132,
    0.22832601244343836,
    0.000429834448095154,
    0.02733629896395068,
    0.00021354305437849955,
    0.08855515029163051,
    0.001328740260450208,
    0.0003342772935102384,
    0.00046196477494242944,
    0.0012660985093796446,
    0.004142547689574075,
    0.019624110428116088,
    0.013866701068425805,
    0.1354071863137787,
    0.08947593779094187,
    0.5152817178822205,
    0.09366995558714294,
    0.00045977965916666586,
    0.10824926285046714
  ],
  "vf_stepsize": [
    0.003777133354996433,
    0.019331370489442844,
    0.00035278554736227014,
    0.0009038840557029104,
    0.008730953745147116,
    0.0006502331895599842,
    3.0414936167340707e-06,
    0.0012546750827021312,
    7.305335094530734e-05,
    0.02120592746835496,
    0.0024484785759027795,
    8.03184274719829e-05,
    4.218647449846754e-05,
    0.013278812224506794,
    3.841110981403002e-05,
    0.00018228897028040218,
    9.663317831939546e-05,
    0.002919137840262224,
    0.0026463368982485255,
    0.026308707624402246,
    5.719351096137245e-06,
    0.015568373676853521,
    0.00048331147848198087,
    5.831702505323736e-06,
    2.3192142354605386e-05,
    0.0006589558483201143,
    0.00022003106069100542,
    0.00019678015854253565,
    0.004107851656942245,
    0.00011841941645373988
  ],
  "vf_iters": [
    17,
    1,
    1,
    4,
    2,
    1,
    9,
    2,
    4,
    1,
    16,
    6,
    15,
    2,
    1,
    3,
    11,
    1,
    4,
    22,
    2,
    5,
    1,
    11,
    3,
    9,
    1,
    1,
    2,
    3
  ],
  "vf_minibatches": [
    1,
    55,
    32,
    53,
    8,
    27,
    1,
    29,
    12,
    5,
    14,
    40,
    3,
    49,
    6,
    4,
    9,
    12,
    4,
    54,
    26,
    17,
    2,
    30,
    12,
    1,
    8,
    11,
    21,
    8
  ],
  "num_envs": 4,
  "results_dir_name": "results",
  "storage_dir_name": "storage",
  "train_set": "remaining",
  "eval_set": "remaining",
  "OPENAI_LOG_FORMAT": "csv",
  "walltime_hrs": 0.3,
  "num_checkpoints": 100,
  "eval_ntrajs": 10,
  "eval_nsteps": 200,
  "eval_seed": 12345,
  "looping_tree": {
    "method": "fixed",
    "environment": "fixed",
    "total_timesteps": "fixed",
    "rng_seed": "zip",
    "policy_kwargs": "fixed",
    "timesteps_per_batch": "zip",
    "gamma": "zip",
    "lam": "zip",
    "max_kl": "zip",
    "cg_iters": "zip",
    "entcoeff": "zip",
    "cg_damping": "zip",
    "vf_stepsize": "zip",
    "vf_iters": "zip",
    "vf_minibatches": "zip"
  }
}