{
  "description": "Hyper-parameter optimization for trpo on a low frequency environment",
  "method": "trpo",
  "environment": "drop_leg_100hz",
  "total_timesteps": 4000000,
  "rng_seed": [
    1000,
    0,
    0,
    1000,
    2000,
    1000,
    0,
    1000,
    0,
    0,
    2000,
    2000,
    2000,
    1000,
    1000,
    0,
    2000,
    0,
    0,
    2000,
    2000,
    2000,
    2000,
    0,
    1000,
    2000,
    1000,
    0,
    0,
    0
  ],
  "policy_kwargs": {
    "net_arch": [
      {
        "vf": [
          64,
          64
        ],
        "pi": [
          64,
          64
        ]
      }
    ]
  },
  "timesteps_per_batch": [
    2946,
    2909,
    2466,
    2803,
    4963,
    2350,
    5694,
    3652,
    3158,
    2902,
    3574,
    2284,
    2198,
    3727,
    4891,
    7185,
    5399,
    4252,
    3049,
    6015,
    2672,
    2212,
    6541,
    8326,
    2390,
    2334,
    2664,
    2845,
    2704,
    1728
  ],
  "gamma": [
    0.9672199413255548,
    0.9665368775974542,
    0.9739229062695058,
    0.9545713038501253,
    0.9727113765315027,
    0.9547529292273214,
    0.9736860342980931,
    0.9794178515082841,
    0.9278248119811653,
    0.9537798167785129,
    0.9793233019534928,
    0.9544020935855418,
    0.9538656424691823,
    0.9741137960737589,
    0.9647793768171699,
    0.9727253069736399,
    0.9723989291973664,
    0.9542344303491854,
    0.9541554305624975,
    0.9721026818892374,
    0.9389134213977113,
    0.9542882942307767,
    0.9723865138768492,
    0.9721382846699439,
    0.9398999738684324,
    0.9395225811707666,
    0.939836775470243,
    0.973786004123081,
    0.9544317273607075,
    0.9397374460769309
  ],
  "lam": [
    0.36,
    0.36,
    0.36,
    0.6056410319234717,
    0.7354211467111265,
    0.4885924639937127,
    0.36,
    0.36,
    0.43798413299366534,
    0.7005089621604526,
    0.36,
    0.6734428487211724,
    0.6622488908825097,
    0.36,
    0.4188969124706241,
    0.7981382219698739,
    0.7740562161926529,
    0.42952952410725376,
    0.58834053952961,
    0.7737627036823203,
    0.6947533100231064,
    0.6095637577646376,
    0.8832807119794601,
    0.8087336293394658,
    0.5804958104332318,
    0.7186906674553344,
    0.8224953352365421,
    0.36,
    0.6306353271100401,
    0.7592330404500802
  ],
  "max_kl": [
    0.64,
    0.64,
    0.16609199851709333,
    0.359990631952962,
    0.48120948346679504,
    0.403681330260971,
    0.21808448484655282,
    0.06346105058186484,
    0.14058022384288937,
    0.32849519146890366,
    0.06628831209770701,
    0.4308585045130482,
    0.45634735923064507,
    0.3009950850125673,
    0.14965567829937393,
    0.5012799856757791,
    0.6008041980090763,
    0.407984684468004,
    0.4053178312102337,
    0.4116103776998948,
    0.5100978571407332,
    0.32729778297594236,
    0.4434989068970318,
    0.37271075893419814,
    0.5987002947888248,
    0.6285324802545178,
    0.46673100464779477,
    0.1951971591638706,
    0.5400810548256442,
    0.5279972359965708
  ],
  "cg_iters": [
    4,
    4,
    6,
    6,
    5,
    6,
    6,
    6,
    5,
    6,
    6,
    6,
    6,
    6,
    6,
    5,
    5,
    7,
    11,
    9,
    2,
    10,
    1,
    5,
    3,
    5,
    3,
    2,
    2,
    3
  ],
  "entcoeff": [
    3.8060086662694814e-07,
    -3.3881317890172014e-21,
    4.3616597033852793e-05,
    4.294127376694688e-05,
    4.492385200131586e-05,
    4.319318324780681e-05,
    4.355287444461271e-05,
    4.2691743728751295e-05,
    4.72231994195567e-05,
    4.3099616378809885e-05,
    4.3257738450664735e-05,
    4.1887644961004736e-05,
    4.264482688109842e-05,
    4.379370972672061e-05,
    4.4886326427839115e-05,
    4.521032011057448e-05,
    4.5211034685851384e-05,
    4.2668140329329224e-05,
    4.349481050750179e-05,
    4.432291619623775e-05,
    4.4471933329262985e-05,
    4.241622793166743e-05,
    4.5041888644482305e-05,
    4.4833947964326905e-05,
    4.39285950432688e-05,
    4.383481037663279e-05,
    4.4529829890412236e-05,
    4.344094765418871e-05,
    4.259588812111245e-05,
    4.4920908572574026e-05
  ],
  "cg_damping": [
    1.0,
    1.0,
    0.2553708905594356,
    0.14005435627796378,
    0.07858944528405268,
    0.1352636297634449,
    0.20357883195884727,
    0.12491772375412737,
    0.11963138413356555,
    0.14569852653840887,
    0.13775662793448012,
    0.10165349538855446,
    0.09239294716301388,
    0.19480208406639601,
    0.029386881995841913,
    0.08694193879828471,
    0.07428313204240514,
    0.1226943474067078,
    0.12285221340401546,
    0.07917864936288807,
    0.09289331531918389,
    0.1213639808585088,
    0.08599424472064769,
    0.07897739824778668,
    0.08871918854004646,
    0.09372408927630244,
    0.09227166874818256,
    0.1811214719922791,
    0.13178100493654102,
    0.08160610128236812
  ],
  "vf_stepsize": [
    0.029999999999999995,
    0.029999999999999995,
    0.0058726993667361,
    0.025338570471144923,
    0.014269481656355274,
    0.012395250990649476,
    0.005280860859315138,
    0.0020203333738603585,
    0.009410102945873104,
    0.008028780078508395,
    0.004332966254558524,
    0.001753689985379512,
    0.00879578081683571,
    0.0012655367298500051,
    0.017466404096875884,
    0.00989656409914056,
    0.029999999999999995,
    0.002420520153566725,
    0.0014604383825541237,
    0.006897625493804706,
    0.010251951217228435,
    0.003302657860218779,
    0.013361495988259147,
    0.009118673145363472,
    0.01981723062292594,
    0.006215036056857288,
    0.004184323515480879,
    0.0016711010756954641,
    0.007376564902790972,
    0.011896244496953489
  ],
  "vf_iters": [
    3,
    2,
    12,
    11,
    3,
    10,
    12,
    11,
    7,
    10,
    10,
    10,
    10,
    13,
    9,
    3,
    3,
    9,
    10,
    3,
    2,
    9,
    3,
    3,
    2,
    3,
    3,
    12,
    10,
    2
  ],
  "vf_minibatches": [
    18,
    19,
    13,
    35,
    10,
    21,
    11,
    17,
    25,
    18,
    13,
    20,
    31,
    7,
    16,
    17,
    18,
    26,
    21,
    18,
    11,
    30,
    12,
    17,
    18,
    8,
    3,
    16,
    36,
    10
  ],
  "num_envs": 4,
  "results_dir_name": "results",
  "storage_dir_name": "storage",
  "train_set": "remaining",
  "eval_set": "remaining",
  "OPENAI_LOG_FORMAT": "csv",
  "walltime_hrs": 0.3,
  "num_checkpoints": 100,
  "eval_ntrajs": 10,
  "eval_nsteps": 200,
  "eval_seed": 12345,
  "looping_tree": {
    "method": "fixed",
    "environment": "fixed",
    "total_timesteps": "fixed",
    "rng_seed": "zip",
    "policy_kwargs": "fixed",
    "timesteps_per_batch": "zip",
    "gamma": "zip",
    "lam": "zip",
    "max_kl": "zip",
    "cg_iters": "zip",
    "entcoeff": "zip",
    "cg_damping": "zip",
    "vf_stepsize": "zip",
    "vf_iters": "zip",
    "vf_minibatches": "zip"
  }
}