{
  "description": "Hyper-parameter optimization for trpo on a low frequency environment",
  "method": "trpo",
  "environment": "drop_leg_100hz",
  "total_timesteps": 4000000,
  "rng_seed": [
    1000,
    1000,
    2000,
    2000,
    0,
    1000,
    2000,
    0,
    1000,
    1000,
    0,
    0,
    0,
    1000,
    0,
    0,
    1000,
    1000,
    0,
    0,
    1000,
    0,
    2000,
    1000,
    0,
    1000,
    0,
    0,
    0,
    0
  ],
  "policy_kwargs": {
    "net_arch": [
      {
        "vf": [
          64,
          64
        ],
        "pi": [
          64,
          64
        ]
      }
    ]
  },
  "timesteps_per_batch": [
    3840,
    3831,
    4675,
    3543,
    5192,
    3493,
    3898,
    4842,
    10700,
    7257,
    8609,
    4047,
    4349,
    5601,
    6892,
    7255,
    3855,
    4376,
    8654,
    5302,
    8751,
    3438,
    4963,
    2999,
    4282,
    8715,
    3746,
    2745,
    2148,
    7246
  ],
  "gamma": [
    0.9571112345996877,
    0.9747444646212462,
    0.9661903654023449,
    0.9646959835686696,
    0.9839344550879066,
    0.9727831091926171,
    0.9851599570779898,
    0.9460947952096043,
    0.8658788065095433,
    0.9266967382971705,
    0.9656443489790081,
    0.9442213168650391,
    0.9270231732589043,
    0.9199183604861165,
    0.7765028186358459,
    0.9855585451155864,
    0.940973465681174,
    0.9809703752625887,
    0.8476121303477183,
    0.9468645441830134,
    0.8947926080798109,
    0.8969305477184645,
    0.8699549532109593,
    0.9594675644264515,
    0.9118984827684704,
    0.9160215102951719,
    0.9693713059940348,
    0.9573925905924615,
    0.9807471305274693,
    0.648743116746356
  ],
  "lam": [
    0.7472792362290641,
    0.36,
    0.7139730091860941,
    0.7893544952707857,
    0.8077962469850725,
    0.382319999701326,
    0.36,
    0.7128462755352603,
    0.36,
    0.5699376753747172,
    0.3732636058884875,
    0.6893701782924933,
    0.8306741956030081,
    0.36,
    0.36,
    0.4238910079214385,
    0.8385088765819948,
    0.44629164255234965,
    0.5432656558784335,
    0.6327840090246757,
    0.36,
    0.6472946351278017,
    0.7465998310151114,
    0.9271638829564466,
    0.7288180303651325,
    0.6616805338547146,
    0.36,
    0.5793517171976146,
    0.46348317959779006,
    0.5731007478961327
  ],
  "max_kl": [
    0.14122932464997134,
    0.2492973245428468,
    0.04509526732569469,
    0.13405650540390082,
    0.10825661298432714,
    0.15836093648254718,
    0.1817255124112195,
    0.1402841278517233,
    0.22879553524596516,
    0.18859708674515435,
    0.055724366016113844,
    0.3527884062045045,
    0.07506948777659987,
    0.1555224626738124,
    0.19927739797500751,
    0.11413202072181404,
    0.37170507412308423,
    0.09725092614492976,
    0.47452372171641327,
    0.06811382322414199,
    0.2710534384176595,
    0.5645709010139378,
    0.16441881979619247,
    0.059212015472283185,
    0.32202283384557384,
    0.19493401768972274,
    0.09509011454074544,
    0.3697877974363888,
    0.08889354196570305,
    0.1871119234377819
  ],
  "cg_iters": [
    8,
    5,
    6,
    5,
    5,
    6,
    5,
    8,
    5,
    5,
    5,
    6,
    8,
    5,
    5,
    5,
    6,
    5,
    6,
    5,
    6,
    6,
    8,
    8,
    6,
    5,
    5,
    6,
    6,
    6
  ],
  "entcoeff": [
    4.368432635102152e-05,
    4.420793926407419e-05,
    4.474487314765885e-05,
    4.4621415577507145e-05,
    4.4388038028673705e-05,
    4.327392684747186e-05,
    4.419218028914725e-05,
    4.363741009622673e-05,
    4.4478268557386185e-05,
    4.439571522364313e-05,
    4.440272003027199e-05,
    4.473572934078627e-05,
    4.3608885921606684e-05,
    4.4704024044915355e-05,
    4.452114379877543e-05,
    4.4379192984020206e-05,
    4.476473499566216e-05,
    4.4288678350689856e-05,
    4.4741765971332285e-05,
    4.425101402541306e-05,
    4.400286260750192e-05,
    4.4811700731340075e-05,
    4.379416051518216e-05,
    4.37646073691935e-05,
    4.440455823133216e-05,
    4.47342964031004e-05,
    4.4911533331807914e-05,
    4.465643405930127e-05,
    4.297853063463692e-05,
    4.403039079878012e-05
  ],
  "cg_damping": [
    0.05114281959048002,
    0.11373091230469705,
    0.09043940106570277,
    0.09402420452827345,
    0.09371786352982718,
    0.19961619220943452,
    0.11953620081429012,
    0.051604243285504704,
    0.02500815113498877,
    0.023958921999278016,
    0.11416488098112154,
    0.1029511575501833,
    0.050852092567626545,
    0.024615537818927186,
    0.025892118703657874,
    0.11552573825702216,
    0.10309497219551408,
    0.10995604540400276,
    0.02536639686052049,
    0.11629224840940303,
    0.025597658832078964,
    0.10405773349253997,
    0.04953611201037649,
    0.04995535682444896,
    0.1111920657544523,
    0.02560158134038471,
    0.1143690121641056,
    0.10674449726117824,
    0.20336040190043686,
    0.024813537854505484
  ],
  "vf_stepsize": [
    0.007569022963934111,
    0.010856717761355014,
    0.029999999999999995,
    0.008561554325499923,
    0.002661590228987584,
    0.0031565208104282418,
    0.008690238048910365,
    0.008280437186062384,
    0.022525526708570155,
    0.028075474673753445,
    0.009883913569842905,
    0.01659737939900878,
    0.007772474592320395,
    0.029999999999999995,
    0.021628642280527986,
    0.01484701877061706,
    0.011413105409563688,
    0.00841322342858856,
    0.014763855430842713,
    0.013118131252579598,
    0.029999999999999995,
    0.01211580500241187,
    0.012599195060603014,
    0.008149003876952835,
    0.007262719511186563,
    0.029999999999999995,
    0.006480413240513159,
    0.008097359132486165,
    0.003520874468144859,
    0.013008773526122919
  ],
  "vf_iters": [
    10,
    3,
    3,
    3,
    3,
    7,
    9,
    3,
    2,
    2,
    7,
    7,
    2,
    10,
    3,
    2,
    4,
    15,
    8,
    4,
    3,
    1,
    4,
    15,
    3,
    3,
    2,
    16,
    3,
    5
  ],
  "vf_minibatches": [
    13,
    10,
    12,
    21,
    21,
    14,
    10,
    13,
    20,
    20,
    10,
    4,
    13,
    20,
    20,
    10,
    4,
    10,
    19,
    10,
    19,
    4,
    12,
    12,
    12,
    19,
    10,
    4,
    14,
    20
  ],
  "num_envs": 4,
  "results_dir_name": "results",
  "storage_dir_name": "storage",
  "train_set": "remaining",
  "eval_set": "remaining",
  "OPENAI_LOG_FORMAT": "csv",
  "walltime_hrs": 0.3,
  "num_checkpoints": 100,
  "eval_ntrajs": 10,
  "eval_nsteps": 200,
  "eval_seed": 12345,
  "looping_tree": {
    "method": "fixed",
    "environment": "fixed",
    "total_timesteps": "fixed",
    "rng_seed": "zip",
    "policy_kwargs": "fixed",
    "timesteps_per_batch": "zip",
    "gamma": "zip",
    "lam": "zip",
    "max_kl": "zip",
    "cg_iters": "zip",
    "entcoeff": "zip",
    "cg_damping": "zip",
    "vf_stepsize": "zip",
    "vf_iters": "zip",
    "vf_minibatches": "zip"
  }
}