{
  "description": "Hyper-parameter optimization for trpo on a low frequency environment",
  "method": "trpo",
  "environment": "drop_leg_100hz",
  "total_timesteps": 4000000,
  "rng_seed": [
    1000,
    0,
    2000,
    1000,
    1000,
    0,
    1000,
    2000,
    2000,
    1000,
    2000,
    2000,
    1000,
    2000,
    1000,
    1000,
    0,
    2000,
    2000,
    2000,
    0,
    1000,
    0,
    2000,
    1000,
    1000,
    1000,
    2000,
    0,
    0
  ],
  "policy_kwargs": {
    "net_arch": [
      {
        "vf": [
          64,
          64
        ],
        "pi": [
          64,
          64
        ]
      }
    ]
  },
  "timesteps_per_batch": [
    4067,
    2809,
    2944,
    4223,
    2888,
    3966,
    3882,
    3332,
    4046,
    7041,
    4312,
    4348,
    7230,
    4235,
    4031,
    7199,
    4181,
    7231,
    4323,
    2845,
    3987,
    4045,
    2785,
    3005,
    3898,
    2809,
    3927,
    3703,
    3285,
    1188
  ],
  "gamma": [
    0.9480996276765777,
    0.9735418164223095,
    0.9126427638951831,
    0.9625970955648782,
    0.9568292577387187,
    0.9418138479236978,
    0.9669470351466772,
    0.9561395010550172,
    0.9831344217448139,
    0.9634263403292176,
    0.9940330246504074,
    0.9856962230796404,
    0.978283849782867,
    0.991921648046267,
    0.9765402021257883,
    0.9800668851447704,
    0.9828378427887267,
    0.9091426702232529,
    0.9748820358715945,
    0.9927442999647806,
    0.9852397812624718,
    0.9581157903787515,
    0.9637533910690635,
    0.989018691225446,
    0.9968829216442691,
    0.9753873639623221,
    0.9855924919199075,
    0.9877257418805285,
    0.9740084752276891,
    0.9349342505919608
  ],
  "lam": [
    0.7630755597533121,
    0.36,
    0.36,
    0.7803648531478293,
    0.4145845000852678,
    0.7072870598322001,
    0.812870453426879,
    0.5143433790023786,
    0.7911117288867597,
    0.36,
    0.8027286693489619,
    0.8142945262010121,
    0.3925497325969347,
    0.7945851449028765,
    0.8215395819354623,
    0.36,
    0.7419597369869517,
    0.36,
    0.7751570664656462,
    0.36,
    0.7934231196886079,
    0.6898117434866352,
    0.3741280029213583,
    0.3936864710703184,
    0.7016855833027171,
    0.36,
    0.8075645252259704,
    0.6042859057467632,
    0.9986534827752651,
    0.9994296407328773
  ],
  "max_kl": [
    0.2797931744080938,
    0.08314289357951249,
    0.31808086038889516,
    0.42130345266512564,
    0.3123876643755101,
    0.417289573245718,
    0.2213133924344541,
    0.3277161819214927,
    0.22139901211332955,
    0.17948357778032817,
    0.4226090023753748,
    0.41279865109332087,
    0.1790329584699607,
    0.64,
    0.2428263619718889,
    0.14342684599301286,
    0.4776803401532552,
    0.15886151514515384,
    0.42792297883063996,
    0.15706934236116202,
    0.23040570703202692,
    0.4934776265446056,
    0.21418891638977847,
    0.34258714813649355,
    0.43719604668665263,
    0.11019025034140732,
    0.27236299972044875,
    0.4145452564625228,
    0.4190654995773698,
    0.022105622694221203
  ],
  "cg_iters": [
    8,
    5,
    5,
    5,
    5,
    5,
    7,
    5,
    8,
    5,
    5,
    5,
    6,
    5,
    7,
    6,
    5,
    6,
    6,
    5,
    8,
    6,
    5,
    5,
    5,
    6,
    8,
    5,
    6,
    6
  ],
  "entcoeff": [
    4.448709787393317e-05,
    4.417564467597003e-05,
    4.453455930374269e-05,
    4.489582975057627e-05,
    4.476781633977056e-05,
    4.482782203518392e-05,
    4.4170053714580336e-05,
    4.456301858040115e-05,
    4.427159982863675e-05,
    4.442093447351352e-05,
    4.492105216656708e-05,
    4.4682623132548724e-05,
    4.4324318538519514e-05,
    4.476307224670553e-05,
    4.44905407010284e-05,
    4.433064774561501e-05,
    4.4214205678593935e-05,
    4.4352015165933205e-05,
    4.4408269006162403e-05,
    4.431399679567448e-05,
    4.4535758549207645e-05,
    4.470791577995642e-05,
    4.4226030229464575e-05,
    4.44315426340349e-05,
    4.4806286932666115e-05,
    4.4663282513100224e-05,
    4.3882150885010924e-05,
    4.500981045036772e-05,
    4.3433737192895855e-05,
    4.28389802345895e-05
  ],
  "cg_damping": [
    0.1136420064160345,
    0.10998274796841578,
    0.11523451949373313,
    0.09975748074501944,
    0.1188697432309935,
    0.10714400406712103,
    0.11725292644614467,
    0.10482276295828964,
    0.12517480021906802,
    0.02457344881324728,
    0.10106311595679165,
    0.10842875424054195,
    0.022231920420760644,
    0.1053268404203311,
    0.10606236172409243,
    0.022823314546715587,
    0.09438970981170591,
    0.022026165259045227,
    0.10037270397944045,
    0.12501351716544354,
    0.1026516796807015,
    0.10292538966711176,
    0.1280830906598278,
    0.10945959200493126,
    0.10578133726695892,
    0.11602761323975416,
    0.11121997238380822,
    0.11236489952309471,
    0.06890652054319961,
    0.0314471461220188
  ],
  "vf_stepsize": [
    0.0034907861238901985,
    0.007110674753074169,
    0.014203520675134872,
    0.012429692597389887,
    0.013356243745574025,
    0.012330675197587748,
    0.003509710587532337,
    0.013893500268540297,
    0.0036648164594367226,
    0.008488505901850631,
    0.012009386705972985,
    0.011181784848277828,
    0.009036415797751685,
    0.013147163404657509,
    0.0037921684296408093,
    0.008235312362470663,
    0.01218053507748656,
    0.008431217941886388,
    0.013025823711171234,
    0.009183423656337154,
    0.003644955173580124,
    0.012342980223101365,
    0.009415532141442527,
    0.014689917084923367,
    0.015672429644307727,
    0.008099873685981087,
    0.0035868478249725666,
    0.012858185035363541,
    0.0005996699079649573,
    0.0070834859835969075
  ],
  "vf_iters": [
    2,
    2,
    4,
    10,
    1,
    1,
    2,
    3,
    9,
    5,
    2,
    4,
    4,
    3,
    7,
    15,
    8,
    3,
    2,
    3,
    4,
    5,
    9,
    2,
    5,
    11,
    5,
    2,
    10,
    2
  ],
  "vf_minibatches": [
    10,
    18,
    34,
    6,
    2,
    9,
    4,
    3,
    7,
    18,
    59,
    2,
    23,
    32,
    34,
    2,
    13,
    3,
    11,
    16,
    1,
    3,
    6,
    25,
    44,
    3,
    16,
    11,
    2,
    34
  ],
  "num_envs": 4,
  "results_dir_name": "results",
  "storage_dir_name": "storage",
  "train_set": "remaining",
  "eval_set": "remaining",
  "OPENAI_LOG_FORMAT": "csv",
  "walltime_hrs": 0.3,
  "num_checkpoints": 100,
  "eval_ntrajs": 10,
  "eval_nsteps": 200,
  "eval_seed": 12345,
  "looping_tree": {
    "method": "fixed",
    "environment": "fixed",
    "total_timesteps": "fixed",
    "rng_seed": "zip",
    "policy_kwargs": "fixed",
    "timesteps_per_batch": "zip",
    "gamma": "zip",
    "lam": "zip",
    "max_kl": "zip",
    "cg_iters": "zip",
    "entcoeff": "zip",
    "cg_damping": "zip",
    "vf_stepsize": "zip",
    "vf_iters": "zip",
    "vf_minibatches": "zip"
  }
}