{
  "description": "Hyper-parameter optimization for trpo on a low frequency environment",
  "method": "trpo",
  "environment": "drop_leg_100hz",
  "total_timesteps": 4000000,
  "rng_seed": [
    0,
    2000,
    0,
    1000,
    1000,
    0,
    1000,
    1000,
    0,
    1000,
    0,
    0,
    0,
    1000,
    2000,
    2000,
    1000,
    0,
    0,
    2000,
    2000,
    1000,
    0,
    2000,
    2000,
    0,
    2000,
    0,
    1000,
    2000
  ],
  "policy_kwargs": {
    "net_arch": [
      {
        "vf": [
          64,
          64
        ],
        "pi": [
          64,
          64
        ]
      }
    ]
  },
  "timesteps_per_batch": [
    5249,
    1119,
    271,
    398,
    2688,
    950,
    202,
    2331,
    179,
    285,
    5194,
    737,
    431,
    186,
    10149,
    316,
    690,
    95,
    6335,
    98,
    1226,
    4780,
    3029,
    1759,
    480,
    6031,
    897,
    14205,
    1558,
    3285
  ],
  "gamma": [
    0.971907824523051,
    0.9580320750069631,
    0.988436269293314,
    0.9764430672273398,
    0.9376684966665483,
    0.9908083522276079,
    0.9902158092717346,
    0.9823500397044093,
    0.9616781813354421,
    0.9554761382192716,
    0.9623288531162715,
    0.9725201863172386,
    0.9762985721904605,
    0.9919137911012125,
    0.9595552170945191,
    0.989316348304587,
    0.9903039022067754,
    0.9835435877093978,
    0.9876090809252628,
    0.9794821818074513,
    0.9921003983163644,
    0.9826506142382367,
    0.9745979394557777,
    0.991354459455364,
    0.943458417931032,
    0.9750693083950276,
    0.9111902370896937,
    0.9693600352864544,
    0.9916773007905111,
    0.9790038894844006
  ],
  "lam": [
    0.6551874542483598,
    0.6857084525211468,
    0.9626240952371022,
    0.5456292227830346,
    0.6295072479182735,
    0.9921955079741441,
    0.99400027285665,
    0.9896910555602358,
    0.5116055700745029,
    0.9884430108892476,
    0.9835178806718269,
    0.9971246953191628,
    0.9107780114442163,
    0.9991672767979674,
    0.9609838751679726,
    0.9994555589456937,
    0.9729559479804614,
    0.9933925656886669,
    0.9993293191943451,
    0.9979351345700944,
    0.9604692726591395,
    0.9997825413504112,
    0.9970944917364929,
    0.9990555068002727,
    0.964128538085571,
    0.985709578298588,
    0.5281038361452013,
    0.962619314863362,
    0.9995403712783624,
    0.9984411351901878
  ],
  "max_kl": [
    0.008385358354232606,
    0.0025381491383576634,
    0.012057371497044323,
    0.0050424094531286824,
    0.44539340564054536,
    0.01139478140932818,
    0.1689074427739637,
    0.15279594084564732,
    0.11628001952886609,
    0.12063733343293613,
    0.2565644349204502,
    0.00733676809392055,
    0.009467763592021615,
    0.004737528447039295,
    0.05469010253132673,
    0.4581704847232466,
    0.011110832307955992,
    0.0017838282924388237,
    0.026738506784029226,
    0.019047501923703823,
    0.011514210389685144,
    0.0024882947314658907,
    0.005102178493211279,
    0.19158459698901995,
    0.008714164594871156,
    0.012439295693514719,
    0.170295094261519,
    0.0018760550727374157,
    0.00931161964859251,
    0.39716263203250973
  ],
  "cg_iters": [
    6,
    5,
    6,
    6,
    5,
    8,
    8,
    8,
    8,
    8,
    6,
    6,
    6,
    8,
    8,
    6,
    8,
    6,
    6,
    6,
    8,
    6,
    6,
    8,
    6,
    6,
    5,
    6,
    8,
    6
  ],
  "entcoeff": [
    4.392822918727029e-05,
    4.439358173534523e-05,
    4.352847114256835e-05,
    4.346755481536967e-05,
    4.4471824147800624e-05,
    4.4842708250393624e-05,
    4.490010239283354e-05,
    4.486292156303429e-05,
    4.353772330193859e-05,
    4.351925384725385e-05,
    4.43339853088831e-05,
    4.372125385722409e-05,
    4.3894789112141946e-05,
    4.476565803889604e-05,
    4.343206787778753e-05,
    4.368700773371903e-05,
    4.48742745923827e-05,
    4.3939169206230415e-05,
    4.358038304192996e-05,
    4.318062979974529e-05,
    4.516235402102874e-05,
    4.343009230954602e-05,
    4.3909296650953947e-05,
    4.535692732487026e-05,
    4.454845038557958e-05,
    4.394142097557694e-05,
    4.459264056047555e-05,
    4.456059717333469e-05,
    4.550008356789387e-05,
    4.368136832061897e-05
  ],
  "cg_damping": [
    0.06773012747908781,
    0.09299222808650107,
    0.06917363980156879,
    0.06821527873576956,
    0.0998554506920875,
    0.10522445602948882,
    0.10670702643083028,
    0.10810470790291826,
    0.19025920321755324,
    0.1869799273904709,
    0.02436619709880708,
    0.06754835949584721,
    0.11218163027670627,
    0.10918372456695301,
    0.1923019310781104,
    0.0677723511825773,
    0.11019221981225266,
    0.06735408928664573,
    0.06770094443561238,
    0.06626522410536632,
    0.10634845288418913,
    0.06899894619612669,
    0.11179213168614284,
    0.11132175847470692,
    0.09156236762175614,
    0.06793584941690484,
    0.11557010740912901,
    0.1691856713344025,
    0.11153340666555049,
    0.06814923370091436
  ],
  "vf_stepsize": [
    0.004007845875727889,
    0.013686853423121198,
    0.003945143802161968,
    0.005186050417988352,
    0.016292254611133514,
    0.00031641401643288787,
    0.00033385643538733393,
    0.0002920146711073796,
    0.002670782115819895,
    0.0016068089581570504,
    0.0165981758263468,
    0.007399315191769602,
    0.0016504575083469062,
    0.002102681639610768,
    0.0032285132566134437,
    9.568257314618047e-05,
    3.064172112685317e-05,
    0.0004887413884138659,
    0.0026525733444330126,
    0.0008663620620984893,
    0.00025366319203047805,
    0.0004433006139709256,
    0.007652496958086309,
    0.003986588383610604,
    0.0017038724792339034,
    7.891398765474771e-05,
    0.008274377249152264,
    0.01134334535784246,
    0.00010112531734015896,
    0.0007198802863901009
  ],
  "vf_iters": [
    3,
    6,
    15,
    16,
    2,
    2,
    1,
    4,
    4,
    3,
    8,
    13,
    13,
    7,
    2,
    6,
    2,
    10,
    2,
    5,
    11,
    10,
    4,
    17,
    1,
    3,
    4,
    9,
    10,
    21
  ],
  "vf_minibatches": [
    25,
    21,
    25,
    25,
    21,
    14,
    14,
    14,
    17,
    17,
    20,
    25,
    14,
    14,
    17,
    25,
    14,
    25,
    26,
    25,
    14,
    25,
    13,
    14,
    21,
    26,
    21,
    18,
    14,
    26
  ],
  "num_envs": 4,
  "results_dir_name": "results",
  "storage_dir_name": "storage",
  "train_set": "remaining",
  "eval_set": "remaining",
  "OPENAI_LOG_FORMAT": "csv",
  "walltime_hrs": 0.3,
  "num_checkpoints": 100,
  "eval_ntrajs": 10,
  "eval_nsteps": 200,
  "eval_seed": 12345,
  "looping_tree": {
    "method": "fixed",
    "environment": "fixed",
    "total_timesteps": "fixed",
    "rng_seed": "zip",
    "policy_kwargs": "fixed",
    "timesteps_per_batch": "zip",
    "gamma": "zip",
    "lam": "zip",
    "max_kl": "zip",
    "cg_iters": "zip",
    "entcoeff": "zip",
    "cg_damping": "zip",
    "vf_stepsize": "zip",
    "vf_iters": "zip",
    "vf_minibatches": "zip"
  }
}