{
  "description": "Hyper-parameter optimization for trpo on a low frequency environment",
  "method": "trpo",
  "environment": "drop_leg_100hz",
  "total_timesteps": 4000000,
  "rng_seed": [
    2000,
    1000,
    2000,
    0,
    0,
    0,
    2000,
    1000,
    1000,
    2000,
    0,
    0,
    2000,
    0,
    1000,
    0,
    0,
    0,
    0,
    2000,
    1000,
    1000,
    1000,
    1000,
    2000,
    0,
    0,
    0,
    0,
    2000
  ],
  "policy_kwargs": {
    "net_arch": [
      {
        "vf": [
          64,
          64
        ],
        "pi": [
          64,
          64
        ]
      }
    ]
  },
  "timesteps_per_batch": [
    10732,
    2953,
    1076,
    3218,
    6280,
    1342,
    146,
    3976,
    2289,
    10162,
    247,
    2236,
    688,
    908,
    3146,
    477,
    2777,
    2237,
    974,
    271,
    1454,
    4018,
    720,
    2796,
    4699,
    1515,
    1643,
    3023,
    1191,
    3972
  ],
  "gamma": [
    0.9724886053948029,
    0.9496614940634369,
    0.9528044951991446,
    0.9793214419428735,
    0.9582656980386001,
    0.969774049462149,
    0.9665271574560177,
    0.9517149777911703,
    0.9781258926577425,
    0.9732948099445666,
    0.9770181396807683,
    0.9687057556258033,
    0.9784298343231073,
    0.9762707308202696,
    0.9805976135588214,
    0.9735877783282187,
    0.9861482702267219,
    0.9793359949871542,
    0.9698281749031686,
    0.9884364186269792,
    0.9352617597610448,
    0.9443893158557335,
    0.9624486113709966,
    0.9636671268811395,
    0.985345307977704,
    0.9733426038838718,
    0.9566978036360482,
    0.9797287108703325,
    0.958594759520422,
    0.9702075832996555
  ],
  "lam": [
    0.36,
    0.7994537171735385,
    0.9435573000243568,
    0.36,
    0.36,
    0.8614322161507292,
    0.8450464821814639,
    0.36,
    0.3740515423102624,
    0.6384318930820151,
    0.9124310743577256,
    0.7073590754562102,
    0.506515982346468,
    0.9621868036754148,
    0.6727879250603055,
    0.9261993523692965,
    0.9015029479084308,
    0.9403031038407276,
    0.8473959633644554,
    0.9269777708099792,
    0.5778110890621753,
    0.95536104828578,
    0.8544704934114328,
    0.9909794234370174,
    0.9966282759894185,
    0.7338862233991122,
    0.612305717164686,
    0.9389088787295167,
    0.9991910363110337,
    0.6441436371230254
  ],
  "max_kl": [
    0.1603009254896328,
    0.04199003612455384,
    0.09464180289987137,
    0.16801036076534873,
    0.1818211490024086,
    0.09126377539113936,
    0.31548741671077446,
    0.05726525630795933,
    0.18735659640817118,
    0.04305269212785416,
    0.5728637080092851,
    0.0370017743001503,
    0.23587462620501448,
    0.11961055142612273,
    0.030715877115168846,
    0.34025264339035816,
    0.1850590702905642,
    0.2242652194888653,
    0.17586426190777174,
    0.03826727066265482,
    0.265138364783947,
    0.09006980727206194,
    0.1763486562435103,
    0.007121239146637649,
    0.2896736332828539,
    0.5139350905674613,
    0.19686239311680084,
    0.05467032765466249,
    0.02707799492796016,
    0.002703003405634406
  ],
  "cg_iters": [
    5,
    5,
    6,
    6,
    5,
    5,
    6,
    5,
    5,
    5,
    5,
    5,
    6,
    6,
    5,
    6,
    6,
    6,
    5,
    6,
    5,
    5,
    5,
    5,
    6,
    5,
    5,
    6,
    6,
    5
  ],
  "entcoeff": [
    4.391008304940673e-05,
    4.442871466333222e-05,
    4.5213038938553895e-05,
    4.35410333388055e-05,
    4.41792293405172e-05,
    4.5041672240479595e-05,
    4.457559812518257e-05,
    4.5068025911625706e-05,
    4.452066482016645e-05,
    4.42411621762755e-05,
    4.5688612082828595e-05,
    4.5197068447605264e-05,
    4.418256819892198e-05,
    4.379600666476147e-05,
    4.421772087756109e-05,
    4.512993235180095e-05,
    4.4922537262759897e-05,
    4.4845068008172466e-05,
    4.461150833399239e-05,
    4.49668283115546e-05,
    4.3592553795932884e-05,
    4.5602282981573966e-05,
    4.338492199900988e-05,
    4.414272067769698e-05,
    4.56183744027129e-05,
    4.282883668057736e-05,
    4.700891768309319e-05,
    4.817468931331341e-05,
    4.370118207802452e-05,
    4.353095216606189e-05
  ],
  "cg_damping": [
    0.02586858651837502,
    0.08275996814916062,
    0.08790254972351831,
    0.07135710802272549,
    0.09079219726859049,
    0.16788554720914783,
    0.08152088731912888,
    0.0376020803530546,
    0.07551760380077135,
    0.08003533491887534,
    0.10634335258776208,
    0.08525733845158683,
    0.043768010281409725,
    0.12347357893272673,
    0.020158185892977406,
    0.1737271615734943,
    0.09524741199927857,
    0.049726228060862895,
    0.08423407559972614,
    0.08000293844225673,
    0.044717636079359656,
    0.032607849592453164,
    0.04477888294508716,
    0.05927324307221881,
    0.16066596226694965,
    0.0328815655596503,
    0.05153450022245288,
    0.0951175411452231,
    0.031101056392907903,
    0.027431499709046448
  ],
  "vf_stepsize": [
    0.007020885129863733,
    0.005094296219584892,
    0.013727798317990746,
    0.007015090199304197,
    0.0070079910043826564,
    0.01355748482117962,
    0.01371797061829484,
    0.004976816283915045,
    0.005076888177175311,
    0.005009795984543773,
    0.013463935877807693,
    0.005049021313086457,
    0.005039095428050053,
    0.013465687293581767,
    0.00500835953942653,
    0.01368623557346198,
    0.013676240024527551,
    0.013514017339786468,
    0.00495002902236109,
    0.013781955872796714,
    0.004993732765915358,
    0.005073118857872812,
    0.005130325064273421,
    0.004985849748539154,
    0.013858017241423624,
    0.006874536171443036,
    0.004984431494724999,
    0.013624001743787091,
    0.006957609417960016,
    0.006884332545602892
  ],
  "vf_iters": [
    9,
    10,
    3,
    9,
    9,
    3,
    3,
    9,
    10,
    10,
    3,
    11,
    10,
    3,
    10,
    3,
    3,
    3,
    10,
    3,
    10,
    10,
    10,
    10,
    3,
    9,
    10,
    3,
    9,
    9
  ],
  "vf_minibatches": [
    21,
    28,
    23,
    19,
    4,
    5,
    11,
    23,
    28,
    3,
    16,
    8,
    40,
    32,
    5,
    10,
    46,
    6,
    5,
    3,
    51,
    2,
    6,
    37,
    4,
    16,
    8,
    8,
    6,
    42
  ],
  "num_envs": 4,
  "results_dir_name": "results",
  "storage_dir_name": "storage",
  "train_set": "remaining",
  "eval_set": "remaining",
  "OPENAI_LOG_FORMAT": "csv",
  "walltime_hrs": 0.3,
  "num_checkpoints": 100,
  "eval_ntrajs": 10,
  "eval_nsteps": 200,
  "eval_seed": 12345,
  "looping_tree": {
    "method": "fixed",
    "environment": "fixed",
    "total_timesteps": "fixed",
    "rng_seed": "zip",
    "policy_kwargs": "fixed",
    "timesteps_per_batch": "zip",
    "gamma": "zip",
    "lam": "zip",
    "max_kl": "zip",
    "cg_iters": "zip",
    "entcoeff": "zip",
    "cg_damping": "zip",
    "vf_stepsize": "zip",
    "vf_iters": "zip",
    "vf_minibatches": "zip"
  }
}