{
  "description": "Hyper-parameter optimization for trpo on a low frequency environment",
  "method": "trpo",
  "environment": "drop_leg_100hz",
  "total_timesteps": 4000000,
  "rng_seed": [
    0,
    1000,
    2000
  ],
  "policy_kwargs": {
    "net_arch": [
      {
        "vf": [
          64,
          64
        ],
        "pi": [
          64,
          64
        ]
      }
    ]
  },
  "timesteps_per_batch": [
    101,
    11776,
    880,
    1708,
    199,
    546,
    12823,
    4095,
    2276,
    5382
  ],
  "gamma": [
    0.9989961154508937,
    0.9996797316215076,
    0.5115187249835174,
    0.6967077859853266,
    0.9782259350615191,
    0.8846714246299847,
    0.9930300448372089,
    0.9909595879206018,
    0.9991938360376632,
    0.993920206199883
  ],
  "lam": [
    0.9551007234752168,
    0.9565302537124615,
    0.9990274352286955,
    0.7544646359314968,
    0.9937470450170458,
    0.772801236820694,
    0.9761435443466187,
    0.9868891848419651,
    0.8543839294125333,
    0.989748837802688
  ],
  "max_kl": [
    0.0012710757544246928,
    0.07421488191192585,
    0.0044336800827483765,
    0.016305269675202575,
    0.14358874950850922,
    0.021162738371691567,
    0.0016620477544220288,
    0.3428760274172506,
    0.1758715930866322,
    0.0022308232066655226
  ],
  "cg_iters": [
    19,
    20,
    11,
    18,
    14,
    1,
    3,
    16,
    4,
    4
  ],
  "entcoeff": [
    0.0007116796492188721,
    2.0738295218678656e-05,
    0.00026558523022382366,
    0.00019992914647381217,
    4.103807312117088e-05,
    3.29701825769195e-05,
    0.0003559223050730068,
    0.00010017342713240928,
    4.4834144355519574e-05,
    7.62977365051958e-06
  ],
  "cg_damping": [
    0.0003918962179407204,
    0.10810688103446076,
    0.0004007468933664473,
    0.0008995804856377975,
    0.014924484426011795,
    0.0004040795008156115,
    0.00801239133568496,
    0.000737096508073847,
    0.008640629245097939,
    0.36219559575341426
  ],
  "vf_stepsize": [
    0.011935961301376391,
    0.00018310197477562233,
    5.3382533058614087e-05,
    0.00019998888394551028,
    0.001976631007918878,
    0.004446693950728703,
    3.442410408915199e-05,
    3.585208446942326e-05,
    0.005354438560196767,
    1.0468974803172917e-05
  ],
  "vf_iters": [
    5,
    4,
    11,
    2,
    2,
    1,
    1,
    7,
    17,
    1
  ],
  "vf_minibatches": [
    13,
    9,
    1,
    16,
    3,
    7,
    2,
    1,
    20,
    8
  ],
  "num_envs": 4,
  "results_dir_name": "results",
  "storage_dir_name": "storage",
  "train_set": "remaining",
  "eval_set": "remaining",
  "OPENAI_LOG_FORMAT": "csv",
  "walltime_hrs": 0.3,
  "num_checkpoints": 100,
  "eval_ntrajs": 10,
  "eval_nsteps": 200,
  "eval_seed": 12345,
  "looping_tree": {
    "method": "fixed",
    "environment": "fixed",
    "total_timesteps": "fixed",
    "rng_seed": "cartesian",
    "policy_kwargs": "fixed",
    "timesteps_per_batch": "zip",
    "gamma": "zip",
    "lam": "zip",
    "max_kl": "zip",
    "cg_iters": "zip",
    "entcoeff": "zip",
    "cg_damping": "zip",
    "vf_stepsize": "zip",
    "vf_iters": "zip",
    "vf_minibatches": "zip"
  }
}