{
  "description": "Hyper-parameter optimization for trpo on a low frequency environment",
  "method": "trpo",
  "environment": "drop_leg_100hz",
  "total_timesteps": 4000000,
  "rng_seed": [
    0,
    1000,
    2000
  ],
  "policy_kwargs": {
    "net_arch": [
      {
        "vf": [
          64,
          64
        ],
        "pi": [
          64,
          64
        ]
      }
    ]
  },
  "timesteps_per_batch": [
    1156,
    3931,
    6159,
    91,
    212,
    6036,
    127,
    4462,
    6181,
    1231
  ],
  "gamma": [
    0.8529909471541712,
    0.9980263209922854,
    0.9998360941169019,
    0.9998303436474526,
    0.9990451609281389,
    0.998514772873338,
    0.9708655619653044,
    0.9041500859993478,
    0.8685141865933693,
    0.9988560862269674
  ],
  "lam": [
    0.5478620410053148,
    0.7570724799114179,
    0.9669253922382406,
    0.993584231372236,
    0.9998092258437985,
    0.9998119025464193,
    0.9616714906512462,
    0.6953347386756723,
    0.6544056519099681,
    0.40921025962840174
  ],
  "max_kl": [
    0.24903233095675512,
    0.0039155704076782455,
    0.0038372494991646914,
    0.001901732568475514,
    0.08414155663160823,
    0.01213366985528031,
    0.01245259892977558,
    0.007787471501604801,
    0.0013146921084352557,
    0.005515718007381873
  ],
  "cg_iters": [
    14,
    3,
    6,
    5,
    11,
    17,
    16,
    6,
    4,
    2
  ],
  "entcoeff": [
    7.253822885157457e-05,
    2.7815693973313843e-06,
    0.00035649029849442926,
    0.000587870529286821,
    0.0006704486866881363,
    0.000246453552801779,
    9.28189039706698e-06,
    0.00022778164317779984,
    3.006315080608488e-06,
    4.285453753270579e-06
  ],
  "cg_damping": [
    0.9263340150277719,
    0.003954798340595543,
    0.022310157198209366,
    0.008301851743692353,
    0.0006046077353225791,
    0.0016479739514946993,
    0.00282970352024316,
    0.00036690097504497827,
    0.006795321876954663,
    0.010204474193165215
  ],
  "vf_stepsize": [
    4.349675043341797e-06,
    6.324130890234078e-06,
    1.0295970454041123e-05,
    7.247693974118443e-05,
    0.0008346397675235693,
    0.003552158801669817,
    0.013116849230841384,
    7.08580108987027e-05,
    0.00012706710908908607,
    0.0008403513107965798
  ],
  "vf_iters": [
    2,
    19,
    3,
    17,
    4,
    3,
    12,
    5,
    3,
    2
  ],
  "vf_minibatches": [
    46,
    28,
    53,
    39,
    19,
    20,
    2,
    2,
    24,
    1
  ],
  "num_envs": 4,
  "results_dir_name": "results",
  "storage_dir_name": "storage",
  "train_set": "remaining",
  "eval_set": "remaining",
  "OPENAI_LOG_FORMAT": "csv",
  "walltime_hrs": 0.3,
  "num_checkpoints": 100,
  "eval_ntrajs": 10,
  "eval_nsteps": 200,
  "eval_seed": 12345,
  "looping_tree": {
    "method": "fixed",
    "environment": "fixed",
    "total_timesteps": "fixed",
    "rng_seed": "cartesian",
    "policy_kwargs": "fixed",
    "timesteps_per_batch": "zip",
    "gamma": "zip",
    "lam": "zip",
    "max_kl": "zip",
    "cg_iters": "zip",
    "entcoeff": "zip",
    "cg_damping": "zip",
    "vf_stepsize": "zip",
    "vf_iters": "zip",
    "vf_minibatches": "zip"
  }
}