{
  "description": "Hyper-parameter optimization for trpo on a low frequency environment",
  "method": "trpo",
  "environment": "drop_leg_100hz",
  "total_timesteps": 4000000,
  "rng_seed": [
    0,
    1000,
    2000
  ],
  "policy_kwargs": {
    "net_arch": [
      {
        "vf": [
          64,
          64
        ],
        "pi": [
          64,
          64
        ]
      }
    ]
  },
  "timesteps_per_batch": [
    1416,
    202,
    138,
    145,
    81,
    1517,
    455,
    3701,
    12282,
    12402
  ],
  "gamma": [
    0.9795023237405251,
    0.9997213829647805,
    0.999304937027727,
    0.9982783654344084,
    0.999779334990183,
    0.9993854074143953,
    0.5418414445233886,
    0.5251189613939604,
    0.5664094876160872,
    0.998846170454696
  ],
  "lam": [
    0.8935350998988699,
    0.9991774006201413,
    0.9043969551476143,
    0.9996031009128519,
    0.9431417931695779,
    0.9868161339875638,
    0.9950995178737666,
    0.9810578301049449,
    0.9987626542490056,
    0.9978449404273783
  ],
  "max_kl": [
    0.03198261014475462,
    0.08733334550951938,
    0.2090267567698176,
    0.0030251479805035726,
    0.0906373802443738,
    0.017309618038834414,
    0.020497029179145,
    0.0490688955041856,
    0.012475240522903818,
    0.419833692293679
  ],
  "cg_iters": [
    1,
    7,
    5,
    11,
    3,
    3,
    1,
    7,
    3,
    19
  ],
  "entcoeff": [
    3.88261956052785e-06,
    0.0004871008243615817,
    0.0006064206285153863,
    0.00020227671356605123,
    0.00016166320650634868,
    7.265999443241259e-05,
    0.00015158176249305505,
    0.000871741067270507,
    0.00020310427205659872,
    0.00015226968103049262
  ],
  "cg_damping": [
    0.47404922841424907,
    0.0007361274468215001,
    0.2514643931740473,
    0.04611326675780447,
    0.1145302426818576,
    0.0037006134946711952,
    0.030495889883075878,
    0.010462220154963259,
    0.3724521862812261,
    0.008810731708511514
  ],
  "vf_stepsize": [
    2.7219290202590682e-05,
    0.00010096228051242285,
    0.00018633630292085135,
    0.0016911137986619679,
    0.00016733805023132746,
    0.0009415510044358494,
    4.00238421048449e-05,
    0.0003007873988886251,
    0.005965691369334327,
    0.02418375440259457
  ],
  "vf_iters": [
    5,
    11,
    5,
    3,
    1,
    10,
    19,
    2,
    3,
    23
  ],
  "vf_minibatches": [
    2,
    18,
    2,
    1,
    30,
    1,
    3,
    8,
    17,
    2
  ],
  "num_envs": 4,
  "results_dir_name": "results",
  "storage_dir_name": "storage",
  "train_set": "remaining",
  "eval_set": "remaining",
  "OPENAI_LOG_FORMAT": "csv",
  "walltime_hrs": 0.3,
  "num_checkpoints": 100,
  "eval_ntrajs": 10,
  "eval_nsteps": 200,
  "eval_seed": 12345,
  "looping_tree": {
    "method": "fixed",
    "environment": "fixed",
    "total_timesteps": "fixed",
    "rng_seed": "cartesian",
    "policy_kwargs": "fixed",
    "timesteps_per_batch": "zip",
    "gamma": "zip",
    "lam": "zip",
    "max_kl": "zip",
    "cg_iters": "zip",
    "entcoeff": "zip",
    "cg_damping": "zip",
    "vf_stepsize": "zip",
    "vf_iters": "zip",
    "vf_minibatches": "zip"
  }
}