{
  "description": "Hyper-parameter optimization for trpo on a low frequency environment",
  "method": "trpo",
  "environment": "drop_leg_100hz",
  "total_timesteps": 4000000,
  "rng_seed": [
    0,
    1000,
    2000
  ],
  "policy_kwargs": {
    "net_arch": [
      {
        "vf": [
          64,
          64
        ],
        "pi": [
          64,
          64
        ]
      }
    ]
  },
  "timesteps_per_batch": [
    131,
    2295,
    13047,
    8707,
    7244,
    13038,
    132,
    7920,
    2657,
    2038
  ],
  "gamma": [
    0.9975646336032912,
    0.9841841265290131,
    0.5378239288429494,
    0.9929195474036585,
    0.9972065542233836,
    0.9821994109968845,
    0.7798436640854391,
    0.9961648597848114,
    0.9950592431329129,
    0.9965801658022995
  ],
  "lam": [
    0.7562279101253991,
    0.9864698091552877,
    0.9919523995180355,
    0.9997030180246477,
    0.9973768633230571,
    0.9998408390091537,
    0.9983956666360817,
    0.7991928175155801,
    0.4576055813822453,
    0.9997588249642219
  ],
  "max_kl": [
    0.011666752478504737,
    0.005034049304205501,
    0.565480080050154,
    0.048791841952079425,
    0.04350812762835424,
    0.007997406091441712,
    0.14971451931481064,
    0.008093363909591991,
    0.033121587410895645,
    0.25306748404809565
  ],
  "cg_iters": [
    18,
    3,
    2,
    9,
    4,
    1,
    2,
    2,
    12,
    2
  ],
  "entcoeff": [
    0.00044566750108299434,
    0.00032119540772552986,
    3.454427515183012e-05,
    3.3056363560491774e-05,
    0.00010762791150289679,
    6.214054509996191e-05,
    0.0003194581654632509,
    0.0006480301255032139,
    0.00021319059993929088,
    5.6287283542475454e-05
  ],
  "cg_damping": [
    0.003331811013857715,
    0.8090899477186584,
    0.042581279396417565,
    0.14834867387842915,
    0.17482532914814777,
    0.2391133446344395,
    0.00922040772467586,
    0.1779122664893717,
    0.014558665233630594,
    0.016379247949830873
  ],
  "vf_stepsize": [
    3.8889530291159054e-05,
    1.0076200312416636e-05,
    1.8669420344233396e-05,
    6.823025087736168e-05,
    0.0013889588392277281,
    0.017464184369708362,
    0.0017363571426452424,
    0.0014423950512914188,
    0.0002161342625865112,
    3.681907578666922e-06
  ],
  "vf_iters": [
    2,
    1,
    3,
    13,
    14,
    2,
    6,
    2,
    4,
    1
  ],
  "vf_minibatches": [
    6,
    10,
    57,
    4,
    1,
    3,
    5,
    14,
    48,
    22
  ],
  "num_envs": 4,
  "results_dir_name": "results",
  "storage_dir_name": "storage",
  "train_set": "remaining",
  "eval_set": "remaining",
  "OPENAI_LOG_FORMAT": "csv",
  "walltime_hrs": 0.3,
  "num_checkpoints": 100,
  "eval_ntrajs": 10,
  "eval_nsteps": 200,
  "eval_seed": 12345,
  "looping_tree": {
    "method": "fixed",
    "environment": "fixed",
    "total_timesteps": "fixed",
    "rng_seed": "cartesian",
    "policy_kwargs": "fixed",
    "timesteps_per_batch": "zip",
    "gamma": "zip",
    "lam": "zip",
    "max_kl": "zip",
    "cg_iters": "zip",
    "entcoeff": "zip",
    "cg_damping": "zip",
    "vf_stepsize": "zip",
    "vf_iters": "zip",
    "vf_minibatches": "zip"
  }
}