{
  "description": "Hyper-parameter optimization for trpo on a low frequency environment",
  "method": "trpo",
  "environment": "drop_leg_100hz",
  "total_timesteps": 4000000,
  "rng_seed": [
    0,
    1000,
    2000
  ],
  "policy_kwargs": {
    "net_arch": [
      {
        "vf": [
          64,
          64
        ],
        "pi": [
          64,
          64
        ]
      }
    ]
  },
  "timesteps_per_batch": [
    335,
    14273,
    2784,
    1059,
    80,
    2508,
    7734,
    667,
    118,
    2107
  ],
  "gamma": [
    0.9980594454684523,
    0.8082827996949763,
    0.8799416829096731,
    0.8750821703588222,
    0.9603501949361996,
    0.9977655628514659,
    0.9965208848833419,
    0.8228695249922446,
    0.9706346842433334,
    0.9827352799749561
  ],
  "lam": [
    0.9339073768971089,
    0.7211326010601143,
    0.9979732677645189,
    0.959074533934487,
    0.6355925142790866,
    0.9919612306064838,
    0.9969348378921378,
    0.9982970498728085,
    0.9983510502977437,
    0.9890534688692755
  ],
  "max_kl": [
    0.3708479943410023,
    0.01629495072148937,
    0.005750035390456558,
    0.4587604024955854,
    0.0012801796932441455,
    0.019443765334765533,
    0.06863431367258738,
    0.4083823052575508,
    0.5866999485661686,
    0.07973284795569761
  ],
  "cg_iters": [
    11,
    8,
    3,
    2,
    2,
    20,
    2,
    2,
    9,
    6
  ],
  "entcoeff": [
    2.897897665469974e-05,
    0.0006926929869833848,
    0.00015707373354515792,
    0.0004752114045672229,
    3.4396002906454646e-06,
    2.431855060020318e-05,
    1.1391395028571018e-06,
    1.338360118951237e-05,
    0.0008313163755789619,
    0.0007422056676514878
  ],
  "cg_damping": [
    0.001528804875500188,
    0.0027363120497538073,
    0.00022329287242968475,
    0.4186069931731169,
    0.002451286238102123,
    0.0007294562564542621,
    0.03401677918924564,
    0.5799262442487116,
    0.06495432864746344,
    0.01645986181644448
  ],
  "vf_stepsize": [
    1.4215840634556365e-05,
    0.000816945729158313,
    4.0558560399129445e-05,
    0.0009209075053300038,
    0.0003617296936376842,
    1.0691337976756002e-05,
    0.0008286974258613319,
    1.3180745897789075e-05,
    0.005531746584196258,
    0.0010413933336445751
  ],
  "vf_iters": [
    17,
    1,
    5,
    4,
    3,
    2,
    3,
    6,
    11,
    2
  ],
  "vf_minibatches": [
    51,
    2,
    3,
    1,
    1,
    26,
    6,
    4,
    2,
    4
  ],
  "num_envs": 4,
  "results_dir_name": "results",
  "storage_dir_name": "storage",
  "train_set": "remaining",
  "eval_set": "remaining",
  "OPENAI_LOG_FORMAT": "csv",
  "walltime_hrs": 0.3,
  "num_checkpoints": 100,
  "eval_ntrajs": 10,
  "eval_nsteps": 200,
  "eval_seed": 12345,
  "looping_tree": {
    "method": "fixed",
    "environment": "fixed",
    "total_timesteps": "fixed",
    "rng_seed": "cartesian",
    "policy_kwargs": "fixed",
    "timesteps_per_batch": "zip",
    "gamma": "zip",
    "lam": "zip",
    "max_kl": "zip",
    "cg_iters": "zip",
    "entcoeff": "zip",
    "cg_damping": "zip",
    "vf_stepsize": "zip",
    "vf_iters": "zip",
    "vf_minibatches": "zip"
  }
}