{
  "description": "Hyper-parameter optimization for trpo on a low frequency environment",
  "method": "trpo",
  "environment": "drop_leg_100hz",
  "total_timesteps": 4000000,
  "rng_seed": [
    0,
    1000,
    2000
  ],
  "policy_kwargs": {
    "net_arch": [
      {
        "vf": [
          64,
          64
        ],
        "pi": [
          64,
          64
        ]
      }
    ]
  },
  "timesteps_per_batch": [
    7539,
    501,
    1220,
    336,
    8891,
    242,
    531,
    398,
    116,
    1082
  ],
  "gamma": [
    0.9993979647492974,
    0.9590445520730271,
    0.974476241496064,
    0.612615928181846,
    0.8483059928210251,
    0.9996378897069689,
    0.9592200041679196,
    0.8629430762158492,
    0.9955742414046311,
    0.68978844894997
  ],
  "lam": [
    0.955224559162182,
    0.7114437126916204,
    0.999669856871795,
    0.999473875994318,
    0.9997293993377164,
    0.9957671704096207,
    0.9747595832565902,
    0.5716559664276267,
    0.9346248541774658,
    0.9997368086187409
  ],
  "max_kl": [
    0.06626013505396172,
    0.40086484004269557,
    0.0016720686275203292,
    0.002433275592913838,
    0.10985069113780926,
    0.44365407324803774,
    0.02885263048893466,
    0.18298756969897434,
    0.015134474787281617,
    0.004326421073943247
  ],
  "cg_iters": [
    1,
    2,
    17,
    2,
    3,
    2,
    12,
    2,
    7,
    6
  ],
  "entcoeff": [
    5.398011175605067e-05,
    0.00014704309038900967,
    0.0003176382136556585,
    0.00013070454316889315,
    1.7286822863229795e-05,
    3.610676649792518e-05,
    8.570206713854624e-05,
    5.385659199236404e-06,
    0.00017074443453956776,
    1.2398968374766253e-05
  ],
  "cg_damping": [
    0.48140125758826774,
    0.0927971087274967,
    0.0008583880009254421,
    0.00423779096055313,
    0.002449885593499415,
    0.0005888403090466359,
    0.6429089384898817,
    0.003165081034607429,
    0.0029536239664681436,
    0.006603767316147797
  ],
  "vf_stepsize": [
    0.00011803637561632683,
    0.010955490842222608,
    9.571843787141824e-05,
    0.007624611495164696,
    0.017828220512518225,
    0.013854702830492486,
    9.139052934037153e-06,
    0.00010329462340264976,
    0.00013345681353680013,
    5.492179278180417e-05
  ],
  "vf_iters": [
    11,
    8,
    3,
    2,
    1,
    5,
    1,
    9,
    2,
    3
  ],
  "vf_minibatches": [
    24,
    32,
    32,
    17,
    29,
    4,
    8,
    18,
    39,
    1
  ],
  "num_envs": 4,
  "results_dir_name": "results",
  "storage_dir_name": "storage",
  "train_set": "remaining",
  "eval_set": "remaining",
  "OPENAI_LOG_FORMAT": "csv",
  "walltime_hrs": 0.3,
  "num_checkpoints": 100,
  "eval_ntrajs": 10,
  "eval_nsteps": 200,
  "eval_seed": 12345,
  "looping_tree": {
    "method": "fixed",
    "environment": "fixed",
    "total_timesteps": "fixed",
    "rng_seed": "cartesian",
    "policy_kwargs": "fixed",
    "timesteps_per_batch": "zip",
    "gamma": "zip",
    "lam": "zip",
    "max_kl": "zip",
    "cg_iters": "zip",
    "entcoeff": "zip",
    "cg_damping": "zip",
    "vf_stepsize": "zip",
    "vf_iters": "zip",
    "vf_minibatches": "zip"
  }
}