{
  "description": "Hyper-parameter optimization for trpo on a low frequency environment",
  "method": "trpo",
  "environment": "drop_leg_100hz",
  "total_timesteps": 4000000,
  "rng_seed": [
    0,
    1000,
    2000
  ],
  "policy_kwargs": {
    "net_arch": [
      {
        "vf": [
          64,
          64
        ],
        "pi": [
          64,
          64
        ]
      }
    ]
  },
  "timesteps_per_batch": [
    160,
    1804,
    2722,
    228,
    121,
    479,
    2572,
    103,
    196,
    142
  ],
  "gamma": [
    0.9793977579533301,
    0.9942328892165254,
    0.991422457027265,
    0.41198178091439797,
    0.8370066202679523,
    0.9887214595077805,
    0.9983215477810593,
    0.9961086882552543,
    0.8868384740766408,
    0.9843827298982739
  ],
  "lam": [
    0.9961311406949914,
    0.9990955435096239,
    0.9246668135690324,
    0.6051987322719341,
    0.9988909975800674,
    0.9997155187341669,
    0.8820984651176089,
    0.9455126745699268,
    0.9813188758727309,
    0.9879897259001413
  ],
  "max_kl": [
    0.006314542566926711,
    0.012301071008177782,
    0.0020287670266161293,
    0.03213488063031024,
    0.014789356614788567,
    0.08488985349644512,
    0.022702955098901075,
    0.02782111499365759,
    0.28868034085876493,
    0.01012217283371878
  ],
  "cg_iters": [
    15,
    2,
    16,
    12,
    11,
    2,
    1,
    2,
    7,
    14
  ],
  "entcoeff": [
    8.679180684594505e-05,
    5.827258302430154e-05,
    0.0004992135131435048,
    0.0007445951084473764,
    7.630763946131123e-05,
    1.5687163880235124e-06,
    0.00027167836306017364,
    5.643264323886367e-05,
    2.6080598928777627e-06,
    6.018507535781683e-06
  ],
  "cg_damping": [
    0.14230197487128105,
    0.24702803265295117,
    0.010667830727103415,
    0.0001733640348380534,
    0.009565465609423488,
    0.029455848814060107,
    0.0009086379197664414,
    0.006664999772526738,
    0.7145534879524262,
    0.004379844494439018
  ],
  "vf_stepsize": [
    0.02419329554794153,
    7.627451441421324e-06,
    0.0004913919737644205,
    0.0054681034658045,
    0.005435575140527863,
    2.857457972471834e-05,
    0.0003812484675655392,
    0.013529218978434319,
    9.20845861441322e-05,
    0.00159674929873653
  ],
  "vf_iters": [
    14,
    9,
    11,
    18,
    4,
    19,
    7,
    2,
    3,
    17
  ],
  "vf_minibatches": [
    6,
    37,
    5,
    23,
    49,
    49,
    21,
    38,
    18,
    4
  ],
  "num_envs": 4,
  "results_dir_name": "results",
  "storage_dir_name": "storage",
  "train_set": "remaining",
  "eval_set": "remaining",
  "OPENAI_LOG_FORMAT": "csv",
  "walltime_hrs": 0.3,
  "num_checkpoints": 100,
  "eval_ntrajs": 10,
  "eval_nsteps": 200,
  "eval_seed": 12345,
  "looping_tree": {
    "method": "fixed",
    "environment": "fixed",
    "total_timesteps": "fixed",
    "rng_seed": "cartesian",
    "policy_kwargs": "fixed",
    "timesteps_per_batch": "zip",
    "gamma": "zip",
    "lam": "zip",
    "max_kl": "zip",
    "cg_iters": "zip",
    "entcoeff": "zip",
    "cg_damping": "zip",
    "vf_stepsize": "zip",
    "vf_iters": "zip",
    "vf_minibatches": "zip"
  }
}