{
  "description": "Hyper-parameter optimization for trpo on a low frequency environment",
  "method": "trpo",
  "environment": "drop_leg_100hz",
  "total_timesteps": 4000000,
  "rng_seed": [
    0,
    1000,
    2000
  ],
  "policy_kwargs": {
    "net_arch": [
      {
        "vf": [
          64,
          64
        ],
        "pi": [
          64,
          64
        ]
      }
    ]
  },
  "timesteps_per_batch": [
    134,
    491,
    325,
    1499,
    411,
    642,
    7000,
    725,
    4037,
    3001
  ],
  "gamma": [
    0.9988958234471995,
    0.8062235232192753,
    0.9990010179298214,
    0.9995520887821521,
    0.9996942820337503,
    0.9988450803057585,
    0.9925078952630169,
    0.9996689955840362,
    0.7299512462626419,
    0.9548334085286112
  ],
  "lam": [
    0.9947369560549054,
    0.9958845101460966,
    0.998343795148538,
    0.721280077626895,
    0.9988274819355747,
    0.9522104678636006,
    0.9805878483519211,
    0.9947558563075879,
    0.9260071727194215,
    0.9007508001366664
  ],
  "max_kl": [
    0.22736522794072694,
    0.015953146729276196,
    0.10554213800423241,
    0.06034911249900596,
    0.03510921527515796,
    0.02484813060397566,
    0.2909490535975946,
    0.001347344412127947,
    0.00195803476012878,
    0.0033156348591581774
  ],
  "cg_iters": [
    4,
    3,
    1,
    1,
    5,
    1,
    16,
    7,
    1,
    8
  ],
  "entcoeff": [
    5.886342778030041e-05,
    1.361107091691497e-05,
    5.7839992485187685e-06,
    0.00015248319247035687,
    2.9373093769171218e-05,
    7.552368473143948e-05,
    3.602290543071576e-05,
    0.0007311723313790608,
    2.097322222973228e-05,
    2.1558440358589223e-06
  ],
  "cg_damping": [
    0.014093858254852348,
    0.000269007754591854,
    0.005797946927899375,
    0.0003256197768878824,
    0.0026455108144045115,
    0.003757953378155957,
    0.00030300284565577557,
    0.17964698026950224,
    0.04599964883159855,
    0.002942064958873698
  ],
  "vf_stepsize": [
    1.2028905067341464e-05,
    3.4708215766759054e-05,
    5.191545059723144e-05,
    3.524248646202651e-06,
    6.0005135010719615e-06,
    1.1027169280087516e-05,
    0.01902998978967364,
    0.00028597630091880036,
    5.394869947338691e-06,
    0.0002480375821366325
  ],
  "vf_iters": [
    23,
    8,
    6,
    8,
    8,
    18,
    14,
    3,
    9,
    9
  ],
  "vf_minibatches": [
    2,
    16,
    3,
    30,
    28,
    14,
    1,
    1,
    16,
    4
  ],
  "num_envs": 4,
  "results_dir_name": "results",
  "storage_dir_name": "storage",
  "train_set": "remaining",
  "eval_set": "remaining",
  "OPENAI_LOG_FORMAT": "csv",
  "walltime_hrs": 0.3,
  "num_checkpoints": 100,
  "eval_ntrajs": 10,
  "eval_nsteps": 200,
  "eval_seed": 12345,
  "looping_tree": {
    "method": "fixed",
    "environment": "fixed",
    "total_timesteps": "fixed",
    "rng_seed": "cartesian",
    "policy_kwargs": "fixed",
    "timesteps_per_batch": "zip",
    "gamma": "zip",
    "lam": "zip",
    "max_kl": "zip",
    "cg_iters": "zip",
    "entcoeff": "zip",
    "cg_damping": "zip",
    "vf_stepsize": "zip",
    "vf_iters": "zip",
    "vf_minibatches": "zip"
  }
}