{
  "description": "Hyper-parameter optimization for trpo on a low frequency environment",
  "method": "trpo",
  "environment": "drop_leg_100hz",
  "total_timesteps": 4000000,
  "rng_seed": [
    0,
    1000,
    2000
  ],
  "policy_kwargs": {
    "net_arch": [
      {
        "vf": [
          64,
          64
        ],
        "pi": [
          64,
          64
        ]
      }
    ]
  },
  "timesteps_per_batch": [
    2529,
    524,
    10956,
    133,
    627,
    3201,
    4947,
    72,
    6182,
    597
  ],
  "gamma": [
    0.8529934043792137,
    0.7748179321589932,
    0.724927938126126,
    0.9621374075103697,
    0.9943836014423776,
    0.9944687093453782,
    0.992003265215784,
    0.9992226175489185,
    0.9844127761165089,
    0.9998101087388083
  ],
  "lam": [
    0.9789673915230455,
    0.9666464386661131,
    0.9731604124009138,
    0.9973769023365587,
    0.9732815563071933,
    0.4581455769372126,
    0.9989580317165913,
    0.9539632221654281,
    0.9997945095638296,
    0.9833302887147368
  ],
  "max_kl": [
    0.0017340060675679245,
    0.009410515806147216,
    0.11500535126209066,
    0.08132398019306564,
    0.24450331895684868,
    0.00984336702065989,
    0.0037103764196731873,
    0.1313459188323042,
    0.003795174347553946,
    0.05234094740260894
  ],
  "cg_iters": [
    8,
    1,
    9,
    17,
    11,
    2,
    17,
    13,
    17,
    11
  ],
  "entcoeff": [
    4.322075816780788e-07,
    2.7583281035768784e-05,
    2.8899276906854423e-05,
    0.0005723562092499703,
    0.00010125924221997083,
    0.00034569569612164034,
    3.546470360662752e-05,
    4.5020862844996454e-05,
    8.20504781166612e-05,
    0.0008935445810084145
  ],
  "cg_damping": [
    0.0025091463973457456,
    0.008434156022504647,
    0.002538953319952144,
    0.03020615696212379,
    0.003461604689023388,
    0.008747482814117647,
    0.006786037440654046,
    0.00042394277710719865,
    0.018004649456598812,
    0.00024677415988258396
  ],
  "vf_stepsize": [
    0.006480712037607027,
    0.00013486342991637066,
    0.00041434890319655047,
    0.0006103757548269691,
    0.014917817990333667,
    0.0001819192417257293,
    0.010543459880550762,
    0.00015848941649134144,
    0.00012414864888732213,
    0.021237337556457476
  ],
  "vf_iters": [
    1,
    2,
    2,
    4,
    20,
    1,
    5,
    9,
    2,
    8
  ],
  "vf_minibatches": [
    10,
    23,
    14,
    5,
    11,
    14,
    4,
    1,
    7,
    11
  ],
  "num_envs": 4,
  "results_dir_name": "results",
  "storage_dir_name": "storage",
  "train_set": "remaining",
  "eval_set": "remaining",
  "OPENAI_LOG_FORMAT": "csv",
  "walltime_hrs": 0.3,
  "num_checkpoints": 100,
  "eval_ntrajs": 10,
  "eval_nsteps": 200,
  "eval_seed": 12345,
  "looping_tree": {
    "method": "fixed",
    "environment": "fixed",
    "total_timesteps": "fixed",
    "rng_seed": "cartesian",
    "policy_kwargs": "fixed",
    "timesteps_per_batch": "zip",
    "gamma": "zip",
    "lam": "zip",
    "max_kl": "zip",
    "cg_iters": "zip",
    "entcoeff": "zip",
    "cg_damping": "zip",
    "vf_stepsize": "zip",
    "vf_iters": "zip",
    "vf_minibatches": "zip"
  }
}