{
  "description": "Hyper-parameter optimization for trpo on a low frequency environment",
  "method": "trpo",
  "environment": "drop_leg_100hz",
  "total_timesteps": 4000000,
  "rng_seed": [
    0,
    1000,
    2000
  ],
  "policy_kwargs": {
    "net_arch": [
      {
        "vf": [
          64,
          64
        ],
        "pi": [
          64,
          64
        ]
      }
    ]
  },
  "timesteps_per_batch": [
    844,
    146,
    164,
    5631,
    15573,
    7424,
    211,
    4479,
    102,
    10696
  ],
  "gamma": [
    0.9993513336633032,
    0.9902031784956258,
    0.9946812728487762,
    0.9997517757277589,
    0.5804101570890732,
    0.9997568785688621,
    0.6085723137425321,
    0.9614819084162874,
    0.9995235320662722,
    0.9971244598667414
  ],
  "lam": [
    0.9119047009339369,
    0.9984411499207718,
    0.44485068389957727,
    0.9264501295152923,
    0.9997405617961606,
    0.9954685726579862,
    0.7914667300685596,
    0.9669478322896917,
    0.9931800938432981,
    0.8080479883354259
  ],
  "max_kl": [
    0.08562713711404016,
    0.6215541877480785,
    0.20114057054008913,
    0.04074775876318604,
    0.01963986381487192,
    0.2346212692172553,
    0.11694506529415283,
    0.01731742205120893,
    0.47733285892657507,
    0.3796327085456236
  ],
  "cg_iters": [
    2,
    4,
    8,
    11,
    10,
    4,
    6,
    13,
    10,
    11
  ],
  "entcoeff": [
    1.4899480301669384e-05,
    0.00013835707356534544,
    0.0003940326654752966,
    0.0008748905431311454,
    4.2573674729410297e-07,
    3.0400291894966233e-05,
    0.00020300573147587878,
    0.00037621968924997574,
    9.248296329731625e-06,
    0.0002267615315818085
  ],
  "cg_damping": [
    0.017211106157650057,
    0.03489831909470492,
    0.0023155656383348463,
    0.00015798167136205622,
    0.014036873707994599,
    0.2013208088133534,
    0.4743261851291009,
    0.028131040432228794,
    0.011466244278433615,
    0.00020348059391763894
  ],
  "vf_stepsize": [
    0.0012386770417164357,
    6.762621133299154e-06,
    0.0017833601414859982,
    3.6074645390015655e-05,
    0.0035564753379480948,
    3.710410461335821e-06,
    0.023397604094911567,
    0.0001074738252047631,
    3.9026749739194416e-05,
    1.5723776401025348e-05
  ],
  "vf_iters": [
    11,
    7,
    6,
    3,
    2,
    11,
    7,
    1,
    4,
    22
  ],
  "vf_minibatches": [
    50,
    15,
    30,
    11,
    2,
    54,
    10,
    62,
    9,
    2
  ],
  "num_envs": 4,
  "results_dir_name": "results",
  "storage_dir_name": "storage",
  "train_set": "remaining",
  "eval_set": "remaining",
  "OPENAI_LOG_FORMAT": "csv",
  "walltime_hrs": 0.3,
  "num_checkpoints": 100,
  "eval_ntrajs": 10,
  "eval_nsteps": 200,
  "eval_seed": 12345,
  "looping_tree": {
    "method": "fixed",
    "environment": "fixed",
    "total_timesteps": "fixed",
    "rng_seed": "cartesian",
    "policy_kwargs": "fixed",
    "timesteps_per_batch": "zip",
    "gamma": "zip",
    "lam": "zip",
    "max_kl": "zip",
    "cg_iters": "zip",
    "entcoeff": "zip",
    "cg_damping": "zip",
    "vf_stepsize": "zip",
    "vf_iters": "zip",
    "vf_minibatches": "zip"
  }
}