{
  "description": "Hyper-parameter optimization for trpo on a low frequency environment",
  "method": "trpo",
  "environment": "drop_leg_100hz",
  "total_timesteps": 4000000,
  "rng_seed": [
    0,
    1000,
    2000
  ],
  "policy_kwargs": {
    "net_arch": [
      {
        "vf": [
          64,
          64
        ],
        "pi": [
          64,
          64
        ]
      }
    ]
  },
  "timesteps_per_batch": [
    3725,
    3787,
    313,
    233,
    1782,
    1016,
    462,
    563,
    4024,
    316
  ],
  "gamma": [
    0.9977460745686537,
    0.9988067006320227,
    0.9960990709161948,
    0.8968646408524303,
    0.9997586532230539,
    0.9958671824434745,
    0.9966051014872394,
    0.998372403614485,
    0.9987279651763414,
    0.7940298484587509
  ],
  "lam": [
    0.8990549976039698,
    0.9997077635780595,
    0.876002914482121,
    0.9264192362507395,
    0.9379414106688903,
    0.9580246271249698,
    0.9946981462219571,
    0.9134467058906935,
    0.803607836910142,
    0.9997665450182032
  ],
  "max_kl": [
    0.0030203165008923167,
    0.03452718469442174,
    0.08288027208732904,
    0.028437576555314613,
    0.5235580975134823,
    0.5449937653133762,
    0.00472560202162634,
    0.5100874282459943,
    0.03231397348438607,
    0.5343000281847538
  ],
  "cg_iters": [
    1,
    1,
    10,
    1,
    4,
    20,
    2,
    16,
    1,
    6
  ],
  "entcoeff": [
    7.056152225278588e-05,
    5.096493001786085e-05,
    5.6047485014749826e-05,
    0.0001566382788501003,
    2.078525759392593e-05,
    0.0002041023270639612,
    0.00010140834663033921,
    3.5769344259221725e-05,
    1.9485109362054617e-05,
    0.0005065731951214459
  ],
  "cg_damping": [
    0.4148870737340166,
    0.00018824136527894456,
    0.010056044258080708,
    0.0030112227040653594,
    0.006661262434602207,
    0.10251413068548994,
    0.0010350529462489792,
    0.0007556675048112412,
    0.001606408368024537,
    0.006748998587731865
  ],
  "vf_stepsize": [
    0.008420706322964853,
    0.00036594535835434257,
    0.0006509151780399698,
    0.00035674791612335223,
    0.0013910566562857424,
    6.025276989040426e-06,
    0.02398773814030611,
    3.6675133370193894e-05,
    1.0956590076403382e-05,
    0.0023818095548858824
  ],
  "vf_iters": [
    3,
    3,
    5,
    19,
    21,
    1,
    16,
    1,
    9,
    5
  ],
  "vf_minibatches": [
    5,
    4,
    50,
    18,
    3,
    19,
    2,
    5,
    4,
    1
  ],
  "num_envs": 4,
  "results_dir_name": "results",
  "storage_dir_name": "storage",
  "train_set": "remaining",
  "eval_set": "remaining",
  "OPENAI_LOG_FORMAT": "csv",
  "walltime_hrs": 0.3,
  "num_checkpoints": 100,
  "eval_ntrajs": 10,
  "eval_nsteps": 200,
  "eval_seed": 12345,
  "looping_tree": {
    "method": "fixed",
    "environment": "fixed",
    "total_timesteps": "fixed",
    "rng_seed": "cartesian",
    "policy_kwargs": "fixed",
    "timesteps_per_batch": "zip",
    "gamma": "zip",
    "lam": "zip",
    "max_kl": "zip",
    "cg_iters": "zip",
    "entcoeff": "zip",
    "cg_damping": "zip",
    "vf_stepsize": "zip",
    "vf_iters": "zip",
    "vf_minibatches": "zip"
  }
}