{
  "description": "Hyper-parameter optimization for trpo on a low frequency environment",
  "method": "trpo",
  "environment": "drop_leg_100hz",
  "total_timesteps": 4000000,
  "rng_seed": [
    0,
    1000,
    2000
  ],
  "policy_kwargs": {
    "net_arch": [
      {
        "vf": [
          64,
          64
        ],
        "pi": [
          64,
          64
        ]
      }
    ]
  },
  "timesteps_per_batch": [
    7516,
    2621,
    73,
    234,
    70,
    4287,
    100,
    2430,
    199,
    139
  ],
  "gamma": [
    0.9994826896316394,
    0.9997672088064272,
    0.8294363040308137,
    0.7374793743421302,
    0.5641943842289858,
    0.9980740786308723,
    0.9091967014528797,
    0.907885780745654,
    0.7802858776325438,
    0.998940266290999
  ],
  "lam": [
    0.999797364877998,
    0.982958220865517,
    0.46200024328528455,
    0.9943404573120938,
    0.9989199154680332,
    0.8480538139571422,
    0.9989089416232646,
    0.9909347619679288,
    0.6720039495450008,
    0.9998103636695805
  ],
  "max_kl": [
    0.003913150444140354,
    0.38468421641172035,
    0.25336778475856514,
    0.003601654363977303,
    0.11516288666572164,
    0.02742355456077412,
    0.6378841173805172,
    0.020903776665684576,
    0.007881999820958281,
    0.033974329850180035
  ],
  "cg_iters": [
    1,
    2,
    2,
    2,
    2,
    2,
    7,
    16,
    2,
    12
  ],
  "entcoeff": [
    1.038882743759511e-05,
    0.00042316839680429566,
    9.201294907293415e-05,
    0.00013320761607655825,
    9.119790621454458e-06,
    2.5769091013130148e-05,
    7.4419602862091055e-06,
    8.96848967262162e-05,
    1.833693111891571e-05,
    0.00012037987179746968
  ],
  "cg_damping": [
    0.044939304334957915,
    0.00010092369808231992,
    0.0538752251025214,
    0.016293930544235606,
    0.00558954840429986,
    0.005145151703996112,
    0.007352816391446587,
    0.0010620906843892735,
    0.003793861812108483,
    0.00013642361475353935
  ],
  "vf_stepsize": [
    2.0974882970394872e-05,
    7.67064864422647e-05,
    0.0009627258740058348,
    0.003394914972828963,
    0.00029175704708705476,
    0.006411503521898703,
    3.8115351647226207e-06,
    1.8772615111483486e-05,
    0.002415769200718863,
    3.245894796591215e-06
  ],
  "vf_iters": [
    4,
    2,
    1,
    12,
    19,
    3,
    14,
    1,
    8,
    8
  ],
  "vf_minibatches": [
    37,
    5,
    53,
    4,
    9,
    7,
    13,
    1,
    15,
    43
  ],
  "num_envs": 4,
  "results_dir_name": "results",
  "storage_dir_name": "storage",
  "train_set": "remaining",
  "eval_set": "remaining",
  "OPENAI_LOG_FORMAT": "csv",
  "walltime_hrs": 0.3,
  "num_checkpoints": 100,
  "eval_ntrajs": 10,
  "eval_nsteps": 200,
  "eval_seed": 12345,
  "looping_tree": {
    "method": "fixed",
    "environment": "fixed",
    "total_timesteps": "fixed",
    "rng_seed": "cartesian",
    "policy_kwargs": "fixed",
    "timesteps_per_batch": "zip",
    "gamma": "zip",
    "lam": "zip",
    "max_kl": "zip",
    "cg_iters": "zip",
    "entcoeff": "zip",
    "cg_damping": "zip",
    "vf_stepsize": "zip",
    "vf_iters": "zip",
    "vf_minibatches": "zip"
  }
}