{
  "description": "Hyper-parameter optimization for trpo on a low frequency environment",
  "method": "trpo",
  "environment": "drop_leg_100hz",
  "total_timesteps": 4000000,
  "rng_seed": [
    0,
    1000,
    2000
  ],
  "policy_kwargs": {
    "net_arch": [
      {
        "vf": [
          64,
          64
        ],
        "pi": [
          64,
          64
        ]
      }
    ]
  },
  "timesteps_per_batch": [
    625,
    3138,
    991,
    272,
    1103,
    146,
    107,
    293,
    708,
    889
  ],
  "gamma": [
    0.9837562805129043,
    0.9983227192254795,
    0.9996268736258322,
    0.937765455263438,
    0.9859084343539418,
    0.8255734910934021,
    0.9779738930595585,
    0.900502472608287,
    0.9363029120276184,
    0.9932918605680848
  ],
  "lam": [
    0.9817309428363902,
    0.9081087482621119,
    0.997978273663191,
    0.9979488941593495,
    0.900510684731556,
    0.9989624930543501,
    0.9977146293292701,
    0.9994748147335313,
    0.983078655032776,
    0.9885258744548509
  ],
  "max_kl": [
    0.017217433505883676,
    0.22937180690598016,
    0.5687143353159831,
    0.0120939756837628,
    0.05833019869212175,
    0.06515673297197071,
    0.5960315641431471,
    0.609461592191323,
    0.38666079241193074,
    0.08957058020792659
  ],
  "cg_iters": [
    18,
    4,
    3,
    2,
    2,
    4,
    11,
    8,
    19,
    16
  ],
  "entcoeff": [
    1.1732276460284662e-05,
    1.858188016325191e-05,
    0.00029562377967128306,
    3.420224061988315e-05,
    3.3350803502565363e-06,
    0.00018077099088643399,
    0.0006383848834475151,
    4.49024052060427e-05,
    0.00018152091851159982,
    7.736158777661714e-05
  ],
  "cg_damping": [
    0.008024434425817323,
    0.00140047957783747,
    0.10581946937776766,
    0.1257665910509108,
    0.0005803099547490722,
    0.002904568319822746,
    0.04792167710795675,
    0.26456789794823254,
    0.004274481668874935,
    0.0015516653642584858
  ],
  "vf_stepsize": [
    0.0006216783153114896,
    3.1445858157464523e-06,
    0.00016618179653132037,
    7.150003160833936e-06,
    9.981339614062538e-06,
    6.0144772366614864e-05,
    3.6565125563890637e-06,
    0.0247228323839373,
    4.466701355261115e-05,
    0.0015215135259872628
  ],
  "vf_iters": [
    15,
    5,
    11,
    6,
    7,
    7,
    20,
    23,
    1,
    6
  ],
  "vf_minibatches": [
    44,
    5,
    15,
    2,
    15,
    7,
    4,
    19,
    34,
    21
  ],
  "num_envs": 4,
  "results_dir_name": "results",
  "storage_dir_name": "storage",
  "train_set": "remaining",
  "eval_set": "remaining",
  "OPENAI_LOG_FORMAT": "csv",
  "walltime_hrs": 0.3,
  "num_checkpoints": 100,
  "eval_ntrajs": 10,
  "eval_nsteps": 200,
  "eval_seed": 12345,
  "looping_tree": {
    "method": "fixed",
    "environment": "fixed",
    "total_timesteps": "fixed",
    "rng_seed": "cartesian",
    "policy_kwargs": "fixed",
    "timesteps_per_batch": "zip",
    "gamma": "zip",
    "lam": "zip",
    "max_kl": "zip",
    "cg_iters": "zip",
    "entcoeff": "zip",
    "cg_damping": "zip",
    "vf_stepsize": "zip",
    "vf_iters": "zip",
    "vf_minibatches": "zip"
  }
}