{
  "description": "Hyper-parameter optimization for trpo on a low frequency environment",
  "method": "trpo",
  "environment": "drop_leg_100hz",
  "total_timesteps": 4000000,
  "rng_seed": [
    0,
    1000,
    2000
  ],
  "policy_kwargs": {
    "net_arch": [
      {
        "vf": [
          64,
          64
        ],
        "pi": [
          64,
          64
        ]
      }
    ]
  },
  "timesteps_per_batch": [
    13457,
    5707,
    15849,
    1747,
    858,
    967,
    5393,
    249,
    225,
    413
  ],
  "gamma": [
    0.8832559872766459,
    0.7359631329746195,
    0.9573370457749972,
    0.47875653903538007,
    0.7119239753310941,
    0.9997160160095382,
    0.865812016455946,
    0.9983168500945364,
    0.998407179828291,
    0.9997629835309634
  ],
  "lam": [
    0.9943068474967811,
    0.9466475162680663,
    0.9834794155112101,
    0.989289452876923,
    0.896425318758441,
    0.9959777459716493,
    0.7753041655516922,
    0.9903215320306049,
    0.9698797272443871,
    0.7378855374459644
  ],
  "max_kl": [
    0.05133356040560328,
    0.07504212322603106,
    0.11853175801976915,
    0.03331787770182729,
    0.006278411761533421,
    0.0031900511284053434,
    0.0911575559984893,
    0.005107674376587858,
    0.028046796311829672,
    0.3666999600310856
  ],
  "cg_iters": [
    3,
    18,
    9,
    11,
    4,
    2,
    3,
    4,
    5,
    10
  ],
  "entcoeff": [
    1.3368584420251796e-05,
    3.9472118505249136e-07,
    7.654035741696874e-05,
    0.0006376649567912628,
    0.00041061034386763646,
    0.00033749628748863046,
    0.00012779851874522387,
    4.067018923573132e-05,
    2.2068327040938092e-05,
    0.0005010960751195256
  ],
  "cg_damping": [
    0.5229550621377298,
    0.09791725659397474,
    0.03714508115893791,
    0.00012805516591124892,
    0.18767224342330477,
    0.013359787103377117,
    0.0034307959176188138,
    0.3578383636918687,
    0.6046267195142531,
    0.11883429354056893
  ],
  "vf_stepsize": [
    0.001234243185653142,
    0.002354304552424007,
    1.4480324216658485e-05,
    0.0024557603100579333,
    1.5464407252940843e-05,
    0.013228486828834573,
    0.001031190167369947,
    0.013724481569112414,
    5.3561512941056e-05,
    4.446133227080907e-06
  ],
  "vf_iters": [
    8,
    16,
    9,
    1,
    4,
    3,
    6,
    12,
    3,
    14
  ],
  "vf_minibatches": [
    23,
    55,
    27,
    41,
    19,
    34,
    57,
    8,
    15,
    42
  ],
  "num_envs": 4,
  "results_dir_name": "results",
  "storage_dir_name": "storage",
  "train_set": "remaining",
  "eval_set": "remaining",
  "OPENAI_LOG_FORMAT": "csv",
  "walltime_hrs": 2,
  "num_checkpoints": 100,
  "eval_ntrajs": 10,
  "eval_nsteps": 200,
  "eval_seed": 12345,
  "looping_tree": {
    "method": "fixed",
    "environment": "fixed",
    "total_timesteps": "fixed",
    "rng_seed": "cartesian",
    "policy_kwargs": "fixed",
    "timesteps_per_batch": "zip",
    "gamma": "zip",
    "lam": "zip",
    "max_kl": "zip",
    "cg_iters": "zip",
    "entcoeff": "zip",
    "cg_damping": "zip",
    "vf_stepsize": "zip",
    "vf_iters": "zip",
    "vf_minibatches": "zip"
  }
}