{
  "description": "Hyper-parameter optimization for trpo on a low frequency environment",
  "method": "trpo",
  "environment": "drop_leg_100hz",
  "total_timesteps": 4000000,
  "rng_seed": [
    0,
    1000,
    2000
  ],
  "policy_kwargs": {
    "net_arch": [
      {
        "vf": [
          64,
          64
        ],
        "pi": [
          64,
          64
        ]
      }
    ]
  },
  "timesteps_per_batch": [
    1561,
    229,
    2264,
    737,
    322,
    588,
    94,
    131,
    900,
    1122
  ],
  "gamma": [
    0.9997590437018126,
    0.9054044301890327,
    0.9993829210521938,
    0.9971835110217684,
    0.8284487204283852,
    0.9992929389504299,
    0.9988213496711454,
    0.9989954961125189,
    0.9540584193122859,
    0.8712102317647284
  ],
  "lam": [
    0.9957128871803625,
    0.9705892904088101,
    0.982942270246556,
    0.9934187272517353,
    0.9991545006716211,
    0.9981824136786682,
    0.996304230285396,
    0.9968001986393453,
    0.9996062324736832,
    0.9948071742407625
  ],
  "max_kl": [
    0.42756563510237094,
    0.22629601069905533,
    0.3717409281124837,
    0.0653706495278583,
    0.5962461305423349,
    0.11735973345105115,
    0.10716657328769505,
    0.47755124075806044,
    0.0038275343126752655,
    0.03751713546778279
  ],
  "cg_iters": [
    2,
    12,
    4,
    2,
    4,
    9,
    9,
    12,
    2,
    10
  ],
  "entcoeff": [
    8.176537764422993e-05,
    1.4017396668350249e-05,
    0.00022374159399084404,
    3.3667920910557204e-05,
    7.953032451545835e-05,
    0.000446518262169148,
    0.00019132428551906473,
    2.0551002949498217e-07,
    1.5016170323498064e-05,
    0.0006691334299246494
  ],
  "cg_damping": [
    0.09432901898573354,
    0.027029898719549326,
    0.000307509120408159,
    0.06601512443753035,
    0.00202312035260329,
    0.05064451180308007,
    0.37183320279854626,
    0.3472196845933991,
    0.0011357895228679008,
    0.3913778999153983
  ],
  "vf_stepsize": [
    5.334791714954054e-05,
    0.003710711729890915,
    0.02778305229335957,
    0.01745856703441981,
    0.007534619860767953,
    0.00037660225747715106,
    0.0014842263261716127,
    0.013883752827000507,
    3.1023686590400554e-06,
    0.0001461678942305051
  ],
  "vf_iters": [
    17,
    1,
    7,
    22,
    10,
    6,
    11,
    24,
    5,
    7
  ],
  "vf_minibatches": [
    17,
    39,
    3,
    18,
    4,
    43,
    4,
    14,
    17,
    1
  ],
  "num_envs": 4,
  "results_dir_name": "results",
  "storage_dir_name": "storage",
  "train_set": "remaining",
  "eval_set": "remaining",
  "OPENAI_LOG_FORMAT": "csv",
  "walltime_hrs": 0.3,
  "num_checkpoints": 100,
  "eval_ntrajs": 10,
  "eval_nsteps": 200,
  "eval_seed": 12345,
  "looping_tree": {
    "method": "fixed",
    "environment": "fixed",
    "total_timesteps": "fixed",
    "rng_seed": "cartesian",
    "policy_kwargs": "fixed",
    "timesteps_per_batch": "zip",
    "gamma": "zip",
    "lam": "zip",
    "max_kl": "zip",
    "cg_iters": "zip",
    "entcoeff": "zip",
    "cg_damping": "zip",
    "vf_stepsize": "zip",
    "vf_iters": "zip",
    "vf_minibatches": "zip"
  }
}