{
  "description": "Hyper-parameter optimization for trpo on a low frequency environment",
  "method": "trpo",
  "environment": "drop_leg_100hz",
  "total_timesteps": 4000000,
  "rng_seed": [
    0,
    1000,
    2000
  ],
  "policy_kwargs": {
    "net_arch": [
      {
        "vf": [
          64,
          64
        ],
        "pi": [
          64,
          64
        ]
      }
    ]
  },
  "timesteps_per_batch": [
    73,
    8244,
    83,
    791,
    3904,
    1119,
    2477,
    243,
    3111,
    7178
  ],
  "gamma": [
    0.6799050061442214,
    0.9997279498921345,
    0.46393589186220807,
    0.4388544269278103,
    0.9623020423951663,
    0.9989894799158836,
    0.9996013235619424,
    0.9978995544451185,
    0.9943414111716304,
    0.9997440665444391
  ],
  "lam": [
    0.8363530165523476,
    0.6062143240871548,
    0.9997198963540115,
    0.9858149123970109,
    0.994093676136646,
    0.985721868861709,
    0.9998417811280232,
    0.9995716021946642,
    0.9994309573924433,
    0.9971423928266919
  ],
  "max_kl": [
    0.004089241845459886,
    0.1273455993949312,
    0.25073012987829735,
    0.194203901847117,
    0.04133844822845332,
    0.0036904388849511908,
    0.01166533771896291,
    0.33606738521809737,
    0.13401767723531968,
    0.1343358718270777
  ],
  "cg_iters": [
    3,
    1,
    5,
    12,
    12,
    4,
    4,
    10,
    2,
    5
  ],
  "entcoeff": [
    5.8451066478438805e-06,
    0.00015641541224013344,
    1.1511478562887036e-05,
    0.0007960464640728728,
    2.1032617483197635e-05,
    0.0009074127795384081,
    4.203081088805281e-05,
    2.6384824594762403e-05,
    9.133783911519865e-05,
    0.0005947010994061705
  ],
  "cg_damping": [
    0.00020358952917710156,
    0.00015125646191197354,
    0.00044451990414835557,
    0.00114070952002312,
    0.0027726267416501465,
    0.05505365638522365,
    0.1909450076312881,
    0.045609918690237145,
    0.005672244695965854,
    0.00017351146139412706
  ],
  "vf_stepsize": [
    8.595169548872766e-06,
    0.0007369557034110319,
    0.00010981438285621804,
    0.0037630126759452967,
    9.917363980478204e-05,
    0.00015368497418826252,
    1.2491063181863453e-05,
    0.00010635897929159427,
    1.637265666477952e-05,
    0.0005072673348768482
  ],
  "vf_iters": [
    5,
    11,
    3,
    14,
    4,
    2,
    5,
    20,
    3,
    7
  ],
  "vf_minibatches": [
    11,
    14,
    6,
    1,
    12,
    12,
    4,
    1,
    31,
    1
  ],
  "num_envs": 4,
  "results_dir_name": "results",
  "storage_dir_name": "storage",
  "train_set": "remaining",
  "eval_set": "remaining",
  "OPENAI_LOG_FORMAT": "csv",
  "walltime_hrs": 0.3,
  "num_checkpoints": 100,
  "eval_ntrajs": 10,
  "eval_nsteps": 200,
  "eval_seed": 12345,
  "looping_tree": {
    "method": "fixed",
    "environment": "fixed",
    "total_timesteps": "fixed",
    "rng_seed": "cartesian",
    "policy_kwargs": "fixed",
    "timesteps_per_batch": "zip",
    "gamma": "zip",
    "lam": "zip",
    "max_kl": "zip",
    "cg_iters": "zip",
    "entcoeff": "zip",
    "cg_damping": "zip",
    "vf_stepsize": "zip",
    "vf_iters": "zip",
    "vf_minibatches": "zip"
  }
}