{
  "description": "Hyper-parameter optimization for trpo on a low frequency environment",
  "method": "trpo",
  "environment": "drop_leg_100hz",
  "total_timesteps": 4000000,
  "rng_seed": [
    0,
    1000,
    2000
  ],
  "policy_kwargs": {
    "net_arch": [
      {
        "vf": [
          64,
          64
        ],
        "pi": [
          64,
          64
        ]
      }
    ]
  },
  "timesteps_per_batch": [
    3351,
    5972,
    15158,
    723,
    99,
    10845,
    10275,
    450,
    70,
    1240
  ],
  "gamma": [
    0.9994264670121732,
    0.9984531173337923,
    0.9996624761415608,
    0.9996210355131787,
    0.9985342003354241,
    0.9995073782660912,
    0.9934926207355381,
    0.5502439403981307,
    0.7617842665889405,
    0.9987633016032474
  ],
  "lam": [
    0.9673799964360709,
    0.9944823193891162,
    0.9878374315310159,
    0.9988740054078431,
    0.6569218472940848,
    0.9812455163515887,
    0.6329770315089228,
    0.997026338156053,
    0.6845461217460109,
    0.9726050935608288
  ],
  "max_kl": [
    0.08664279156460736,
    0.007137124042775845,
    0.12387703041018791,
    0.169348254130358,
    0.016062024013496514,
    0.0026908203262124516,
    0.006937983483456264,
    0.0024485499144501766,
    0.004791772527383683,
    0.0029391732094777466
  ],
  "cg_iters": [
    3,
    6,
    4,
    8,
    13,
    3,
    1,
    3,
    2,
    10
  ],
  "entcoeff": [
    0.00016838910886032022,
    9.955049313411814e-05,
    1.8697162515549826e-05,
    0.00018774758690449982,
    0.00016550046284288707,
    0.0003540506360878058,
    0.0001356949594626854,
    6.990846563032336e-06,
    0.0004151158218244309,
    0.0005576328620298608
  ],
  "cg_damping": [
    0.0005229615712488522,
    0.11962155631124305,
    0.01345681975511591,
    0.00038966789845993433,
    0.11858920354028059,
    0.001519343460342115,
    0.0002558044135123962,
    0.004379560281500062,
    0.011737337182717843,
    0.0005203799451540643
  ],
  "vf_stepsize": [
    3.3181233796926066e-05,
    0.0013698572599237862,
    0.0026850004004626616,
    0.0008514553052792852,
    1.4381813288677213e-05,
    0.006284539971963058,
    0.00019559259923384673,
    0.0028738525753027803,
    8.103865277906814e-06,
    0.015313322221618552
  ],
  "vf_iters": [
    8,
    3,
    1,
    19,
    2,
    1,
    3,
    9,
    4,
    1
  ],
  "vf_minibatches": [
    21,
    62,
    10,
    53,
    4,
    34,
    58,
    1,
    2,
    25
  ],
  "num_envs": 4,
  "results_dir_name": "results",
  "storage_dir_name": "storage",
  "train_set": "remaining",
  "eval_set": "remaining",
  "OPENAI_LOG_FORMAT": "csv",
  "walltime_hrs": 0.3,
  "num_checkpoints": 100,
  "eval_ntrajs": 10,
  "eval_nsteps": 200,
  "eval_seed": 12345,
  "looping_tree": {
    "method": "fixed",
    "environment": "fixed",
    "total_timesteps": "fixed",
    "rng_seed": "cartesian",
    "policy_kwargs": "fixed",
    "timesteps_per_batch": "zip",
    "gamma": "zip",
    "lam": "zip",
    "max_kl": "zip",
    "cg_iters": "zip",
    "entcoeff": "zip",
    "cg_damping": "zip",
    "vf_stepsize": "zip",
    "vf_iters": "zip",
    "vf_minibatches": "zip"
  }
}