{
  "description": "Hyper-parameter optimization for trpo on a low frequency environment",
  "method": "trpo",
  "environment": "drop_leg_100hz",
  "total_timesteps": 4000000,
  "rng_seed": [
    0,
    1000,
    2000
  ],
  "policy_kwargs": {
    "net_arch": [
      {
        "vf": [
          64,
          64
        ],
        "pi": [
          64,
          64
        ]
      }
    ]
  },
  "timesteps_per_batch": [
    1387,
    219,
    2559,
    230,
    1442,
    996,
    3495,
    4528,
    398,
    16331
  ],
  "gamma": [
    0.9993712763316576,
    0.9973836854088413,
    0.9989535933282055,
    0.7640597515961645,
    0.9687685618804454,
    0.9991995386378862,
    0.9732044444180517,
    0.9981595845635074,
    0.9995236320581731,
    0.9877252788222501
  ],
  "lam": [
    0.9707909229674445,
    0.9863102358696123,
    0.9235212357867224,
    0.5301088445646166,
    0.874725698058977,
    0.9578760056504828,
    0.9991555814007812,
    0.9643782457260628,
    0.9987833190072951,
    0.9949053985520986
  ],
  "max_kl": [
    0.0016098291030639442,
    0.06116610923378604,
    0.002769870908794161,
    0.0015466131092096314,
    0.42796656420344764,
    0.006138527851061321,
    0.02372118902036446,
    0.01711823960060436,
    0.00223573837757768,
    0.00294070536529668
  ],
  "cg_iters": [
    3,
    4,
    2,
    2,
    9,
    8,
    9,
    2,
    8,
    3
  ],
  "entcoeff": [
    6.358665745026773e-05,
    0.00012418941221972393,
    1.0180669698473102e-05,
    1.7862091568932164e-05,
    3.190114151912309e-05,
    0.0006800199220008899,
    0.00038682504878682943,
    9.721366880884163e-07,
    0.00010545063631100935,
    5.233201042353446e-05
  ],
  "cg_damping": [
    0.24421480447160604,
    0.23048888279285298,
    0.0012152093409969853,
    0.0016653698102018857,
    0.13149585552082207,
    0.0002608662229324128,
    0.025915679785518807,
    0.20187870559374121,
    0.1553169522767023,
    0.053733628491485635
  ],
  "vf_stepsize": [
    9.793171138136508e-05,
    1.8049260864279006e-05,
    0.0013073001864256193,
    0.011152339880570742,
    0.004742182963984043,
    5.951610127296593e-06,
    0.00590192506279976,
    1.0396575731063357e-05,
    0.0007368439249171582,
    1.6773367981716066e-05
  ],
  "vf_iters": [
    4,
    10,
    4,
    2,
    13,
    4,
    2,
    21,
    4,
    5
  ],
  "vf_minibatches": [
    20,
    5,
    16,
    13,
    4,
    6,
    6,
    41,
    1,
    8
  ],
  "num_envs": 4,
  "results_dir_name": "results",
  "storage_dir_name": "storage",
  "train_set": "remaining",
  "eval_set": "remaining",
  "OPENAI_LOG_FORMAT": "csv",
  "walltime_hrs": 0.3,
  "num_checkpoints": 100,
  "eval_ntrajs": 10,
  "eval_nsteps": 200,
  "eval_seed": 12345,
  "looping_tree": {
    "method": "fixed",
    "environment": "fixed",
    "total_timesteps": "fixed",
    "rng_seed": "cartesian",
    "policy_kwargs": "fixed",
    "timesteps_per_batch": "zip",
    "gamma": "zip",
    "lam": "zip",
    "max_kl": "zip",
    "cg_iters": "zip",
    "entcoeff": "zip",
    "cg_damping": "zip",
    "vf_stepsize": "zip",
    "vf_iters": "zip",
    "vf_minibatches": "zip"
  }
}