{
  "description": "Hyper-parameter optimization for trpo on a low frequency environment",
  "method": "trpo",
  "environment": "drop_leg_100hz",
  "total_timesteps": 4000000,
  "rng_seed": [
    0,
    1000,
    2000
  ],
  "policy_kwargs": {
    "net_arch": [
      {
        "vf": [
          64,
          64
        ],
        "pi": [
          64,
          64
        ]
      }
    ]
  },
  "timesteps_per_batch": [
    631,
    4716,
    375,
    148,
    12003,
    80,
    4604,
    1457,
    371,
    107
  ],
  "gamma": [
    0.9996758249809332,
    0.9974346973610851,
    0.8228161334116388,
    0.9991613449248115,
    0.9979590333679432,
    0.9455003790755007,
    0.986355401942084,
    0.9998198435961619,
    0.7733509479390653,
    0.9813496325306869
  ],
  "lam": [
    0.9985495051167556,
    0.9982727595625404,
    0.9758674315277994,
    0.9942597355779933,
    0.8118542993943738,
    0.9994469894728935,
    0.9809995612295768,
    0.9996095023060727,
    0.9997055540271335,
    0.9778657975421942
  ],
  "max_kl": [
    0.14283171535857758,
    0.4225126750956449,
    0.004240735180603784,
    0.01659855413419948,
    0.005262003966712091,
    0.008510798175023837,
    0.0017011510276372685,
    0.0023689782459352287,
    0.001917798015307825,
    0.022569866720656688
  ],
  "cg_iters": [
    5,
    20,
    8,
    3,
    2,
    2,
    2,
    10,
    14,
    6
  ],
  "entcoeff": [
    3.953175456738788e-05,
    0.00011706076829438492,
    0.0007065803098453843,
    0.0001023321195962303,
    4.3769924396626974e-05,
    5.261878227876741e-06,
    3.878671592831128e-05,
    0.0005644524607245022,
    3.292398407718606e-05,
    1.7495669915647953e-05
  ],
  "cg_damping": [
    0.34643163203285315,
    0.03961723254430933,
    0.0012606346543623567,
    0.004572315614081846,
    0.0909816691331641,
    0.09945178814807008,
    0.0290135855784916,
    0.00021595172692136458,
    0.0001196988798387787,
    0.0002949533696403783
  ],
  "vf_stepsize": [
    2.3070243227565646e-05,
    9.33492270495577e-06,
    0.00044490923878392666,
    0.01388752933505952,
    3.41103856380617e-05,
    0.0036750614407368336,
    1.0864339891213151e-05,
    0.00014263587619033706,
    0.0272418050095015,
    0.0004265853467906337
  ],
  "vf_iters": [
    2,
    24,
    5,
    1,
    11,
    8,
    6,
    24,
    5,
    2
  ],
  "vf_minibatches": [
    52,
    2,
    4,
    59,
    22,
    59,
    28,
    1,
    18,
    50
  ],
  "num_envs": 4,
  "results_dir_name": "results",
  "storage_dir_name": "storage",
  "train_set": "remaining",
  "eval_set": "remaining",
  "OPENAI_LOG_FORMAT": "csv",
  "walltime_hrs": 0.3,
  "num_checkpoints": 100,
  "eval_ntrajs": 10,
  "eval_nsteps": 200,
  "eval_seed": 12345,
  "looping_tree": {
    "method": "fixed",
    "environment": "fixed",
    "total_timesteps": "fixed",
    "rng_seed": "cartesian",
    "policy_kwargs": "fixed",
    "timesteps_per_batch": "zip",
    "gamma": "zip",
    "lam": "zip",
    "max_kl": "zip",
    "cg_iters": "zip",
    "entcoeff": "zip",
    "cg_damping": "zip",
    "vf_stepsize": "zip",
    "vf_iters": "zip",
    "vf_minibatches": "zip"
  }
}