{
  "description": "Hyper-parameter optimization for trpo on a low frequency environment",
  "method": "trpo",
  "environment": "drop_leg_100hz",
  "total_timesteps": 4000000,
  "rng_seed": [
    0,
    1000,
    2000
  ],
  "policy_kwargs": {
    "net_arch": [
      {
        "vf": [
          64,
          64
        ],
        "pi": [
          64,
          64
        ]
      }
    ]
  },
  "timesteps_per_batch": [
    70,
    279,
    125,
    12152,
    13001,
    665,
    119,
    14003,
    395,
    2840
  ],
  "gamma": [
    0.9012077229223215,
    0.9988742698075127,
    0.5307992350532171,
    0.9989570784086972,
    0.9998081524763096,
    0.9169907084502005,
    0.8825540492082561,
    0.9977737998655526,
    0.8224612947893987,
    0.9695700849369252
  ],
  "lam": [
    0.8438996698449248,
    0.9425099577172678,
    0.989389711284079,
    0.8290069554176513,
    0.9961043974696127,
    0.9992810737053952,
    0.6390639646190402,
    0.7547454023543623,
    0.9996263219914125,
    0.9608775094549362
  ],
  "max_kl": [
    0.06452081804901706,
    0.0455214550243965,
    0.013689803729920041,
    0.0223003500113661,
    0.4042540394379221,
    0.08336870846315156,
    0.09571794484154826,
    0.003217713060717353,
    0.003578373099661251,
    0.00470610608651404
  ],
  "cg_iters": [
    19,
    1,
    1,
    3,
    2,
    3,
    1,
    16,
    12,
    3
  ],
  "entcoeff": [
    6.987011438887232e-05,
    0.0008405118083363095,
    5.888691572101028e-05,
    1.067339225309448e-05,
    0.0002491516572526525,
    1.3256728532094259e-05,
    0.00012061411818745264,
    0.0002620404695993878,
    7.390611184323389e-05,
    6.644432587532911e-06
  ],
  "cg_damping": [
    0.00017858372502732272,
    0.18143746020192011,
    0.0003781958221734468,
    0.8231101100504629,
    0.03285747490368937,
    0.5384349793750267,
    0.026639251139809587,
    0.023035390475367894,
    0.1591793780274198,
    0.021017264178426802
  ],
  "vf_stepsize": [
    5.009485218043967e-05,
    7.142315122337597e-06,
    7.315774531635208e-06,
    0.0049764217573002485,
    1.035227216721121e-05,
    0.00022556969224996656,
    0.0015301271003781668,
    0.0029526980862334693,
    2.534915220099369e-05,
    3.234382836833753e-05
  ],
  "vf_iters": [
    2,
    13,
    4,
    2,
    2,
    2,
    16,
    17,
    6,
    14
  ],
  "vf_minibatches": [
    4,
    3,
    16,
    1,
    9,
    3,
    1,
    29,
    2,
    4
  ],
  "num_envs": 4,
  "results_dir_name": "results",
  "storage_dir_name": "storage",
  "train_set": "remaining",
  "eval_set": "remaining",
  "OPENAI_LOG_FORMAT": "csv",
  "walltime_hrs": 0.3,
  "num_checkpoints": 100,
  "eval_ntrajs": 10,
  "eval_nsteps": 200,
  "eval_seed": 12345,
  "looping_tree": {
    "method": "fixed",
    "environment": "fixed",
    "total_timesteps": "fixed",
    "rng_seed": "cartesian",
    "policy_kwargs": "fixed",
    "timesteps_per_batch": "zip",
    "gamma": "zip",
    "lam": "zip",
    "max_kl": "zip",
    "cg_iters": "zip",
    "entcoeff": "zip",
    "cg_damping": "zip",
    "vf_stepsize": "zip",
    "vf_iters": "zip",
    "vf_minibatches": "zip"
  }
}