{
  "description": "Hyper-parameter optimization for trpo on a low frequency environment",
  "method": "trpo",
  "environment": "drop_leg_100hz",
  "total_timesteps": 4000000,
  "rng_seed": [
    0,
    1000,
    2000
  ],
  "policy_kwargs": {
    "net_arch": [
      {
        "vf": [
          64,
          64
        ],
        "pi": [
          64,
          64
        ]
      }
    ]
  },
  "timesteps_per_batch": [
    6531,
    1338,
    3943,
    86,
    108,
    232,
    139,
    14081,
    7113,
    11342
  ],
  "gamma": [
    0.9995078010773922,
    0.9998084108765292,
    0.8874726509392606,
    0.9994988896999688,
    0.9356478607170362,
    0.582855987973278,
    0.9990580393821906,
    0.9968869923810424,
    0.5332483100077159,
    0.987123201199367
  ],
  "lam": [
    0.9047172957353741,
    0.9989893333069397,
    0.4736947530449014,
    0.9894961074811208,
    0.9996790653385498,
    0.8932610474610202,
    0.9997632611610926,
    0.9975143609830059,
    0.9943747296933316,
    0.9981153760845278
  ],
  "max_kl": [
    0.34804516210239544,
    0.008802501744051602,
    0.4530220310854497,
    0.6084863593135158,
    0.42449991129566134,
    0.027967665520870755,
    0.031137058293660303,
    0.033213139502966976,
    0.1978320532128398,
    0.1435377209930802
  ],
  "cg_iters": [
    16,
    3,
    9,
    11,
    2,
    16,
    13,
    16,
    11,
    5
  ],
  "entcoeff": [
    5.706317169522087e-05,
    0.0002475407701016358,
    8.54221210430519e-05,
    0.0009481485948144358,
    1.0906108386144529e-06,
    4.219076717467778e-05,
    0.0005938353598083734,
    0.00010076630871764878,
    0.00020556246472913542,
    2.7556290992632048e-05
  ],
  "cg_damping": [
    0.8910936183310467,
    0.6447095870245239,
    0.00573046169174825,
    0.00019159143473326218,
    0.062044999090566426,
    0.8342197444839626,
    0.0001886040573729626,
    0.35438448410213075,
    0.00014405729145759968,
    0.015118314252703751
  ],
  "vf_stepsize": [
    0.00789485660632608,
    0.0009678760298300872,
    0.007757292079994023,
    0.0159152816889121,
    7.663437278516267e-05,
    0.0023722845686627936,
    0.01982827795285905,
    9.016652343024665e-05,
    0.0014298301701120932,
    2.8685795423377152e-05
  ],
  "vf_iters": [
    9,
    19,
    2,
    9,
    6,
    1,
    4,
    3,
    19,
    1
  ],
  "vf_minibatches": [
    19,
    1,
    47,
    48,
    8,
    6,
    8,
    42,
    12,
    2
  ],
  "num_envs": 4,
  "results_dir_name": "results",
  "storage_dir_name": "storage",
  "train_set": "remaining",
  "eval_set": "remaining",
  "OPENAI_LOG_FORMAT": "csv",
  "walltime_hrs": 0.3,
  "num_checkpoints": 100,
  "eval_ntrajs": 10,
  "eval_nsteps": 200,
  "eval_seed": 12345,
  "looping_tree": {
    "method": "fixed",
    "environment": "fixed",
    "total_timesteps": "fixed",
    "rng_seed": "cartesian",
    "policy_kwargs": "fixed",
    "timesteps_per_batch": "zip",
    "gamma": "zip",
    "lam": "zip",
    "max_kl": "zip",
    "cg_iters": "zip",
    "entcoeff": "zip",
    "cg_damping": "zip",
    "vf_stepsize": "zip",
    "vf_iters": "zip",
    "vf_minibatches": "zip"
  }
}