{
  "description": "Hyper-parameter optimization for trpo on a low frequency environment",
  "method": "trpo",
  "environment": "drop_leg_100hz",
  "total_timesteps": 4000000,
  "rng_seed": [
    0,
    1000,
    2000
  ],
  "policy_kwargs": {
    "net_arch": [
      {
        "vf": [
          64,
          64
        ],
        "pi": [
          64,
          64
        ]
      }
    ]
  },
  "timesteps_per_batch": [
    2926,
    2382,
    640,
    70,
    320,
    7308,
    6705,
    8577,
    94,
    274
  ],
  "gamma": [
    0.6875999588229729,
    0.983839456875066,
    0.9942965750987726,
    0.9983544581175532,
    0.8252116735985747,
    0.6255458364935879,
    0.9795670375622745,
    0.9994706686865024,
    0.8144328645256851,
    0.47452274340808676
  ],
  "lam": [
    0.8051003273644552,
    0.4604255597192567,
    0.9961655759597388,
    0.9985214418179484,
    0.8535481777776723,
    0.8773464883312952,
    0.9957864352715626,
    0.9985417862378161,
    0.8409427116718278,
    0.9988693418170733
  ],
  "max_kl": [
    0.03121931046376486,
    0.4976119152721657,
    0.4444399657794801,
    0.016576726694190472,
    0.2807097052738845,
    0.4179170468502369,
    0.08257691640107787,
    0.011487705123270117,
    0.1419340011730195,
    0.005045368745585003
  ],
  "cg_iters": [
    2,
    2,
    5,
    1,
    6,
    8,
    1,
    2,
    3,
    11
  ],
  "entcoeff": [
    0.00017059647199462157,
    0.0006271024767600647,
    3.9518434109467666e-06,
    0.00023635146889151043,
    4.37719358945439e-05,
    2.628720806875579e-05,
    4.608613088630218e-05,
    0.0009508790061589498,
    0.0009784016970708046,
    9.942759366581343e-06
  ],
  "cg_damping": [
    0.0006069878477796215,
    0.06989785047984992,
    0.5081134429682109,
    0.007221899682183808,
    0.0017829692176901894,
    0.339264001950659,
    0.008355742861542649,
    0.3736777519705016,
    0.00011645661639236408,
    0.12568847342841433
  ],
  "vf_stepsize": [
    0.0006362033576747012,
    0.00027244749378861735,
    0.00026332866793208747,
    1.3737823468341793e-05,
    0.00013238347697986202,
    0.0006237462922950304,
    0.0045210382385858,
    3.002965071471715e-06,
    3.2951418824959718e-06,
    0.0005626722552291587
  ],
  "vf_iters": [
    15,
    5,
    2,
    18,
    6,
    21,
    12,
    16,
    9,
    4
  ],
  "vf_minibatches": [
    15,
    17,
    1,
    27,
    7,
    1,
    5,
    53,
    7,
    3
  ],
  "num_envs": 4,
  "results_dir_name": "results",
  "storage_dir_name": "storage",
  "train_set": "remaining",
  "eval_set": "remaining",
  "OPENAI_LOG_FORMAT": "csv",
  "walltime_hrs": 2,
  "num_checkpoints": 100,
  "eval_ntrajs": 10,
  "eval_nsteps": 200,
  "eval_seed": 12345,
  "looping_tree": {
    "method": "fixed",
    "environment": "fixed",
    "total_timesteps": "fixed",
    "rng_seed": "cartesian",
    "policy_kwargs": "fixed",
    "timesteps_per_batch": "zip",
    "gamma": "zip",
    "lam": "zip",
    "max_kl": "zip",
    "cg_iters": "zip",
    "entcoeff": "zip",
    "cg_damping": "zip",
    "vf_stepsize": "zip",
    "vf_iters": "zip",
    "vf_minibatches": "zip"
  }
}