{
  "description": "Hyper-parameter optimization for trpo on a low frequency environment",
  "method": "trpo",
  "environment": "drop_leg_100hz",
  "total_timesteps": 4000000,
  "rng_seed": [
    0,
    1000,
    2000
  ],
  "policy_kwargs": {
    "net_arch": [
      {
        "vf": [
          64,
          64
        ],
        "pi": [
          64,
          64
        ]
      }
    ]
  },
  "timesteps_per_batch": [
    3281,
    982,
    982,
    982,
    982,
    982,
    982,
    982,
    2395,
    2396
  ],
  "gamma": [
    0.9733684778356708,
    0.9731778677789861,
    0.9731776050295171,
    0.9731777379097446,
    0.9731778169778325,
    0.9731780077862863,
    0.9731779125245965,
    0.97317791923308,
    0.9800552235781483,
    0.9800591107174272
  ],
  "lam": [
    0.998725054632768,
    0.9767782584458703,
    0.9767779379596646,
    0.9767780986952549,
    0.9767781899074172,
    0.9767778280802697,
    0.9767780888456855,
    0.9767780635890493,
    0.5551411982072305,
    0.5552084955198218
  ],
  "max_kl": [
    0.02786607187355646,
    0.011132664935044705,
    0.011132582989127095,
    0.01113276181364913,
    0.01113258613871506,
    0.011132592726885309,
    0.01113266018778926,
    0.011132624985841107,
    0.4538490606826452,
    0.4534023563783146
  ],
  "cg_iters": [
    9,
    10,
    10,
    10,
    10,
    10,
    10,
    10,
    2,
    2
  ],
  "entcoeff": [
    0.00044282598078525,
    5.306653134110233e-06,
    5.306760369200805e-06,
    5.306597601697844e-06,
    5.30661703636662e-06,
    5.306720915968281e-06,
    5.306732379146364e-06,
    5.306742708107609e-06,
    0.0005197886404043063,
    0.0005200349296089202
  ],
  "cg_damping": [
    0.024787321423606536,
    0.010360525305467602,
    0.010360640769259015,
    0.010360502593373762,
    0.010360608161663117,
    0.010360624770545128,
    0.01036063288990206,
    0.010360607598112909,
    0.06562115398005523,
    0.0655339054317083
  ],
  "vf_stepsize": [
    0.004485919407357708,
    0.00037574458175546673,
    0.0003757448224135734,
    0.0003757442600545118,
    0.0003757435593263604,
    0.0003757423682269163,
    0.00037574328879353596,
    0.0003757429632809078,
    0.0003351861988152218,
    0.0003352563971294202
  ],
  "vf_iters": [
    2,
    4,
    4,
    4,
    4,
    4,
    4,
    4,
    5,
    5
  ],
  "vf_minibatches": [
    6,
    13,
    13,
    13,
    13,
    13,
    13,
    13,
    16,
    16
  ],
  "num_envs": 4,
  "results_dir_name": "results",
  "storage_dir_name": "storage",
  "train_set": "remaining",
  "eval_set": "remaining",
  "OPENAI_LOG_FORMAT": "csv",
  "walltime_hrs": 0.3,
  "num_checkpoints": 100,
  "eval_ntrajs": 10,
  "eval_nsteps": 200,
  "eval_seed": 12345,
  "looping_tree": {
    "method": "fixed",
    "environment": "fixed",
    "total_timesteps": "fixed",
    "rng_seed": "cartesian",
    "policy_kwargs": "fixed",
    "timesteps_per_batch": "zip",
    "gamma": "zip",
    "lam": "zip",
    "max_kl": "zip",
    "cg_iters": "zip",
    "entcoeff": "zip",
    "cg_damping": "zip",
    "vf_stepsize": "zip",
    "vf_iters": "zip",
    "vf_minibatches": "zip"
  }
}