{
  "description": "Hyper-parameter optimization for trpo on a low frequency environment",
  "method": "trpo",
  "environment": "drop_leg_100hz",
  "total_timesteps": 4000000,
  "rng_seed": [
    0,
    1000,
    2000
  ],
  "policy_kwargs": {
    "net_arch": [
      {
        "vf": [
          64,
          64
        ],
        "pi": [
          64,
          64
        ]
      }
    ]
  },
  "timesteps_per_batch": [
    1960,
    363,
    77,
    484,
    1060,
    10524,
    6949,
    1758,
    11721,
    80
  ],
  "gamma": [
    0.9989653481276825,
    0.9976751947648861,
    0.9909760705684627,
    0.9890075507310334,
    0.8992272129912187,
    0.8901649307905687,
    0.999646252451419,
    0.9972885304835458,
    0.9700609368503126,
    0.9995198275254944
  ],
  "lam": [
    0.9981641664830708,
    0.9963184472637057,
    0.8747035537718368,
    0.9920826279216288,
    0.9995855317920309,
    0.999360801215654,
    0.9348866328014404,
    0.9989969370541637,
    0.9996660969673978,
    0.9762469360511176
  ],
  "max_kl": [
    0.2512090286746674,
    0.0690520484138706,
    0.005126916434556701,
    0.036232993113619355,
    0.01721820607756085,
    0.0017252809188016858,
    0.515808180234613,
    0.002522364470120142,
    0.035453921918379955,
    0.003145304830813302
  ],
  "cg_iters": [
    18,
    3,
    5,
    3,
    2,
    1,
    1,
    1,
    4,
    3
  ],
  "entcoeff": [
    0.00010386666462804232,
    0.0002485421797304348,
    3.145070406400601e-05,
    0.0006098592654798101,
    8.400606634725444e-06,
    2.8108858069080527e-05,
    5.86965337676643e-06,
    7.956115054266778e-06,
    7.917779260867489e-05,
    0.00013462110774727185
  ],
  "cg_damping": [
    0.002165101324285639,
    0.00028691384889094806,
    0.30811854810727185,
    0.0001193614868961013,
    0.026297660008779873,
    0.00046297678062448333,
    0.0008149154914627793,
    0.24155619501185693,
    0.0008200350989595564,
    0.010856234931615768
  ],
  "vf_stepsize": [
    0.0017888644361461644,
    0.0002296774605308054,
    0.008265519946631718,
    0.010483649613566792,
    2.089687490662382e-05,
    1.8265488666786485e-05,
    0.00845714320414813,
    0.0003606728968775964,
    0.00014750630466559033,
    0.00011936603681491826
  ],
  "vf_iters": [
    1,
    1,
    3,
    20,
    12,
    5,
    9,
    6,
    2,
    10
  ],
  "vf_minibatches": [
    8,
    11,
    5,
    1,
    22,
    54,
    1,
    26,
    41,
    35
  ],
  "num_envs": 4,
  "results_dir_name": "results",
  "storage_dir_name": "storage",
  "train_set": "remaining",
  "eval_set": "remaining",
  "OPENAI_LOG_FORMAT": "csv",
  "walltime_hrs": 0.3,
  "num_checkpoints": 100,
  "eval_ntrajs": 10,
  "eval_nsteps": 200,
  "eval_seed": 12345,
  "looping_tree": {
    "method": "fixed",
    "environment": "fixed",
    "total_timesteps": "fixed",
    "rng_seed": "cartesian",
    "policy_kwargs": "fixed",
    "timesteps_per_batch": "zip",
    "gamma": "zip",
    "lam": "zip",
    "max_kl": "zip",
    "cg_iters": "zip",
    "entcoeff": "zip",
    "cg_damping": "zip",
    "vf_stepsize": "zip",
    "vf_iters": "zip",
    "vf_minibatches": "zip"
  }
}