{
  "description": "Hyper-parameter optimization for trpo on a low frequency environment",
  "method": "trpo",
  "environment": "drop_leg_100hz",
  "total_timesteps": 4000000,
  "rng_seed": [
    0,
    1000,
    2000
  ],
  "policy_kwargs": {
    "net_arch": [
      {
        "vf": [
          64,
          64
        ],
        "pi": [
          64,
          64
        ]
      }
    ]
  },
  "timesteps_per_batch": [
    83,
    4892,
    1195,
    209,
    101,
    4619,
    4386,
    1858,
    1308,
    1013
  ],
  "gamma": [
    0.9997060812673577,
    0.926750151516545,
    0.9972557064708755,
    0.9912690801967541,
    0.9175404379057004,
    0.9981111546289198,
    0.997509877664989,
    0.950209473580475,
    0.9928621293819728,
    0.9985901254804541
  ],
  "lam": [
    0.9995267136078929,
    0.9997299341828815,
    0.7755387732634927,
    0.7496641030947174,
    0.9994609407329069,
    0.9547539663717454,
    0.9989225942670689,
    0.9593284111945282,
    0.9927135583212168,
    0.9966677004711315
  ],
  "max_kl": [
    0.004261855835057875,
    0.015192843317477677,
    0.016173118611874576,
    0.001437970273162525,
    0.005311654249195674,
    0.0040804518004553475,
    0.0030189434667536024,
    0.11403242559847347,
    0.0013979299672896729,
    0.21564634025119772
  ],
  "cg_iters": [
    1,
    7,
    2,
    2,
    7,
    16,
    3,
    2,
    18,
    2
  ],
  "entcoeff": [
    0.0009391108660002048,
    9.796160152161719e-06,
    1.0694832434313608e-06,
    0.00036475010982858693,
    5.756572521811894e-05,
    5.3159414021245304e-05,
    0.0008225036117707285,
    4.960113151105621e-05,
    0.000705859800917247,
    0.0005563135519257877
  ],
  "cg_damping": [
    0.07755336287965146,
    0.005067144625915622,
    0.8333189034863857,
    0.04814767505306322,
    0.16864961254513708,
    0.28726920131309247,
    0.002713764673426681,
    0.0002799018981939516,
    0.0009316810498985536,
    0.004038066029058954
  ],
  "vf_stepsize": [
    9.66550635865289e-06,
    0.0006508332832357277,
    2.5608795880940853e-05,
    8.530736033853721e-05,
    1.3726462896781448e-05,
    0.006990603854320305,
    0.012506877316740219,
    7.110602957740601e-06,
    0.005778115980546247,
    3.742725828482701e-06
  ],
  "vf_iters": [
    1,
    9,
    6,
    2,
    3,
    2,
    14,
    11,
    23,
    3
  ],
  "vf_minibatches": [
    4,
    50,
    26,
    1,
    34,
    27,
    29,
    2,
    6,
    47
  ],
  "num_envs": 4,
  "results_dir_name": "results",
  "storage_dir_name": "storage",
  "train_set": "remaining",
  "eval_set": "remaining",
  "OPENAI_LOG_FORMAT": "csv",
  "walltime_hrs": 0.3,
  "num_checkpoints": 100,
  "eval_ntrajs": 10,
  "eval_nsteps": 200,
  "eval_seed": 12345,
  "looping_tree": {
    "method": "fixed",
    "environment": "fixed",
    "total_timesteps": "fixed",
    "rng_seed": "cartesian",
    "policy_kwargs": "fixed",
    "timesteps_per_batch": "zip",
    "gamma": "zip",
    "lam": "zip",
    "max_kl": "zip",
    "cg_iters": "zip",
    "entcoeff": "zip",
    "cg_damping": "zip",
    "vf_stepsize": "zip",
    "vf_iters": "zip",
    "vf_minibatches": "zip"
  }
}