{
  "description": "Hyper-parameter optimization for trpo on a low frequency environment",
  "method": "trpo",
  "environment": "drop_leg_100hz",
  "total_timesteps": 4000000,
  "rng_seed": [
    0,
    1000,
    2000
  ],
  "policy_kwargs": {
    "net_arch": [
      {
        "vf": [
          64,
          64
        ],
        "pi": [
          64,
          64
        ]
      }
    ]
  },
  "timesteps_per_batch": [
    468,
    884,
    464,
    462,
    453,
    457,
    456,
    447,
    459,
    452
  ],
  "gamma": [
    0.926231317570777,
    0.9641508354528787,
    0.9655729572700592,
    0.9641280716187381,
    0.9645253857821806,
    0.9643805077573303,
    0.9668904727060108,
    0.9650631482309308,
    0.9192399722061737,
    0.9654539758578854
  ],
  "lam": [
    0.9989088683785494,
    0.998207558312563,
    0.9987897208183363,
    0.9984598633030335,
    0.9982915516027325,
    0.9981213879448365,
    0.9984239818658974,
    0.9984357683772436,
    0.9991924245292824,
    0.9988689875841855
  ],
  "max_kl": [
    0.006116234962363642,
    0.061722884056907804,
    0.002980532250927067,
    0.003729084135118,
    0.002847924829484844,
    0.05014290148416404,
    0.0029066832932238278,
    0.002820940802800711,
    0.02032505944349189,
    0.050829749747827516
  ],
  "cg_iters": [
    4,
    4,
    4,
    4,
    4,
    4,
    4,
    4,
    4,
    4
  ],
  "entcoeff": [
    0.00015880104875937544,
    1.4588640284935196e-06,
    1.4851284097801429e-05,
    0.00038219982963081734,
    9.996916733149436e-06,
    0.00013699995505338738,
    1.039616578955321e-05,
    1.0085120847928125e-05,
    9.892405027663092e-06,
    9.85925342556104e-06
  ],
  "cg_damping": [
    0.007384403469344706,
    0.007623391084496977,
    0.007266471624595724,
    0.007223026363762422,
    0.007700282995989003,
    0.00793324896983877,
    0.00012678113422203867,
    0.007946888255071628,
    0.01445249637753928,
    0.00660702360516025
  ],
  "vf_stepsize": [
    0.00010079871114440936,
    0.00017065777040730946,
    0.0004746315506909721,
    0.00023993389311907073,
    0.00010591254465529211,
    0.00017648227487525466,
    0.00023860859063931024,
    0.00017956373671914748,
    0.0002346612671344815,
    0.00022910467693976514
  ],
  "vf_iters": [
    4,
    4,
    4,
    4,
    4,
    4,
    4,
    4,
    4,
    4
  ],
  "vf_minibatches": [
    3,
    15,
    4,
    3,
    3,
    3,
    4,
    3,
    3,
    3
  ],
  "num_envs": 4,
  "results_dir_name": "results",
  "storage_dir_name": "storage",
  "train_set": "remaining",
  "eval_set": "remaining",
  "OPENAI_LOG_FORMAT": "csv",
  "walltime_hrs": 0.3,
  "num_checkpoints": 100,
  "eval_ntrajs": 10,
  "eval_nsteps": 200,
  "eval_seed": 12345,
  "looping_tree": {
    "method": "fixed",
    "environment": "fixed",
    "total_timesteps": "fixed",
    "rng_seed": "cartesian",
    "policy_kwargs": "fixed",
    "timesteps_per_batch": "zip",
    "gamma": "zip",
    "lam": "zip",
    "max_kl": "zip",
    "cg_iters": "zip",
    "entcoeff": "zip",
    "cg_damping": "zip",
    "vf_stepsize": "zip",
    "vf_iters": "zip",
    "vf_minibatches": "zip"
  }
}