{
  "description": "Hyper-parameter optimization for trpo on a low frequency environment",
  "method": "trpo",
  "environment": "drop_leg_100hz",
  "total_timesteps": 4000000,
  "rng_seed": [
    0,
    1000,
    2000
  ],
  "policy_kwargs": {
    "net_arch": [
      {
        "vf": [
          64,
          64
        ],
        "pi": [
          64,
          64
        ]
      }
    ]
  },
  "timesteps_per_batch": [
    603,
    401,
    608,
    402,
    614,
    406,
    613,
    413,
    614,
    511
  ],
  "gamma": [
    0.9459788545703411,
    0.9632234105538525,
    0.9802946854054096,
    0.9809657513735001,
    0.9784588709906825,
    0.9799864468543303,
    0.9480925659370153,
    0.9469039748707828,
    0.9482668084639937,
    0.9806623233394283
  ],
  "lam": [
    0.9947065865778478,
    0.9971947468485982,
    0.9945585855334045,
    0.994561615126753,
    0.997240525438384,
    0.9947372914151213,
    0.994883895800161,
    0.9947090806843253,
    0.9975223656836436,
    0.9944363315370899
  ],
  "max_kl": [
    0.03872906355879849,
    0.0014457340804982224,
    0.0014079911284368423,
    0.026180105627199052,
    0.0012775908007433782,
    0.04117117113758778,
    0.0033020578912133776,
    0.033920207529393766,
    0.028941944265148133,
    0.0034081005627677277
  ],
  "cg_iters": [
    11,
    11,
    3,
    11,
    11,
    11,
    3,
    11,
    3,
    11
  ],
  "entcoeff": [
    6.089438824728586e-06,
    6.2105291182777345e-06,
    5.834728761136873e-06,
    1.2536502758121889e-05,
    6.19672654258954e-06,
    5.482280971454905e-06,
    5.796784203552219e-06,
    5.474300349902539e-06,
    5.484925147743673e-06,
    6.082605489587348e-06
  ],
  "cg_damping": [
    0.04128800714661037,
    0.04215279708513369,
    0.08933073850678828,
    0.04261291456856396,
    0.042348747183473624,
    0.04082239283404538,
    0.013377634109360693,
    0.04122407353065067,
    0.04169893352983198,
    0.040399594138750015
  ],
  "vf_stepsize": [
    6.7794277336510655e-06,
    0.00048666829769178273,
    0.0003854151139313679,
    0.000379957055153296,
    0.0003878310369404137,
    0.00038223517790227535,
    0.0003864498332741606,
    4.710499458905541e-06,
    0.000401916038310444,
    0.000374369755259524
  ],
  "vf_iters": [
    5,
    4,
    4,
    4,
    5,
    3,
    3,
    3,
    4,
    4
  ],
  "vf_minibatches": [
    9,
    7,
    9,
    7,
    21,
    14,
    14,
    9,
    9,
    9
  ],
  "num_envs": 4,
  "results_dir_name": "results",
  "storage_dir_name": "storage",
  "train_set": "remaining",
  "eval_set": "remaining",
  "OPENAI_LOG_FORMAT": "csv",
  "walltime_hrs": 0.3,
  "num_checkpoints": 100,
  "eval_ntrajs": 10,
  "eval_nsteps": 200,
  "eval_seed": 12345,
  "looping_tree": {
    "method": "fixed",
    "environment": "fixed",
    "total_timesteps": "fixed",
    "rng_seed": "cartesian",
    "policy_kwargs": "fixed",
    "timesteps_per_batch": "zip",
    "gamma": "zip",
    "lam": "zip",
    "max_kl": "zip",
    "cg_iters": "zip",
    "entcoeff": "zip",
    "cg_damping": "zip",
    "vf_stepsize": "zip",
    "vf_iters": "zip",
    "vf_minibatches": "zip"
  }
}