{
  "description": "Hyper-parameter optimization for trpo on a low frequency environment",
  "method": "trpo",
  "environment": "drop_leg_100hz",
  "total_timesteps": 4000000,
  "rng_seed": [
    0,
    1000,
    2000
  ],
  "policy_kwargs": {
    "net_arch": [
      {
        "vf": [
          64,
          64
        ],
        "pi": [
          64,
          64
        ]
      }
    ]
  },
  "timesteps_per_batch": [
    1191,
    791,
    778,
    789,
    417,
    801,
    1272,
    402,
    398,
    811
  ],
  "gamma": [
    0.9528516392743366,
    0.9546299365019711,
    0.9527951103133663,
    0.9559627706198579,
    0.9540556149724697,
    0.9538286481340273,
    0.951890300304223,
    0.9568630743404284,
    0.954987532795997,
    0.9545839674535607
  ],
  "lam": [
    0.983084323080218,
    0.9998367881218349,
    0.9764537273626722,
    0.9770304163641688,
    0.9519708315267198,
    0.9997999224834455,
    0.9765666710969625,
    0.9829992531698332,
    0.9757727546541689,
    0.9831179156969561
  ],
  "max_kl": [
    0.011452325309131671,
    0.011420008965655483,
    0.007132031799220511,
    0.007344009444667897,
    0.006706116734773079,
    0.007322927011322597,
    0.00657558485621702,
    0.00707722314380479,
    0.0072096601368422525,
    0.011391883171784077
  ],
  "cg_iters": [
    14,
    14,
    17,
    20,
    20,
    14,
    14,
    17,
    14,
    14
  ],
  "entcoeff": [
    2.9633156067059638e-05,
    2.9853525683717517e-05,
    3.2232308361435804e-05,
    2.6394259402604857e-05,
    1.8211767555171195e-05,
    2.6380931083762893e-05,
    4.206061227654961e-05,
    3.186832796339283e-05,
    3.0760187037959065e-05,
    3.01230989319621e-05
  ],
  "cg_damping": [
    0.023015399067520842,
    0.0217815745386027,
    0.19503177854262485,
    0.022174357610594934,
    0.023493725455783886,
    0.026361259767506466,
    0.022047936961331865,
    0.02615417357961476,
    0.02520027978921267,
    0.025706128228178835
  ],
  "vf_stepsize": [
    0.00469452384886225,
    0.008155592194435821,
    0.0057525078982205175,
    0.005334134683059838,
    0.007086944992044738,
    0.002711080066651285,
    0.0025603254755653944,
    0.006685628529910666,
    0.00295863603864292,
    0.0024527448609632887
  ],
  "vf_iters": [
    4,
    4,
    4,
    4,
    4,
    4,
    4,
    4,
    4,
    4
  ],
  "vf_minibatches": [
    19,
    20,
    23,
    25,
    20,
    20,
    19,
    19,
    29,
    26
  ],
  "num_envs": 4,
  "results_dir_name": "results",
  "storage_dir_name": "storage",
  "train_set": "remaining",
  "eval_set": "remaining",
  "OPENAI_LOG_FORMAT": "csv",
  "walltime_hrs": 0.3,
  "num_checkpoints": 100,
  "eval_ntrajs": 10,
  "eval_nsteps": 200,
  "eval_seed": 12345,
  "looping_tree": {
    "method": "fixed",
    "environment": "fixed",
    "total_timesteps": "fixed",
    "rng_seed": "cartesian",
    "policy_kwargs": "fixed",
    "timesteps_per_batch": "zip",
    "gamma": "zip",
    "lam": "zip",
    "max_kl": "zip",
    "cg_iters": "zip",
    "entcoeff": "zip",
    "cg_damping": "zip",
    "vf_stepsize": "zip",
    "vf_iters": "zip",
    "vf_minibatches": "zip"
  }
}