{
  "description": "Hyper-parameter optimization for trpo on a low frequency environment",
  "method": "trpo",
  "environment": "drop_leg_100hz",
  "total_timesteps": 4000000,
  "rng_seed": [
    0,
    1000,
    2000
  ],
  "policy_kwargs": {
    "net_arch": [
      {
        "vf": [
          64,
          64
        ],
        "pi": [
          64,
          64
        ]
      }
    ]
  },
  "timesteps_per_batch": [
    515,
    518,
    499,
    501,
    509,
    529,
    508,
    523,
    1220,
    507
  ],
  "gamma": [
    0.9596207172250826,
    0.927214119679976,
    0.9578244551949753,
    0.9245923087156394,
    0.9585644204865136,
    0.9571907196464194,
    0.9563586221906089,
    0.958077734017522,
    0.957291561981359,
    0.9589385211862003
  ],
  "lam": [
    0.984612348920332,
    0.9842728630997737,
    0.9845432039209994,
    0.9845998019989342,
    0.9838969067037293,
    0.9844264518476389,
    0.9851394430170046,
    0.9984490622553477,
    0.984923456814422,
    0.9841228330750028
  ],
  "max_kl": [
    0.006013916724911318,
    0.004741343411839167,
    0.0062007394089052875,
    0.006171415096302371,
    0.004686141983836807,
    0.023159525692150906,
    0.005883831449149815,
    0.006086149774790174,
    0.006342083882879007,
    0.005962344756093874
  ],
  "cg_iters": [
    4,
    3,
    4,
    16,
    3,
    16,
    19,
    3,
    4,
    4
  ],
  "entcoeff": [
    1.4241553197188266e-05,
    1.4867740534545032e-05,
    1.4946574152634687e-05,
    1.1035459626997846e-05,
    1.1940996517439397e-05,
    1.4449279901255604e-05,
    1.171689762445893e-05,
    1.4558214354771519e-05,
    1.1045378230031393e-05,
    1.0801449122429014e-05
  ],
  "cg_damping": [
    0.012574161412092928,
    0.019006805868863656,
    0.0070173821078641134,
    0.012916189722485602,
    0.01890511358852251,
    0.013350606857421184,
    0.012987939987140734,
    0.006885152901777425,
    0.007447265022838033,
    0.018588915575408267
  ],
  "vf_stepsize": [
    0.0002321801106270767,
    0.00023644225400158976,
    0.0009195571757415592,
    0.00023548522623373225,
    0.00023242714643531578,
    0.0005279498929146327,
    0.0009440795753203766,
    0.0009228057138996381,
    0.000889345788427389,
    0.0009334160232446537
  ],
  "vf_iters": [
    4,
    3,
    4,
    4,
    4,
    4,
    3,
    4,
    4,
    4
  ],
  "vf_minibatches": [
    3,
    2,
    1,
    3,
    3,
    2,
    2,
    14,
    3,
    14
  ],
  "num_envs": 4,
  "results_dir_name": "results",
  "storage_dir_name": "storage",
  "train_set": "remaining",
  "eval_set": "remaining",
  "OPENAI_LOG_FORMAT": "csv",
  "walltime_hrs": 0.3,
  "num_checkpoints": 100,
  "eval_ntrajs": 10,
  "eval_nsteps": 200,
  "eval_seed": 12345,
  "looping_tree": {
    "method": "fixed",
    "environment": "fixed",
    "total_timesteps": "fixed",
    "rng_seed": "cartesian",
    "policy_kwargs": "fixed",
    "timesteps_per_batch": "zip",
    "gamma": "zip",
    "lam": "zip",
    "max_kl": "zip",
    "cg_iters": "zip",
    "entcoeff": "zip",
    "cg_damping": "zip",
    "vf_stepsize": "zip",
    "vf_iters": "zip",
    "vf_minibatches": "zip"
  }
}