{
  "description": "Hyper-parameter optimization for trpo on a low frequency environment",
  "method": "trpo",
  "environment": "drop_leg_100hz",
  "total_timesteps": 4000000,
  "rng_seed": [
    0,
    1000,
    2000
  ],
  "policy_kwargs": {
    "net_arch": [
      {
        "vf": [
          64,
          64
        ],
        "pi": [
          64,
          64
        ]
      }
    ]
  },
  "timesteps_per_batch": [
    658,
    644,
    639,
    653,
    635,
    632,
    644,
    655,
    638,
    612
  ],
  "gamma": [
    0.9155566501498767,
    0.9215573759744641,
    0.9126178740509735,
    0.9165791165810429,
    0.9434881656188605,
    0.9214817202950374,
    0.9136321260965702,
    0.9235329398598855,
    0.9154679990660781,
    0.9162389676672454
  ],
  "lam": [
    0.9887445154026033,
    0.9992968900257001,
    0.9992161024426308,
    0.9992151148287409,
    0.9890651654449651,
    0.9896701213075001,
    0.999300415247329,
    0.9992074017719388,
    0.9995241016427999,
    0.9996224605691558
  ],
  "max_kl": [
    0.004684732830165599,
    0.019170598963648464,
    0.018189471090401758,
    0.01889962942500661,
    0.019810745587015722,
    0.02922235115407799,
    0.01710521735461929,
    0.017711869971038553,
    0.017865309982981928,
    0.020142941700039628
  ],
  "cg_iters": [
    4,
    3,
    3,
    3,
    3,
    5,
    3,
    3,
    3,
    3
  ],
  "entcoeff": [
    2.1513331235318703e-05,
    1.1796690036650744e-06,
    1.3849764415085567e-06,
    2.1679764757955944e-05,
    2.0905553553672346e-05,
    2.0665803375869525e-05,
    1.3984180115522174e-06,
    2.1589011947458952e-05,
    1.4276930669350295e-06,
    2.2359780950363643e-05
  ],
  "cg_damping": [
    0.014863642812909666,
    0.01493801312956147,
    0.015022727110439876,
    0.013168316226508837,
    0.01349394327155942,
    0.014343634008582011,
    0.012839274696340643,
    0.01910790152767808,
    0.013096496089231607,
    0.012839137736771438
  ],
  "vf_stepsize": [
    0.00023986356703692744,
    0.00068325874543264,
    0.0006561879110323521,
    0.0006502182916435221,
    1.9979585035437768e-05,
    0.0004781887588043013,
    0.0006317426018953172,
    0.0006633858710737915,
    0.0002450327739770321,
    0.0006257938627048698
  ],
  "vf_iters": [
    4,
    5,
    5,
    2,
    5,
    5,
    2,
    5,
    5,
    5
  ],
  "vf_minibatches": [
    2,
    12,
    2,
    12,
    2,
    2,
    2,
    2,
    12,
    2
  ],
  "num_envs": 4,
  "results_dir_name": "results",
  "storage_dir_name": "storage",
  "train_set": "remaining",
  "eval_set": "remaining",
  "OPENAI_LOG_FORMAT": "csv",
  "walltime_hrs": 0.3,
  "num_checkpoints": 100,
  "eval_ntrajs": 10,
  "eval_nsteps": 200,
  "eval_seed": 12345,
  "looping_tree": {
    "method": "fixed",
    "environment": "fixed",
    "total_timesteps": "fixed",
    "rng_seed": "cartesian",
    "policy_kwargs": "fixed",
    "timesteps_per_batch": "zip",
    "gamma": "zip",
    "lam": "zip",
    "max_kl": "zip",
    "cg_iters": "zip",
    "entcoeff": "zip",
    "cg_damping": "zip",
    "vf_stepsize": "zip",
    "vf_iters": "zip",
    "vf_minibatches": "zip"
  }
}