{
  "description": "Hyper-parameter optimization for trpo on a low frequency environment",
  "method": "trpo",
  "environment": "drop_leg_100hz",
  "total_timesteps": 4000000,
  "rng_seed": [
    0,
    1000,
    2000
  ],
  "policy_kwargs": {
    "net_arch": [
      {
        "vf": [
          64,
          64
        ],
        "pi": [
          64,
          64
        ]
      }
    ]
  },
  "timesteps_per_batch": [
    740,
    751,
    745,
    722,
    727,
    741,
    746,
    749,
    745,
    720
  ],
  "gamma": [
    0.9309530906436195,
    0.934419139958479,
    0.8833864208268069,
    0.9307536849118621,
    0.9301685620729954,
    0.9310470404667684,
    0.9929287197029966,
    0.9300136434185097,
    0.933721414774791,
    0.9265498672776036
  ],
  "lam": [
    0.9755694321675119,
    0.9761187450106249,
    0.9100193127060189,
    0.9584394658936628,
    0.8797121084810543,
    0.9512969072465823,
    0.9747852176402446,
    0.9502470680484093,
    0.976036678617101,
    0.9040002553118305
  ],
  "max_kl": [
    0.008734559988434998,
    0.007686728225589742,
    0.008387534820702609,
    0.0017139072982492755,
    0.008371802142046594,
    0.007784008204362156,
    0.008460291889839692,
    0.008870956038465841,
    0.00869503224252259,
    0.008582505148914031
  ],
  "cg_iters": [
    19,
    18,
    17,
    18,
    18,
    19,
    18,
    18,
    18,
    19
  ],
  "entcoeff": [
    1.163351283807403e-05,
    4.3292822391375924e-05,
    1.1824297251592199e-05,
    1.1577897615246484e-05,
    1.1105031176678228e-05,
    1.2543399855418483e-05,
    2.8363757347946088e-05,
    1.1764861120451241e-05,
    1.1336451851036841e-05,
    1.1962905194306894e-05
  ],
  "cg_damping": [
    0.016118636977783644,
    0.016907386059487512,
    0.01688915892108552,
    0.01734350787409213,
    0.01642630611608042,
    0.01659023606181464,
    0.016191728564087994,
    0.01646090418086666,
    0.026547470212412536,
    0.01680962090565637
  ],
  "vf_stepsize": [
    0.003539906074852731,
    0.0049389943845515325,
    0.0038649104650154377,
    0.0039074760961396665,
    0.0034022612168886487,
    0.003931125030324997,
    0.004343797534252172,
    0.003774220139546746,
    0.004034539490664167,
    0.003681235071664933
  ],
  "vf_iters": [
    4,
    4,
    3,
    3,
    4,
    3,
    3,
    3,
    3,
    3
  ],
  "vf_minibatches": [
    21,
    19,
    15,
    19,
    26,
    21,
    15,
    21,
    15,
    22
  ],
  "num_envs": 4,
  "results_dir_name": "results",
  "storage_dir_name": "storage",
  "train_set": "remaining",
  "eval_set": "remaining",
  "OPENAI_LOG_FORMAT": "csv",
  "walltime_hrs": 0.3,
  "num_checkpoints": 100,
  "eval_ntrajs": 10,
  "eval_nsteps": 200,
  "eval_seed": 12345,
  "looping_tree": {
    "method": "fixed",
    "environment": "fixed",
    "total_timesteps": "fixed",
    "rng_seed": "cartesian",
    "policy_kwargs": "fixed",
    "timesteps_per_batch": "zip",
    "gamma": "zip",
    "lam": "zip",
    "max_kl": "zip",
    "cg_iters": "zip",
    "entcoeff": "zip",
    "cg_damping": "zip",
    "vf_stepsize": "zip",
    "vf_iters": "zip",
    "vf_minibatches": "zip"
  }
}