{
  "description": "Hyper-parameter optimization for trpo on a low frequency environment",
  "method": "trpo",
  "environment": "drop_leg_100hz",
  "total_timesteps": 4000000,
  "rng_seed": [
    0,
    1000,
    2000
  ],
  "policy_kwargs": {
    "net_arch": [
      {
        "vf": [
          64,
          64
        ],
        "pi": [
          64,
          64
        ]
      }
    ]
  },
  "timesteps_per_batch": [
    257,
    255,
    185,
    247,
    182,
    239,
    247,
    253,
    265,
    241
  ],
  "gamma": [
    0.7990384244629154,
    0.8475448920657588,
    0.7900049588916892,
    0.7944674647096954,
    0.8021868531731999,
    0.8536721541883481,
    0.7987629125176711,
    0.8027102684442232,
    0.8580423282201376,
    0.8575115365844377
  ],
  "lam": [
    0.7727667655310304,
    0.7676788836133525,
    0.7710131998713792,
    0.7853240305549921,
    0.7722660683634353,
    0.7704593963342197,
    0.7790512342163509,
    0.6856723463413367,
    0.7791702821581857,
    0.7599203432280786
  ],
  "max_kl": [
    0.5103110753595068,
    0.5191828620249391,
    0.5198254850398581,
    0.4946612766269853,
    0.5139007262081724,
    0.5349783167520075,
    0.5222887843508297,
    0.5200150395227101,
    0.5148479510318742,
    0.5186666816381781
  ],
  "cg_iters": [
    1,
    2,
    2,
    1,
    2,
    1,
    2,
    1,
    2,
    1
  ],
  "entcoeff": [
    0.0001350542116713446,
    0.00012810135294084206,
    0.0001275840719550667,
    0.00012893912007320039,
    0.00013442293862961268,
    0.00012905482349667813,
    0.00012795111255776078,
    0.0001273257099490469,
    0.00013134803236813602,
    0.0001304111975319149
  ],
  "cg_damping": [
    0.0840280369367777,
    0.09029928595986503,
    0.08935418512573744,
    0.08402396843674402,
    0.08921063977684181,
    0.11043477383518288,
    0.08714220797281665,
    0.08417297517153594,
    0.08771166725122327,
    0.09919182987715496
  ],
  "vf_stepsize": [
    0.0035471580952717236,
    0.0033818330938831615,
    0.003351140960383675,
    0.004246062162421517,
    0.004251016535761134,
    0.0033564034811459755,
    0.0034138573830876035,
    0.003319149862475124,
    0.0043037795647960205,
    0.0033209612767401654
  ],
  "vf_iters": [
    6,
    6,
    6,
    6,
    6,
    5,
    6,
    6,
    6,
    6
  ],
  "vf_minibatches": [
    1,
    1,
    1,
    1,
    1,
    1,
    1,
    1,
    1,
    1
  ],
  "num_envs": 4,
  "results_dir_name": "results",
  "storage_dir_name": "storage",
  "train_set": "remaining",
  "eval_set": "remaining",
  "OPENAI_LOG_FORMAT": "csv",
  "walltime_hrs": 0.3,
  "num_checkpoints": 100,
  "eval_ntrajs": 10,
  "eval_nsteps": 200,
  "eval_seed": 12345,
  "looping_tree": {
    "method": "fixed",
    "environment": "fixed",
    "total_timesteps": "fixed",
    "rng_seed": "cartesian",
    "policy_kwargs": "fixed",
    "timesteps_per_batch": "zip",
    "gamma": "zip",
    "lam": "zip",
    "max_kl": "zip",
    "cg_iters": "zip",
    "entcoeff": "zip",
    "cg_damping": "zip",
    "vf_stepsize": "zip",
    "vf_iters": "zip",
    "vf_minibatches": "zip"
  }
}