{
  "description": "Hyper-parameter optimization for trpo on a low frequency environment",
  "method": "trpo",
  "environment": "drop_leg_100hz",
  "total_timesteps": 4000000,
  "rng_seed": [
    0,
    1000,
    2000
  ],
  "policy_kwargs": {
    "net_arch": [
      {
        "vf": [
          64,
          64
        ],
        "pi": [
          64,
          64
        ]
      }
    ]
  },
  "timesteps_per_batch": [
    191,
    216,
    216,
    490,
    200,
    235,
    216,
    127,
    129,
    220
  ],
  "gamma": [
    0.9025372495862781,
    0.8892714276293802,
    0.9025095033480148,
    0.893191590654302,
    0.9809908542490822,
    0.8935062612227046,
    0.900519562046165,
    0.900240708048893,
    0.8969371063908421,
    0.961799650439181
  ],
  "lam": [
    0.9907626508145897,
    0.9906989841554155,
    0.9911893995845029,
    0.990727413303805,
    0.9905305262535374,
    0.9909972230243922,
    0.9906507114027928,
    0.9898045936777017,
    0.9905431351980272,
    0.9908934041444276
  ],
  "max_kl": [
    0.002511640754602734,
    0.0022573547856219595,
    0.002084510405319947,
    0.012635168926534388,
    0.0023579818384032816,
    0.012815840577478475,
    0.002147261217568642,
    0.002128795546953123,
    0.002012413607214334,
    0.012600897323107839
  ],
  "cg_iters": [
    20,
    13,
    14,
    13,
    13,
    13,
    13,
    13,
    14,
    13
  ],
  "entcoeff": [
    3.6782643616108435e-05,
    3.458891395253781e-05,
    6.665528354370645e-05,
    5.008253494764174e-05,
    3.397918660082485e-05,
    3.9933311211615653e-05,
    3.756086704774893e-05,
    3.719385523243718e-05,
    3.4704118271689946e-05,
    3.486655177599152e-05
  ],
  "cg_damping": [
    0.025654062090615354,
    0.02373971218663075,
    0.024634798175780397,
    0.024436851785990223,
    0.023516775090252472,
    0.023894006243833248,
    0.024018042140645044,
    0.02299761695191862,
    0.023676523876488238,
    0.02332278448878247
  ],
  "vf_stepsize": [
    0.0005833616358324788,
    0.0018472991212179059,
    0.0005998581809914909,
    0.0020518145184155964,
    0.0005940273350383069,
    0.0017785045129024677,
    0.0005780969828828719,
    0.0015501777193375973,
    0.0005938884637851996,
    0.0006162891227242905
  ],
  "vf_iters": [
    6,
    7,
    6,
    6,
    7,
    1,
    4,
    6,
    1,
    6
  ],
  "vf_minibatches": [
    12,
    11,
    12,
    11,
    11,
    15,
    12,
    23,
    12,
    11
  ],
  "num_envs": 4,
  "results_dir_name": "results",
  "storage_dir_name": "storage",
  "train_set": "remaining",
  "eval_set": "remaining",
  "OPENAI_LOG_FORMAT": "csv",
  "walltime_hrs": 0.3,
  "num_checkpoints": 100,
  "eval_ntrajs": 10,
  "eval_nsteps": 200,
  "eval_seed": 12345,
  "looping_tree": {
    "method": "fixed",
    "environment": "fixed",
    "total_timesteps": "fixed",
    "rng_seed": "cartesian",
    "policy_kwargs": "fixed",
    "timesteps_per_batch": "zip",
    "gamma": "zip",
    "lam": "zip",
    "max_kl": "zip",
    "cg_iters": "zip",
    "entcoeff": "zip",
    "cg_damping": "zip",
    "vf_stepsize": "zip",
    "vf_iters": "zip",
    "vf_minibatches": "zip"
  }
}