{
  "description": "Hyper-parameter optimization for trpo on a low frequency environment",
  "method": "trpo",
  "environment": "drop_leg_100hz",
  "total_timesteps": 4000000,
  "rng_seed": [
    0,
    1000,
    2000
  ],
  "policy_kwargs": {
    "net_arch": [
      {
        "vf": [
          64,
          64
        ],
        "pi": [
          64,
          64
        ]
      }
    ]
  },
  "timesteps_per_batch": [
    715,
    721,
    662,
    695,
    722,
    676,
    710,
    704,
    690,
    703
  ],
  "gamma": [
    0.6693888462810857,
    0.6388477334723248,
    0.7183920823239887,
    0.6462688731829943,
    0.6055951796041381,
    0.6314046308130628,
    0.5961863156472915,
    0.5894104027560293,
    0.665035282424244,
    0.6561396862782023
  ],
  "lam": [
    0.966232898160432,
    0.964182637375595,
    0.9665409513103668,
    0.9672889407986545,
    0.9598082732515896,
    0.9638424086277515,
    0.9623267235765932,
    0.9623199308732064,
    0.96359456072806,
    0.9650267419720018
  ],
  "max_kl": [
    0.00673035106821501,
    0.006965113061935869,
    0.006649513782116212,
    0.014839621895709107,
    0.015119901061159093,
    0.0066223868403682915,
    0.006649542806463081,
    0.014880898343675697,
    0.014757843761621961,
    0.006734442486283636
  ],
  "cg_iters": [
    8,
    8,
    8,
    8,
    8,
    8,
    8,
    8,
    12,
    8
  ],
  "entcoeff": [
    3.958066673668075e-06,
    3.676942783937726e-06,
    3.3240487997703404e-06,
    4.149173939923629e-06,
    3.5035600707682377e-06,
    3.823588840874085e-06,
    4.268333421733159e-06,
    3.920827511566672e-06,
    3.6198238111908583e-06,
    3.6715116759947187e-06
  ],
  "cg_damping": [
    0.005289344056353458,
    0.005087248948150227,
    0.005543760941606128,
    0.004287137898076934,
    0.004720906639642134,
    0.005292877146028559,
    0.005400258494368315,
    0.004003451409097838,
    0.004923414044800004,
    0.00562880060694575
  ],
  "vf_stepsize": [
    0.00014441570503508354,
    0.00012693538476962586,
    0.00016008913373729232,
    0.00011061733756205634,
    0.0001568142416875784,
    0.00016224511319592845,
    0.00014784300504413686,
    0.0001259905753296746,
    0.00015536263279231652,
    0.0001369269390140917
  ],
  "vf_iters": [
    2,
    2,
    2,
    2,
    2,
    2,
    2,
    2,
    2,
    2
  ],
  "vf_minibatches": [
    6,
    10,
    10,
    6,
    6,
    11,
    10,
    6,
    6,
    6
  ],
  "num_envs": 4,
  "results_dir_name": "results",
  "storage_dir_name": "storage",
  "train_set": "remaining",
  "eval_set": "remaining",
  "OPENAI_LOG_FORMAT": "csv",
  "walltime_hrs": 0.3,
  "num_checkpoints": 100,
  "eval_ntrajs": 10,
  "eval_nsteps": 200,
  "eval_seed": 12345,
  "looping_tree": {
    "method": "fixed",
    "environment": "fixed",
    "total_timesteps": "fixed",
    "rng_seed": "cartesian",
    "policy_kwargs": "fixed",
    "timesteps_per_batch": "zip",
    "gamma": "zip",
    "lam": "zip",
    "max_kl": "zip",
    "cg_iters": "zip",
    "entcoeff": "zip",
    "cg_damping": "zip",
    "vf_stepsize": "zip",
    "vf_iters": "zip",
    "vf_minibatches": "zip"
  }
}