{
  "description": "Hyper-parameter optimization for trpo on a low frequency environment",
  "method": "trpo",
  "environment": "drop_leg_100hz",
  "total_timesteps": 4000000,
  "rng_seed": [
    0,
    1000,
    2000
  ],
  "policy_kwargs": {
    "net_arch": [
      {
        "vf": [
          64,
          64
        ],
        "pi": [
          64,
          64
        ]
      }
    ]
  },
  "timesteps_per_batch": [
    927,
    1250,
    1255,
    894,
    1261,
    916,
    1195,
    1206,
    1307,
    1259
  ],
  "gamma": [
    0.9492270086653246,
    0.9592538390302329,
    0.960819252969566,
    0.959546809842585,
    0.9602566081401017,
    0.9486721716666519,
    0.9602530198437844,
    0.9594379426825117,
    0.9463442399562509,
    0.9610761865710936
  ],
  "lam": [
    0.9694962653208227,
    0.9867958380071262,
    0.9705391301220418,
    0.9687856215408792,
    0.9701562197821483,
    0.9679504785896436,
    0.9691388188517475,
    0.9691086457409885,
    0.9667827041811784,
    0.967605470438941
  ],
  "max_kl": [
    0.014008335909543918,
    0.0060908071896784875,
    0.006130905672585621,
    0.006193427586955629,
    0.006123934126184865,
    0.013978514768262694,
    0.006141183610959807,
    0.006065790880371898,
    0.006214896632772658,
    0.006140168802353859
  ],
  "cg_iters": [
    13,
    13,
    16,
    17,
    17,
    13,
    17,
    17,
    17,
    17
  ],
  "entcoeff": [
    4.147948163553277e-05,
    2.5568633427905766e-05,
    2.5893640878116795e-05,
    2.472079652110271e-05,
    2.3405781984736435e-05,
    4.98811461515019e-05,
    2.6232540472961642e-05,
    4.101781785396861e-05,
    2.381242209577622e-05,
    2.4115813665447507e-05
  ],
  "cg_damping": [
    0.022553567353245783,
    0.012136942161707888,
    0.10699061753400255,
    0.4788767068298698,
    0.020276804795985728,
    0.3187922287270798,
    0.24302816731065338,
    0.23307161484976485,
    0.020772627934015728,
    0.3418452667513064
  ],
  "vf_stepsize": [
    0.002953412140157212,
    0.0055828253130344434,
    0.006326533067632773,
    0.004813074739456808,
    0.005308552602637451,
    0.005392030043310088,
    0.002931147982403912,
    0.005592248613850981,
    0.00580673121712974,
    0.00502711059263794
  ],
  "vf_iters": [
    5,
    5,
    5,
    5,
    5,
    5,
    5,
    5,
    5,
    5
  ],
  "vf_minibatches": [
    24,
    31,
    25,
    31,
    35,
    24,
    25,
    32,
    34,
    30
  ],
  "num_envs": 4,
  "results_dir_name": "results",
  "storage_dir_name": "storage",
  "train_set": "remaining",
  "eval_set": "remaining",
  "OPENAI_LOG_FORMAT": "csv",
  "walltime_hrs": 0.3,
  "num_checkpoints": 100,
  "eval_ntrajs": 10,
  "eval_nsteps": 200,
  "eval_seed": 12345,
  "looping_tree": {
    "method": "fixed",
    "environment": "fixed",
    "total_timesteps": "fixed",
    "rng_seed": "cartesian",
    "policy_kwargs": "fixed",
    "timesteps_per_batch": "zip",
    "gamma": "zip",
    "lam": "zip",
    "max_kl": "zip",
    "cg_iters": "zip",
    "entcoeff": "zip",
    "cg_damping": "zip",
    "vf_stepsize": "zip",
    "vf_iters": "zip",
    "vf_minibatches": "zip"
  }
}