{
  "description": "Hyper-parameter optimization for trpo on a low frequency environment",
  "method": "trpo",
  "environment": "drop_leg_100hz",
  "total_timesteps": 4000000,
  "rng_seed": [
    0,
    1000,
    2000
  ],
  "policy_kwargs": {
    "net_arch": [
      {
        "vf": [
          64,
          64
        ],
        "pi": [
          64,
          64
        ]
      }
    ]
  },
  "timesteps_per_batch": [
    1671,
    2307,
    363,
    1792,
    1732,
    1797,
    1718,
    2300,
    2554,
    1861
  ],
  "gamma": [
    0.7850431960819373,
    0.9258000666351118,
    0.9280515666468729,
    0.8866494048717389,
    0.7849951422470719,
    0.9277179057969164,
    0.8868798627087601,
    0.8782024996257036,
    0.8847187280347575,
    0.888279917042096
  ],
  "lam": [
    0.9820521636919257,
    0.6237183131040092,
    0.7632520588544733,
    0.5246659743056588,
    0.9914984171817461,
    0.4578501250522523,
    0.44376291872440254,
    0.4767861447322399,
    0.9886352171714322,
    0.8179353445071533
  ],
  "max_kl": [
    0.01540495944985587,
    0.0034768863981645415,
    0.0034821673555025154,
    0.49337020158690986,
    0.013531376738209014,
    0.0035912448364281385,
    0.013411492321169314,
    0.0036950583101980606,
    0.014992512873232167,
    0.015267269066238515
  ],
  "cg_iters": [
    13,
    12,
    2,
    5,
    18,
    12,
    5,
    2,
    6,
    9
  ],
  "entcoeff": [
    8.287319684458573e-05,
    3.193225737862169e-05,
    8.242487342862192e-05,
    8.83207228579793e-05,
    9.275094715636685e-05,
    8.985973642170168e-05,
    9.630452704964217e-05,
    9.627507932874569e-05,
    3.3476966504189516e-05,
    0.00010613951132061383
  ],
  "cg_damping": [
    0.041600773038700536,
    0.04384676806491971,
    0.0473932031836584,
    0.03632542105877626,
    0.045431530869639414,
    0.03661791648905686,
    0.04467943329475518,
    0.049443894339587714,
    0.03630916336983786,
    0.03632589917228516
  ],
  "vf_stepsize": [
    0.001357697870104301,
    0.0010113510212972166,
    0.0013674330867654537,
    0.0010048488983379613,
    0.0014230639373492247,
    0.0010399970189536064,
    0.001342174055919756,
    0.0010451417135092878,
    0.0009900472199180518,
    0.0013633528336118778
  ],
  "vf_iters": [
    4,
    4,
    4,
    4,
    4,
    4,
    3,
    4,
    4,
    4
  ],
  "vf_minibatches": [
    16,
    2,
    2,
    15,
    2,
    15,
    15,
    2,
    2,
    2
  ],
  "num_envs": 4,
  "results_dir_name": "results",
  "storage_dir_name": "storage",
  "train_set": "remaining",
  "eval_set": "remaining",
  "OPENAI_LOG_FORMAT": "csv",
  "walltime_hrs": 0.3,
  "num_checkpoints": 100,
  "eval_ntrajs": 10,
  "eval_nsteps": 200,
  "eval_seed": 12345,
  "looping_tree": {
    "method": "fixed",
    "environment": "fixed",
    "total_timesteps": "fixed",
    "rng_seed": "cartesian",
    "policy_kwargs": "fixed",
    "timesteps_per_batch": "zip",
    "gamma": "zip",
    "lam": "zip",
    "max_kl": "zip",
    "cg_iters": "zip",
    "entcoeff": "zip",
    "cg_damping": "zip",
    "vf_stepsize": "zip",
    "vf_iters": "zip",
    "vf_minibatches": "zip"
  }
}