{
  "description": "Hyper-parameter optimization for trpo on a low frequency environment",
  "method": "trpo",
  "environment": "drop_leg_100hz",
  "total_timesteps": 4000000,
  "rng_seed": [
    0,
    1000,
    2000
  ],
  "policy_kwargs": {
    "net_arch": [
      {
        "vf": [
          64,
          64
        ],
        "pi": [
          64,
          64
        ]
      }
    ]
  },
  "timesteps_per_batch": [
    580,
    591,
    893,
    590,
    926,
    591,
    2101,
    924,
    1143,
    676
  ],
  "gamma": [
    0.9419532287479003,
    0.940125198894925,
    0.9436435752810866,
    0.9399539428174979,
    0.9413825280069384,
    0.9392956615281898,
    0.9406909780256061,
    0.9454015061930922,
    0.9404664026786661,
    0.9413499601823705
  ],
  "lam": [
    0.9764954413786125,
    0.9752129731711329,
    0.9825900644141532,
    0.9835990406022306,
    0.9828466907026809,
    0.976993295273006,
    0.9753067150774353,
    0.9832212430331202,
    0.9829467823724638,
    0.9829140918184859
  ],
  "max_kl": [
    0.004747580676680705,
    0.011032098896697713,
    0.00474426282072981,
    0.008924580672312405,
    0.004849910966851267,
    0.0048601048148984695,
    0.00489500893772863,
    0.12293439719047677,
    0.0049483240425793745,
    0.004947713732716968
  ],
  "cg_iters": [
    15,
    14,
    15,
    15,
    15,
    15,
    15,
    15,
    15,
    14
  ],
  "entcoeff": [
    4.717181013038837e-05,
    6.36006680822616e-05,
    4.793694264947453e-05,
    4.968864251646224e-05,
    3.3245176055318007e-05,
    5.3814671325689764e-05,
    4.603164079743131e-05,
    4.457599019159703e-05,
    3.430925685578984e-05,
    1.9426608958741038e-05
  ],
  "cg_damping": [
    0.14332036905532494,
    0.0355100916805422,
    0.026641539312452757,
    0.026990265317847113,
    0.02706522807303701,
    0.02710803819873262,
    0.027722223039919582,
    0.03408333379212229,
    0.0270160941820227,
    0.03602353078385323
  ],
  "vf_stepsize": [
    0.0016383143064768967,
    0.0017381775042114448,
    0.0021959457815612232,
    0.0017347141370262801,
    0.009599104352397398,
    0.0018355384355661,
    0.0016335625568987657,
    0.0016758220933831187,
    0.00307305447477684,
    0.002798872959768322
  ],
  "vf_iters": [
    4,
    4,
    4,
    4,
    4,
    4,
    4,
    4,
    4,
    4
  ],
  "vf_minibatches": [
    24,
    23,
    28,
    27,
    27,
    22,
    29,
    23,
    28,
    22
  ],
  "num_envs": 4,
  "results_dir_name": "results",
  "storage_dir_name": "storage",
  "train_set": "remaining",
  "eval_set": "remaining",
  "OPENAI_LOG_FORMAT": "csv",
  "walltime_hrs": 0.3,
  "num_checkpoints": 100,
  "eval_ntrajs": 10,
  "eval_nsteps": 200,
  "eval_seed": 12345,
  "looping_tree": {
    "method": "fixed",
    "environment": "fixed",
    "total_timesteps": "fixed",
    "rng_seed": "cartesian",
    "policy_kwargs": "fixed",
    "timesteps_per_batch": "zip",
    "gamma": "zip",
    "lam": "zip",
    "max_kl": "zip",
    "cg_iters": "zip",
    "entcoeff": "zip",
    "cg_damping": "zip",
    "vf_stepsize": "zip",
    "vf_iters": "zip",
    "vf_minibatches": "zip"
  }
}