{
  "description": "Hyper-parameter optimization for trpo on a low frequency environment",
  "method": "trpo",
  "environment": "drop_leg_100hz",
  "total_timesteps": 4000000,
  "rng_seed": [
    0,
    1000,
    2000
  ],
  "policy_kwargs": {
    "net_arch": [
      {
        "vf": [
          64,
          64
        ],
        "pi": [
          64,
          64
        ]
      }
    ]
  },
  "timesteps_per_batch": [
    222,
    221,
    213,
    219,
    287,
    227,
    292,
    221,
    283,
    290
  ],
  "gamma": [
    0.8481343522392569,
    0.867216786681187,
    0.8758958804345935,
    0.849925775361661,
    0.8697950228820531,
    0.8518357561548177,
    0.8530502437107066,
    0.8489772605876098,
    0.8518492291553073,
    0.8510112937868501
  ],
  "lam": [
    0.6567290881406239,
    0.6679778451711558,
    0.6297792198564922,
    0.6861711904609565,
    0.6535707094316129,
    0.64402467911718,
    0.667756836769162,
    0.6390934254161547,
    0.6362870757464075,
    0.6611761215002767
  ],
  "max_kl": [
    0.3448807414204744,
    0.37748489651798955,
    0.38908482699861013,
    0.3556173034348975,
    0.3764228929615565,
    0.38984926347680304,
    0.3298937790872947,
    0.38437015152691606,
    0.37862463531403007,
    0.36320614044722827
  ],
  "cg_iters": [
    2,
    2,
    2,
    2,
    2,
    2,
    2,
    2,
    2,
    2
  ],
  "entcoeff": [
    0.00015974778893553166,
    0.00017902770177497863,
    0.00015936753808953354,
    0.00016695400637508064,
    0.00017154788956672015,
    0.00018702582028128138,
    0.00015788096579727535,
    0.00016196998672843698,
    0.00015378889072663335,
    0.00014989033542765572
  ],
  "cg_damping": [
    0.11407768463524619,
    0.11645255957660774,
    0.12390253003479385,
    0.1147649149340745,
    0.07165488589188831,
    0.12773637219807696,
    0.10960851023832352,
    0.10794021056003417,
    0.13256900617209763,
    0.1176963513524157
  ],
  "vf_stepsize": [
    0.0027983000289568453,
    0.0027873759102710013,
    0.0027433266451840545,
    0.002687438846388266,
    0.002688040336989351,
    0.0027218119708769094,
    0.0027512250886021963,
    0.002627962714404078,
    0.0026489916164900208,
    0.002751996362280645
  ],
  "vf_iters": [
    7,
    7,
    6,
    7,
    5,
    7,
    7,
    6,
    7,
    7
  ],
  "vf_minibatches": [
    1,
    1,
    1,
    1,
    1,
    1,
    1,
    1,
    1,
    1
  ],
  "num_envs": 4,
  "results_dir_name": "results",
  "storage_dir_name": "storage",
  "train_set": "remaining",
  "eval_set": "remaining",
  "OPENAI_LOG_FORMAT": "csv",
  "walltime_hrs": 0.3,
  "num_checkpoints": 100,
  "eval_ntrajs": 10,
  "eval_nsteps": 200,
  "eval_seed": 12345,
  "looping_tree": {
    "method": "fixed",
    "environment": "fixed",
    "total_timesteps": "fixed",
    "rng_seed": "cartesian",
    "policy_kwargs": "fixed",
    "timesteps_per_batch": "zip",
    "gamma": "zip",
    "lam": "zip",
    "max_kl": "zip",
    "cg_iters": "zip",
    "entcoeff": "zip",
    "cg_damping": "zip",
    "vf_stepsize": "zip",
    "vf_iters": "zip",
    "vf_minibatches": "zip"
  }
}