{
  "description": "Hyper-parameter optimization for trpo on a low frequency environment",
  "method": "trpo",
  "environment": "drop_leg_100hz",
  "total_timesteps": 4000000,
  "rng_seed": [
    0,
    1000,
    2000
  ],
  "policy_kwargs": {
    "net_arch": [
      {
        "vf": [
          64,
          64
        ],
        "pi": [
          64,
          64
        ]
      }
    ]
  },
  "timesteps_per_batch": [
    496,
    922,
    2535,
    506,
    1961,
    513,
    3153,
    2966,
    4237,
    497
  ],
  "gamma": [
    0.9506831420765552,
    0.9515811974538174,
    0.9496220427558179,
    0.9513161229918674,
    0.9515915027366861,
    0.9525678072591556,
    0.95127422345,
    0.9543109888851927,
    0.9517773834121785,
    0.9530414733391956
  ],
  "lam": [
    0.9610911658956626,
    0.9778553928706539,
    0.959751900944655,
    0.9770255018964397,
    0.9762920157932916,
    0.9777905524553376,
    0.9770301340111377,
    0.9777516645177038,
    0.9771226062106487,
    0.9773395190823693
  ],
  "max_kl": [
    0.004349218386624638,
    0.004222920675961177,
    0.003817032788990943,
    0.004290188462477464,
    0.0052765517332125965,
    0.004287546172344749,
    0.004007948065600435,
    0.01378981538669869,
    0.004407661691551051,
    0.004256645082879766
  ],
  "cg_iters": [
    16,
    20,
    20,
    16,
    16,
    16,
    16,
    20,
    20,
    16
  ],
  "entcoeff": [
    5.1784802047771084e-05,
    6.818433835125857e-05,
    5.7006407415805536e-05,
    5.097247081635915e-05,
    4.012955390278456e-05,
    4.196192127598135e-05,
    4.316746996992303e-05,
    6.410892034629085e-05,
    5.984147211562505e-05,
    5.449753967681358e-05
  ],
  "cg_damping": [
    0.022860453177637415,
    0.022663733138114848,
    0.021767867092579798,
    0.02224626983228156,
    0.02434232407692628,
    0.9727604403793901,
    0.02283339714778035,
    0.02330064213068155,
    0.8466283922905542,
    0.022788112273032263
  ],
  "vf_stepsize": [
    0.0021510382531712666,
    0.0022148650589535264,
    0.002230572331692412,
    0.0022644217747287533,
    0.0022165389219784832,
    0.002036952932829553,
    0.0022151621695698223,
    0.0011597646884113299,
    0.0022622954241374145,
    0.0011751829220097785
  ],
  "vf_iters": [
    4,
    4,
    4,
    4,
    4,
    4,
    4,
    4,
    4,
    4
  ],
  "vf_minibatches": [
    39,
    29,
    29,
    38,
    28,
    29,
    29,
    29,
    36,
    2
  ],
  "num_envs": 4,
  "results_dir_name": "results",
  "storage_dir_name": "storage",
  "train_set": "remaining",
  "eval_set": "remaining",
  "OPENAI_LOG_FORMAT": "csv",
  "walltime_hrs": 0.3,
  "num_checkpoints": 100,
  "eval_ntrajs": 10,
  "eval_nsteps": 200,
  "eval_seed": 12345,
  "looping_tree": {
    "method": "fixed",
    "environment": "fixed",
    "total_timesteps": "fixed",
    "rng_seed": "cartesian",
    "policy_kwargs": "fixed",
    "timesteps_per_batch": "zip",
    "gamma": "zip",
    "lam": "zip",
    "max_kl": "zip",
    "cg_iters": "zip",
    "entcoeff": "zip",
    "cg_damping": "zip",
    "vf_stepsize": "zip",
    "vf_iters": "zip",
    "vf_minibatches": "zip"
  }
}