{
  "description": "Hyper-parameter optimization for trpo on a low frequency environment",
  "method": "trpo",
  "environment": "drop_leg_100hz",
  "total_timesteps": 4000000,
  "rng_seed": [
    0,
    1000,
    2000
  ],
  "policy_kwargs": {
    "net_arch": [
      {
        "vf": [
          64,
          64
        ],
        "pi": [
          64,
          64
        ]
      }
    ]
  },
  "timesteps_per_batch": [
    428,
    272,
    444,
    288,
    430,
    270,
    591,
    430,
    264,
    273
  ],
  "gamma": [
    0.9378801845090606,
    0.9368631950166457,
    0.9375123531957192,
    0.9388264429088429,
    0.9396012127514246,
    0.9392810404574309,
    0.9364708732445851,
    0.9595051497650795,
    0.9383454338002277,
    0.9390277214851581
  ],
  "lam": [
    0.992836071320311,
    0.9927140964302339,
    0.9921838924061271,
    0.9931501670114388,
    0.9924392212224359,
    0.9927457706843081,
    0.9925002403290117,
    0.9928747517258811,
    0.9928286243671925,
    0.9931305079012985
  ],
  "max_kl": [
    0.0021800508574825765,
    0.008114440308423898,
    0.008478073792671273,
    0.004600155307314352,
    0.0020071308686794953,
    0.008155937623061195,
    0.00837024411930291,
    0.008184161841961711,
    0.0017044167021249743,
    0.001890731574570025
  ],
  "cg_iters": [
    15,
    15,
    15,
    15,
    15,
    15,
    15,
    15,
    15,
    15
  ],
  "entcoeff": [
    2.8127864594160687e-05,
    2.966024721583037e-05,
    2.4404435822651038e-05,
    1.3168271286219751e-05,
    2.4126421517500238e-05,
    2.4145677838024784e-05,
    2.5689958526996664e-05,
    1.3049538876043873e-05,
    2.399174165118107e-05,
    2.5131516820983098e-05
  ],
  "cg_damping": [
    0.03221054592440573,
    0.029045065279179064,
    0.034611387677529346,
    0.03316134613101841,
    0.03205873485111971,
    0.03240772939915294,
    0.03241146414738984,
    0.02927621914983534,
    0.030862161995762735,
    0.03202649105028095
  ],
  "vf_stepsize": [
    0.0007967989768732947,
    0.0007436517914651186,
    0.0007490335227501287,
    0.0007318193681506508,
    0.0007448785094059808,
    0.0008107052831708213,
    0.0007991952123700022,
    0.000789573250952455,
    0.0007033704672449991,
    0.000713053115544679
  ],
  "vf_iters": [
    5,
    5,
    5,
    5,
    5,
    5,
    5,
    5,
    4,
    5
  ],
  "vf_minibatches": [
    13,
    13,
    13,
    13,
    13,
    13,
    14,
    13,
    13,
    13
  ],
  "num_envs": 4,
  "results_dir_name": "results",
  "storage_dir_name": "storage",
  "train_set": "remaining",
  "eval_set": "remaining",
  "OPENAI_LOG_FORMAT": "csv",
  "walltime_hrs": 0.3,
  "num_checkpoints": 100,
  "eval_ntrajs": 10,
  "eval_nsteps": 200,
  "eval_seed": 12345,
  "looping_tree": {
    "method": "fixed",
    "environment": "fixed",
    "total_timesteps": "fixed",
    "rng_seed": "cartesian",
    "policy_kwargs": "fixed",
    "timesteps_per_batch": "zip",
    "gamma": "zip",
    "lam": "zip",
    "max_kl": "zip",
    "cg_iters": "zip",
    "entcoeff": "zip",
    "cg_damping": "zip",
    "vf_stepsize": "zip",
    "vf_iters": "zip",
    "vf_minibatches": "zip"
  }
}