{
  "description": "Hyper-parameter optimization for trpo on a low frequency environment",
  "method": "trpo",
  "environment": "drop_leg_100hz",
  "total_timesteps": 4000000,
  "rng_seed": [
    0,
    1000,
    2000
  ],
  "policy_kwargs": {
    "net_arch": [
      {
        "vf": [
          64,
          64
        ],
        "pi": [
          64,
          64
        ]
      }
    ]
  },
  "timesteps_per_batch": [
    337,
    352,
    338,
    326,
    323,
    375,
    330,
    297,
    315,
    346
  ],
  "gamma": [
    0.8339801132737539,
    0.9304418398664099,
    0.9290256202234412,
    0.9295674622197933,
    0.48333991496797646,
    0.8356835036201891,
    0.8956487245936772,
    0.8974790036883169,
    0.8986341184540663,
    0.895423831790658
  ],
  "lam": [
    0.7643172488416469,
    0.5106679524624984,
    0.5673207031941313,
    0.574374488647382,
    0.5816125103947373,
    0.5488561354920088,
    0.5735523907189697,
    0.5816336307667633,
    0.5022672955176046,
    0.6960314734192542
  ],
  "max_kl": [
    0.14742634003056845,
    0.32918039572416713,
    0.4982808612791383,
    0.3055108327024066,
    0.003252243119621734,
    0.22048623432434644,
    0.003311591580319204,
    0.0033160670000426844,
    0.5973106810094989,
    0.3000288678154264
  ],
  "cg_iters": [
    12,
    2,
    2,
    2,
    2,
    2,
    2,
    2,
    2,
    2
  ],
  "entcoeff": [
    0.0001051866304492478,
    8.925206152076889e-05,
    8.505845763168856e-05,
    0.00013195883723058607,
    8.667801803069011e-05,
    0.00015190575369174224,
    0.00011252917192605815,
    0.00010416936765136044,
    0.00011262794878473051,
    0.00012502869897803925
  ],
  "cg_damping": [
    0.07772333121492839,
    0.015475486472969292,
    0.07020940071430726,
    0.055314939193277596,
    0.06580667377945677,
    0.018534923692077706,
    0.04960097828558803,
    0.050251416719900965,
    0.053850137397459336,
    0.05234743085911993
  ],
  "vf_stepsize": [
    0.0011107790562256072,
    0.0030961525823523122,
    0.0010784394575414622,
    0.0032311998853278815,
    0.0011253524613255152,
    0.0011296625627322488,
    0.0010993860778965457,
    0.003152089125892892,
    0.0031065118675109742,
    0.0031079034544239433
  ],
  "vf_iters": [
    8,
    5,
    6,
    6,
    6,
    5,
    6,
    6,
    5,
    6
  ],
  "vf_minibatches": [
    1,
    2,
    2,
    16,
    1,
    16,
    16,
    1,
    1,
    1
  ],
  "num_envs": 4,
  "results_dir_name": "results",
  "storage_dir_name": "storage",
  "train_set": "remaining",
  "eval_set": "remaining",
  "OPENAI_LOG_FORMAT": "csv",
  "walltime_hrs": 0.3,
  "num_checkpoints": 100,
  "eval_ntrajs": 10,
  "eval_nsteps": 200,
  "eval_seed": 12345,
  "looping_tree": {
    "method": "fixed",
    "environment": "fixed",
    "total_timesteps": "fixed",
    "rng_seed": "cartesian",
    "policy_kwargs": "fixed",
    "timesteps_per_batch": "zip",
    "gamma": "zip",
    "lam": "zip",
    "max_kl": "zip",
    "cg_iters": "zip",
    "entcoeff": "zip",
    "cg_damping": "zip",
    "vf_stepsize": "zip",
    "vf_iters": "zip",
    "vf_minibatches": "zip"
  }
}