{
  "description": "Hyper-parameter optimization for trpo on a low frequency environment",
  "method": "trpo",
  "environment": "drop_leg_100hz",
  "total_timesteps": 4000000,
  "rng_seed": [
    0,
    1000,
    2000
  ],
  "policy_kwargs": {
    "net_arch": [
      {
        "vf": [
          64,
          64
        ],
        "pi": [
          64,
          64
        ]
      }
    ]
  },
  "timesteps_per_batch": [
    795,
    817,
    587,
    584,
    571,
    809,
    592,
    823,
    826,
    827
  ],
  "gamma": [
    0.9552038839100102,
    0.9214479846036675,
    0.9309597236947903,
    0.9512132314258535,
    0.9308326400980663,
    0.9203313218163552,
    0.9132111355893247,
    0.9114736743397555,
    0.917384225382617,
    0.9207877368068977
  ],
  "lam": [
    0.9717483116051598,
    0.9864116064402906,
    0.9868843579827438,
    0.9721742972071613,
    0.9872807076173473,
    0.9866860808873048,
    0.9871702393487798,
    0.9884099952138751,
    0.986806896758307,
    0.9867353253729502
  ],
  "max_kl": [
    0.007477804900204664,
    0.007421514220313486,
    0.007385779630358461,
    0.00739916539714327,
    0.006461015610511182,
    0.007406620829000666,
    0.007337307232281334,
    0.007275144184030107,
    0.0067949878911539065,
    0.0067931069331610425
  ],
  "cg_iters": [
    12,
    12,
    12,
    13,
    12,
    12,
    12,
    12,
    12,
    12
  ],
  "entcoeff": [
    2.156637868214233e-06,
    2.2048934395488056e-06,
    2.303230748039811e-06,
    1.981557173625544e-06,
    2.131607852220686e-06,
    2.4516350516520686e-06,
    2.4228110405342874e-06,
    2.317084879587554e-06,
    2.1877210249067397e-06,
    1.9541793302834147e-06
  ],
  "cg_damping": [
    0.015687819254890666,
    0.015235162576860911,
    0.017962615446109175,
    0.004032173763188592,
    0.02408343871414914,
    0.021204236459766507,
    0.017965922734095426,
    0.016085777192387612,
    0.006851550092007616,
    0.01789206617075781
  ],
  "vf_stepsize": [
    0.00020201815642702985,
    0.00020021496653520795,
    0.0001901346550524785,
    0.00048644006735964215,
    0.0001979483302119889,
    0.00020723508848701324,
    0.00020419845382098275,
    0.000199288836440213,
    0.00019678538630676478,
    0.00019735546105263186
  ],
  "vf_iters": [
    4,
    4,
    4,
    3,
    4,
    4,
    4,
    4,
    2,
    3
  ],
  "vf_minibatches": [
    10,
    10,
    11,
    10,
    10,
    10,
    10,
    10,
    10,
    10
  ],
  "num_envs": 4,
  "results_dir_name": "results",
  "storage_dir_name": "storage",
  "train_set": "remaining",
  "eval_set": "remaining",
  "OPENAI_LOG_FORMAT": "csv",
  "walltime_hrs": 0.3,
  "num_checkpoints": 100,
  "eval_ntrajs": 10,
  "eval_nsteps": 200,
  "eval_seed": 12345,
  "looping_tree": {
    "method": "fixed",
    "environment": "fixed",
    "total_timesteps": "fixed",
    "rng_seed": "cartesian",
    "policy_kwargs": "fixed",
    "timesteps_per_batch": "zip",
    "gamma": "zip",
    "lam": "zip",
    "max_kl": "zip",
    "cg_iters": "zip",
    "entcoeff": "zip",
    "cg_damping": "zip",
    "vf_stepsize": "zip",
    "vf_iters": "zip",
    "vf_minibatches": "zip"
  }
}