{
  "description": "Hyper-parameter optimization for trpo on a low frequency environment",
  "method": "trpo",
  "environment": "drop_leg_100hz",
  "total_timesteps": 4000000,
  "rng_seed": [
    0,
    1000,
    2000
  ],
  "policy_kwargs": {
    "net_arch": [
      {
        "vf": [
          64,
          64
        ],
        "pi": [
          64,
          64
        ]
      }
    ]
  },
  "timesteps_per_batch": [
    384,
    318,
    304,
    304,
    362,
    311,
    384,
    386,
    414,
    301
  ],
  "gamma": [
    0.914448280015587,
    0.9153625928450446,
    0.91503662343555,
    0.9167134645684315,
    0.997415502777573,
    0.9165239833534956,
    0.9969205566095547,
    0.9145105585112084,
    0.9121382134838601,
    0.9173121276052665
  ],
  "lam": [
    0.6492148226628255,
    0.5086833638928168,
    0.9484616315785487,
    0.5875851770157063,
    0.36576145987036557,
    0.5490200169844884,
    0.39577113453102486,
    0.40208613168387575,
    0.5254586940685024,
    0.38359120647794354
  ],
  "max_kl": [
    0.17774807632581419,
    0.01142053886151621,
    0.15257561846015166,
    0.008975328779418425,
    0.007716721237662876,
    0.011137319791441445,
    0.011027718373115343,
    0.01151648645000719,
    0.11511653388072007,
    0.4529291893664101
  ],
  "cg_iters": [
    6,
    5,
    2,
    5,
    5,
    2,
    5,
    13,
    6,
    17
  ],
  "entcoeff": [
    7.860036827149762e-05,
    0.00011280615568902484,
    0.00011525118803114325,
    0.00010591701093255772,
    7.301739992352378e-05,
    7.957154393957189e-05,
    8.067635442757649e-05,
    8.284893125958372e-05,
    7.381546065267732e-05,
    7.382951553010831e-05
  ],
  "cg_damping": [
    0.03668720502988249,
    0.03713107314030074,
    0.03615731112176909,
    0.037388443871463,
    0.035662345928201555,
    0.018302874712199727,
    0.03669577037450597,
    0.018379745486683013,
    0.03553866470117048,
    0.036104868032981206
  ],
  "vf_stepsize": [
    0.0008727106272447734,
    0.0008115169486828698,
    0.0008060940474663317,
    0.000909284113515306,
    0.0008753513071420424,
    0.0008769019820038419,
    0.0008600331644481494,
    0.0008356342154035375,
    0.000907040054367678,
    0.0009536343740044667
  ],
  "vf_iters": [
    1,
    5,
    5,
    3,
    1,
    5,
    5,
    3,
    1,
    5
  ],
  "vf_minibatches": [
    17,
    1,
    1,
    1,
    1,
    1,
    18,
    1,
    1,
    1
  ],
  "num_envs": 4,
  "results_dir_name": "results",
  "storage_dir_name": "storage",
  "train_set": "remaining",
  "eval_set": "remaining",
  "OPENAI_LOG_FORMAT": "csv",
  "walltime_hrs": 0.3,
  "num_checkpoints": 100,
  "eval_ntrajs": 10,
  "eval_nsteps": 200,
  "eval_seed": 12345,
  "looping_tree": {
    "method": "fixed",
    "environment": "fixed",
    "total_timesteps": "fixed",
    "rng_seed": "cartesian",
    "policy_kwargs": "fixed",
    "timesteps_per_batch": "zip",
    "gamma": "zip",
    "lam": "zip",
    "max_kl": "zip",
    "cg_iters": "zip",
    "entcoeff": "zip",
    "cg_damping": "zip",
    "vf_stepsize": "zip",
    "vf_iters": "zip",
    "vf_minibatches": "zip"
  }
}