{
  "description": "Hyper-parameter optimization for trpo on a low frequency environment",
  "method": "trpo",
  "environment": "drop_leg_100hz",
  "total_timesteps": 4000000,
  "rng_seed": [
    0,
    1000,
    2000
  ],
  "policy_kwargs": {
    "net_arch": [
      {
        "vf": [
          64,
          64
        ],
        "pi": [
          64,
          64
        ]
      }
    ]
  },
  "timesteps_per_batch": [
    540,
    551,
    558,
    754,
    561,
    871,
    749,
    759,
    553,
    548
  ],
  "gamma": [
    0.945662839114582,
    0.9339886720879688,
    0.9344580882747622,
    0.9324078362885799,
    0.9341021705344269,
    0.9333557582759318,
    0.9336242976856676,
    0.9448674368343397,
    0.9328329605540109,
    0.9332882430248971
  ],
  "lam": [
    0.9881309496382825,
    0.9745359625638947,
    0.9886262977862739,
    0.9741129597354385,
    0.9746177954951429,
    0.992226362896335,
    0.9978802710918355,
    0.9724984868022363,
    0.9726057771252016,
    0.9728147896324941
  ],
  "max_kl": [
    0.006159350015048713,
    0.008524614855615868,
    0.008812300459631682,
    0.008742145584304799,
    0.008301935468807994,
    0.0085225029171655,
    0.008096018895200154,
    0.008621475271509011,
    0.008869612298915908,
    0.008595209090443609
  ],
  "cg_iters": [
    16,
    14,
    13,
    14,
    14,
    16,
    16,
    16,
    16,
    16
  ],
  "entcoeff": [
    2.9204005278611926e-05,
    2.8270368027471666e-06,
    2.7531548963663147e-05,
    1.5945351406566224e-05,
    1.6363923464715076e-05,
    2.8871740648112687e-05,
    3.096039054787777e-06,
    2.8378628651908008e-05,
    1.4451263662170384e-05,
    2.848923035331303e-06
  ],
  "cg_damping": [
    0.0285676537284992,
    0.0285966044801647,
    0.01772903642604815,
    0.019048603574932804,
    0.020472578767418932,
    0.0198254039650899,
    0.01954132718136183,
    0.027766073190391878,
    0.019915039614163615,
    0.029559516799768308
  ],
  "vf_stepsize": [
    0.0009106431860170202,
    0.0008798039252596567,
    0.0014766354460272759,
    0.0015096494441609943,
    0.0013597814549892481,
    0.0013607800714723567,
    0.0008532293394383743,
    0.0003721696556871017,
    0.0009366763014421984,
    0.0009469570219459924
  ],
  "vf_iters": [
    4,
    4,
    4,
    4,
    4,
    4,
    4,
    4,
    4,
    4
  ],
  "vf_minibatches": [
    14,
    14,
    14,
    15,
    14,
    15,
    14,
    15,
    14,
    14
  ],
  "num_envs": 4,
  "results_dir_name": "results",
  "storage_dir_name": "storage",
  "train_set": "remaining",
  "eval_set": "remaining",
  "OPENAI_LOG_FORMAT": "csv",
  "walltime_hrs": 0.3,
  "num_checkpoints": 100,
  "eval_ntrajs": 10,
  "eval_nsteps": 200,
  "eval_seed": 12345,
  "looping_tree": {
    "method": "fixed",
    "environment": "fixed",
    "total_timesteps": "fixed",
    "rng_seed": "cartesian",
    "policy_kwargs": "fixed",
    "timesteps_per_batch": "zip",
    "gamma": "zip",
    "lam": "zip",
    "max_kl": "zip",
    "cg_iters": "zip",
    "entcoeff": "zip",
    "cg_damping": "zip",
    "vf_stepsize": "zip",
    "vf_iters": "zip",
    "vf_minibatches": "zip"
  }
}