{
  "description": "Hyper-parameter optimization for trpo on a low frequency environment",
  "method": "trpo",
  "environment": "drop_leg_100hz",
  "total_timesteps": 4000000,
  "rng_seed": [
    0,
    1000,
    2000
  ],
  "policy_kwargs": {
    "net_arch": [
      {
        "vf": [
          64,
          64
        ],
        "pi": [
          64,
          64
        ]
      }
    ]
  },
  "timesteps_per_batch": [
    2540,
    2107,
    2018,
    2092,
    2173,
    1907,
    1794,
    2074,
    2169,
    380
  ],
  "gamma": [
    0.9055431278534407,
    0.928301166424683,
    0.9244782916537602,
    0.9082658277480924,
    0.9259686806874989,
    0.9225801713114662,
    0.9261683597657321,
    0.9035701510193689,
    0.9068108929776899,
    0.9239065328264289
  ],
  "lam": [
    0.9864610073655212,
    0.9863530034623051,
    0.9854898357189404,
    0.9867884458047972,
    0.9848982558185648,
    0.9718838541798719,
    0.711145256336263,
    0.9871507440135298,
    0.9853984752665614,
    0.4184333529301133
  ],
  "max_kl": [
    0.005438760059198634,
    0.005348563320513647,
    0.005353466604553782,
    0.005430261324007823,
    0.005190427578455023,
    0.005278345444878524,
    0.005306986969167001,
    0.00513924935769588,
    0.005239804855906237,
    0.005258624120611617
  ],
  "cg_iters": [
    14,
    14,
    14,
    14,
    14,
    14,
    14,
    14,
    14,
    5
  ],
  "entcoeff": [
    7.365321864728556e-05,
    7.735444596898409e-05,
    3.8470913629578705e-05,
    3.83239954915614e-05,
    3.763173843802636e-05,
    3.716110030988021e-05,
    3.906640319901483e-05,
    3.95589970439817e-05,
    4.1082224927451106e-05,
    3.880731854566842e-05
  ],
  "cg_damping": [
    0.0012070780941935769,
    0.029483366719359753,
    0.029774330935010546,
    0.030565176122072057,
    0.02978774440134092,
    0.0009895935831259767,
    0.03040239790325155,
    0.028478329537227953,
    0.028870350286467183,
    0.029583312014814955
  ],
  "vf_stepsize": [
    0.0011818333691828798,
    0.0011403961588695398,
    0.0011859610613193716,
    0.0011208611839908815,
    0.001198212592600414,
    0.0028841509302788225,
    0.0011632702025435398,
    0.0012074238317543147,
    0.0011797621490485927,
    0.0011837650875349869
  ],
  "vf_iters": [
    4,
    4,
    4,
    4,
    4,
    4,
    4,
    4,
    4,
    4
  ],
  "vf_minibatches": [
    17,
    18,
    18,
    1,
    1,
    18,
    2,
    18,
    1,
    2
  ],
  "num_envs": 4,
  "results_dir_name": "results",
  "storage_dir_name": "storage",
  "train_set": "remaining",
  "eval_set": "remaining",
  "OPENAI_LOG_FORMAT": "csv",
  "walltime_hrs": 0.3,
  "num_checkpoints": 100,
  "eval_ntrajs": 10,
  "eval_nsteps": 200,
  "eval_seed": 12345,
  "looping_tree": {
    "method": "fixed",
    "environment": "fixed",
    "total_timesteps": "fixed",
    "rng_seed": "cartesian",
    "policy_kwargs": "fixed",
    "timesteps_per_batch": "zip",
    "gamma": "zip",
    "lam": "zip",
    "max_kl": "zip",
    "cg_iters": "zip",
    "entcoeff": "zip",
    "cg_damping": "zip",
    "vf_stepsize": "zip",
    "vf_iters": "zip",
    "vf_minibatches": "zip"
  }
}