{
  "description": "Hyper-parameter optimization for trpo on a low frequency environment",
  "method": "trpo",
  "environment": "drop_leg_100hz",
  "total_timesteps": 4000000,
  "rng_seed": [
    0,
    1000,
    2000
  ],
  "policy_kwargs": {
    "net_arch": [
      {
        "vf": [
          64,
          64
        ],
        "pi": [
          64,
          64
        ]
      }
    ]
  },
  "timesteps_per_batch": [
    1573,
    390,
    1592,
    1373,
    1500,
    1506,
    466,
    1620,
    1427,
    1429
  ],
  "gamma": [
    0.8613875491666667,
    0.8673703652944356,
    0.8648803400560625,
    0.8690298309857981,
    0.858099152687807,
    0.8595822867504932,
    0.840723269381899,
    0.8640669910518028,
    0.8600333042824203,
    0.8237016581060074
  ],
  "lam": [
    0.9390955948199758,
    0.9387681182250396,
    0.9399812140504749,
    0.9421959631312092,
    0.9342672153506048,
    0.9303559428229903,
    0.9453511918046227,
    0.9388341443563418,
    0.9421063110102595,
    0.9316648203224398
  ],
  "max_kl": [
    0.00420349772815357,
    0.0032288729376286646,
    0.0033544775688852044,
    0.004366612808024444,
    0.0040718653260667405,
    0.003923881069878613,
    0.004033375114433685,
    0.0038797537978364585,
    0.004313004383719949,
    0.0041351949878326594
  ],
  "cg_iters": [
    7,
    7,
    7,
    7,
    7,
    7,
    7,
    7,
    6,
    6
  ],
  "entcoeff": [
    9.253946267673938e-06,
    7.830718313686723e-06,
    7.977365959064623e-06,
    8.304816227627515e-06,
    7.832167491941602e-06,
    8.572689312647083e-06,
    7.823054657018902e-06,
    8.261610658397644e-06,
    1.0040704405214327e-05,
    8.24339787392814e-06
  ],
  "cg_damping": [
    0.0027693904209428115,
    0.0023383040951678556,
    0.002226136990637914,
    0.0026024041227941538,
    0.0027974084087072164,
    0.002439492354119158,
    0.018005851736831002,
    0.002343000747236022,
    0.002467380904879115,
    0.0028906729051378366
  ],
  "vf_stepsize": [
    8.068767972612667e-05,
    4.426248457453137e-05,
    4.828102839001883e-05,
    7.418725991119684e-05,
    6.559085536604186e-05,
    5.79138673230482e-05,
    5.214664791437903e-05,
    4.132835949408507e-05,
    7.647947495507241e-05,
    4.8778686117229566e-05
  ],
  "vf_iters": [
    2,
    2,
    2,
    2,
    2,
    2,
    2,
    2,
    2,
    2
  ],
  "vf_minibatches": [
    4,
    5,
    5,
    4,
    5,
    4,
    5,
    5,
    4,
    4
  ],
  "num_envs": 4,
  "results_dir_name": "results",
  "storage_dir_name": "storage",
  "train_set": "remaining",
  "eval_set": "remaining",
  "OPENAI_LOG_FORMAT": "csv",
  "walltime_hrs": 0.3,
  "num_checkpoints": 100,
  "eval_ntrajs": 10,
  "eval_nsteps": 200,
  "eval_seed": 12345,
  "looping_tree": {
    "method": "fixed",
    "environment": "fixed",
    "total_timesteps": "fixed",
    "rng_seed": "cartesian",
    "policy_kwargs": "fixed",
    "timesteps_per_batch": "zip",
    "gamma": "zip",
    "lam": "zip",
    "max_kl": "zip",
    "cg_iters": "zip",
    "entcoeff": "zip",
    "cg_damping": "zip",
    "vf_stepsize": "zip",
    "vf_iters": "zip",
    "vf_minibatches": "zip"
  }
}