{
  "description": "Hyper-parameter optimization for trpo on a low frequency environment",
  "method": "trpo",
  "environment": "drop_leg_100hz",
  "total_timesteps": 4000000,
  "rng_seed": [
    0,
    1000,
    2000
  ],
  "policy_kwargs": {
    "net_arch": [
      {
        "vf": [
          64,
          64
        ],
        "pi": [
          64,
          64
        ]
      }
    ]
  },
  "timesteps_per_batch": [
    453,
    333,
    339,
    367,
    335,
    326,
    361,
    339,
    351,
    364
  ],
  "gamma": [
    0.9734261759288225,
    0.9708043132403262,
    0.9725510784044922,
    0.9736565366595804,
    0.9735254694016987,
    0.9721987974531013,
    0.9719911091811873,
    0.9715050664899618,
    0.9668300091160226,
    0.970528072682673
  ],
  "lam": [
    0.9959734956729536,
    0.9962620153990634,
    0.9963626568296161,
    0.9961210761963057,
    0.9959759063483675,
    0.995157746458805,
    0.9962678432894012,
    0.9963271764962927,
    0.9958101720419624,
    0.9960051543791344
  ],
  "max_kl": [
    0.00543189621074233,
    0.0053788720637009,
    0.005247569895106026,
    0.0028372078544028363,
    0.005474427851808793,
    0.005312455553824554,
    0.005381516347819955,
    0.005513546610883493,
    0.005345387179130084,
    0.005815991432037929
  ],
  "cg_iters": [
    18,
    17,
    18,
    18,
    17,
    17,
    16,
    18,
    17,
    17
  ],
  "entcoeff": [
    1.805666596662182e-05,
    1.8331703122653428e-05,
    1.944296817353005e-05,
    1.8721456073333788e-05,
    1.9885305672635034e-05,
    1.9313467257018216e-05,
    1.8688214084133838e-05,
    1.7522084501676902e-05,
    1.636535764357804e-05,
    1.7149845751224528e-05
  ],
  "cg_damping": [
    0.06093252593802033,
    0.05823485587448733,
    0.05644555400769521,
    0.05640910795248724,
    0.07448508139442431,
    0.056381289127459364,
    0.06116336378177879,
    0.05714227662431863,
    0.06250623803777958,
    0.04954611536665727
  ],
  "vf_stepsize": [
    0.0011186293864990098,
    0.000423301055242583,
    0.00041702857797555886,
    0.0010749628974555715,
    0.0004575980558516576,
    0.0012931644544724554,
    0.0010827423721913143,
    0.0011806821898181063,
    0.00043306367800072357,
    0.0012770386362611125
  ],
  "vf_iters": [
    5,
    5,
    6,
    5,
    5,
    6,
    5,
    5,
    5,
    5
  ],
  "vf_minibatches": [
    16,
    16,
    15,
    19,
    17,
    18,
    19,
    18,
    16,
    16
  ],
  "num_envs": 4,
  "results_dir_name": "results",
  "storage_dir_name": "storage",
  "train_set": "remaining",
  "eval_set": "remaining",
  "OPENAI_LOG_FORMAT": "csv",
  "walltime_hrs": 0.3,
  "num_checkpoints": 100,
  "eval_ntrajs": 10,
  "eval_nsteps": 200,
  "eval_seed": 12345,
  "looping_tree": {
    "method": "fixed",
    "environment": "fixed",
    "total_timesteps": "fixed",
    "rng_seed": "cartesian",
    "policy_kwargs": "fixed",
    "timesteps_per_batch": "zip",
    "gamma": "zip",
    "lam": "zip",
    "max_kl": "zip",
    "cg_iters": "zip",
    "entcoeff": "zip",
    "cg_damping": "zip",
    "vf_stepsize": "zip",
    "vf_iters": "zip",
    "vf_minibatches": "zip"
  }
}