{
  "description": "Hyper-parameter optimization for trpo on a low frequency environment",
  "method": "trpo",
  "environment": "drop_leg_100hz",
  "total_timesteps": 4000000,
  "rng_seed": [
    0,
    1000,
    2000
  ],
  "policy_kwargs": {
    "net_arch": [
      {
        "vf": [
          64,
          64
        ],
        "pi": [
          64,
          64
        ]
      }
    ]
  },
  "timesteps_per_batch": [
    831,
    869,
    817,
    885,
    743,
    711,
    859,
    877,
    768,
    896
  ],
  "gamma": [
    0.9452338941793026,
    0.9475828981221963,
    0.9438996595971135,
    0.9417742365315905,
    0.9406815562012645,
    0.9450403748511574,
    0.9858074704463999,
    0.9452025463622548,
    0.9458209995741593,
    0.9458438096248277
  ],
  "lam": [
    0.9978081695576646,
    0.9559145593544544,
    0.9731739729558833,
    0.996938566638208,
    0.9762158512857014,
    0.9548352033821392,
    0.9976819167215187,
    0.9690306007926418,
    0.974118935965045,
    0.9702861896202117
  ],
  "max_kl": [
    0.011418280439221365,
    0.012360724924577389,
    0.011641001828879994,
    0.012320168292852757,
    0.007249821858021038,
    0.01236646517637475,
    0.0069929029854992105,
    0.007050595287232151,
    0.011494038648606151,
    0.006990035876307843
  ],
  "cg_iters": [
    1,
    16,
    16,
    19,
    19,
    16,
    19,
    1,
    19,
    16
  ],
  "entcoeff": [
    1.6230359918846726e-05,
    1.6447238004873846e-05,
    1.638379133627807e-05,
    1.5859740677051564e-05,
    1.6451015453810895e-05,
    1.670705007267619e-05,
    1.4849111153429774e-05,
    1.61829543800137e-05,
    1.4905786288021985e-05,
    1.638377712793987e-05
  ],
  "cg_damping": [
    0.02075282268217497,
    0.020266360879518584,
    0.020917290605308482,
    0.01769432561555325,
    0.02116868772522482,
    0.019479852261069013,
    0.020124436057553832,
    0.019820268854328065,
    0.021181888894763197,
    0.020595661534612633
  ],
  "vf_stepsize": [
    0.0014212832661840427,
    0.0023815185699964385,
    0.001400362099399607,
    0.0020945477532993903,
    0.003393078320174313,
    0.0028786142271546803,
    0.0025365789251957558,
    0.0014081389322837708,
    0.002164654118974109,
    0.002084233656470412
  ],
  "vf_iters": [
    4,
    11,
    11,
    11,
    3,
    5,
    4,
    5,
    4,
    8
  ],
  "vf_minibatches": [
    17,
    16,
    17,
    17,
    20,
    16,
    16,
    17,
    17,
    17
  ],
  "num_envs": 4,
  "results_dir_name": "results",
  "storage_dir_name": "storage",
  "train_set": "remaining",
  "eval_set": "remaining",
  "OPENAI_LOG_FORMAT": "csv",
  "walltime_hrs": 0.3,
  "num_checkpoints": 100,
  "eval_ntrajs": 10,
  "eval_nsteps": 200,
  "eval_seed": 12345,
  "looping_tree": {
    "method": "fixed",
    "environment": "fixed",
    "total_timesteps": "fixed",
    "rng_seed": "cartesian",
    "policy_kwargs": "fixed",
    "timesteps_per_batch": "zip",
    "gamma": "zip",
    "lam": "zip",
    "max_kl": "zip",
    "cg_iters": "zip",
    "entcoeff": "zip",
    "cg_damping": "zip",
    "vf_stepsize": "zip",
    "vf_iters": "zip",
    "vf_minibatches": "zip"
  }
}