{
  "description": "Hyper-parameter optimization for trpo on a low frequency environment",
  "method": "trpo",
  "environment": "drop_leg_100hz",
  "total_timesteps": 4000000,
  "rng_seed": [
    0,
    1000,
    2000
  ],
  "policy_kwargs": {
    "net_arch": [
      {
        "vf": [
          64,
          64
        ],
        "pi": [
          64,
          64
        ]
      }
    ]
  },
  "timesteps_per_batch": [
    531,
    546,
    549,
    548,
    560,
    527,
    531,
    518,
    530,
    539
  ],
  "gamma": [
    0.950623356793117,
    0.9526377820613364,
    0.9517441482169723,
    0.9519391764372369,
    0.9523468424013001,
    0.9484830141883601,
    0.9501318222549707,
    0.9510627252055123,
    0.952396242931283,
    0.9543892829323386
  ],
  "lam": [
    0.9931077340761525,
    0.9934538122916239,
    0.9929828469248013,
    0.9940942756403045,
    0.9935299816050741,
    0.9935313666632674,
    0.992983496052599,
    0.9934065428267438,
    0.9936206512621859,
    0.994008945861736
  ],
  "max_kl": [
    0.005451193164205925,
    0.007984548061084241,
    0.005180010128317029,
    0.005500685264416792,
    0.005301580064333179,
    0.005680142822335075,
    0.00527069426966556,
    0.007760603785228471,
    0.008236285461364274,
    0.005640122298082738
  ],
  "cg_iters": [
    14,
    15,
    14,
    15,
    15,
    16,
    15,
    14,
    14,
    14
  ],
  "entcoeff": [
    1.3560387854122788e-05,
    1.8520214086532758e-06,
    1.3347317055087433e-05,
    1.2507144882839669e-05,
    1.3217533374618981e-05,
    1.4070733120939607e-05,
    1.9116040943579217e-06,
    1.8298886397988503e-06,
    1.8327690981477412e-06,
    1.3177995753113246e-05
  ],
  "cg_damping": [
    0.033382413991309534,
    0.0327545586146484,
    0.034676207439405464,
    0.03154710746201541,
    0.026666537329833446,
    0.03486068270068072,
    0.026855960055403565,
    0.03962090215952586,
    0.029440783900288363,
    0.030662794693469574
  ],
  "vf_stepsize": [
    0.0004729837082197895,
    0.0007366796680082931,
    0.0004679429460595724,
    0.0005081163884262813,
    0.0005115368596720754,
    0.0005869039695821778,
    0.0004950773492123882,
    0.0005649585515435949,
    0.0005733592175692893,
    0.0005250657058740776
  ],
  "vf_iters": [
    4,
    4,
    4,
    4,
    4,
    4,
    4,
    4,
    4,
    4
  ],
  "vf_minibatches": [
    13,
    13,
    13,
    13,
    13,
    13,
    12,
    12,
    13,
    13
  ],
  "num_envs": 4,
  "results_dir_name": "results",
  "storage_dir_name": "storage",
  "train_set": "remaining",
  "eval_set": "remaining",
  "OPENAI_LOG_FORMAT": "csv",
  "walltime_hrs": 0.3,
  "num_checkpoints": 100,
  "eval_ntrajs": 10,
  "eval_nsteps": 200,
  "eval_seed": 12345,
  "looping_tree": {
    "method": "fixed",
    "environment": "fixed",
    "total_timesteps": "fixed",
    "rng_seed": "cartesian",
    "policy_kwargs": "fixed",
    "timesteps_per_batch": "zip",
    "gamma": "zip",
    "lam": "zip",
    "max_kl": "zip",
    "cg_iters": "zip",
    "entcoeff": "zip",
    "cg_damping": "zip",
    "vf_stepsize": "zip",
    "vf_iters": "zip",
    "vf_minibatches": "zip"
  }
}