{
  "description": "Hyper-parameter optimization for trpo on a low frequency environment",
  "method": "trpo",
  "environment": "drop_leg_100hz",
  "total_timesteps": 4000000,
  "rng_seed": [
    0,
    1000,
    2000
  ],
  "policy_kwargs": {
    "net_arch": [
      {
        "vf": [
          64,
          64
        ],
        "pi": [
          64,
          64
        ]
      }
    ]
  },
  "timesteps_per_batch": [
    282,
    246,
    258,
    241,
    259,
    256,
    318,
    248,
    273,
    254
  ],
  "gamma": [
    0.8712108340536756,
    0.8689853883578728,
    0.8724847270346008,
    0.8796790135544849,
    0.8756481345797058,
    0.8638181337955628,
    0.8825613742965841,
    0.8702891360786349,
    0.873297642487638,
    0.9013930394487639
  ],
  "lam": [
    0.6721626971185399,
    0.7542647608744047,
    0.6976073472645972,
    0.7089885832203069,
    0.7019071929229903,
    0.645882712399557,
    0.6707222684815071,
    0.7265069931082694,
    0.6933227121893306,
    0.7245672958665513
  ],
  "max_kl": [
    0.5751152600760782,
    0.5853225842350848,
    0.6347917313515513,
    0.37717845998573996,
    0.518948890342101,
    0.4759718557635823,
    0.5858201187162483,
    0.6268115384826412,
    0.5592921707660714,
    0.49602677960531516
  ],
  "cg_iters": [
    2,
    2,
    2,
    2,
    2,
    2,
    2,
    2,
    2,
    2
  ],
  "entcoeff": [
    0.00013079272589021286,
    0.00012341163352642457,
    0.00012972235191239452,
    0.0001301428250042674,
    0.00012465177947371432,
    0.00013950666325387656,
    0.00012072059156260936,
    0.00013452475635260068,
    0.00012886450482185063,
    0.00013572886569852724
  ],
  "cg_damping": [
    0.07022620837629492,
    0.07589006584216355,
    0.06540106674128993,
    0.07621128844272096,
    0.055262872412081,
    0.08200271720546606,
    0.07239415707194814,
    0.06867246755190654,
    0.0676961647263312,
    0.06725343497424285
  ],
  "vf_stepsize": [
    0.0041420120408530246,
    0.0032739784053892516,
    0.004335719893411678,
    0.003233215099840838,
    0.0030089121480625773,
    0.0034075734481998974,
    0.003167669327966722,
    0.003137786714436897,
    0.0032311757984665877,
    0.0030469935139793027
  ],
  "vf_iters": [
    6,
    6,
    5,
    6,
    6,
    6,
    6,
    5,
    5,
    6
  ],
  "vf_minibatches": [
    1,
    1,
    1,
    1,
    1,
    1,
    2,
    1,
    1,
    1
  ],
  "num_envs": 4,
  "results_dir_name": "results",
  "storage_dir_name": "storage",
  "train_set": "remaining",
  "eval_set": "remaining",
  "OPENAI_LOG_FORMAT": "csv",
  "walltime_hrs": 0.3,
  "num_checkpoints": 100,
  "eval_ntrajs": 10,
  "eval_nsteps": 200,
  "eval_seed": 12345,
  "looping_tree": {
    "method": "fixed",
    "environment": "fixed",
    "total_timesteps": "fixed",
    "rng_seed": "cartesian",
    "policy_kwargs": "fixed",
    "timesteps_per_batch": "zip",
    "gamma": "zip",
    "lam": "zip",
    "max_kl": "zip",
    "cg_iters": "zip",
    "entcoeff": "zip",
    "cg_damping": "zip",
    "vf_stepsize": "zip",
    "vf_iters": "zip",
    "vf_minibatches": "zip"
  }
}