{
  "description": "Hyper-parameter optimization for ppo1 on a low frequency environment",
  "method": "ppo1",
  "environment": "drop_leg_100hz",
  "total_timesteps": 4000000,
  "rng_seed": [
    0,
    1000,
    2000
  ],
  "policy_kwargs": {
    "net_arch": [
      {
        "vf": [
          64,
          64
        ],
        "pi": [
          64,
          64
        ]
      }
    ]
  },
  "gamma": [
    0.9458714201110039,
    0.9331894532118502,
    0.9320506980209833,
    0.9434036089822929,
    0.9425689696439655,
    0.9469961267462,
    0.9455804300072808,
    0.9464593350399295,
    0.9447894058668246,
    0.9120713824479423
  ],
  "lam": [
    0.9911928314288749,
    0.9907495527747865,
    0.9901471643110742,
    0.9909170269795721,
    0.990738967974888,
    0.9893968261306042,
    0.9922712189014264,
    0.9898919826398688,
    0.9903641868265878,
    0.9893265985535663
  ],
  "timesteps_per_actorbatch": [
    108,
    115,
    352,
    72,
    78,
    84,
    70,
    82,
    85,
    88
  ],
  "clip_param": [
    0.34350056247922583,
    0.3404018556626716,
    0.3861713666391254,
    0.3093391232075673,
    0.34217872918801,
    0.35619137103010723,
    0.39406205647763387,
    0.33274888842320094,
    0.4001360250704155,
    0.3202523639101504
  ],
  "entcoeff": [
    1.1359951439510923e-05,
    1.014253812458111e-05,
    1.01860334210162e-05,
    1.2565431526489412e-05,
    9.542727135522176e-06,
    8.721894315763946e-06,
    1.2402474284510509e-05,
    1.0676024107131685e-05,
    8.98389645033138e-06,
    1.1317560831222112e-05
  ],
  "optim_epochs": [
    5,
    6,
    6,
    5,
    6,
    5,
    5,
    6,
    5,
    5
  ],
  "optim_stepsize": [
    0.0017277669909214666,
    0.0018311058987417297,
    0.0017329469602538367,
    0.0023112940256059004,
    0.00016912494469525807,
    0.001895029281241801,
    0.001667358368458196,
    0.0015078039332568714,
    0.0018480993909268017,
    0.0017999610749532997
  ],
  "optim_minibatches": [
    2,
    2,
    2,
    2,
    2,
    2,
    2,
    2,
    2,
    6
  ],
  "adam_epsilon": [
    5.383497570297005e-06,
    4.984283404878184e-06,
    5.73518820163075e-06,
    5.621837923797175e-06,
    5.837257050058737e-06,
    5.733480698032647e-06,
    4.893586035922701e-06,
    5.640056683023254e-06,
    5.183087380919066e-06,
    3.994979637869539e-06
  ],
  "schedule": [
    "linear",
    "linear",
    "linear",
    "linear",
    "linear",
    "linear",
    "linear",
    "linear",
    "linear",
    "linear"
  ],
  "num_envs": 4,
  "results_dir_name": "results",
  "storage_dir_name": "storage",
  "train_set": "remaining",
  "eval_set": "remaining",
  "OPENAI_LOG_FORMAT": "csv",
  "walltime_hrs": 0.3,
  "num_checkpoints": 100,
  "eval_ntrajs": 10,
  "eval_nsteps": 200,
  "eval_seed": 12345,
  "looping_tree": {
    "method": "fixed",
    "environment": "fixed",
    "total_timesteps": "fixed",
    "rng_seed": "cartesian",
    "policy_kwargs": "fixed",
    "gamma": "zip",
    "lam": "zip",
    "timesteps_per_actorbatch": "zip",
    "clip_param": "zip",
    "entcoeff": "zip",
    "optim_epochs": "zip",
    "optim_stepsize": "zip",
    "optim_minibatches": "zip",
    "adam_epsilon": "zip",
    "schedule": "zip"
  }
}