{
  "description": "Hyper-parameter optimization for ppo1 on a low frequency environment",
  "method": "ppo1",
  "environment": "drop_leg_100hz",
  "total_timesteps": 4000000,
  "rng_seed": [
    0,
    1000,
    2000
  ],
  "policy_kwargs": {
    "net_arch": [
      {
        "vf": [
          64,
          64
        ],
        "pi": [
          64,
          64
        ]
      }
    ]
  },
  "gamma": [
    0.8120829020672444,
    0.9211147280782218,
    0.8233270466678272,
    0.81866598926511,
    0.8266031652064094,
    0.8216972084836738,
    0.9178946251838682,
    0.8171003356519426,
    0.8273087009786688,
    0.8340080864772788
  ],
  "lam": [
    0.9019489365529487,
    0.9029499943331815,
    0.9028275507370327,
    0.9925000509563315,
    0.9050743272348162,
    0.9922792154708587,
    0.8819972254012584,
    0.9075035805219801,
    0.9926698183584473,
    0.8973565318848854
  ],
  "timesteps_per_actorbatch": [
    85,
    86,
    86,
    86,
    84,
    85,
    85,
    87,
    86,
    84
  ],
  "clip_param": [
    0.9048439394196065,
    0.7913100632653906,
    0.898745425479643,
    0.9207994984107656,
    0.9527635999045415,
    0.9019594595727499,
    0.839520876433665,
    0.8992249329542676,
    0.8630640726624226,
    0.8553990804150086
  ],
  "entcoeff": [
    0.00011274091789899686,
    0.00010979366743469349,
    0.00010672306240987122,
    0.00011306397609717417,
    0.00011348650188176734,
    0.0001158943557082866,
    0.00010592273474269799,
    0.000109048055315188,
    0.00011122732669967218,
    0.00010957229906885677
  ],
  "optim_epochs": [
    2,
    2,
    2,
    2,
    2,
    2,
    2,
    2,
    2,
    2
  ],
  "optim_stepsize": [
    0.00019618498252830117,
    0.0001914189475555972,
    0.00020344827046264055,
    0.00019991506121098843,
    0.0001906430340698238,
    0.00021916597798269844,
    0.00020999658703135807,
    6.942949039692544e-05,
    0.00018479567876935577,
    5.350771916791354e-05
  ],
  "optim_minibatches": [
    12,
    11,
    11,
    12,
    11,
    14,
    12,
    11,
    12,
    11
  ],
  "adam_epsilon": [
    4.034440517730503e-07,
    8.668054822599584e-07,
    7.800115855644283e-07,
    8.209834093708482e-07,
    8.671471710741654e-07,
    7.935110087120435e-07,
    7.944243527919551e-07,
    8.107555803938774e-07,
    3.9088062098792294e-07,
    7.703097019270033e-07
  ],
  "schedule": [
    "linear",
    "linear",
    "linear",
    "linear",
    "linear",
    "linear",
    "linear",
    "linear",
    "linear",
    "linear"
  ],
  "num_envs": 4,
  "results_dir_name": "results",
  "storage_dir_name": "storage",
  "train_set": "remaining",
  "eval_set": "remaining",
  "OPENAI_LOG_FORMAT": "csv",
  "walltime_hrs": 0.3,
  "num_checkpoints": 100,
  "eval_ntrajs": 10,
  "eval_nsteps": 200,
  "eval_seed": 12345,
  "looping_tree": {
    "method": "fixed",
    "environment": "fixed",
    "total_timesteps": "fixed",
    "rng_seed": "cartesian",
    "policy_kwargs": "fixed",
    "gamma": "zip",
    "lam": "zip",
    "timesteps_per_actorbatch": "zip",
    "clip_param": "zip",
    "entcoeff": "zip",
    "optim_epochs": "zip",
    "optim_stepsize": "zip",
    "optim_minibatches": "zip",
    "adam_epsilon": "zip",
    "schedule": "zip"
  }
}