{
  "description": "Hyper-parameter optimization for ppo1 on a low frequency environment",
  "method": "ppo1",
  "environment": "drop_leg_100hz",
  "total_timesteps": 4000000,
  "rng_seed": [
    0,
    1000,
    2000
  ],
  "policy_kwargs": {
    "net_arch": [
      {
        "vf": [
          64,
          64
        ],
        "pi": [
          64,
          64
        ]
      }
    ]
  },
  "gamma": [
    0.7234284292751533,
    0.7037905345834221,
    0.755268232307506,
    0.7433143261157619,
    0.7104742052466109,
    0.7580419768708453,
    0.7350745162307295,
    0.7304683002672533,
    0.7050181299736393,
    0.7412257949599763
  ],
  "lam": [
    0.9982082366509621,
    0.9981770326580129,
    0.9985888471561571,
    0.9980929261808013,
    0.9510791731446951,
    0.9985620058746909,
    0.9983335319527484,
    0.9987304450631428,
    0.9981844605253823,
    0.9985489015043828
  ],
  "timesteps_per_actorbatch": [
    97,
    64,
    92,
    93,
    100,
    95,
    95,
    66,
    65,
    98
  ],
  "clip_param": [
    0.7640399163454021,
    1.3389008928326758,
    0.06335710398655547,
    1.1456868803518805,
    0.8692341299576992,
    0.05738893082378676,
    0.07419439919252449,
    0.07441350922586004,
    0.7769882847200652,
    0.753812868229744
  ],
  "entcoeff": [
    9.501122753585827e-05,
    0.00010031918260984516,
    9.005389669363308e-05,
    0.00011595979746222335,
    8.22223479250166e-05,
    8.978098542025466e-05,
    8.939317106767407e-05,
    9.281135289692505e-05,
    9.28373036986395e-05,
    7.229949396820436e-05
  ],
  "optim_epochs": [
    3,
    12,
    2,
    3,
    2,
    2,
    16,
    13,
    2,
    12
  ],
  "optim_stepsize": [
    0.0003016433724471274,
    0.0003132110718689492,
    0.00029447480936813537,
    0.00029842416208502204,
    0.00032627895242880634,
    0.00031023685178312106,
    0.0003236094523522604,
    0.00029462348664791,
    0.00036144511570398557,
    0.0003079872498343062
  ],
  "optim_minibatches": [
    7,
    7,
    6,
    11,
    6,
    7,
    12,
    6,
    9,
    12
  ],
  "adam_epsilon": [
    9.624496873611949e-05,
    1.1107923581278326e-06,
    1.093195201202447e-06,
    6.031142892576267e-05,
    1.4753880586850914e-06,
    8.413775482802535e-05,
    1.8579434951649317e-06,
    6.323743256913412e-05,
    5.827898411023371e-07,
    7.824545276010172e-05
  ],
  "schedule": [
    "linear",
    "linear",
    "linear",
    "linear",
    "linear",
    "linear",
    "linear",
    "linear",
    "linear",
    "linear"
  ],
  "num_envs": 4,
  "results_dir_name": "results",
  "storage_dir_name": "storage",
  "train_set": "remaining",
  "eval_set": "remaining",
  "OPENAI_LOG_FORMAT": "csv",
  "walltime_hrs": 0.3,
  "num_checkpoints": 100,
  "eval_ntrajs": 10,
  "eval_nsteps": 200,
  "eval_seed": 12345,
  "looping_tree": {
    "method": "fixed",
    "environment": "fixed",
    "total_timesteps": "fixed",
    "rng_seed": "cartesian",
    "policy_kwargs": "fixed",
    "gamma": "zip",
    "lam": "zip",
    "timesteps_per_actorbatch": "zip",
    "clip_param": "zip",
    "entcoeff": "zip",
    "optim_epochs": "zip",
    "optim_stepsize": "zip",
    "optim_minibatches": "zip",
    "adam_epsilon": "zip",
    "schedule": "zip"
  }
}