{
  "description": "Hyper-parameter optimization for ppo1 on a low frequency environment",
  "method": "ppo1",
  "environment": "drop_leg_100hz",
  "total_timesteps": 4000000,
  "rng_seed": [
    0,
    1000,
    2000
  ],
  "policy_kwargs": {
    "net_arch": [
      {
        "vf": [
          64,
          64
        ],
        "pi": [
          64,
          64
        ]
      }
    ]
  },
  "gamma": [
    0.9125228746938088,
    0.8540328520096971,
    0.9117333466832718,
    0.9107906772142248,
    0.9092560329236934,
    0.8509296592358623,
    0.8578875866227313,
    0.8570911051439902,
    0.8541495346205717,
    0.9124529014780642
  ],
  "lam": [
    0.7689620481215954,
    0.7703976615007468,
    0.76704270511583,
    0.7717083869604857,
    0.4457351959903588,
    0.7696069196870401,
    0.7763863143281332,
    0.7807511085892027,
    0.7725229550057364,
    0.44555267298718093
  ],
  "timesteps_per_actorbatch": [
    92,
    94,
    93,
    77,
    75,
    92,
    76,
    94,
    94,
    93
  ],
  "clip_param": [
    25.032442889195703,
    21.69856359619378,
    20.303627448268163,
    3.3076963430440376,
    3.458126380903289,
    22.35891518197525,
    3.3592502612831345,
    3.3231696240372246,
    21.951649232424383,
    22.35488611450134
  ],
  "entcoeff": [
    0.00022921635845627236,
    0.0002360857051525223,
    0.0005383223538295919,
    0.0005262422408936059,
    0.0002374509707755896,
    0.0002280691626831166,
    0.00024011197430609145,
    0.00022799787205399064,
    0.00024120190061065338,
    0.00022785537898948948
  ],
  "optim_epochs": [
    2,
    2,
    2,
    2,
    2,
    2,
    2,
    1,
    2,
    2
  ],
  "optim_stepsize": [
    0.00020632395914963773,
    0.00028332067219860585,
    0.00028614646873177245,
    0.00029787131751906145,
    0.00028633041603283785,
    0.00028155460036308915,
    0.00019624047191394914,
    0.00020184643646760977,
    0.00020281266792760395,
    0.00027835500100927577
  ],
  "optim_minibatches": [
    13,
    13,
    21,
    13,
    13,
    1,
    13,
    13,
    13,
    21
  ],
  "adam_epsilon": [
    2.1790879597262035e-07,
    2.0449210192255414e-07,
    1.9499888390516152e-07,
    2.004971196532338e-07,
    2.0314583098277353e-07,
    1.9385768527983373e-07,
    2.0437276297831878e-07,
    2.153862560703227e-07,
    2.1431664509673903e-07,
    2.1118782679839052e-07
  ],
  "schedule": [
    "linear",
    "linear",
    "linear",
    "linear",
    "linear",
    "linear",
    "linear",
    "linear",
    "linear",
    "linear"
  ],
  "num_envs": 4,
  "results_dir_name": "results",
  "storage_dir_name": "storage",
  "train_set": "remaining",
  "eval_set": "remaining",
  "OPENAI_LOG_FORMAT": "csv",
  "walltime_hrs": 0.3,
  "num_checkpoints": 100,
  "eval_ntrajs": 10,
  "eval_nsteps": 200,
  "eval_seed": 12345,
  "looping_tree": {
    "method": "fixed",
    "environment": "fixed",
    "total_timesteps": "fixed",
    "rng_seed": "cartesian",
    "policy_kwargs": "fixed",
    "gamma": "zip",
    "lam": "zip",
    "timesteps_per_actorbatch": "zip",
    "clip_param": "zip",
    "entcoeff": "zip",
    "optim_epochs": "zip",
    "optim_stepsize": "zip",
    "optim_minibatches": "zip",
    "adam_epsilon": "zip",
    "schedule": "zip"
  }
}