{
  "description": "Hyper-parameter optimization for ppo1 on a low frequency environment",
  "method": "ppo1",
  "environment": "drop_leg_100hz",
  "total_timesteps": 4000000,
  "rng_seed": [
    0,
    1000,
    2000
  ],
  "policy_kwargs": {
    "net_arch": [
      {
        "vf": [
          64,
          64
        ],
        "pi": [
          64,
          64
        ]
      }
    ]
  },
  "gamma": [
    0.9428478230150926,
    0.9422684616045772,
    0.9694450055034075,
    0.9446531614036783,
    0.9584646057637374,
    0.965881929078178,
    0.9683928052920932,
    0.9442999174450507,
    0.9667863028164868,
    0.9669624141236424
  ],
  "lam": [
    0.5418803675042387,
    0.8288527940817823,
    0.5367021167391663,
    0.8345279830790098,
    0.8336118109771321,
    0.8336997794976286,
    0.8324180928838558,
    0.8321153551199248,
    0.8434294008437219,
    0.8335558458603964
  ],
  "timesteps_per_actorbatch": [
    75,
    94,
    96,
    94,
    95,
    94,
    75,
    93,
    95,
    95
  ],
  "clip_param": [
    24.37671265838705,
    22.612727724628048,
    14.432649787916432,
    23.236786532312323,
    22.119245444433332,
    13.324626369226287,
    24.61377688720924,
    13.922325719797646,
    26.148128407317845,
    20.41623529699447
  ],
  "entcoeff": [
    0.0004245857919489757,
    0.0005735800725202396,
    0.0005392149844499714,
    0.0005711414656688833,
    0.000608265841328509,
    0.00058912984498834,
    0.000582435933996458,
    0.0005657671675330267,
    0.0005571224852239532,
    0.0005592265396918628
  ],
  "optim_epochs": [
    1,
    1,
    1,
    1,
    1,
    1,
    1,
    1,
    1,
    1
  ],
  "optim_stepsize": [
    0.00038807619964241637,
    0.0006112110928759121,
    0.0005400075864894683,
    0.0003847740800850933,
    0.000550148595843956,
    0.0005878374506347604,
    0.0003765686733386802,
    0.0005840308198049474,
    0.0005892902559299303,
    0.0005256784897500344
  ],
  "optim_minibatches": [
    21,
    21,
    16,
    16,
    22,
    17,
    16,
    16,
    21,
    21
  ],
  "adam_epsilon": [
    2.9862716106734933e-07,
    2.8708456690123326e-07,
    2.9688109892330944e-07,
    3.120763744367118e-07,
    2.784043677849183e-07,
    2.853033014733528e-07,
    2.913547811147353e-07,
    1.548879361413735e-07,
    2.9703909788314913e-07,
    2.909571612258911e-07
  ],
  "schedule": [
    "linear",
    "linear",
    "linear",
    "linear",
    "linear",
    "linear",
    "linear",
    "linear",
    "linear",
    "linear"
  ],
  "num_envs": 4,
  "results_dir_name": "results",
  "storage_dir_name": "storage",
  "train_set": "remaining",
  "eval_set": "remaining",
  "OPENAI_LOG_FORMAT": "csv",
  "walltime_hrs": 0.3,
  "num_checkpoints": 100,
  "eval_ntrajs": 10,
  "eval_nsteps": 200,
  "eval_seed": 12345,
  "looping_tree": {
    "method": "fixed",
    "environment": "fixed",
    "total_timesteps": "fixed",
    "rng_seed": "cartesian",
    "policy_kwargs": "fixed",
    "gamma": "zip",
    "lam": "zip",
    "timesteps_per_actorbatch": "zip",
    "clip_param": "zip",
    "entcoeff": "zip",
    "optim_epochs": "zip",
    "optim_stepsize": "zip",
    "optim_minibatches": "zip",
    "adam_epsilon": "zip",
    "schedule": "zip"
  }
}