{
  "description": "Hyper-parameter optimization for ppo1 on a low frequency environment",
  "method": "ppo1",
  "environment": "drop_leg_100hz",
  "total_timesteps": 4000000,
  "rng_seed": [
    0,
    1000,
    2000
  ],
  "policy_kwargs": {
    "net_arch": [
      {
        "vf": [
          64,
          64
        ],
        "pi": [
          64,
          64
        ]
      }
    ]
  },
  "gamma": [
    0.9539021358705972,
    0.9474706041770818,
    0.9510634172203417,
    0.9448143826294705,
    0.9522322745015699,
    0.9248455959315238,
    0.9236861187811746,
    0.9521825358991252,
    0.9474519342659475,
    0.9464915597923922
  ],
  "lam": [
    0.8342794858753808,
    0.8326719970339164,
    0.8358545919016513,
    0.8380941127022611,
    0.8326502374621274,
    0.8322660641013971,
    0.8347768878930139,
    0.838248300109754,
    0.8367112567157339,
    0.8334330386410553
  ],
  "timesteps_per_actorbatch": [
    76,
    76,
    77,
    76,
    77,
    77,
    76,
    76,
    76,
    76
  ],
  "clip_param": [
    15.866109802301198,
    16.426606644934893,
    9.411041426613561,
    14.253562453648653,
    10.352852213958828,
    15.300132349163453,
    18.26245532105238,
    12.622974502559687,
    18.699629933268568,
    11.473588029053195
  ],
  "entcoeff": [
    0.0004397982826468804,
    0.00046794910651199877,
    0.0003938866635423999,
    0.0005064851250593971,
    0.000449339079699246,
    0.00045004275738136097,
    0.00045440828557836977,
    0.0004353730703813549,
    0.0003880465396234834,
    0.00048636866553091894
  ],
  "optim_epochs": [
    1,
    1,
    1,
    1,
    1,
    1,
    1,
    1,
    1,
    1
  ],
  "optim_stepsize": [
    0.0003392044632558763,
    0.00033312078357688665,
    0.00035986022105860094,
    0.00036247321151491467,
    0.00035399793864846136,
    0.0003448607525761494,
    0.000332545756331807,
    0.00037014301285780404,
    0.0003593111007403896,
    0.0003595840000494175
  ],
  "optim_minibatches": [
    15,
    16,
    15,
    15,
    16,
    15,
    16,
    15,
    16,
    16
  ],
  "adam_epsilon": [
    8.099459281315763e-08,
    2.846071969259143e-07,
    2.979011110598778e-07,
    2.9059910276660774e-07,
    2.974985578144942e-07,
    7.588966349201593e-08,
    2.856806493659747e-07,
    3.011481488445392e-07,
    2.950159039181232e-07,
    8.863847657565406e-08
  ],
  "schedule": [
    "linear",
    "linear",
    "linear",
    "linear",
    "linear",
    "linear",
    "linear",
    "linear",
    "linear",
    "linear"
  ],
  "num_envs": 4,
  "results_dir_name": "results",
  "storage_dir_name": "storage",
  "train_set": "remaining",
  "eval_set": "remaining",
  "OPENAI_LOG_FORMAT": "csv",
  "walltime_hrs": 0.3,
  "num_checkpoints": 100,
  "eval_ntrajs": 10,
  "eval_nsteps": 200,
  "eval_seed": 12345,
  "looping_tree": {
    "method": "fixed",
    "environment": "fixed",
    "total_timesteps": "fixed",
    "rng_seed": "cartesian",
    "policy_kwargs": "fixed",
    "gamma": "zip",
    "lam": "zip",
    "timesteps_per_actorbatch": "zip",
    "clip_param": "zip",
    "entcoeff": "zip",
    "optim_epochs": "zip",
    "optim_stepsize": "zip",
    "optim_minibatches": "zip",
    "adam_epsilon": "zip",
    "schedule": "zip"
  }
}