{
  "description": "Hyper-parameter optimization for ppo1 on a low frequency environment",
  "method": "ppo1",
  "environment": "drop_leg_100hz",
  "total_timesteps": 4000000,
  "rng_seed": [
    0,
    1000,
    2000
  ],
  "policy_kwargs": {
    "net_arch": [
      {
        "vf": [
          64,
          64
        ],
        "pi": [
          64,
          64
        ]
      }
    ]
  },
  "gamma": [
    0.9497263374295245,
    0.958862495978932,
    0.9580429766023488,
    0.9498003762602311,
    0.9516648631201239,
    0.959391463440267,
    0.9594011387403039,
    0.949735530515461,
    0.9597641886819167,
    0.9500690961029349
  ],
  "lam": [
    0.8832510209066865,
    0.7778908013785889,
    0.5312616727235717,
    0.7753081029352573,
    0.7715440330628378,
    0.7779702066601759,
    0.8868452727430367,
    0.7799075515343363,
    0.8786037352625793,
    0.7733921177352657
  ],
  "timesteps_per_actorbatch": [
    78,
    79,
    75,
    78,
    78,
    78,
    78,
    77,
    78,
    79
  ],
  "clip_param": [
    32.457429640028984,
    31.806425897857128,
    13.076720896121378,
    29.39643321041839,
    30.147843999085143,
    29.30117678586529,
    35.544437628380976,
    30.972005919354682,
    32.14388786105933,
    33.69452579537748
  ],
  "entcoeff": [
    0.00043422326340763996,
    0.00042606514929948206,
    0.0004413522944139581,
    0.0004234396464931978,
    0.00040101656201955174,
    0.0004190248344266108,
    0.0004295482529405732,
    0.0004364284496943998,
    0.00044008441137121583,
    0.00042863046552065826
  ],
  "optim_epochs": [
    1,
    1,
    1,
    1,
    1,
    1,
    1,
    1,
    1,
    1
  ],
  "optim_stepsize": [
    0.0001605704555781376,
    0.00030216461996818774,
    0.000309852810524298,
    0.000311255236759137,
    0.000291537320811373,
    0.00030260703149754897,
    0.0003119959545723972,
    0.00031852765437251845,
    0.0003196218251775208,
    0.0003099934458945907
  ],
  "optim_minibatches": [
    15,
    27,
    13,
    15,
    12,
    12,
    15,
    27,
    15,
    14
  ],
  "adam_epsilon": [
    2.36910608862785e-08,
    3.217323046058938e-08,
    2.2144963563600235e-07,
    2.2090103834527126e-07,
    2.2925552540939466e-07,
    3.594849812611637e-08,
    2.2224581888297583e-07,
    2.2629538483507921e-07,
    2.2081692774949468e-07,
    1.9145038527130705e-08
  ],
  "schedule": [
    "linear",
    "linear",
    "linear",
    "linear",
    "linear",
    "linear",
    "linear",
    "linear",
    "linear",
    "linear"
  ],
  "num_envs": 4,
  "results_dir_name": "results",
  "storage_dir_name": "storage",
  "train_set": "remaining",
  "eval_set": "remaining",
  "OPENAI_LOG_FORMAT": "csv",
  "walltime_hrs": 0.3,
  "num_checkpoints": 100,
  "eval_ntrajs": 10,
  "eval_nsteps": 200,
  "eval_seed": 12345,
  "looping_tree": {
    "method": "fixed",
    "environment": "fixed",
    "total_timesteps": "fixed",
    "rng_seed": "cartesian",
    "policy_kwargs": "fixed",
    "gamma": "zip",
    "lam": "zip",
    "timesteps_per_actorbatch": "zip",
    "clip_param": "zip",
    "entcoeff": "zip",
    "optim_epochs": "zip",
    "optim_stepsize": "zip",
    "optim_minibatches": "zip",
    "adam_epsilon": "zip",
    "schedule": "zip"
  }
}