{
  "description": "Hyper-parameter optimization for ppo1 on a low frequency environment",
  "method": "ppo1",
  "environment": "drop_leg_100hz",
  "total_timesteps": 4000000,
  "rng_seed": [
    0,
    1000,
    2000
  ],
  "policy_kwargs": {
    "net_arch": [
      {
        "vf": [
          64,
          64
        ],
        "pi": [
          64,
          64
        ]
      }
    ]
  },
  "gamma": [
    0.935920327038741,
    0.9377358960531094,
    0.9284110612531981,
    0.9352347845957955,
    0.9316506796631256,
    0.9366432124088523,
    0.9378416143350203,
    0.9271696161149416,
    0.9318090369074798,
    0.9363980355608112
  ],
  "lam": [
    0.7601965971308214,
    0.7624462488838318,
    0.7595657851361848,
    0.7397078197966733,
    0.7541452629724906,
    0.7732227953207376,
    0.7490118865477609,
    0.7752042818462233,
    0.7601605976640113,
    0.7436200840059143
  ],
  "timesteps_per_actorbatch": [
    65,
    65,
    64,
    64,
    69,
    65,
    66,
    65,
    67,
    65
  ],
  "clip_param": [
    4.286292537071985,
    4.234098103351833,
    4.096623827108038,
    4.413118153160352,
    3.9614862965975886,
    4.754425696862673,
    3.429903633249643,
    4.011074848861909,
    4.194243963093275,
    4.92188657188497
  ],
  "entcoeff": [
    0.00029753933168777174,
    0.0002827989616902545,
    0.00027697751003963615,
    0.0002691188701584023,
    0.00026930989240379503,
    0.0002764522941871277,
    0.00027558434223887976,
    0.0002897644891265124,
    0.0002676654527491365,
    0.0002773714710927905
  ],
  "optim_epochs": [
    1,
    1,
    1,
    1,
    1,
    1,
    1,
    1,
    1,
    1
  ],
  "optim_stepsize": [
    0.0002595108027961701,
    0.00027511553229238664,
    0.00027086752437601445,
    0.00026823362655208993,
    0.0002723072210875975,
    0.0002594919338994456,
    0.0002810410872883176,
    0.00043321485556869935,
    0.00044173751980203165,
    0.00026685509133922154
  ],
  "optim_minibatches": [
    20,
    19,
    19,
    20,
    19,
    19,
    20,
    19,
    19,
    18
  ],
  "adam_epsilon": [
    1.8898861369375405e-07,
    1.7836972790517352e-07,
    1.8481104896465325e-07,
    1.856182585177576e-07,
    1.7430539951871084e-07,
    1.8444167888607095e-07,
    2.0750564428301632e-07,
    1.8216948365683154e-07,
    1.886651392889415e-07,
    1.9491786433896068e-07
  ],
  "schedule": [
    "linear",
    "linear",
    "linear",
    "linear",
    "linear",
    "linear",
    "linear",
    "linear",
    "linear",
    "linear"
  ],
  "num_envs": 4,
  "results_dir_name": "results",
  "storage_dir_name": "storage",
  "train_set": "remaining",
  "eval_set": "remaining",
  "OPENAI_LOG_FORMAT": "csv",
  "walltime_hrs": 0.3,
  "num_checkpoints": 100,
  "eval_ntrajs": 10,
  "eval_nsteps": 200,
  "eval_seed": 12345,
  "looping_tree": {
    "method": "fixed",
    "environment": "fixed",
    "total_timesteps": "fixed",
    "rng_seed": "cartesian",
    "policy_kwargs": "fixed",
    "gamma": "zip",
    "lam": "zip",
    "timesteps_per_actorbatch": "zip",
    "clip_param": "zip",
    "entcoeff": "zip",
    "optim_epochs": "zip",
    "optim_stepsize": "zip",
    "optim_minibatches": "zip",
    "adam_epsilon": "zip",
    "schedule": "zip"
  }
}