{
  "description": "Hyper-parameter optimization for ppo1 on a low frequency environment",
  "method": "ppo1",
  "environment": "drop_leg_100hz",
  "total_timesteps": 4000000,
  "rng_seed": [
    0,
    1000,
    2000
  ],
  "policy_kwargs": {
    "net_arch": [
      {
        "vf": [
          64,
          64
        ],
        "pi": [
          64,
          64
        ]
      }
    ]
  },
  "gamma": [
    0.9534942661644703,
    0.9380334771998204,
    0.9691982592516395,
    0.9555822029217462,
    0.9528767714286825,
    0.9545051585370239,
    0.9563105849175833,
    0.9429263733862773,
    0.9536926584631832,
    0.9540910544120939
  ],
  "lam": [
    0.7077470247150194,
    0.7149770390663607,
    0.7284831123103577,
    0.7183346534318422,
    0.7071851377625371,
    0.7214465847754203,
    0.7353413917621275,
    0.7136435097935123,
    0.7168278600216604,
    0.7104862659039033
  ],
  "timesteps_per_actorbatch": [
    77,
    77,
    77,
    77,
    79,
    78,
    79,
    77,
    78,
    77
  ],
  "clip_param": [
    20.26029792443372,
    15.091052337228406,
    16.50356690671064,
    16.762764929661113,
    16.690035901649455,
    15.933425858040577,
    14.954583821415786,
    18.53704101188378,
    16.384315043013444,
    16.551665216404416
  ],
  "entcoeff": [
    0.0004941357402728245,
    0.0004842743288994044,
    0.0004903923928166092,
    0.0005512079331918821,
    0.0004751035582702345,
    0.00048106760323742416,
    0.00047613183899917127,
    0.0004834993336395877,
    0.0004910763673189206,
    0.0004951664572535432
  ],
  "optim_epochs": [
    1,
    1,
    1,
    1,
    1,
    1,
    1,
    1,
    1,
    1
  ],
  "optim_stepsize": [
    0.0003312629997931984,
    0.00033763925533937013,
    0.0003398906753512871,
    0.0003433716243489145,
    0.0003424623609430816,
    0.00036418190304099185,
    0.0003392160972498046,
    0.0003391303618167179,
    0.0003320360416312526,
    0.0003382542212065555
  ],
  "optim_minibatches": [
    15,
    15,
    16,
    15,
    15,
    15,
    16,
    15,
    15,
    15
  ],
  "adam_epsilon": [
    5.407871887263556e-08,
    2.6120549506637584e-07,
    5.779707872166002e-08,
    2.7742197094752865e-07,
    2.65252601552704e-07,
    5.601137167495935e-08,
    2.618940605504674e-07,
    2.561544991919776e-07,
    2.6981428844265306e-07,
    4.8862349357650285e-08
  ],
  "schedule": [
    "linear",
    "linear",
    "linear",
    "linear",
    "linear",
    "linear",
    "linear",
    "linear",
    "linear",
    "linear"
  ],
  "num_envs": 4,
  "results_dir_name": "results",
  "storage_dir_name": "storage",
  "train_set": "remaining",
  "eval_set": "remaining",
  "OPENAI_LOG_FORMAT": "csv",
  "walltime_hrs": 0.3,
  "num_checkpoints": 100,
  "eval_ntrajs": 10,
  "eval_nsteps": 200,
  "eval_seed": 12345,
  "looping_tree": {
    "method": "fixed",
    "environment": "fixed",
    "total_timesteps": "fixed",
    "rng_seed": "cartesian",
    "policy_kwargs": "fixed",
    "gamma": "zip",
    "lam": "zip",
    "timesteps_per_actorbatch": "zip",
    "clip_param": "zip",
    "entcoeff": "zip",
    "optim_epochs": "zip",
    "optim_stepsize": "zip",
    "optim_minibatches": "zip",
    "adam_epsilon": "zip",
    "schedule": "zip"
  }
}