{
  "description": "Hyper-parameter optimization for ppo1 on a low frequency environment",
  "method": "ppo1",
  "environment": "drop_leg_100hz",
  "total_timesteps": 4000000,
  "rng_seed": [
    0,
    1000,
    2000
  ],
  "policy_kwargs": {
    "net_arch": [
      {
        "vf": [
          64,
          64
        ],
        "pi": [
          64,
          64
        ]
      }
    ]
  },
  "gamma": [
    0.8669246219003115,
    0.863264162107124,
    0.881475932446736,
    0.8713327210871759,
    0.873811834084231,
    0.8682938995440707,
    0.8632781914561258,
    0.8721469629062906,
    0.8753150005357683,
    0.8670020792001107
  ],
  "lam": [
    0.9995231860180066,
    0.9994225535753718,
    0.948516266556773,
    0.9447870415374456,
    0.9994032529087832,
    0.9995174117717531,
    0.9432899107695162,
    0.9995592960712792,
    0.9496306762623286,
    0.9471142159236445
  ],
  "timesteps_per_actorbatch": [
    73,
    72,
    107,
    108,
    73,
    108,
    74,
    73,
    72,
    110
  ],
  "clip_param": [
    1.8805147838058234,
    3.370314021688675,
    2.0127605231870147,
    1.9676564863201953,
    1.6533596886389244,
    1.9894494591326288,
    2.28373352002152,
    2.2005796192330918,
    1.994513662831992,
    1.8505892733990355
  ],
  "entcoeff": [
    0.00017438290745075242,
    0.00017348226639630763,
    0.00016873536636556954,
    0.00018190910793191382,
    0.00017621022815043796,
    0.00016412229561997877,
    0.00017614005824301868,
    0.00017091752280330575,
    0.00017730308682113998,
    0.00019596682261765867
  ],
  "optim_epochs": [
    1,
    1,
    1,
    1,
    1,
    1,
    1,
    1,
    1,
    1
  ],
  "optim_stepsize": [
    0.00012914483887493464,
    0.00014684574803030796,
    0.00012795823905504958,
    0.00011920009758039525,
    0.00013878251090442182,
    0.00011467919888806527,
    0.00012603754887857889,
    0.00013250000014082474,
    0.00011962395040153505,
    0.0002485108846905888
  ],
  "optim_minibatches": [
    8,
    8,
    9,
    8,
    9,
    8,
    8,
    8,
    8,
    8
  ],
  "adam_epsilon": [
    6.43249266423137e-07,
    6.098683389780279e-07,
    5.046808095810172e-07,
    5.84033659774879e-07,
    5.338973013552459e-07,
    4.881963760673425e-07,
    5.189483958776212e-07,
    5.603141483217052e-07,
    5.438876983165172e-07,
    6.50701897911097e-07
  ],
  "schedule": [
    "linear",
    "linear",
    "linear",
    "linear",
    "linear",
    "linear",
    "linear",
    "linear",
    "linear",
    "linear"
  ],
  "num_envs": 4,
  "results_dir_name": "results",
  "storage_dir_name": "storage",
  "train_set": "remaining",
  "eval_set": "remaining",
  "OPENAI_LOG_FORMAT": "csv",
  "walltime_hrs": 0.3,
  "num_checkpoints": 100,
  "eval_ntrajs": 10,
  "eval_nsteps": 200,
  "eval_seed": 12345,
  "looping_tree": {
    "method": "fixed",
    "environment": "fixed",
    "total_timesteps": "fixed",
    "rng_seed": "cartesian",
    "policy_kwargs": "fixed",
    "gamma": "zip",
    "lam": "zip",
    "timesteps_per_actorbatch": "zip",
    "clip_param": "zip",
    "entcoeff": "zip",
    "optim_epochs": "zip",
    "optim_stepsize": "zip",
    "optim_minibatches": "zip",
    "adam_epsilon": "zip",
    "schedule": "zip"
  }
}