{
  "description": "Hyper-parameter optimization for ppo1 on a low frequency environment",
  "method": "ppo1",
  "environment": "drop_leg_100hz",
  "total_timesteps": 4000000,
  "rng_seed": [
    0,
    1000,
    2000
  ],
  "policy_kwargs": {
    "net_arch": [
      {
        "vf": [
          64,
          64
        ],
        "pi": [
          64,
          64
        ]
      }
    ]
  },
  "gamma": [
    0.9214614292948419,
    0.9179968553192939,
    0.9960159600147225,
    0.9143374261844073,
    0.9214066835837302,
    0.9201487602915012,
    0.9190961289356999,
    0.8829604379230893,
    0.9174795561069014,
    0.9216339407494564
  ],
  "lam": [
    0.5877127504316235,
    0.7362503181440119,
    0.700592003492094,
    0.7051228250763071,
    0.6958341752613285,
    0.6949173185089954,
    0.6980810992295001,
    0.6993836228595313,
    0.6900965269474405,
    0.5675968879003266
  ],
  "timesteps_per_actorbatch": [
    86,
    941,
    88,
    1154,
    1000,
    1184,
    1938,
    1582,
    1362,
    86
  ],
  "clip_param": [
    18.893575869806938,
    17.995793238629638,
    5.750125678070115,
    5.390012656011376,
    2.328635861854451,
    5.979297021044383,
    5.629333888374213,
    5.7686569223477875,
    17.84860024281062,
    5.876855116996832
  ],
  "entcoeff": [
    0.000390486872963273,
    0.0005278832138467517,
    0.0003950736762407637,
    0.0003792738649874075,
    0.0005247254570957343,
    0.0003798561523084045,
    0.00039608809778961934,
    0.0003813724298018354,
    0.00039289490467271036,
    0.0003835145982988947
  ],
  "optim_epochs": [
    1,
    1,
    1,
    45,
    1,
    24,
    24,
    1,
    51,
    1
  ],
  "optim_stepsize": [
    0.0001594827985547539,
    0.00025061319821133564,
    0.00024749638396103814,
    0.0002487608657445616,
    0.00025149616118868765,
    0.00024245951892886005,
    0.00024579586444500845,
    0.00016137235885010714,
    0.0001664016281776752,
    0.0002415073316813697
  ],
  "optim_minibatches": [
    17,
    17,
    20,
    17,
    17,
    20,
    17,
    16,
    16,
    17
  ],
  "adam_epsilon": [
    3.4072928432410827e-07,
    3.3268896805419477e-07,
    3.3535585448500074e-07,
    3.369765090707177e-07,
    3.307639443519502e-07,
    3.3386759829292187e-07,
    3.311806206395473e-07,
    3.253728779090894e-07,
    3.226968474931087e-07,
    3.2171398251339713e-07
  ],
  "schedule": [
    "linear",
    "linear",
    "linear",
    "linear",
    "linear",
    "linear",
    "linear",
    "linear",
    "linear",
    "linear"
  ],
  "num_envs": 4,
  "results_dir_name": "results",
  "storage_dir_name": "storage",
  "train_set": "remaining",
  "eval_set": "remaining",
  "OPENAI_LOG_FORMAT": "csv",
  "walltime_hrs": 0.3,
  "num_checkpoints": 100,
  "eval_ntrajs": 10,
  "eval_nsteps": 200,
  "eval_seed": 12345,
  "looping_tree": {
    "method": "fixed",
    "environment": "fixed",
    "total_timesteps": "fixed",
    "rng_seed": "cartesian",
    "policy_kwargs": "fixed",
    "gamma": "zip",
    "lam": "zip",
    "timesteps_per_actorbatch": "zip",
    "clip_param": "zip",
    "entcoeff": "zip",
    "optim_epochs": "zip",
    "optim_stepsize": "zip",
    "optim_minibatches": "zip",
    "adam_epsilon": "zip",
    "schedule": "zip"
  }
}