{
  "description": "Hyper-parameter optimization for ppo1 on a low frequency environment",
  "method": "ppo1",
  "environment": "drop_leg_100hz",
  "total_timesteps": 4000000,
  "rng_seed": [
    0,
    1000,
    2000
  ],
  "policy_kwargs": {
    "net_arch": [
      {
        "vf": [
          64,
          64
        ],
        "pi": [
          64,
          64
        ]
      }
    ]
  },
  "gamma": [
    0.9029310010198474,
    0.893322525857558,
    0.9106422953530515,
    0.9140160031840295,
    0.9201975506698846,
    0.8992262586809715,
    0.8981498999346336,
    0.910074104864335,
    0.919573486106736,
    0.918287023484507
  ],
  "lam": [
    0.8625905369973503,
    0.8591650382901174,
    0.886577140798645,
    0.8643600079738322,
    0.865590916461045,
    0.8702297911377014,
    0.8430853684529865,
    0.830413519653894,
    0.8604755721153342,
    0.8843416714343623
  ],
  "timesteps_per_actorbatch": [
    86,
    85,
    86,
    85,
    85,
    87,
    82,
    64,
    86,
    83
  ],
  "clip_param": [
    1.4758984894102634,
    1.3608675124993477,
    1.3279750630714473,
    1.3701942879974733,
    1.3656597493723455,
    1.365972001727435,
    0.7238209817763617,
    1.2579309563486785,
    1.2843616985598343,
    1.483426081667267
  ],
  "entcoeff": [
    0.0001469363569451894,
    0.00015212276712221355,
    0.0001441804722021756,
    0.00021494473261288334,
    0.0001496786416754848,
    0.00021748595607055224,
    0.00014860252130354947,
    0.00014632111685592206,
    0.00015172837583949576,
    0.000215029887079734
  ],
  "optim_epochs": [
    2,
    1,
    2,
    2,
    2,
    2,
    2,
    2,
    2,
    2
  ],
  "optim_stepsize": [
    0.00024179712652701692,
    0.00021146578153527498,
    0.00022103804800827133,
    0.00021716742676539504,
    0.00021727048565706297,
    0.000221393013042016,
    0.00024096077616360368,
    0.00022252243220464757,
    0.00021817121483853636,
    0.0002207067289085667
  ],
  "optim_minibatches": [
    13,
    13,
    13,
    14,
    14,
    14,
    13,
    13,
    14,
    14
  ],
  "adam_epsilon": [
    3.749615670015507e-07,
    3.6811777090792366e-07,
    3.6870340983296457e-07,
    3.906334285136673e-07,
    8.845918529538975e-07,
    1.4076828009284755e-06,
    3.7143281120189006e-07,
    3.8950599898506775e-07,
    3.610064367679802e-07,
    4.0918171537956424e-07
  ],
  "schedule": [
    "linear",
    "linear",
    "linear",
    "linear",
    "linear",
    "linear",
    "linear",
    "linear",
    "linear",
    "linear"
  ],
  "num_envs": 4,
  "results_dir_name": "results",
  "storage_dir_name": "storage",
  "train_set": "remaining",
  "eval_set": "remaining",
  "OPENAI_LOG_FORMAT": "csv",
  "walltime_hrs": 0.3,
  "num_checkpoints": 100,
  "eval_ntrajs": 10,
  "eval_nsteps": 200,
  "eval_seed": 12345,
  "looping_tree": {
    "method": "fixed",
    "environment": "fixed",
    "total_timesteps": "fixed",
    "rng_seed": "cartesian",
    "policy_kwargs": "fixed",
    "gamma": "zip",
    "lam": "zip",
    "timesteps_per_actorbatch": "zip",
    "clip_param": "zip",
    "entcoeff": "zip",
    "optim_epochs": "zip",
    "optim_stepsize": "zip",
    "optim_minibatches": "zip",
    "adam_epsilon": "zip",
    "schedule": "zip"
  }
}