{
  "description": "Hyper-parameter optimization for ppo1 on a low frequency environment",
  "method": "ppo1",
  "environment": "drop_leg_100hz",
  "total_timesteps": 4000000,
  "rng_seed": [
    0,
    1000,
    2000
  ],
  "policy_kwargs": {
    "net_arch": [
      {
        "vf": [
          64,
          64
        ],
        "pi": [
          64,
          64
        ]
      }
    ]
  },
  "gamma": [
    0.9596402609257773,
    0.9935767982728642,
    0.9640779998243348,
    0.9942763710904527,
    0.9608994815434228,
    0.9934361603018148,
    0.9639408557796493,
    0.961811019804206,
    0.9626328157787143,
    0.9596985913257734
  ],
  "lam": [
    0.9942256435546648,
    0.9946952333781691,
    0.994063849772309,
    0.9943026915833965,
    0.9951915680034931,
    0.9937573213815754,
    0.9946491550425783,
    0.9952473355878876,
    0.9937018792556329,
    0.9942547874419498
  ],
  "timesteps_per_actorbatch": [
    210,
    207,
    203,
    205,
    203,
    198,
    131,
    205,
    195,
    200
  ],
  "clip_param": [
    0.1421274396953675,
    0.14356376723226805,
    0.1455161183339756,
    0.14539302697839523,
    0.14008925379326032,
    0.13988072960695935,
    0.13959640027688924,
    0.14390308989920386,
    0.13837667093217204,
    0.14577161636757055
  ],
  "entcoeff": [
    1.9752816738736944e-06,
    2.0064884975438844e-06,
    2.1011475980497075e-06,
    1.8351981169534323e-06,
    2.0926738443856226e-06,
    1.7842538957839613e-06,
    2.0895424868142335e-06,
    2.07085221179372e-06,
    2.0556168246445314e-06,
    1.8384710790125395e-06
  ],
  "optim_epochs": [
    2,
    7,
    7,
    6,
    2,
    2,
    2,
    3,
    7,
    3
  ],
  "optim_stepsize": [
    0.0007519536515440692,
    0.0006461262296615107,
    0.0007344621195303571,
    0.000703762711803084,
    0.000698209298780063,
    0.0007406669125104199,
    0.0007346416092857484,
    0.005039649226013569,
    0.0007030798697660623,
    0.0007330255792683778
  ],
  "optim_minibatches": [
    3,
    3,
    3,
    3,
    3,
    3,
    3,
    3,
    3,
    3
  ],
  "adam_epsilon": [
    1.4103539886500466e-05,
    7.476056913637997e-06,
    1.520892711956816e-05,
    1.3764821871517661e-05,
    7.238089026358329e-06,
    1.4595982026060838e-05,
    1.3666326455599188e-05,
    1.3724219305583138e-05,
    1.451595062555981e-05,
    1.3979344481433152e-05
  ],
  "schedule": [
    "linear",
    "linear",
    "linear",
    "linear",
    "linear",
    "linear",
    "linear",
    "linear",
    "linear",
    "linear"
  ],
  "num_envs": 4,
  "results_dir_name": "results",
  "storage_dir_name": "storage",
  "train_set": "remaining",
  "eval_set": "remaining",
  "OPENAI_LOG_FORMAT": "csv",
  "walltime_hrs": 0.3,
  "num_checkpoints": 100,
  "eval_ntrajs": 10,
  "eval_nsteps": 200,
  "eval_seed": 12345,
  "looping_tree": {
    "method": "fixed",
    "environment": "fixed",
    "total_timesteps": "fixed",
    "rng_seed": "cartesian",
    "policy_kwargs": "fixed",
    "gamma": "zip",
    "lam": "zip",
    "timesteps_per_actorbatch": "zip",
    "clip_param": "zip",
    "entcoeff": "zip",
    "optim_epochs": "zip",
    "optim_stepsize": "zip",
    "optim_minibatches": "zip",
    "adam_epsilon": "zip",
    "schedule": "zip"
  }
}