{
  "description": "Hyper-parameter optimization for ppo1 on a low frequency environment",
  "method": "ppo1",
  "environment": "drop_leg_100hz",
  "total_timesteps": 4000000,
  "rng_seed": [
    0,
    1000,
    2000
  ],
  "policy_kwargs": {
    "net_arch": [
      {
        "vf": [
          64,
          64
        ],
        "pi": [
          64,
          64
        ]
      }
    ]
  },
  "gamma": [
    0.7766610609856911,
    0.9294683415628007,
    0.9311512002890563,
    0.8189266420116755,
    0.7823891852076101,
    0.7971766721784194,
    0.8266757412572029,
    0.7733477691011431,
    0.7939955516482651,
    0.9274167241484838
  ],
  "lam": [
    0.9727528207388867,
    0.9979267285868755,
    0.9982135737619201,
    0.9926320708617001,
    0.9728964729958339,
    0.9730978518067263,
    0.8144732917092887,
    0.9981349537824156,
    0.9739454280726895,
    0.9727345207729923
  ],
  "timesteps_per_actorbatch": [
    95,
    300,
    103,
    104,
    101,
    100,
    302,
    96,
    296,
    97
  ],
  "clip_param": [
    0.06698703254656968,
    0.25991591135147624,
    0.2625915706016834,
    0.27162410319962266,
    0.26967105614326353,
    0.06917885232359391,
    0.2764926502319546,
    0.26452008523514975,
    0.2688634983637991,
    0.06414310452614634
  ],
  "entcoeff": [
    3.3763213313286816e-05,
    5.1882186837069635e-05,
    3.0448211066949255e-05,
    0.0001397977733909636,
    5.200271008559282e-05,
    3.6394414852912965e-05,
    0.00013092999098373827,
    6.632234634829464e-05,
    5.852217147329236e-05,
    6.669280286367575e-05
  ],
  "optim_epochs": [
    2,
    2,
    2,
    2,
    9,
    2,
    2,
    9,
    2,
    2
  ],
  "optim_stepsize": [
    0.00033888338656504864,
    0.0003509941172150267,
    0.00037135613585110384,
    0.0003263030651730823,
    0.007430960636687684,
    0.0003798738912271197,
    0.00789170440887364,
    0.0003443890086417451,
    0.00038403061117787133,
    0.0003733286909505872
  ],
  "optim_minibatches": [
    7,
    5,
    5,
    5,
    7,
    5,
    5,
    4,
    5,
    5
  ],
  "adam_epsilon": [
    6.672267663060479e-05,
    1.3703495875632662e-05,
    1.3847197662229135e-05,
    1.3185147529790898e-05,
    3.544920388928261e-06,
    5.82742642903569e-05,
    1.2969871158473649e-05,
    3.6998046751763995e-06,
    1.3202593087444114e-05,
    1.2782790831907768e-05
  ],
  "schedule": [
    "linear",
    "linear",
    "linear",
    "linear",
    "linear",
    "linear",
    "linear",
    "linear",
    "linear",
    "linear"
  ],
  "num_envs": 4,
  "results_dir_name": "results",
  "storage_dir_name": "storage",
  "train_set": "remaining",
  "eval_set": "remaining",
  "OPENAI_LOG_FORMAT": "csv",
  "walltime_hrs": 0.3,
  "num_checkpoints": 100,
  "eval_ntrajs": 10,
  "eval_nsteps": 200,
  "eval_seed": 12345,
  "looping_tree": {
    "method": "fixed",
    "environment": "fixed",
    "total_timesteps": "fixed",
    "rng_seed": "cartesian",
    "policy_kwargs": "fixed",
    "gamma": "zip",
    "lam": "zip",
    "timesteps_per_actorbatch": "zip",
    "clip_param": "zip",
    "entcoeff": "zip",
    "optim_epochs": "zip",
    "optim_stepsize": "zip",
    "optim_minibatches": "zip",
    "adam_epsilon": "zip",
    "schedule": "zip"
  }
}