{
  "description": "Hyper-parameter optimization for ppo1 on a low frequency environment",
  "method": "ppo1",
  "environment": "drop_leg_100hz",
  "total_timesteps": 4000000,
  "rng_seed": [
    0,
    1000,
    2000
  ],
  "policy_kwargs": {
    "net_arch": [
      {
        "vf": [
          64,
          64
        ],
        "pi": [
          64,
          64
        ]
      }
    ]
  },
  "gamma": [
    0.998491649448407,
    0.8766824793718825,
    0.877489115249954,
    0.9439544869375034,
    0.9404410730358493,
    0.8760074529531355,
    0.87614369289268,
    0.9421404230233805,
    0.8769080226952825,
    0.8765264221298509
  ],
  "lam": [
    0.8442336189189675,
    0.8421163285541949,
    0.8460324516965669,
    0.838643809220206,
    0.8449600458112436,
    0.8467612040130637,
    0.8471462706274393,
    0.8398283422567833,
    0.8485954582294669,
    0.8452132990568028
  ],
  "timesteps_per_actorbatch": [
    83,
    85,
    83,
    105,
    107,
    84,
    83,
    107,
    86,
    83
  ],
  "clip_param": [
    2.268265124563401,
    2.3439573553010966,
    2.3096749867316597,
    11.768374106971503,
    16.935139429646856,
    18.118284214343547,
    2.224488543790428,
    12.090781693216794,
    2.3418431281951144,
    2.364025870889288
  ],
  "entcoeff": [
    0.0005069176100639598,
    0.000459841138166694,
    0.0004548096671957954,
    0.0005134276866226922,
    0.0004648590439118874,
    0.00048373196201999713,
    0.00046111094486969446,
    0.0004759878064398127,
    0.000466761082592162,
    0.0005153545584551515
  ],
  "optim_epochs": [
    1,
    1,
    1,
    126,
    1,
    1,
    1,
    1,
    1,
    1
  ],
  "optim_stepsize": [
    0.0003570069767812797,
    0.00037870708849588845,
    0.0003483511058759742,
    0.00038637571911735334,
    0.0003535972200620855,
    0.00035121562507738725,
    0.00035452005685465807,
    0.00038278534252849576,
    0.0003582959567821026,
    0.0003434323782536773
  ],
  "optim_minibatches": [
    16,
    16,
    16,
    16,
    16,
    16,
    16,
    16,
    16,
    16
  ],
  "adam_epsilon": [
    2.544879672667067e-07,
    6.983841194164641e-08,
    2.468589040412095e-07,
    2.586675146898142e-07,
    2.584090124594555e-07,
    6.674856682899718e-08,
    2.6541748203344957e-07,
    2.5610709686031007e-07,
    2.5015022415689667e-07,
    2.5149072238640273e-07
  ],
  "schedule": [
    "linear",
    "linear",
    "linear",
    "linear",
    "linear",
    "linear",
    "linear",
    "linear",
    "linear",
    "linear"
  ],
  "num_envs": 4,
  "results_dir_name": "results",
  "storage_dir_name": "storage",
  "train_set": "remaining",
  "eval_set": "remaining",
  "OPENAI_LOG_FORMAT": "csv",
  "walltime_hrs": 0.3,
  "num_checkpoints": 100,
  "eval_ntrajs": 10,
  "eval_nsteps": 200,
  "eval_seed": 12345,
  "looping_tree": {
    "method": "fixed",
    "environment": "fixed",
    "total_timesteps": "fixed",
    "rng_seed": "cartesian",
    "policy_kwargs": "fixed",
    "gamma": "zip",
    "lam": "zip",
    "timesteps_per_actorbatch": "zip",
    "clip_param": "zip",
    "entcoeff": "zip",
    "optim_epochs": "zip",
    "optim_stepsize": "zip",
    "optim_minibatches": "zip",
    "adam_epsilon": "zip",
    "schedule": "zip"
  }
}