{
  "description": "Hyper-parameter optimization for ppo1 on a low frequency environment",
  "method": "ppo1",
  "environment": "drop_leg_100hz",
  "total_timesteps": 4000000,
  "rng_seed": [
    0,
    1000,
    2000
  ],
  "policy_kwargs": {
    "net_arch": [
      {
        "vf": [
          64,
          64
        ],
        "pi": [
          64,
          64
        ]
      }
    ]
  },
  "gamma": [
    0.6575265665210124,
    0.8704387092967554,
    0.9853264717715046,
    0.5789890988299786,
    0.5571759639892007,
    0.5867577347779904,
    0.5021363392819361,
    0.5837820287714588,
    0.6004455703188387,
    0.5815970364070027
  ],
  "lam": [
    0.9353368593470482,
    0.4536766659903233,
    0.9270118723771879,
    0.4969277415637966,
    0.3735229798212948,
    0.9861375551997513,
    0.9866639313564827,
    0.9863094002070405,
    0.9862789011398075,
    0.40530153076015496
  ],
  "timesteps_per_actorbatch": [
    378,
    323,
    338,
    371,
    346,
    430,
    341,
    374,
    340,
    337
  ],
  "clip_param": [
    0.04354697084773573,
    0.03567789537974002,
    0.03718509408452726,
    0.04914338591538115,
    0.04436290324752904,
    0.04218907701817083,
    0.04260692170947103,
    0.036888458453718874,
    0.06069709920812494,
    0.04151309257148772
  ],
  "entcoeff": [
    2.0060399508537378e-05,
    2.012437394784172e-05,
    1.931606955906937e-05,
    1.8444021715083753e-05,
    2.42836099306277e-06,
    0.0007905462004687482,
    0.0009252702557541372,
    1.651240216391493e-05,
    1.869319318989847e-05,
    0.0007831572028964453
  ],
  "optim_epochs": [
    1,
    2,
    2,
    2,
    2,
    1,
    1,
    2,
    2,
    3
  ],
  "optim_stepsize": [
    0.0002564628972431879,
    7.921786548438652e-05,
    0.00014987411154457502,
    0.00023174722307490949,
    0.00014459964844917115,
    0.00024150834843553304,
    0.00016808610386504058,
    9.05856825220847e-05,
    0.00021437598493415671,
    0.00010239157468577495
  ],
  "optim_minibatches": [
    6,
    5,
    1,
    1,
    2,
    2,
    2,
    2,
    2,
    2
  ],
  "adam_epsilon": [
    3.3792124278997566e-05,
    4.6179876398425964e-05,
    4.540646771965122e-05,
    4.121008144887426e-05,
    4.076205440691819e-05,
    4.278617735091408e-05,
    3.785335537864016e-05,
    3.900546747328717e-05,
    3.253113691858495e-05,
    2.0383811205572896e-06
  ],
  "schedule": [
    "linear",
    "linear",
    "linear",
    "linear",
    "linear",
    "linear",
    "linear",
    "linear",
    "linear",
    "linear"
  ],
  "num_envs": 4,
  "results_dir_name": "results",
  "storage_dir_name": "storage",
  "train_set": "remaining",
  "eval_set": "remaining",
  "OPENAI_LOG_FORMAT": "csv",
  "walltime_hrs": 0.3,
  "num_checkpoints": 100,
  "eval_ntrajs": 10,
  "eval_nsteps": 200,
  "eval_seed": 12345,
  "looping_tree": {
    "method": "fixed",
    "environment": "fixed",
    "total_timesteps": "fixed",
    "rng_seed": "cartesian",
    "policy_kwargs": "fixed",
    "gamma": "zip",
    "lam": "zip",
    "timesteps_per_actorbatch": "zip",
    "clip_param": "zip",
    "entcoeff": "zip",
    "optim_epochs": "zip",
    "optim_stepsize": "zip",
    "optim_minibatches": "zip",
    "adam_epsilon": "zip",
    "schedule": "zip"
  }
}