{
  "description": "Hyper-parameter optimization for ppo1 on a low frequency environment",
  "method": "ppo1",
  "environment": "drop_leg_100hz",
  "total_timesteps": 4000000,
  "rng_seed": [
    0,
    1000,
    2000
  ],
  "policy_kwargs": {
    "net_arch": [
      {
        "vf": [
          64,
          64
        ],
        "pi": [
          64,
          64
        ]
      }
    ]
  },
  "gamma": [
    0.8990604154810772,
    0.985088071869211,
    0.9858677434517492,
    0.9857544456521982,
    0.9856072283049698,
    0.9856952992218168,
    0.8944174937251991,
    0.9867979286200165,
    0.9845201093725251,
    0.9843122364165497
  ],
  "lam": [
    0.996220548837851,
    0.9967182841768814,
    0.9959610617705393,
    0.9971670647020641,
    0.9961261456649757,
    0.996397020881843,
    0.9960019056429807,
    0.996605827606109,
    0.996159151303507,
    0.9965430141793952
  ],
  "timesteps_per_actorbatch": [
    116,
    133,
    140,
    117,
    126,
    129,
    130,
    119,
    135,
    139
  ],
  "clip_param": [
    0.5418350366338028,
    0.5799099753376663,
    0.5804177737473113,
    0.5149471016455773,
    0.5787493517590239,
    0.5900396135002866,
    0.5439728000597263,
    0.5831906029873569,
    0.5618335395423156,
    0.27941106156678946
  ],
  "entcoeff": [
    6.883251510521611e-06,
    6.625835795710853e-06,
    6.519791980318696e-06,
    6.965740417058648e-06,
    6.64435482622875e-06,
    7.0304456161443e-06,
    6.640462372309669e-06,
    6.614230622549564e-06,
    0.00035592737435147633,
    7.1857562403821766e-06
  ],
  "optim_epochs": [
    3,
    3,
    3,
    3,
    3,
    3,
    3,
    3,
    5,
    5
  ],
  "optim_stepsize": [
    0.0038456902731148546,
    0.004175371292703393,
    0.0036314312119873466,
    0.0013713045978541692,
    0.0013242479320912048,
    0.0037768307516953922,
    0.004793245794706912,
    0.0036541385315414523,
    0.0013178067407997188,
    0.004431776540030395
  ],
  "optim_minibatches": [
    5,
    6,
    3,
    4,
    4,
    3,
    3,
    4,
    3,
    4
  ],
  "adam_epsilon": [
    2.4576778116879374e-05,
    7.632703794072067e-06,
    2.9053940487939644e-06,
    2.5582835376920203e-05,
    2.406294671018342e-05,
    7.292300187039205e-06,
    2.6008910154919194e-05,
    2.5156291530793132e-05,
    2.441376864974423e-05,
    2.6865522488112906e-05
  ],
  "schedule": [
    "linear",
    "linear",
    "linear",
    "linear",
    "linear",
    "linear",
    "linear",
    "linear",
    "linear",
    "linear"
  ],
  "num_envs": 4,
  "results_dir_name": "results",
  "storage_dir_name": "storage",
  "train_set": "remaining",
  "eval_set": "remaining",
  "OPENAI_LOG_FORMAT": "csv",
  "walltime_hrs": 0.3,
  "num_checkpoints": 100,
  "eval_ntrajs": 10,
  "eval_nsteps": 200,
  "eval_seed": 12345,
  "looping_tree": {
    "method": "fixed",
    "environment": "fixed",
    "total_timesteps": "fixed",
    "rng_seed": "cartesian",
    "policy_kwargs": "fixed",
    "gamma": "zip",
    "lam": "zip",
    "timesteps_per_actorbatch": "zip",
    "clip_param": "zip",
    "entcoeff": "zip",
    "optim_epochs": "zip",
    "optim_stepsize": "zip",
    "optim_minibatches": "zip",
    "adam_epsilon": "zip",
    "schedule": "zip"
  }
}