{
  "description": "Hyper-parameter optimization for ppo1 on a low frequency environment",
  "method": "ppo1",
  "environment": "drop_leg_100hz",
  "total_timesteps": 4000000,
  "rng_seed": [
    0,
    1000,
    2000
  ],
  "policy_kwargs": {
    "net_arch": [
      {
        "vf": [
          64,
          64
        ],
        "pi": [
          64,
          64
        ]
      }
    ]
  },
  "gamma": [
    0.9153821346804824,
    0.9127055697556885,
    0.9129349509784135,
    0.910032808533276,
    0.9100144838674623,
    0.9125630436938301,
    0.9024925849562955,
    0.910643042641067,
    0.9162397460218898,
    0.9083190387196786
  ],
  "lam": [
    0.8572292834799858,
    0.8577295354442371,
    0.8624467764934591,
    0.8518880680874836,
    0.8658763545786609,
    0.8600551574100654,
    0.8581857385186538,
    0.859618710308463,
    0.8614955103490402,
    0.8570452129025008
  ],
  "timesteps_per_actorbatch": [
    88,
    87,
    64,
    66,
    66,
    67,
    65,
    65,
    67,
    66
  ],
  "clip_param": [
    1.4553554035462897,
    1.4098696268308097,
    1.392383515861145,
    1.4423701608435073,
    1.4445957472529916,
    1.2356111070389635,
    1.3932637904370246,
    1.4005997386836568,
    1.437613163482965,
    2.7491130350889232
  ],
  "entcoeff": [
    0.00023934374065104523,
    0.00023066400458837918,
    0.00023641784641679713,
    0.00022386623069699764,
    0.00021853837075592745,
    0.00022976373300351253,
    0.00022791515106285456,
    0.00023266120247020315,
    0.00021046587479162487,
    0.0002037976840719693
  ],
  "optim_epochs": [
    2,
    2,
    1,
    2,
    2,
    1,
    1,
    1,
    1,
    2
  ],
  "optim_stepsize": [
    0.0002282414376368232,
    0.0002501462844434509,
    0.0002543654119119457,
    0.00025370260029127276,
    0.00023822900107258366,
    0.00024165700265137605,
    0.0002562638018414533,
    0.0002518573712560986,
    0.00024898913623297377,
    0.0002396105123219271
  ],
  "optim_minibatches": [
    14,
    14,
    14,
    15,
    13,
    14,
    14,
    14,
    14,
    13
  ],
  "adam_epsilon": [
    3.6583904213047237e-07,
    3.5424723261551884e-07,
    3.78166653008419e-07,
    3.59789282076355e-07,
    3.5009560646497115e-07,
    3.305944320804122e-07,
    3.284557168587917e-07,
    3.820397609962851e-07,
    3.811486611306325e-07,
    3.5488057706053516e-07
  ],
  "schedule": [
    "linear",
    "linear",
    "linear",
    "linear",
    "linear",
    "linear",
    "linear",
    "linear",
    "linear",
    "linear"
  ],
  "num_envs": 4,
  "results_dir_name": "results",
  "storage_dir_name": "storage",
  "train_set": "remaining",
  "eval_set": "remaining",
  "OPENAI_LOG_FORMAT": "csv",
  "walltime_hrs": 0.3,
  "num_checkpoints": 100,
  "eval_ntrajs": 10,
  "eval_nsteps": 200,
  "eval_seed": 12345,
  "looping_tree": {
    "method": "fixed",
    "environment": "fixed",
    "total_timesteps": "fixed",
    "rng_seed": "cartesian",
    "policy_kwargs": "fixed",
    "gamma": "zip",
    "lam": "zip",
    "timesteps_per_actorbatch": "zip",
    "clip_param": "zip",
    "entcoeff": "zip",
    "optim_epochs": "zip",
    "optim_stepsize": "zip",
    "optim_minibatches": "zip",
    "adam_epsilon": "zip",
    "schedule": "zip"
  }
}