{
  "description": "Hyper-parameter optimization for ppo1 on a low frequency environment",
  "method": "ppo1",
  "environment": "drop_leg_100hz",
  "total_timesteps": 4000000,
  "rng_seed": [
    0,
    1000,
    2000
  ],
  "policy_kwargs": {
    "net_arch": [
      {
        "vf": [
          64,
          64
        ],
        "pi": [
          64,
          64
        ]
      }
    ]
  },
  "gamma": [
    0.9013122538915683,
    0.8973380723080615,
    0.897840845254202,
    0.9414918505267108,
    0.8984714111730239,
    0.9000269360030363,
    0.8967552474834812,
    0.9006792846380146,
    0.8982228965543998,
    0.8983955460532037
  ],
  "lam": [
    0.8754126474448156,
    0.864730493393168,
    0.8792344067956803,
    0.8816886363994605,
    0.8716785652548699,
    0.8746320458769301,
    0.8773235400011158,
    0.8552301330264497,
    0.8687843930102901,
    0.8775395356532278
  ],
  "timesteps_per_actorbatch": [
    65,
    71,
    65,
    64,
    71,
    64,
    71,
    71,
    64,
    72
  ],
  "clip_param": [
    1.73313302699799,
    1.7752954579216786,
    14.607373423185177,
    1.717729313742472,
    42.550242169486594,
    14.873357774503411,
    14.480756167718898,
    12.474849914976458,
    1.7388443352801901,
    14.484344127254575
  ],
  "entcoeff": [
    0.000299803801693568,
    0.000307318277238534,
    0.0003106724346300234,
    0.00030914532397214006,
    0.0003086274662712615,
    0.00019957289381999962,
    0.00020326193637209053,
    0.0003055358209536034,
    0.0003081789382160674,
    0.0003099460751138784
  ],
  "optim_epochs": [
    1,
    1,
    1,
    1,
    1,
    1,
    1,
    1,
    1,
    1
  ],
  "optim_stepsize": [
    0.000342544344146865,
    0.0004920012962020386,
    0.0005044963667857228,
    0.00047607336984127683,
    0.00047481831353214654,
    0.0005179577005875655,
    0.0004916559080785187,
    0.00020405493920938158,
    0.0004958311005504939,
    0.0004727158210859631
  ],
  "optim_minibatches": [
    15,
    13,
    12,
    15,
    13,
    13,
    14,
    14,
    14,
    15
  ],
  "adam_epsilon": [
    8.944369035885554e-08,
    9.039251224419459e-08,
    8.20835283811382e-08,
    6.990100068539668e-08,
    1.0088426940980637e-07,
    8.97851692661901e-08,
    1.532558541202375e-07,
    8.753553152626132e-08,
    1.6299512141041303e-07,
    9.308633381865534e-08
  ],
  "schedule": [
    "linear",
    "linear",
    "linear",
    "linear",
    "linear",
    "linear",
    "linear",
    "linear",
    "linear",
    "linear"
  ],
  "num_envs": 4,
  "results_dir_name": "results",
  "storage_dir_name": "storage",
  "train_set": "remaining",
  "eval_set": "remaining",
  "OPENAI_LOG_FORMAT": "csv",
  "walltime_hrs": 0.3,
  "num_checkpoints": 100,
  "eval_ntrajs": 10,
  "eval_nsteps": 200,
  "eval_seed": 12345,
  "looping_tree": {
    "method": "fixed",
    "environment": "fixed",
    "total_timesteps": "fixed",
    "rng_seed": "cartesian",
    "policy_kwargs": "fixed",
    "gamma": "zip",
    "lam": "zip",
    "timesteps_per_actorbatch": "zip",
    "clip_param": "zip",
    "entcoeff": "zip",
    "optim_epochs": "zip",
    "optim_stepsize": "zip",
    "optim_minibatches": "zip",
    "adam_epsilon": "zip",
    "schedule": "zip"
  }
}