{
  "description": "Hyper-parameter optimization for ppo1 on a low frequency environment",
  "method": "ppo1",
  "environment": "drop_leg_100hz",
  "total_timesteps": 4000000,
  "rng_seed": [
    0,
    1000,
    2000
  ],
  "policy_kwargs": {
    "net_arch": [
      {
        "vf": [
          64,
          64
        ],
        "pi": [
          64,
          64
        ]
      }
    ]
  },
  "gamma": [
    0.9031747655778732,
    0.9051224158949579,
    0.9011249079367293,
    0.905692786476894,
    0.9026503746147835,
    0.9046014211576523,
    0.9038123718623342,
    0.9035929747653,
    0.908240552051699,
    0.9131495642132901
  ],
  "lam": [
    0.8000677281485824,
    0.7920665495712059,
    0.8194616541892612,
    0.7975714025236751,
    0.7943405469991431,
    0.8058848407523409,
    0.8104968391170329,
    0.8117356392534508,
    0.7929901628143743,
    0.8091839176786065
  ],
  "timesteps_per_actorbatch": [
    66,
    66,
    65,
    64,
    66,
    66,
    64,
    66,
    68,
    67
  ],
  "clip_param": [
    1.5398306882110038,
    3.1169343682473825,
    3.0879783500935174,
    2.7387466975311168,
    1.5841151927900827,
    2.8727224832174008,
    2.915932483149079,
    2.8085493217199127,
    2.792790675961256,
    2.7232093077454866
  ],
  "entcoeff": [
    0.00027987438914943625,
    0.00027782768510886555,
    0.0002867991205978386,
    0.0002755973808459196,
    0.0002787487238993944,
    0.00026237215203235424,
    0.0002783815813085171,
    0.00028385446942956987,
    0.0002581601568873432,
    0.0002547246815029952
  ],
  "optim_epochs": [
    1,
    1,
    1,
    1,
    1,
    1,
    1,
    1,
    1,
    1
  ],
  "optim_stepsize": [
    0.00026140876098462896,
    0.000257612682613406,
    0.00025760700908397844,
    0.0002558184749712245,
    0.00026154726516461243,
    0.00025165407461495107,
    0.00025439388376791535,
    1.1695208027153687e-05,
    0.00023238310689736944,
    0.0002604740123243548
  ],
  "optim_minibatches": [
    17,
    17,
    18,
    17,
    18,
    18,
    18,
    17,
    18,
    18
  ],
  "adam_epsilon": [
    2.3173993872727278e-07,
    2.1010748413983206e-07,
    2.17516334476571e-07,
    2.2893424151386615e-07,
    1.9902347618262078e-07,
    2.2563665769023658e-07,
    2.2796829709160128e-07,
    2.6439880884569016e-07,
    2.0328228356276943e-07,
    2.0514147322130858e-07
  ],
  "schedule": [
    "linear",
    "linear",
    "linear",
    "linear",
    "linear",
    "linear",
    "linear",
    "linear",
    "linear",
    "linear"
  ],
  "num_envs": 4,
  "results_dir_name": "results",
  "storage_dir_name": "storage",
  "train_set": "remaining",
  "eval_set": "remaining",
  "OPENAI_LOG_FORMAT": "csv",
  "walltime_hrs": 0.3,
  "num_checkpoints": 100,
  "eval_ntrajs": 10,
  "eval_nsteps": 200,
  "eval_seed": 12345,
  "looping_tree": {
    "method": "fixed",
    "environment": "fixed",
    "total_timesteps": "fixed",
    "rng_seed": "cartesian",
    "policy_kwargs": "fixed",
    "gamma": "zip",
    "lam": "zip",
    "timesteps_per_actorbatch": "zip",
    "clip_param": "zip",
    "entcoeff": "zip",
    "optim_epochs": "zip",
    "optim_stepsize": "zip",
    "optim_minibatches": "zip",
    "adam_epsilon": "zip",
    "schedule": "zip"
  }
}