{
  "description": "Hyper-parameter optimization for ppo1 on a low frequency environment",
  "method": "ppo1",
  "environment": "drop_leg_100hz",
  "total_timesteps": 4000000,
  "rng_seed": [
    0,
    1000,
    2000
  ],
  "policy_kwargs": {
    "net_arch": [
      {
        "vf": [
          64,
          64
        ],
        "pi": [
          64,
          64
        ]
      }
    ]
  },
  "gamma": [
    0.8899551632300209,
    0.8938327081516197,
    0.9521065791966219,
    0.8950800847445557,
    0.8899940596926251,
    0.8908790123395189,
    0.8879798388903004,
    0.8976155373784742,
    0.8912253995392526,
    0.9530253708124969
  ],
  "lam": [
    0.6409056701853563,
    0.663365310077112,
    0.6222180129463872,
    0.645133510642574,
    0.818348366989227,
    0.6549307484098366,
    0.6355132457888935,
    0.6387343912924193,
    0.6760076389105327,
    0.6291290430009209
  ],
  "timesteps_per_actorbatch": [
    71,
    72,
    73,
    70,
    73,
    667,
    72,
    72,
    72,
    72
  ],
  "clip_param": [
    2.9939324830954845,
    7.107064461301137,
    2.8306936138087044,
    7.7821877484189095,
    2.572426660366451,
    6.679362360312264,
    2.769917162068325,
    7.431304135600793,
    2.789788626481943,
    2.883327675673168
  ],
  "entcoeff": [
    0.00035874349819007656,
    0.00033998285163256407,
    0.00035408470267801176,
    0.0003435760552485035,
    0.00035327114842258574,
    0.00034532358493984024,
    0.0003307051725917176,
    0.0003444163030800539,
    0.0003549043844080539,
    0.00033717560579763953
  ],
  "optim_epochs": [
    2,
    2,
    2,
    2,
    2,
    2,
    2,
    1,
    2,
    2
  ],
  "optim_stepsize": [
    0.00040765598368904806,
    0.00045154463799005945,
    0.0004493866532449257,
    0.00043285224579818796,
    0.0004804005616870068,
    0.00044070870661139407,
    0.0004416790897188802,
    0.0004446279979985418,
    0.00044472715245690963,
    0.0004484599005489855
  ],
  "optim_minibatches": [
    23,
    25,
    16,
    24,
    24,
    25,
    23,
    23,
    24,
    22
  ],
  "adam_epsilon": [
    1.2429754421112797e-07,
    1.35064581743752e-07,
    1.3218734332554432e-07,
    1.172100224645821e-07,
    1.303885598527008e-07,
    1.3027240009268545e-07,
    1.2561786711311966e-07,
    1.275835172320466e-07,
    1.1683796648818713e-07,
    1.4800167392099063e-07
  ],
  "schedule": [
    "linear",
    "linear",
    "linear",
    "linear",
    "linear",
    "linear",
    "linear",
    "linear",
    "linear",
    "linear"
  ],
  "num_envs": 4,
  "results_dir_name": "results",
  "storage_dir_name": "storage",
  "train_set": "remaining",
  "eval_set": "remaining",
  "OPENAI_LOG_FORMAT": "csv",
  "walltime_hrs": 0.3,
  "num_checkpoints": 100,
  "eval_ntrajs": 10,
  "eval_nsteps": 200,
  "eval_seed": 12345,
  "looping_tree": {
    "method": "fixed",
    "environment": "fixed",
    "total_timesteps": "fixed",
    "rng_seed": "cartesian",
    "policy_kwargs": "fixed",
    "gamma": "zip",
    "lam": "zip",
    "timesteps_per_actorbatch": "zip",
    "clip_param": "zip",
    "entcoeff": "zip",
    "optim_epochs": "zip",
    "optim_stepsize": "zip",
    "optim_minibatches": "zip",
    "adam_epsilon": "zip",
    "schedule": "zip"
  }
}