{
  "description": "Hyper-parameter optimization for ppo1 on a low frequency environment",
  "method": "ppo1",
  "environment": "drop_leg_100hz",
  "total_timesteps": 4000000,
  "rng_seed": [
    0,
    1000,
    2000
  ],
  "policy_kwargs": {
    "net_arch": [
      {
        "vf": [
          64,
          64
        ],
        "pi": [
          64,
          64
        ]
      }
    ]
  },
  "gamma": [
    0.9779516701667952,
    0.9761415795024198,
    0.9757807506627424,
    0.9783630776678621,
    0.980413812154149,
    0.9773651586246411,
    0.9773449130295854,
    0.973492691236655,
    0.9732208537837148,
    0.9704756193849552
  ],
  "lam": [
    0.9651790299770412,
    0.9624961345768771,
    0.9609955163848694,
    0.9669667424055035,
    0.9634787901778232,
    0.9682000263663191,
    0.965870096293006,
    0.9631170501435892,
    0.9577598840712661,
    0.9570172543410653
  ],
  "timesteps_per_actorbatch": [
    167,
    175,
    162,
    153,
    162,
    174,
    169,
    169,
    173,
    176
  ],
  "clip_param": [
    0.11281056158022452,
    0.11858821334034521,
    0.11084368831770576,
    0.0962948209937817,
    0.08853245857899722,
    0.09874364402461226,
    0.11084439242011151,
    0.0909742923562197,
    0.08480928411863858,
    0.1122757562415658
  ],
  "entcoeff": [
    5.058419973190799e-06,
    3.7992179238204284e-06,
    5.938274671906267e-06,
    4.28628619945385e-06,
    4.641527240011863e-06,
    4.5863659948949385e-06,
    4.7217484988612966e-06,
    3.975999451251752e-06,
    5.952931944345779e-06,
    3.851318108513959e-06
  ],
  "optim_epochs": [
    3,
    3,
    3,
    3,
    3,
    3,
    3,
    3,
    3,
    3
  ],
  "optim_stepsize": [
    0.0005536966536626328,
    0.0005087248948150225,
    0.0005543760941606127,
    0.00042871378980769326,
    0.00047209066396421324,
    0.0005292877146028558,
    0.0005400258494368314,
    0.0004003451409097837,
    0.0004923414044800004,
    0.000562880060694575
  ],
  "optim_minibatches": [
    3,
    3,
    3,
    5,
    3,
    3,
    3,
    3,
    3,
    3
  ],
  "adam_epsilon": [
    1.7935606615390156e-05,
    1.8588727221236096e-05,
    2.2034186905162967e-05,
    1.8438605412016846e-05,
    2.2228333326423014e-05,
    1.8477927031597634e-05,
    1.892475631821233e-05,
    1.9740942818505495e-05,
    1.9007682428305803e-05,
    1.8909148575476224e-05
  ],
  "schedule": [
    "linear",
    "linear",
    "linear",
    "linear",
    "linear",
    "linear",
    "linear",
    "linear",
    "linear",
    "linear"
  ],
  "num_envs": 4,
  "results_dir_name": "results",
  "storage_dir_name": "storage",
  "train_set": "remaining",
  "eval_set": "remaining",
  "OPENAI_LOG_FORMAT": "csv",
  "walltime_hrs": 0.3,
  "num_checkpoints": 100,
  "eval_ntrajs": 10,
  "eval_nsteps": 200,
  "eval_seed": 12345,
  "looping_tree": {
    "method": "fixed",
    "environment": "fixed",
    "total_timesteps": "fixed",
    "rng_seed": "cartesian",
    "policy_kwargs": "fixed",
    "gamma": "zip",
    "lam": "zip",
    "timesteps_per_actorbatch": "zip",
    "clip_param": "zip",
    "entcoeff": "zip",
    "optim_epochs": "zip",
    "optim_stepsize": "zip",
    "optim_minibatches": "zip",
    "adam_epsilon": "zip",
    "schedule": "zip"
  }
}