{
  "description": "Hyper-parameter optimization for ppo1 on a low frequency environment",
  "method": "ppo1",
  "environment": "drop_leg_100hz",
  "total_timesteps": 4000000,
  "rng_seed": [
    0,
    1000,
    2000
  ],
  "policy_kwargs": {
    "net_arch": [
      {
        "vf": [
          64,
          64
        ],
        "pi": [
          64,
          64
        ]
      }
    ]
  },
  "gamma": [
    0.9380357544342801,
    0.9310715462003974,
    0.9340799503469184,
    0.928278351584379,
    0.9345276775332333,
    0.9355002889077282,
    0.9328294925132117,
    0.9323503650642231,
    0.9331321086997506,
    0.937306485259886
  ],
  "lam": [
    0.8449415207072265,
    0.8049618586730956,
    0.8082465406857209,
    0.8132163038751036,
    0.9180608741863463,
    0.8114887291437389,
    0.8050669182811581,
    0.8120037147950261,
    0.8181254036129515,
    0.8160858659548035
  ],
  "timesteps_per_actorbatch": [
    70,
    71,
    71,
    70,
    8745,
    71,
    71,
    5327,
    73,
    70
  ],
  "clip_param": [
    9.288037512823934,
    9.154419824205332,
    9.319286071037169,
    8.869879563120572,
    9.889149999873071,
    8.983163941730377,
    12.26368803604309,
    9.22264309779011,
    5.391857325808944,
    9.90026671336714
  ],
  "entcoeff": [
    0.0007113357388916995,
    0.000648236296507406,
    0.0003067973410982231,
    0.000306241670880775,
    0.0003128179203566688,
    0.0006614140935350917,
    0.00030318551846374116,
    0.00031582184095846935,
    0.000312292852310648,
    0.0006467350631780429
  ],
  "optim_epochs": [
    1,
    1,
    1,
    1,
    1,
    1,
    1,
    1,
    1,
    1
  ],
  "optim_stepsize": [
    0.000395519905080845,
    0.00039654093501114617,
    0.00037005760512082305,
    0.0003852564804846379,
    0.00041254506690053443,
    0.0400476964226497,
    0.0003927149553956992,
    0.0003965985507528777,
    0.00041249502488163736,
    0.00039298073288004004
  ],
  "optim_minibatches": [
    19,
    18,
    19,
    44,
    19,
    19,
    19,
    19,
    18,
    19
  ],
  "adam_epsilon": [
    4.663035615873075e-07,
    4.511898080817118e-07,
    4.549966808251344e-07,
    4.461400505159212e-07,
    4.417344226745958e-07,
    4.5678648948776337e-07,
    4.436479059784202e-07,
    1.7373712287215696e-07,
    4.4731617665582083e-07,
    1.5891569240067018e-07
  ],
  "schedule": [
    "linear",
    "linear",
    "linear",
    "linear",
    "linear",
    "linear",
    "linear",
    "linear",
    "linear",
    "linear"
  ],
  "num_envs": 4,
  "results_dir_name": "results",
  "storage_dir_name": "storage",
  "train_set": "remaining",
  "eval_set": "remaining",
  "OPENAI_LOG_FORMAT": "csv",
  "walltime_hrs": 0.3,
  "num_checkpoints": 100,
  "eval_ntrajs": 10,
  "eval_nsteps": 200,
  "eval_seed": 12345,
  "looping_tree": {
    "method": "fixed",
    "environment": "fixed",
    "total_timesteps": "fixed",
    "rng_seed": "cartesian",
    "policy_kwargs": "fixed",
    "gamma": "zip",
    "lam": "zip",
    "timesteps_per_actorbatch": "zip",
    "clip_param": "zip",
    "entcoeff": "zip",
    "optim_epochs": "zip",
    "optim_stepsize": "zip",
    "optim_minibatches": "zip",
    "adam_epsilon": "zip",
    "schedule": "zip"
  }
}