{
  "description": "Hyper-parameter optimization for ppo1 on a low frequency environment",
  "method": "ppo1",
  "environment": "drop_leg_100hz",
  "total_timesteps": 4000000,
  "rng_seed": [
    0,
    1000,
    2000
  ],
  "policy_kwargs": {
    "net_arch": [
      {
        "vf": [
          64,
          64
        ],
        "pi": [
          64,
          64
        ]
      }
    ]
  },
  "gamma": [
    0.8511899960127753,
    0.37938611546776413,
    0.8402475882099385,
    0.8639965528162095,
    0.855400751801044,
    0.815263106272203,
    0.3636939815676221,
    0.8435873622810044,
    0.3828358777721126,
    0.8366853624133339
  ],
  "lam": [
    0.9990451841690227,
    0.9452084077769763,
    0.9992612838104882,
    0.9494513547939505,
    0.9991924629213109,
    0.9920966017813032,
    0.9989940229723482,
    0.9928897693118324,
    0.9992122539413933,
    0.9989341863564841
  ],
  "timesteps_per_actorbatch": [
    77,
    78,
    80,
    74,
    79,
    81,
    76,
    76,
    80,
    78
  ],
  "clip_param": [
    1.0363967892494907,
    0.9631981053457385,
    0.8835379629068338,
    0.7139080958395566,
    0.9049535030401215,
    0.9607890794973472,
    1.1301631147639224,
    2.0671653721622207,
    1.1085856597369221,
    0.9904038184386672
  ],
  "entcoeff": [
    0.00014240763978127835,
    0.00013181384924396044,
    0.00013822456043749526,
    0.0001384402754678005,
    0.00017446614832501277,
    0.0001458544681569612,
    0.00012916839193513559,
    0.00010696182750338597,
    0.00017984092924569088,
    0.00014170490248721605
  ],
  "optim_epochs": [
    2,
    2,
    2,
    2,
    2,
    2,
    2,
    2,
    2,
    2
  ],
  "optim_stepsize": [
    0.0002028091945355488,
    0.00018885311226898922,
    0.00018537289308138893,
    0.00016962262421794025,
    0.00018436137477070166,
    0.00019326227598302735,
    0.000205663780250695,
    0.00017473370633665797,
    0.00017994800851033732,
    0.0001801744590185916
  ],
  "optim_minibatches": [
    10,
    8,
    8,
    5,
    9,
    10,
    10,
    10,
    10,
    6
  ],
  "adam_epsilon": [
    5.067802238054659e-07,
    6.602351809324848e-07,
    5.648833312259581e-07,
    9.315758478248685e-07,
    7.284321258929141e-07,
    5.4290403317796e-07,
    6.026833546276724e-05,
    5.105952956240263e-07,
    2.676577196650281e-07,
    3.0476458714627253e-07
  ],
  "schedule": [
    "linear",
    "linear",
    "linear",
    "linear",
    "linear",
    "linear",
    "linear",
    "linear",
    "linear",
    "linear"
  ],
  "num_envs": 4,
  "results_dir_name": "results",
  "storage_dir_name": "storage",
  "train_set": "remaining",
  "eval_set": "remaining",
  "OPENAI_LOG_FORMAT": "csv",
  "walltime_hrs": 0.3,
  "num_checkpoints": 100,
  "eval_ntrajs": 10,
  "eval_nsteps": 200,
  "eval_seed": 12345,
  "looping_tree": {
    "method": "fixed",
    "environment": "fixed",
    "total_timesteps": "fixed",
    "rng_seed": "cartesian",
    "policy_kwargs": "fixed",
    "gamma": "zip",
    "lam": "zip",
    "timesteps_per_actorbatch": "zip",
    "clip_param": "zip",
    "entcoeff": "zip",
    "optim_epochs": "zip",
    "optim_stepsize": "zip",
    "optim_minibatches": "zip",
    "adam_epsilon": "zip",
    "schedule": "zip"
  }
}