{
  "description": "Hyper-parameter optimization for ppo1 on a low frequency environment",
  "method": "ppo1",
  "environment": "drop_leg_100hz",
  "total_timesteps": 4000000,
  "rng_seed": [
    0,
    1000,
    2000
  ],
  "policy_kwargs": {
    "net_arch": [
      {
        "vf": [
          64,
          64
        ],
        "pi": [
          64,
          64
        ]
      }
    ]
  },
  "gamma": [
    0.9283091995474971,
    0.9261461788124452,
    0.9251141053456154,
    0.9283710972061783,
    0.9270020901937547,
    0.9217000790542772,
    0.9262196017124289,
    0.924364589623524,
    0.9255182412961951,
    0.9227787855705416
  ],
  "lam": [
    0.8106240495883394,
    0.8118039682957089,
    0.7974451650839676,
    0.7925962973225803,
    0.7976653399021901,
    0.8035068953258013,
    0.8010554319269567,
    0.7957198205552699,
    0.7976421370602941,
    0.7988911540412902
  ],
  "timesteps_per_actorbatch": [
    64,
    70,
    66,
    70,
    66,
    64,
    1977,
    70,
    64,
    65
  ],
  "clip_param": [
    3.492452133432292,
    8.88880461147497,
    3.5773929325628946,
    3.839388487065985,
    10.834738156378304,
    3.5892797779768566,
    11.178210420330291,
    11.026321615660297,
    2.3970488163845163,
    9.498111162360733
  ],
  "entcoeff": [
    0.00025330311821888956,
    0.00025669976146175,
    0.0004120008541724319,
    0.0004143259691159294,
    0.00025370331669479233,
    0.00025254370527601807,
    0.0002484436277136959,
    0.00042669994470134883,
    0.0002505373639379709,
    0.0002483040934871783
  ],
  "optim_epochs": [
    1,
    1,
    1,
    1,
    1,
    1,
    1,
    1,
    1,
    1
  ],
  "optim_stepsize": [
    0.00029003399960808384,
    0.0002997747051457881,
    0.0002807585401053075,
    0.0002873971241496203,
    0.0002798615375481783,
    0.0002926502738395825,
    0.0003010333486812388,
    0.00028681787352957406,
    0.0003040157455164023,
    0.00029211826543712997
  ],
  "optim_minibatches": [
    18,
    17,
    17,
    17,
    18,
    15,
    18,
    17,
    18,
    18
  ],
  "adam_epsilon": [
    2.4185754624026663e-07,
    2.4695122159159355e-07,
    2.622883263170085e-07,
    2.3932046604728085e-07,
    8.814333323119018e-08,
    2.424399657018358e-07,
    6.921810908155882e-08,
    2.5171714724410765e-07,
    2.3637331402582682e-07,
    2.3448266342712517e-07
  ],
  "schedule": [
    "linear",
    "linear",
    "linear",
    "linear",
    "linear",
    "linear",
    "linear",
    "linear",
    "linear",
    "linear"
  ],
  "num_envs": 4,
  "results_dir_name": "results",
  "storage_dir_name": "storage",
  "train_set": "remaining",
  "eval_set": "remaining",
  "OPENAI_LOG_FORMAT": "csv",
  "walltime_hrs": 0.3,
  "num_checkpoints": 100,
  "eval_ntrajs": 10,
  "eval_nsteps": 200,
  "eval_seed": 12345,
  "looping_tree": {
    "method": "fixed",
    "environment": "fixed",
    "total_timesteps": "fixed",
    "rng_seed": "cartesian",
    "policy_kwargs": "fixed",
    "gamma": "zip",
    "lam": "zip",
    "timesteps_per_actorbatch": "zip",
    "clip_param": "zip",
    "entcoeff": "zip",
    "optim_epochs": "zip",
    "optim_stepsize": "zip",
    "optim_minibatches": "zip",
    "adam_epsilon": "zip",
    "schedule": "zip"
  }
}