{
  "description": "Hyper-parameter optimization for trpo on using optuna on the 4khz environment",
  "method": "trpo",
  "environment": "drop_leg_4k",
  "total_timesteps": 5000000000,
  "rng_seed": [
    0,
    1000,
    2000
  ],
  "policy_kwargs": {
    "net_arch": [
      {
        "vf": [
          64,
          64
        ],
        "pi": [
          64,
          64
        ]
      }
    ]
  },
  "timesteps_per_batch": [
    92286,
    520165,
    567360,
    781257,
    616303,
    673242,
    576735,
    616353,
    694207,
    515597
  ],
  "gamma": [
    0.9825408687545348,
    0.9574020555596573,
    0.9822890157970247,
    0.9974826761213288,
    0.9580164276855175,
    0.9819651247941696,
    0.7881445292936321,
    0.9975565441776056,
    0.7906382643102642,
    0.9817119720372208
  ],
  "lam": [
    0.9998099943456781,
    0.9998261588698762,
    0.999795391325096,
    0.9998065099981199,
    0.9998251725911048,
    0.999814716497325,
    0.9998046270200567,
    0.9997955823073656,
    0.9998003307068699,
    0.9998136229687878
  ],
  "max_kl": [
    0.14425108988572205,
    0.1470674465755895,
    0.05346822763381749,
    0.1706115780917652,
    0.14958934401621668,
    0.14097363964138607,
    0.1535479985755844,
    0.17853579569594663,
    0.053216419516383985,
    0.13710648639564882
  ],
  "cg_iters": [
    5,
    14,
    5,
    5,
    5,
    5,
    4,
    5,
    14,
    5
  ],
  "entcoeff": [
    2.8226422100656006e-05,
    2.7345368635819742e-05,
    9.425931562951216e-06,
    0.00016669176276180183,
    2.6841969723325005e-05,
    9.608221886196034e-06,
    8.913302696505979e-06,
    0.00010261425699547951,
    2.88402947721688e-05,
    2.7298821736539323e-05
  ],
  "cg_damping": [
    0.005084155376476014,
    0.005259994794000641,
    0.22496155468873721,
    0.1680588345474621,
    0.1761207021024306,
    0.1050742718886601,
    0.12934489451590528,
    0.09290696338522282,
    0.2840602203843575,
    0.1326774019686379
  ],
  "vf_stepsize": [
    0.0031576455076122237,
    0.002462487129688255,
    0.0003979626177530486,
    0.002577493086944298,
    0.002589714674806054,
    0.0026963518707624774,
    0.002688105153240106,
    0.002560922096863488,
    0.002615205845120335,
    0.002445298389923021
  ],
  "vf_iters": [
    5,
    7,
    6,
    6,
    6,
    6,
    6,
    6,
    6,
    4
  ],
  "vf_minibatches": [
    2,
    2,
    2,
    2,
    2,
    2,
    2,
    2,
    2,
    2
  ],
  "num_envs": 24,
  "results_dir_name": "results",
  "storage_dir_name": "storage",
  "train_set": "remaining",
  "eval_set": "remaining",
  "OPENAI_LOG_FORMAT": "csv",
  "walltime_hrs": 10,
  "num_checkpoints": 1000,
  "eval_ntrajs": 10,
  "eval_nsteps": 8000,
  "eval_seed": 12345,
  "looping_tree": {
    "method": "fixed",
    "environment": "fixed",
    "total_timesteps": "fixed",
    "rng_seed": "cartesian",
    "policy_kwargs": "fixed",
    "timesteps_per_batch": "zip",
    "gamma": "zip",
    "lam": "zip",
    "max_kl": "zip",
    "cg_iters": "zip",
    "entcoeff": "zip",
    "cg_damping": "zip",
    "vf_stepsize": "zip",
    "vf_iters": "zip",
    "vf_minibatches": "zip"
  }
}