{
  "description": "Hyper-parameter optimization for trpo on using optuna on the 4khz environment",
  "method": "trpo",
  "environment": "drop_leg_4k",
  "total_timesteps": 5000000000,
  "rng_seed": [
    0,
    1000,
    2000
  ],
  "policy_kwargs": {
    "net_arch": [
      {
        "vf": [
          64,
          64
        ],
        "pi": [
          64,
          64
        ]
      }
    ]
  },
  "timesteps_per_batch": [
    17246,
    18531,
    19092,
    16940,
    18704,
    17225,
    17758,
    17319,
    18876,
    17638
  ],
  "gamma": [
    0.9467142672657012,
    0.9438650879730197,
    0.7903206898005778,
    0.9306985441903248,
    0.9447878707198017,
    0.9288052865861751,
    0.9447029175009581,
    0.7878364549004421,
    0.7916727821703865,
    0.8873940096101613
  ],
  "lam": [
    0.9966376136259208,
    0.9987853655312461,
    0.9964856573307996,
    0.9962976320544532,
    0.9966445155934417,
    0.9963416002481736,
    0.9963561179543945,
    0.9963684808235289,
    0.9988340956522052,
    0.9964719711254368
  ],
  "max_kl": [
    0.43809009827742834,
    0.472434610638357,
    0.47293797128935616,
    0.4911914180295093,
    0.44620744544217955,
    0.4603462493901424,
    0.5693819844874182,
    0.4757742517357523,
    0.46663217291991094,
    0.45968007385082926
  ],
  "cg_iters": [
    7,
    7,
    7,
    7,
    7,
    7,
    7,
    7,
    7,
    7
  ],
  "entcoeff": [
    7.992966584788668e-06,
    6.592060330629407e-06,
    8.552267701925467e-06,
    8.282760565078343e-06,
    7.191188023243081e-06,
    8.225161478249963e-06,
    8.068451452669904e-06,
    8.420601289448014e-06,
    8.093517230391804e-06,
    8.267133192933383e-06
  ],
  "cg_damping": [
    0.00031450008404590847,
    0.00033030442880080683,
    0.00032685717769447324,
    0.00032650522438892855,
    0.000340564047120618,
    0.0003212322813758153,
    0.00032764291952933376,
    0.0001435474475570916,
    0.0003213369729790523,
    0.00035280788708825345
  ],
  "vf_stepsize": [
    0.00099280484117466,
    0.0010397814062336965,
    0.0010683417375440406,
    0.001003194210150353,
    0.0010634299122289739,
    0.0009190417124298295,
    0.0009993319261103158,
    0.001037082338138454,
    0.0009766855703912814,
    0.0010042354788899574
  ],
  "vf_iters": [
    10,
    10,
    9,
    11,
    10,
    10,
    10,
    10,
    10,
    10
  ],
  "vf_minibatches": [
    3,
    6,
    3,
    6,
    3,
    3,
    6,
    6,
    3,
    6
  ],
  "num_envs": 24,
  "results_dir_name": "results",
  "storage_dir_name": "storage",
  "train_set": "remaining",
  "eval_set": "remaining",
  "OPENAI_LOG_FORMAT": "csv",
  "walltime_hrs": 10,
  "num_checkpoints": 1000,
  "eval_ntrajs": 10,
  "eval_nsteps": 8000,
  "eval_seed": 12345,
  "looping_tree": {
    "method": "fixed",
    "environment": "fixed",
    "total_timesteps": "fixed",
    "rng_seed": "cartesian",
    "policy_kwargs": "fixed",
    "timesteps_per_batch": "zip",
    "gamma": "zip",
    "lam": "zip",
    "max_kl": "zip",
    "cg_iters": "zip",
    "entcoeff": "zip",
    "cg_damping": "zip",
    "vf_stepsize": "zip",
    "vf_iters": "zip",
    "vf_minibatches": "zip"
  }
}