{
  "description": "Hyper-parameter optimization for trpo on using optuna on the 4khz environment",
  "method": "trpo",
  "environment": "drop_leg_4k",
  "total_timesteps": 5000000000,
  "rng_seed": [
    0,
    1000,
    2000
  ],
  "policy_kwargs": {
    "net_arch": [
      {
        "vf": [
          64,
          64
        ],
        "pi": [
          64,
          64
        ]
      }
    ]
  },
  "timesteps_per_batch": [
    416979,
    322005,
    459939,
    342324,
    308509,
    304203,
    334935,
    333957,
    389340,
    433011
  ],
  "gamma": [
    0.824447644431772,
    0.8633572018488325,
    0.8424104939844855,
    0.8332307546125988,
    0.842045774954302,
    0.8465624332819555,
    0.8645451227406146,
    0.8400402136078416,
    0.9943290271632633,
    0.8453771110615027
  ],
  "lam": [
    0.9996914110438126,
    0.9997241584500075,
    0.9997440902647812,
    0.9996847246962703,
    0.9997006362123871,
    0.9997041974442892,
    0.9997052445040716,
    0.9996661295302138,
    0.9997111385118146,
    0.9997166848554578
  ],
  "max_kl": [
    0.1161994711906696,
    0.09065320280434362,
    0.1010475192823539,
    0.007708447325450698,
    0.08066882758368829,
    0.14154512440421163,
    0.0887501767151939,
    0.0906064072481786,
    0.1267794637270252,
    0.10989784668604397
  ],
  "cg_iters": [
    12,
    11,
    12,
    12,
    4,
    5,
    11,
    8,
    5,
    11
  ],
  "entcoeff": [
    1.553331814642464e-06,
    1.8399023912945386e-05,
    3.7074257420787795e-05,
    1.94273245096046e-05,
    3.278193106620943e-05,
    1.8917612386382593e-05,
    1.6382246287560834e-06,
    1.930592279147424e-05,
    4.507345650396804e-05,
    3.11781168269614e-05
  ],
  "cg_damping": [
    0.001525052101673189,
    0.020754034808615252,
    0.0001971170292933401,
    0.04264002873894702,
    0.025168851810253672,
    0.05360671207302862,
    0.03482750821997834,
    0.040906126546890416,
    0.06550154191110419,
    0.02348093289958895
  ],
  "vf_stepsize": [
    0.0007928970278794187,
    0.0016887888777330445,
    0.0021570504513403134,
    0.0018299584729658453,
    0.0019845582025465615,
    0.0017401320107437387,
    0.001579438239377451,
    0.0017706614192737958,
    0.0018695473052756978,
    0.0006200601035400558
  ],
  "vf_iters": [
    5,
    5,
    5,
    5,
    5,
    5,
    5,
    5,
    5,
    5
  ],
  "vf_minibatches": [
    1,
    1,
    1,
    1,
    1,
    1,
    1,
    1,
    1,
    1
  ],
  "num_envs": 24,
  "results_dir_name": "results",
  "storage_dir_name": "storage",
  "train_set": "remaining",
  "eval_set": "remaining",
  "OPENAI_LOG_FORMAT": "csv",
  "walltime_hrs": 10,
  "num_checkpoints": 1000,
  "eval_ntrajs": 10,
  "eval_nsteps": 8000,
  "eval_seed": 12345,
  "looping_tree": {
    "method": "fixed",
    "environment": "fixed",
    "total_timesteps": "fixed",
    "rng_seed": "cartesian",
    "policy_kwargs": "fixed",
    "timesteps_per_batch": "zip",
    "gamma": "zip",
    "lam": "zip",
    "max_kl": "zip",
    "cg_iters": "zip",
    "entcoeff": "zip",
    "cg_damping": "zip",
    "vf_stepsize": "zip",
    "vf_iters": "zip",
    "vf_minibatches": "zip"
  }
}