{
  "description": "Hyper-parameter optimization for trpo on using optuna on the 4khz environment",
  "method": "trpo",
  "environment": "drop_leg_4k",
  "total_timesteps": 5000000000,
  "rng_seed": [
    0,
    1000,
    2000
  ],
  "policy_kwargs": {
    "net_arch": [
      {
        "vf": [
          64,
          64
        ],
        "pi": [
          64,
          64
        ]
      }
    ]
  },
  "timesteps_per_batch": [
    36787,
    44530,
    40681,
    36516,
    42763,
    42415,
    49768,
    45768,
    26756,
    51906
  ],
  "gamma": [
    0.7412036148349465,
    0.6785118615481316,
    0.5694121105349158,
    0.6976797091188809,
    0.6863824971890204,
    0.565475941932356,
    0.7311819580962788,
    0.9911193028312961,
    0.9902508804484088,
    0.6897112848298078
  ],
  "lam": [
    0.9977198847710442,
    0.9970774089159913,
    0.9974302294514475,
    0.9973033749509969,
    0.9965821437605816,
    0.9972365941391683,
    0.9970184176618405,
    0.9973485495885237,
    0.9974989325071657,
    0.997512729826129
  ],
  "max_kl": [
    0.039744427569298635,
    0.039401607575995166,
    0.03548195378809732,
    0.01723794125317679,
    0.018088090185462046,
    0.03406611488224107,
    0.03380434613131272,
    0.037998060532951995,
    0.017624621925292083,
    0.03223244799234149
  ],
  "cg_iters": [
    6,
    6,
    6,
    6,
    6,
    6,
    6,
    6,
    6,
    6
  ],
  "entcoeff": [
    1.642830653080386e-05,
    1.3629863817840706e-05,
    1.3373014376278516e-05,
    1.562115591860375e-05,
    1.626898549881649e-05,
    1.3469588716785927e-05,
    1.4266281025260375e-05,
    1.8152553452301287e-05,
    1.4532034050167268e-05,
    1.4474339826750292e-05
  ],
  "cg_damping": [
    0.0008345160414652351,
    0.000824544291420755,
    0.0013020255373094468,
    0.0008896570492465965,
    0.0008721561138180452,
    0.0007916862303196512,
    0.0009119740497477857,
    0.0008542772679170881,
    0.0008164762809538552,
    0.0007657808718409632
  ],
  "vf_stepsize": [
    3.1620890103159235e-05,
    3.452304825669657e-05,
    1.2506756688068736e-05,
    2.611450245067261e-05,
    1.7601641508147045e-05,
    1.479147053914445e-05,
    2.2082394960491124e-05,
    2.3036284983259502e-05,
    2.2035985503120243e-05,
    2.4343856216310638e-05
  ],
  "vf_iters": [
    2,
    2,
    2,
    2,
    1,
    1,
    2,
    1,
    2,
    2
  ],
  "vf_minibatches": [
    2,
    2,
    2,
    4,
    2,
    2,
    2,
    2,
    2,
    2
  ],
  "num_envs": 24,
  "results_dir_name": "results",
  "storage_dir_name": "storage",
  "train_set": "remaining",
  "eval_set": "remaining",
  "OPENAI_LOG_FORMAT": "csv",
  "walltime_hrs": 10,
  "num_checkpoints": 1000,
  "eval_ntrajs": 10,
  "eval_nsteps": 8000,
  "eval_seed": 12345,
  "looping_tree": {
    "method": "fixed",
    "environment": "fixed",
    "total_timesteps": "fixed",
    "rng_seed": "cartesian",
    "policy_kwargs": "fixed",
    "timesteps_per_batch": "zip",
    "gamma": "zip",
    "lam": "zip",
    "max_kl": "zip",
    "cg_iters": "zip",
    "entcoeff": "zip",
    "cg_damping": "zip",
    "vf_stepsize": "zip",
    "vf_iters": "zip",
    "vf_minibatches": "zip"
  }
}