{
  "description": "Hyper-parameter optimization for trpo on using optuna on the 4khz environment",
  "method": "trpo",
  "environment": "drop_leg_4k",
  "total_timesteps": 5000000000,
  "rng_seed": [
    0,
    1000,
    2000
  ],
  "policy_kwargs": {
    "net_arch": [
      {
        "vf": [
          64,
          64
        ],
        "pi": [
          64,
          64
        ]
      }
    ]
  },
  "timesteps_per_batch": [
    101408,
    174435,
    178913,
    104293,
    175369,
    107508,
    327944,
    107917,
    108282,
    105931
  ],
  "gamma": [
    0.9679825661026781,
    0.9677355410962629,
    0.9671597570318065,
    0.9671703706420971,
    0.9664404021467258,
    0.96629398860846,
    0.9664398711269676,
    0.9862546725437686,
    0.9670843662122035,
    0.9678520256273367
  ],
  "lam": [
    0.999262679811258,
    0.9992465109128135,
    0.9993355161863761,
    0.9993057533476828,
    0.999263608767899,
    0.9993283156457757,
    0.9996549292640988,
    0.9993466978071015,
    0.999299191543376,
    0.9992720007000548
  ],
  "max_kl": [
    0.054747023178599426,
    0.02795809700282909,
    0.008183211743355382,
    0.02718853163798404,
    0.02710677449982191,
    0.02845658285501165,
    0.047639489635193315,
    0.048479276716628335,
    0.02794686144851878,
    0.05084442008674501
  ],
  "cg_iters": [
    8,
    8,
    8,
    8,
    8,
    8,
    8,
    4,
    8,
    8
  ],
  "entcoeff": [
    5.136657638753832e-06,
    1.7090467402557834e-06,
    1.8235289858654322e-06,
    5.031604944448289e-06,
    1.628145543667364e-06,
    5.142590472709049e-06,
    5.311105752077053e-06,
    5.631995494242143e-06,
    5.160964766667015e-06,
    1.727742647933591e-06
  ],
  "cg_damping": [
    0.024831397365300538,
    0.0001241238617676722,
    0.03302515284002008,
    0.00017158442189284422,
    0.00010327921563571427,
    0.0014994545832800025,
    0.00013626692844614894,
    0.00010529403208602924,
    0.0001039907900592992,
    0.00013452421346962976
  ],
  "vf_stepsize": [
    0.0006276967389190557,
    0.0004768924339376464,
    0.0004396361795090423,
    0.0004893474721099961,
    0.0005260618214116137,
    0.0005618093802609443,
    0.00042240577687218344,
    0.000209774203095178,
    0.0006180649330475404,
    0.000663547437564249
  ],
  "vf_iters": [
    3,
    1,
    4,
    1,
    4,
    3,
    4,
    4,
    2,
    1
  ],
  "vf_minibatches": [
    1,
    11,
    1,
    1,
    1,
    1,
    1,
    2,
    1,
    2
  ],
  "num_envs": 24,
  "results_dir_name": "results",
  "storage_dir_name": "storage",
  "train_set": "remaining",
  "eval_set": "remaining",
  "OPENAI_LOG_FORMAT": "csv",
  "walltime_hrs": 10,
  "num_checkpoints": 1000,
  "eval_ntrajs": 10,
  "eval_nsteps": 8000,
  "eval_seed": 12345,
  "looping_tree": {
    "method": "fixed",
    "environment": "fixed",
    "total_timesteps": "fixed",
    "rng_seed": "cartesian",
    "policy_kwargs": "fixed",
    "timesteps_per_batch": "zip",
    "gamma": "zip",
    "lam": "zip",
    "max_kl": "zip",
    "cg_iters": "zip",
    "entcoeff": "zip",
    "cg_damping": "zip",
    "vf_stepsize": "zip",
    "vf_iters": "zip",
    "vf_minibatches": "zip"
  }
}