{
  "description": "Hyper-parameter optimization for trpo on using optuna on the 4khz environment",
  "method": "trpo",
  "environment": "drop_leg_4k",
  "total_timesteps": 5000000000,
  "rng_seed": [
    0,
    1000,
    2000
  ],
  "policy_kwargs": {
    "net_arch": [
      {
        "vf": [
          64,
          64
        ],
        "pi": [
          64,
          64
        ]
      }
    ]
  },
  "timesteps_per_batch": [
    75130,
    66457,
    70064,
    79979,
    80608,
    100988,
    83858,
    92747,
    74795,
    78448
  ],
  "gamma": [
    0.9755807511078007,
    0.977209359763931,
    0.978920378882847,
    0.9761897590132065,
    0.9731502123042721,
    0.9797960847632485,
    0.9776171437899694,
    0.976856979080639,
    0.9749422031150654,
    0.9767103665399751
  ],
  "lam": [
    0.9984874343713145,
    0.9985774063132282,
    0.9985092635067084,
    0.998718818022992,
    0.998503339814705,
    0.9982721268867463,
    0.9986416733628498,
    0.9984809904396069,
    0.9982425376752451,
    0.9984129401277756
  ],
  "max_kl": [
    0.022329311140526283,
    0.02128418458512548,
    0.02128219103711444,
    0.02295088874985044,
    0.020367931866146657,
    0.023645045922819314,
    0.021369250105943604,
    0.022842175323055026,
    0.023731442450370975,
    0.024524753137278633
  ],
  "cg_iters": [
    8,
    7,
    7,
    7,
    7,
    7,
    7,
    7,
    7,
    7
  ],
  "entcoeff": [
    8.06989443669343e-06,
    6.9846703547299485e-06,
    7.684994451894466e-06,
    7.4054367483885156e-06,
    6.687123475328439e-06,
    7.4861676782629515e-06,
    7.411889974659478e-06,
    7.760297477764093e-06,
    6.644891143188624e-06,
    7.433164955571527e-06
  ],
  "cg_damping": [
    0.00019076161449837288,
    0.0002964453860354262,
    0.00044436895444498593,
    0.00027009918388721876,
    0.00028355631921531853,
    0.0004758673049545209,
    0.00032772012600727876,
    0.000302714068670648,
    0.0003405973184106041,
    0.00028871850676743534
  ],
  "vf_stepsize": [
    8.757501551747163e-05,
    4.953183440594846e-05,
    5.827234242991996e-05,
    5.153544637875921e-05,
    5.3454946544893545e-05,
    5.6811144122382996e-05,
    5.36772734171293e-05,
    5.528884704751351e-05,
    4.914056797785089e-05,
    6.978662433112555e-05
  ],
  "vf_iters": [
    2,
    2,
    2,
    2,
    2,
    2,
    2,
    2,
    2,
    2
  ],
  "vf_minibatches": [
    3,
    3,
    3,
    3,
    3,
    3,
    3,
    3,
    3,
    3
  ],
  "num_envs": 24,
  "results_dir_name": "results",
  "storage_dir_name": "storage",
  "train_set": "remaining",
  "eval_set": "remaining",
  "OPENAI_LOG_FORMAT": "csv",
  "walltime_hrs": 10,
  "num_checkpoints": 1000,
  "eval_ntrajs": 10,
  "eval_nsteps": 8000,
  "eval_seed": 12345,
  "looping_tree": {
    "method": "fixed",
    "environment": "fixed",
    "total_timesteps": "fixed",
    "rng_seed": "cartesian",
    "policy_kwargs": "fixed",
    "timesteps_per_batch": "zip",
    "gamma": "zip",
    "lam": "zip",
    "max_kl": "zip",
    "cg_iters": "zip",
    "entcoeff": "zip",
    "cg_damping": "zip",
    "vf_stepsize": "zip",
    "vf_iters": "zip",
    "vf_minibatches": "zip"
  }
}