{
  "description": "Hyper-parameter optimization for trpo on using optuna on the 4khz environment",
  "method": "trpo",
  "environment": "drop_leg_4k",
  "total_timesteps": 5000000000,
  "rng_seed": [
    0,
    1000,
    2000
  ],
  "policy_kwargs": {
    "net_arch": [
      {
        "vf": [
          64,
          64
        ],
        "pi": [
          64,
          64
        ]
      }
    ]
  },
  "timesteps_per_batch": [
    97006,
    7981,
    93412,
    100667,
    92191,
    92183,
    95546,
    91519,
    92772,
    90459
  ],
  "gamma": [
    0.931718886197717,
    0.9888548458396799,
    0.987316258309095,
    0.9882851341089333,
    0.9882745560597197,
    0.9884117301142016,
    0.9573847232711963,
    0.9875868721965363,
    0.9884590646864284,
    0.9880304724020244
  ],
  "lam": [
    0.9998821121907319,
    0.9998623898245462,
    0.9998747793332238,
    0.9998618114567537,
    0.9998996705846294,
    0.9999066158177367,
    0.9979289939138576,
    0.997886991507648,
    0.9998609199853036,
    0.9998694095606419
  ],
  "max_kl": [
    0.19236748362284903,
    0.23813351943328062,
    0.2065539236618167,
    0.007463745080027714,
    0.19295156219831525,
    0.18163195463444606,
    0.1901034992376693,
    0.2797163200485438,
    0.007442143416016778,
    0.004652545837152564
  ],
  "cg_iters": [
    5,
    7,
    7,
    7,
    7,
    5,
    6,
    5,
    5,
    5
  ],
  "entcoeff": [
    1.208258756262598e-05,
    4.433610637856701e-06,
    4.354120898027184e-06,
    4.495889561980052e-06,
    4.447896100629848e-06,
    1.1957484535994605e-05,
    1.2130963085114123e-05,
    4.3385121529470846e-06,
    1.1444609955263072e-05,
    1.2021724337760762e-05
  ],
  "cg_damping": [
    0.00544302242965161,
    0.00018633959455232322,
    0.005529912783927853,
    0.3709618443622677,
    0.5027857639784656,
    0.005770114644570294,
    0.005260911937138569,
    0.00019481779585843204,
    0.00017457353739088583,
    0.005442937045982892
  ],
  "vf_stepsize": [
    0.005156155269094647,
    0.0013459228521852157,
    0.0013331219440009675,
    0.0012476665406295866,
    0.0036805332684061577,
    0.0035187231989907784,
    0.0039382072413841444,
    0.003875231907735166,
    0.003824303748864928,
    0.0054549626697262005
  ],
  "vf_iters": [
    1,
    7,
    1,
    3,
    7,
    3,
    3,
    3,
    3,
    3
  ],
  "vf_minibatches": [
    4,
    4,
    4,
    2,
    1,
    1,
    4,
    4,
    4,
    4
  ],
  "num_envs": 24,
  "results_dir_name": "results",
  "storage_dir_name": "storage",
  "train_set": "remaining",
  "eval_set": "remaining",
  "OPENAI_LOG_FORMAT": "csv",
  "walltime_hrs": 10,
  "num_checkpoints": 1000,
  "eval_ntrajs": 10,
  "eval_nsteps": 8000,
  "eval_seed": 12345,
  "looping_tree": {
    "method": "fixed",
    "environment": "fixed",
    "total_timesteps": "fixed",
    "rng_seed": "cartesian",
    "policy_kwargs": "fixed",
    "timesteps_per_batch": "zip",
    "gamma": "zip",
    "lam": "zip",
    "max_kl": "zip",
    "cg_iters": "zip",
    "entcoeff": "zip",
    "cg_damping": "zip",
    "vf_stepsize": "zip",
    "vf_iters": "zip",
    "vf_minibatches": "zip"
  }
}