{
  "description": "Hyper-parameter optimization for trpo on using optuna on the 4khz environment",
  "method": "trpo",
  "environment": "drop_leg_4k",
  "total_timesteps": 5000000000,
  "rng_seed": [
    0,
    1000,
    2000
  ],
  "policy_kwargs": {
    "net_arch": [
      {
        "vf": [
          64,
          64
        ],
        "pi": [
          64,
          64
        ]
      }
    ]
  },
  "timesteps_per_batch": [
    137035,
    145202,
    122579,
    131579,
    138988,
    145579,
    137254,
    133902,
    130018,
    140913
  ],
  "gamma": [
    0.9569119837080791,
    0.9209209878346882,
    0.9374633665893078,
    0.9536437954372768,
    0.9524356582194169,
    0.9461886429967995,
    0.9377614833188055,
    0.9612660618575508,
    0.9431902815963641,
    0.9287081194536219
  ],
  "lam": [
    0.998852125075312,
    0.9991092636382061,
    0.9991669070772159,
    0.9988962868955277,
    0.9990024859261756,
    0.9991009521661051,
    0.9990639390458893,
    0.9990637732171,
    0.9991962410819806,
    0.999022548976691
  ],
  "max_kl": [
    0.006974291376387382,
    0.013826785396611996,
    0.013788194548481368,
    0.014314562538443504,
    0.014041395322735408,
    0.0138339508580113,
    0.013961858071353438,
    0.014350759747138061,
    0.014242820451694801,
    0.014352817559366543
  ],
  "cg_iters": [
    8,
    12,
    8,
    9,
    8,
    8,
    8,
    8,
    12,
    8
  ],
  "entcoeff": [
    3.0295672420360295e-06,
    3.2931036475922692e-06,
    2.980925268229277e-06,
    2.8457099300809094e-06,
    3.1398178875798806e-06,
    3.3400490731864563e-06,
    3.8146319081014923e-06,
    3.1000053681141775e-06,
    3.242625010042692e-06,
    3.288304755878346e-06
  ],
  "cg_damping": [
    0.003179014823386898,
    0.0035661566232691815,
    0.0034602525055818464,
    0.0021776676627669753,
    0.0025899923889180156,
    0.003182846333929188,
    0.003300294098512982,
    0.0019257138498324803,
    0.0027935531969417427,
    0.003556659105625569
  ],
  "vf_stepsize": [
    0.00015433999811774682,
    0.00018508029708870459,
    0.00017386264582901637,
    0.0001211193738459788,
    0.00016902936744755522,
    0.0001715693168126615,
    0.00017513762939663826,
    0.00018256048379478398,
    0.00016493997465007784,
    0.0001797546047504129
  ],
  "vf_iters": [
    2,
    2,
    2,
    2,
    3,
    2,
    2,
    2,
    2,
    3
  ],
  "vf_minibatches": [
    5,
    5,
    5,
    5,
    6,
    6,
    5,
    5,
    5,
    6
  ],
  "num_envs": 24,
  "results_dir_name": "results",
  "storage_dir_name": "storage",
  "train_set": "remaining",
  "eval_set": "remaining",
  "OPENAI_LOG_FORMAT": "csv",
  "walltime_hrs": 10,
  "num_checkpoints": 1000,
  "eval_ntrajs": 10,
  "eval_nsteps": 8000,
  "eval_seed": 12345,
  "looping_tree": {
    "method": "fixed",
    "environment": "fixed",
    "total_timesteps": "fixed",
    "rng_seed": "cartesian",
    "policy_kwargs": "fixed",
    "timesteps_per_batch": "zip",
    "gamma": "zip",
    "lam": "zip",
    "max_kl": "zip",
    "cg_iters": "zip",
    "entcoeff": "zip",
    "cg_damping": "zip",
    "vf_stepsize": "zip",
    "vf_iters": "zip",
    "vf_minibatches": "zip"
  }
}