{
  "description": "Hyper-parameter optimization for trpo on using optuna on the 4khz environment",
  "method": "trpo",
  "environment": "drop_leg_4k",
  "total_timesteps": 5000000000,
  "rng_seed": [
    0,
    1000,
    2000
  ],
  "policy_kwargs": {
    "net_arch": [
      {
        "vf": [
          64,
          64
        ],
        "pi": [
          64,
          64
        ]
      }
    ]
  },
  "timesteps_per_batch": [
    5363,
    124315,
    6424,
    12066,
    4239,
    11618,
    10129,
    11472,
    12974,
    9288
  ],
  "gamma": [
    0.9925958093476775,
    0.8857698064579875,
    0.9931200405253896,
    0.8876126471935037,
    0.9941345222274928,
    0.8810279248978077,
    0.8814132130748294,
    0.9922363780702668,
    0.971858612474051,
    0.9600814928045696
  ],
  "lam": [
    0.9981546736321364,
    0.9980276722475654,
    0.9981786541197744,
    0.9988798028445806,
    0.9981288864962491,
    0.9981183370119132,
    0.9996088805337785,
    0.9982334164663443,
    0.9980756252828231,
    0.9996246398760321
  ],
  "max_kl": [
    0.2362384542087583,
    0.3803858845310131,
    0.24389015115326068,
    0.22538861105037236,
    0.24576699979978886,
    0.24144568645846043,
    0.22433938628725764,
    0.29039621290008377,
    0.24310350118881877,
    0.23031613105070273
  ],
  "cg_iters": [
    7,
    7,
    7,
    7,
    6,
    7,
    7,
    7,
    7,
    6
  ],
  "entcoeff": [
    6.268904347062144e-06,
    6.165408435759692e-06,
    2.0589325715880827e-06,
    5.330287637261624e-06,
    1.994737426311136e-06,
    6.351864864276416e-06,
    5.974844563181281e-06,
    6.2652578424033056e-06,
    6.00620736476158e-06,
    6.1142110521970145e-06
  ],
  "cg_damping": [
    0.00019979489838644387,
    0.0002363774818560906,
    0.00021105695786537948,
    0.0001868304709030858,
    0.00019100349475422893,
    0.00020751636095771032,
    0.00019747845279239235,
    0.0002090178664080078,
    0.00019769511515977352,
    0.00020496665218736645
  ],
  "vf_stepsize": [
    0.000806396200148496,
    0.0014233687798004683,
    0.0008128552683506025,
    0.0013985965196161368,
    0.000814449695376654,
    0.0008205112285550926,
    0.0008101551808403537,
    0.0008346616665378786,
    0.0007960306554346483,
    0.000799057171314871
  ],
  "vf_iters": [
    4,
    4,
    1,
    8,
    8,
    8,
    4,
    8,
    8,
    4
  ],
  "vf_minibatches": [
    6,
    4,
    4,
    5,
    4,
    3,
    4,
    3,
    4,
    5
  ],
  "num_envs": 24,
  "results_dir_name": "results",
  "storage_dir_name": "storage",
  "train_set": "remaining",
  "eval_set": "remaining",
  "OPENAI_LOG_FORMAT": "csv",
  "walltime_hrs": 10,
  "num_checkpoints": 1000,
  "eval_ntrajs": 10,
  "eval_nsteps": 8000,
  "eval_seed": 12345,
  "looping_tree": {
    "method": "fixed",
    "environment": "fixed",
    "total_timesteps": "fixed",
    "rng_seed": "cartesian",
    "policy_kwargs": "fixed",
    "timesteps_per_batch": "zip",
    "gamma": "zip",
    "lam": "zip",
    "max_kl": "zip",
    "cg_iters": "zip",
    "entcoeff": "zip",
    "cg_damping": "zip",
    "vf_stepsize": "zip",
    "vf_iters": "zip",
    "vf_minibatches": "zip"
  }
}