{
  "description": "Hyper-parameter optimization for trpo on using optuna on the 4khz environment",
  "method": "trpo",
  "environment": "drop_leg_4k",
  "total_timesteps": 5000000000,
  "rng_seed": [
    0,
    1000,
    2000
  ],
  "policy_kwargs": {
    "net_arch": [
      {
        "vf": [
          64,
          64
        ],
        "pi": [
          64,
          64
        ]
      }
    ]
  },
  "timesteps_per_batch": [
    10348,
    10568,
    12668,
    14003,
    11881,
    13286,
    10900,
    10907,
    11210,
    13628
  ],
  "gamma": [
    0.8878941158980708,
    0.8840908285776594,
    0.8812879708290364,
    0.8855512065927093,
    0.8769266293098688,
    0.8844539889618395,
    0.8854629873679275,
    0.8830541346423564,
    0.8831081607167234,
    0.9502588018277711
  ],
  "lam": [
    0.997877144126286,
    0.9988772490268573,
    0.9978472491722736,
    0.9978922720169617,
    0.9978880094139708,
    0.996346643897878,
    0.9979626787938596,
    0.997769077126645,
    0.9978114226816497,
    0.9988163560294663
  ],
  "max_kl": [
    0.4121179159785823,
    0.32500979709049077,
    0.32563169178320645,
    0.3516687612491961,
    0.35880900139552546,
    0.40589053619445153,
    0.37507907957483866,
    0.34754275220615977,
    0.36851649627264554,
    0.3130906392765663
  ],
  "cg_iters": [
    7,
    6,
    7,
    7,
    6,
    7,
    7,
    6,
    7,
    7
  ],
  "entcoeff": [
    6.517108080124271e-06,
    6.114385647261657e-06,
    8.401269537060441e-06,
    6.412886366190196e-06,
    8.668829313307731e-06,
    6.031487022226559e-06,
    6.111034535744613e-06,
    5.838698632402383e-06,
    7.162667059031061e-06,
    8.626637154702104e-06
  ],
  "cg_damping": [
    0.0002779800332295406,
    0.00027660640051165914,
    0.00025972607119719,
    0.00025475903913981353,
    0.0002577658357428143,
    0.0002730918459415663,
    0.0002557859385239774,
    0.00021777712254557723,
    0.0002945138607079232,
    0.0002539152598850629
  ],
  "vf_stepsize": [
    0.0010862105995859722,
    0.001155273202809075,
    0.0013946599615924718,
    0.0013168909054546327,
    0.0013813568011812871,
    0.0011029128584237305,
    0.0014404925436768588,
    0.0012160503762387817,
    0.00125357407694319,
    0.0013654675428128144
  ],
  "vf_iters": [
    9,
    9,
    8,
    10,
    9,
    8,
    8,
    10,
    9,
    8
  ],
  "vf_minibatches": [
    3,
    3,
    4,
    4,
    3,
    4,
    4,
    3,
    3,
    3
  ],
  "num_envs": 24,
  "results_dir_name": "results",
  "storage_dir_name": "storage",
  "train_set": "remaining",
  "eval_set": "remaining",
  "OPENAI_LOG_FORMAT": "csv",
  "walltime_hrs": 10,
  "num_checkpoints": 1000,
  "eval_ntrajs": 10,
  "eval_nsteps": 8000,
  "eval_seed": 12345,
  "looping_tree": {
    "method": "fixed",
    "environment": "fixed",
    "total_timesteps": "fixed",
    "rng_seed": "cartesian",
    "policy_kwargs": "fixed",
    "timesteps_per_batch": "zip",
    "gamma": "zip",
    "lam": "zip",
    "max_kl": "zip",
    "cg_iters": "zip",
    "entcoeff": "zip",
    "cg_damping": "zip",
    "vf_stepsize": "zip",
    "vf_iters": "zip",
    "vf_minibatches": "zip"
  }
}