{
  "description": "Hyper-parameter optimization for trpo on using optuna on the 4khz environment",
  "method": "trpo",
  "environment": "drop_leg_4k",
  "total_timesteps": 5000000000,
  "rng_seed": [
    0,
    1000,
    2000
  ],
  "policy_kwargs": {
    "net_arch": [
      {
        "vf": [
          64,
          64
        ],
        "pi": [
          64,
          64
        ]
      }
    ]
  },
  "timesteps_per_batch": [
    59204,
    170568,
    164358,
    179013,
    187132,
    171975,
    175771,
    59755,
    178156,
    168408
  ],
  "gamma": [
    0.984557535519273,
    0.9070768557184694,
    0.9195635210432856,
    0.8974562667296834,
    0.893274426070422,
    0.9080546595927946,
    0.9108425653744556,
    0.9050466529565515,
    0.9155946965567167,
    0.9141173978331446
  ],
  "lam": [
    0.9942845402691213,
    0.998756314037581,
    0.9944724296352829,
    0.9996773523919863,
    0.9996666479950258,
    0.9927113129385169,
    0.9945893213741632,
    0.9952272292009235,
    0.9996593436852006,
    0.9952792895924947
  ],
  "max_kl": [
    0.06265749391735331,
    0.06383822115734429,
    0.07449281666127432,
    0.06405890683856612,
    0.08048695389925396,
    0.07328690344280207,
    0.06254508540394639,
    0.062449415849354414,
    0.07649334249313142,
    0.06422035317389341
  ],
  "cg_iters": [
    6,
    9,
    9,
    9,
    9,
    9,
    9,
    9,
    9,
    9
  ],
  "entcoeff": [
    2.3569417029260704e-05,
    2.348120615441119e-05,
    2.183091405718095e-05,
    1.1545779477061192e-05,
    2.0924054170447592e-05,
    1.0820225097719496e-05,
    1.1252737873685667e-05,
    1.0265331300974989e-05,
    1.0068813586535142e-05,
    1.0710467934445836e-05
  ],
  "cg_damping": [
    0.0005095922787250974,
    0.0005107314649530763,
    0.00048225716930329983,
    0.0005108607373999884,
    0.00046132309038730075,
    0.00048002361798814736,
    0.0015039547454844728,
    0.0005515901808635452,
    0.0004524843648593854,
    0.0005420097932852051
  ],
  "vf_stepsize": [
    0.0009408182099438618,
    7.359941128075634e-06,
    4.658014211560911e-06,
    0.0012391984325615453,
    6.811375451513691e-06,
    0.0012931644544724554,
    0.0011039422806891528,
    4.119132390753487e-06,
    0.0006980381650450762,
    0.0011107821042607197
  ],
  "vf_iters": [
    4,
    4,
    3,
    4,
    4,
    4,
    4,
    4,
    4,
    4
  ],
  "vf_minibatches": [
    1,
    1,
    1,
    1,
    1,
    1,
    1,
    1,
    1,
    1
  ],
  "num_envs": 24,
  "results_dir_name": "results",
  "storage_dir_name": "storage",
  "train_set": "remaining",
  "eval_set": "remaining",
  "OPENAI_LOG_FORMAT": "csv",
  "walltime_hrs": 10,
  "num_checkpoints": 1000,
  "eval_ntrajs": 10,
  "eval_nsteps": 8000,
  "eval_seed": 12345,
  "looping_tree": {
    "method": "fixed",
    "environment": "fixed",
    "total_timesteps": "fixed",
    "rng_seed": "cartesian",
    "policy_kwargs": "fixed",
    "timesteps_per_batch": "zip",
    "gamma": "zip",
    "lam": "zip",
    "max_kl": "zip",
    "cg_iters": "zip",
    "entcoeff": "zip",
    "cg_damping": "zip",
    "vf_stepsize": "zip",
    "vf_iters": "zip",
    "vf_minibatches": "zip"
  }
}