{
  "description": "Hyper-parameter optimization for trpo on a low frequency environment",
  "method": "trpo",
  "environment": "drop_leg_100hz",
  "total_timesteps": 4000000,
  "rng_seed": [
    1000,
    1000,
    2000,
    2000,
    0,
    1000,
    2000,
    0,
    1000,
    1000,
    0,
    0,
    0,
    1000,
    0,
    0,
    1000,
    1000,
    0,
    0,
    1000,
    0,
    2000,
    1000,
    0,
    1000,
    0,
    0,
    0,
    0
  ],
  "policy_kwargs": {
    "net_arch": [
      {
        "vf": [
          64,
          64
        ],
        "pi": [
          64,
          64
        ]
      }
    ]
  },
  "timesteps_per_batch": [
    209,
    1010,
    453,
    474,
    191,
    275,
    1355,
    1324,
    712,
    902,
    530,
    180,
    226,
    590,
    375,
    609,
    537,
    407,
    270,
    1412,
    368,
    333,
    465,
    358,
    740,
    740,
    580,
    704,
    639,
    872
  ],
  "gamma": [
    0.9091667334698665,
    0.9097850019122002,
    0.9947360529921365,
    0.9959905145940313,
    0.9301929485489042,
    0.95641563530934,
    0.9950209790234198,
    0.9680974481212018,
    0.9170783320375043,
    0.9215059901412936,
    0.9240287577042053,
    0.9210683965410704,
    0.97904457681127,
    0.9376412071127262,
    0.9283081415072169,
    0.9534297967015509,
    0.9395735761001694,
    0.9691811034360491,
    0.9594262836148708,
    0.9568619213479908,
    0.9718290487740959,
    0.9622822570242421,
    0.9094569361245946,
    0.958420059565182,
    0.9724129123524736,
    0.9626514184618926,
    0.954264311908822,
    0.9807974635889949,
    0.9229193097004744,
    0.9716759100175133
  ],
  "lam": [
    0.6472731510463771,
    0.7268471263638124,
    0.5985739967602222,
    0.5149399077696548,
    0.3726875909676879,
    0.4600790071073708,
    0.5927424952859454,
    0.6311816471336499,
    0.5169335370815507,
    0.5379123429224717,
    0.4803014247381563,
    0.43931052907215307,
    0.47170761954179674,
    0.37745227164411677,
    0.4176159699270361,
    0.4061040571066563,
    0.3912757976387179,
    0.39286199500892816,
    0.4781635206957091,
    0.5535317606409929,
    0.5070780057119844,
    0.40945012449149687,
    0.5297624454627616,
    0.45313112689384083,
    0.5197127917865132,
    0.46773690826722547,
    0.43412961428954067,
    0.5312677940469965,
    0.522735368244319,
    0.36181433436263677
  ],
  "max_kl": [
    0.1937858878636301,
    0.2008362330939941,
    0.35763724568707084,
    0.2388524027417933,
    0.40384187251296916,
    0.28774701681469,
    0.23400270270040863,
    0.3487206824782697,
    0.3293530083770624,
    0.45464532785451833,
    0.29240645982709573,
    0.2720317799143227,
    0.2678994002472466,
    0.37303957028856444,
    0.33426936084025377,
    0.4560865713975349,
    0.5503740079843039,
    0.3832416379636986,
    0.3247209356990517,
    0.37054038720432025,
    0.3534145523410114,
    0.5555582634049704,
    0.3423844874033757,
    0.3901193297694548,
    0.41739958649735215,
    0.5017168209367302,
    0.5416317802307009,
    0.45446637667704826,
    0.4747707856317408,
    0.43188805881491715
  ],
  "cg_iters": [
    4,
    4,
    3,
    4,
    3,
    3,
    3,
    3,
    3,
    3,
    3,
    4,
    3,
    3,
    3,
    4,
    4,
    3,
    4,
    3,
    4,
    3,
    5,
    4,
    3,
    4,
    3,
    4,
    3,
    3
  ],
  "entcoeff": [
    0.0001546593518432966,
    0.0008128987848520286,
    0.0002606465261907312,
    0.00035203637298962363,
    0.0004577449138264187,
    0.00017633695655907945,
    0.00017805009053965568,
    0.00042985054873421054,
    0.0001456783628396792,
    0.00020760327567113696,
    0.00024057350215748923,
    0.00017898438251065602,
    0.0003982268824211845,
    0.0004079832338457196,
    0.00027051962355940646,
    0.0006122936210722232,
    0.000231312121635732,
    0.00025563727112474827,
    0.00047164621088132465,
    0.00029976999611913354,
    0.00019580516723569175,
    0.000346304035713338,
    0.0004479667970026231,
    0.00022492164149331067,
    0.0003627197936646383,
    0.0005710268669803339,
    0.0005781765969364757,
    0.0005121023684181562,
    0.0005034482769709037,
    0.0004008179646165067
  ],
  "cg_damping": [
    0.47421264968093035,
    0.02458670335620712,
    0.5966825395650477,
    0.016765170129437942,
    0.07526919390743049,
    0.01652198903357258,
    0.4899982983961059,
    0.5578474628440131,
    0.015520885332817777,
    0.05393685108553023,
    0.598808472064956,
    0.1273452646214364,
    0.38660702326325097,
    0.25333902476887166,
    0.12786402170712366,
    0.041947906485264495,
    0.04258602403709115,
    0.17671518934109798,
    0.06087219607044646,
    0.10085710634019936,
    0.05419881702366494,
    0.05679606662394356,
    0.04997701824631656,
    0.05040223606516737,
    0.1728132794551997,
    0.08531913093413944,
    0.20098496765614077,
    0.06444979160651061,
    0.05933048375069326,
    0.1062920669674486
  ],
  "vf_stepsize": [
    0.0007006199857573255,
    0.0006492006105503793,
    0.0006112740208130571,
    0.0005906139292345438,
    0.0005954850503073864,
    0.0006299886304893446,
    0.022245286173092554,
    0.0008612029904284601,
    0.003223008415531732,
    0.0008121761012337255,
    0.0035671314285609717,
    0.0022170355130630916,
    0.0010864991167951776,
    0.0023283335226122557,
    0.007565958591880678,
    0.0014289083845279984,
    0.013886619086123887,
    0.0019138694253999042,
    0.010159526142980194,
    0.003518123328346141,
    0.0025313194461184367,
    0.005180845835200355,
    0.0056385203272041745,
    0.007738012420196832,
    0.010288252065476908,
    0.007378574466186823,
    0.009207170991493993,
    0.0025570911187204203,
    0.006995637659854951,
    0.002251988758429484
  ],
  "vf_iters": [
    2,
    1,
    2,
    2,
    2,
    1,
    2,
    2,
    2,
    1,
    2,
    2,
    2,
    2,
    1,
    2,
    2,
    1,
    2,
    2,
    1,
    2,
    1,
    2,
    1,
    2,
    2,
    2,
    1,
    2
  ],
  "vf_minibatches": [
    4,
    3,
    7,
    6,
    2,
    8,
    6,
    3,
    3,
    5,
    6,
    4,
    4,
    4,
    3,
    5,
    3,
    3,
    6,
    3,
    5,
    4,
    4,
    3,
    3,
    5,
    4,
    4,
    3,
    5
  ],
  "num_envs": 4,
  "results_dir_name": "results",
  "storage_dir_name": "storage",
  "train_set": "remaining",
  "eval_set": "remaining",
  "OPENAI_LOG_FORMAT": "csv",
  "walltime_hrs": 0.3,
  "num_checkpoints": 100,
  "eval_ntrajs": 10,
  "eval_nsteps": 200,
  "eval_seed": 12345,
  "looping_tree": {
    "method": "fixed",
    "environment": "fixed",
    "total_timesteps": "fixed",
    "rng_seed": "zip",
    "policy_kwargs": "fixed",
    "timesteps_per_batch": "zip",
    "gamma": "zip",
    "lam": "zip",
    "max_kl": "zip",
    "cg_iters": "zip",
    "entcoeff": "zip",
    "cg_damping": "zip",
    "vf_stepsize": "zip",
    "vf_iters": "zip",
    "vf_minibatches": "zip"
  }
}