{
  "description": "Hyper-parameter optimization for trpo on a low frequency environment",
  "method": "trpo",
  "environment": "drop_leg_100hz",
  "total_timesteps": 4000000,
  "rng_seed": [
    2000,
    2000,
    2000,
    0,
    1000,
    2000,
    1000,
    0,
    2000,
    2000,
    2000,
    0,
    0,
    1000,
    0,
    1000,
    0,
    2000,
    0,
    1000,
    1000,
    1000,
    2000,
    0,
    0,
    2000,
    1000,
    2000,
    2000,
    0
  ],
  "policy_kwargs": {
    "net_arch": [
      {
        "vf": [
          64,
          64
        ],
        "pi": [
          64,
          64
        ]
      }
    ]
  },
  "timesteps_per_batch": [
    1438,
    1426,
    1438,
    1290,
    1438,
    1193,
    1362,
    1407,
    1250,
    1438,
    1387,
    1438,
    1438,
    1365,
    1245,
    1373,
    1438,
    1128,
    1327,
    1310,
    1286,
    1287,
    1272,
    1335,
    1360,
    1337,
    1355,
    1358,
    1320,
    1379
  ],
  "gamma": [
    0.9434948067206764,
    0.9690613906350974,
    0.9642763931933562,
    0.9690317409661282,
    0.9634456670976403,
    0.9555380657262426,
    0.9526690365062236,
    0.9639640756394094,
    0.9627279588573354,
    0.960453077631589,
    0.9665922130573328,
    0.9760177299158013,
    0.9712410247381804,
    0.9676515652390788,
    0.9681655446164319,
    0.9653682470185144,
    0.9692866357693626,
    0.9624436794008449,
    0.9661590190603936,
    0.9703668177231116,
    0.9636405233771879,
    0.9617248057555127,
    0.9610798708372318,
    0.965299196476934,
    0.9650983464487485,
    0.9721314633007775,
    0.9648465485610958,
    0.9661759615831756,
    0.969605859712997,
    0.9689574079397084
  ],
  "lam": [
    0.8702218762696236,
    0.8378005862827897,
    0.8616530379899969,
    0.8663409158902071,
    0.8673382543998246,
    0.870289971321113,
    0.8594823331534249,
    0.8675104687836611,
    0.8511716568025918,
    0.8701517244822254,
    0.8615484694258012,
    0.8642064479207634,
    0.8636899479922904,
    0.8670268445658642,
    0.8532530498607628,
    0.8648267248727116,
    0.8567446901408655,
    0.8618735352198553,
    0.8745622734096002,
    0.8726840139039566,
    0.860613164962728,
    0.86378570173008,
    0.8677574600932965,
    0.8709078863861444,
    0.8674421219073007,
    0.8647602237989237,
    0.8648808464233517,
    0.878742674679173,
    0.8622099913619614,
    0.8725500693004467
  ],
  "max_kl": [
    0.19642069646549562,
    0.215841865664453,
    0.18444335928641284,
    0.19166816207394613,
    0.18612074095780337,
    0.20314628965081813,
    0.19678508808940934,
    0.18623073853763655,
    0.19841870006442006,
    0.20370209752103252,
    0.20817480440946354,
    0.19443134049214758,
    0.1837917367995256,
    0.19376147406435998,
    0.18963334374152116,
    0.20365945514598782,
    0.20194576946108747,
    0.1917128713109104,
    0.20357222633804128,
    0.1897757822244842,
    0.1967074676858827,
    0.1837917367995256,
    0.19315204907082406,
    0.1976758628352768,
    0.19592707455559477,
    0.19486914555131007,
    0.1886972792078725,
    0.1908070574681852,
    0.18749423349739255,
    0.1837917367995256
  ],
  "cg_iters": [
    4,
    4,
    4,
    4,
    4,
    4,
    4,
    4,
    4,
    4,
    4,
    4,
    4,
    4,
    4,
    4,
    4,
    4,
    4,
    4,
    4,
    4,
    4,
    4,
    4,
    4,
    4,
    4,
    4,
    4
  ],
  "entcoeff": [
    0.0007996951668029411,
    0.000698556142583687,
    0.0007729774455222612,
    0.0007725832742444171,
    0.0007613550750060745,
    0.0008251634495949954,
    0.0006922651394594179,
    0.000779847752751924,
    0.0007640594558086472,
    0.0007931246389148728,
    0.0007234373601374113,
    0.0007584629748996651,
    0.00069670416815657,
    0.0007649809173112021,
    0.0006943362547894259,
    0.0007379013755476234,
    0.0007149287407202116,
    0.0007597223233509686,
    0.0007893760522378132,
    0.0007859243599288207,
    0.0007397963803408337,
    0.0007543536354358792,
    0.0008713184627798884,
    0.0007721210451464618,
    0.0007591614559010693,
    0.0007309166960546507,
    0.0007290051893200599,
    0.0007839126727888832,
    0.0007099472797566551,
    0.0007311103306133824
  ],
  "cg_damping": [
    0.5486421125089335,
    0.20324320891358102,
    0.25813019873120735,
    0.4537574746184745,
    0.2762323467606775,
    0.47549931831710235,
    0.3587031141675758,
    0.272751957092451,
    0.5214556400234581,
    0.4082922517185066,
    0.3413672608378581,
    0.27147519041504453,
    0.38854383158740213,
    0.3540324162866381,
    0.34804548014713,
    0.3918830501288823,
    0.31637126011887834,
    0.3880757238622237,
    0.3448330239165793,
    0.3415291630908517,
    0.321483384498764,
    0.376194945736634,
    0.38705746947817726,
    0.40947287165884605,
    0.3586190717086644,
    0.346826973311433,
    0.3646064748024967,
    0.35806985620567827,
    0.3307377423169987,
    0.3639980058611463
  ],
  "vf_stepsize": [
    0.007181234800168619,
    0.008331702513683231,
    0.015338701777909112,
    0.0043688746940884135,
    0.005663440751658368,
    0.012913366915862885,
    0.007969926455107435,
    0.009748844692399436,
    0.006736369540463382,
    0.009907119036583367,
    0.0068500822349111656,
    0.010291522972919832,
    0.014359803275663567,
    0.01137299832422778,
    0.008691687055116321,
    0.008572236212514725,
    0.00979696134899229,
    0.010485954333297198,
    0.009724363195009755,
    0.008391114941279127,
    0.008757025973540085,
    0.007591301043638874,
    0.008922873390225138,
    0.010662789584127363,
    0.009260418378464507,
    0.009082528580181846,
    0.007927711559195347,
    0.008170421358100121,
    0.010013040485463058,
    0.009361200063229722
  ],
  "vf_iters": [
    2,
    2,
    2,
    2,
    2,
    2,
    2,
    2,
    2,
    2,
    2,
    2,
    2,
    2,
    2,
    2,
    2,
    2,
    2,
    2,
    2,
    2,
    2,
    2,
    2,
    2,
    2,
    2,
    2,
    2
  ],
  "vf_minibatches": [
    3,
    3,
    3,
    3,
    3,
    3,
    3,
    3,
    3,
    3,
    3,
    3,
    3,
    3,
    3,
    3,
    3,
    3,
    3,
    3,
    3,
    3,
    3,
    3,
    3,
    3,
    3,
    3,
    3,
    3
  ],
  "num_envs": 4,
  "results_dir_name": "results",
  "storage_dir_name": "storage",
  "train_set": "remaining",
  "eval_set": "remaining",
  "OPENAI_LOG_FORMAT": "csv",
  "walltime_hrs": 0.3,
  "num_checkpoints": 100,
  "eval_ntrajs": 10,
  "eval_nsteps": 200,
  "eval_seed": 12345,
  "looping_tree": {
    "method": "fixed",
    "environment": "fixed",
    "total_timesteps": "fixed",
    "rng_seed": "zip",
    "policy_kwargs": "fixed",
    "timesteps_per_batch": "zip",
    "gamma": "zip",
    "lam": "zip",
    "max_kl": "zip",
    "cg_iters": "zip",
    "entcoeff": "zip",
    "cg_damping": "zip",
    "vf_stepsize": "zip",
    "vf_iters": "zip",
    "vf_minibatches": "zip"
  }
}