{
  "description": "Hyper-parameter optimization for trpo on a low frequency environment",
  "method": "trpo",
  "environment": "drop_leg_100hz",
  "total_timesteps": 4000000,
  "rng_seed": [
    0,
    2000,
    2000,
    0,
    2000,
    1000,
    1000,
    1000,
    0,
    1000,
    1000,
    0,
    2000,
    2000,
    1000,
    0,
    2000,
    0,
    2000,
    1000,
    0,
    0,
    2000,
    0,
    2000,
    0,
    1000,
    0,
    0,
    2000
  ],
  "policy_kwargs": {
    "net_arch": [
      {
        "vf": [
          64,
          64
        ],
        "pi": [
          64,
          64
        ]
      }
    ]
  },
  "timesteps_per_batch": [
    1115,
    444,
    956,
    237,
    309,
    1499,
    1095,
    1341,
    1195,
    1387,
    1188,
    1229,
    1538,
    923,
    585,
    867,
    617,
    861,
    788,
    788,
    678,
    1205,
    921,
    980,
    925,
    1060,
    721,
    775,
    833,
    1013
  ],
  "gamma": [
    0.36,
    0.9546277784322729,
    0.906925794871523,
    0.36,
    0.6752972113478694,
    0.8998208268200185,
    0.3832281525813591,
    0.36,
    0.36,
    0.36,
    0.8533918902649371,
    0.36,
    0.821882251564604,
    0.705562289207793,
    0.36,
    0.36,
    0.7349101019086797,
    0.36,
    0.36,
    0.36,
    0.36,
    0.6019796799904569,
    0.36,
    0.36,
    0.36,
    0.36,
    0.36,
    0.36,
    0.36,
    0.657711084693662
  ],
  "lam": [
    0.948474565092477,
    0.9932505076986273,
    0.9874615776610429,
    0.9725779675444233,
    0.9332516467819196,
    0.9737866093715059,
    0.996268379917533,
    0.9880994140884447,
    0.9700392869736854,
    0.9711948804248592,
    0.9856604617740137,
    0.9924300160981282,
    0.9969354804000703,
    0.9911661720315194,
    0.9896826827597623,
    0.9656333731905437,
    0.9924073621061605,
    0.9977942122593515,
    0.9748434739800227,
    0.9829644234967612,
    0.9826558486063056,
    0.9903757221138108,
    0.9918624185155483,
    0.9904489088318507,
    0.9927320972194809,
    0.9918535867926197,
    0.9876695154729762,
    0.9945062132440416,
    0.9923003618851507,
    0.9950012072176064
  ],
  "max_kl": [
    0.07964768965592617,
    0.026077154145509873,
    0.03843395728036254,
    0.03766716342225025,
    0.028567959431762168,
    0.012560253396245613,
    0.07485816872462842,
    0.07407560075426194,
    0.024077275394246887,
    0.01754690760160713,
    0.05588702391786225,
    0.08049836726384117,
    0.031043212798303695,
    0.01784729087439469,
    0.03503086236125901,
    0.0162086558551694,
    0.03448404141309235,
    0.0324120455323847,
    0.023145794142199666,
    0.024385716423963495,
    0.02860509569118664,
    0.026278285792434745,
    0.016501685424198283,
    0.029476566369604076,
    0.062201070818947386,
    0.01932048234484542,
    0.019707844241543638,
    0.04974046758858911,
    0.031902685792498164,
    0.023017507681135488
  ],
  "cg_iters": [
    5,
    6,
    6,
    10,
    7,
    7,
    9,
    7,
    8,
    8,
    8,
    8,
    10,
    5,
    5,
    6,
    6,
    6,
    6,
    7,
    7,
    6,
    7,
    7,
    8,
    6,
    7,
    6,
    6,
    6
  ],
  "entcoeff": [
    7.950463144214712e-05,
    0.00014320544474576,
    7.653421677303889e-05,
    0.00013999297088456556,
    0.00013358761496093708,
    0.00011285177425378649,
    0.00025317812835498745,
    0.0001137177730757161,
    0.00015021415059466849,
    0.0002361284768910376,
    0.0001627361520848164,
    0.00011534448982341181,
    0.00028538899706868605,
    0.00013510926284931763,
    0.00012667886630793508,
    0.00010162184938153388,
    0.00021738161775356344,
    0.000253462124423,
    0.0001739139279310468,
    8.945089235529356e-05,
    0.00015806189590669757,
    0.0001442097007601847,
    0.00018730874169683732,
    0.00025748182757993665,
    0.0001721729829790952,
    0.00010786778407885679,
    0.00017543243311077527,
    0.00014503792624333394,
    0.00011179584443770316,
    0.00012682850774658357
  ],
  "cg_damping": [
    0.021151429573317247,
    0.1275729543491476,
    0.03136072379062659,
    0.00950797282759736,
    0.06726246162313808,
    0.013707949012810253,
    0.06430501032092685,
    0.011212997914191607,
    0.10833592767678255,
    0.02917208101276793,
    0.07003006135065215,
    0.01655861760002259,
    0.011993645190711475,
    0.02826345236494709,
    0.04182350944471798,
    0.007109794189817364,
    0.020203042832962696,
    0.02064081109978532,
    0.033522156264636734,
    0.011162889917080499,
    0.012285723911141053,
    0.025000003932643587,
    0.01966937762318529,
    0.0819989269701681,
    0.03407270798687516,
    0.038581372321126725,
    0.05605039023693779,
    0.012670713619001924,
    0.027904140671518304,
    0.03412068961721956
  ],
  "vf_stepsize": [
    0.003502419662583837,
    0.0019187342777032585,
    9.182366233946527e-05,
    0.0001419246563822465,
    0.0009502179060247435,
    0.0012349983956449215,
    0.0008912574499347329,
    0.00033881750172103835,
    0.009456362867502918,
    0.0017905008017802839,
    0.0010806201120745287,
    0.003293200824292148,
    0.0011267886111999386,
    0.0003421391401838263,
    0.0009795956224160917,
    0.0003923801257255576,
    0.0023377999236749198,
    0.000491977061406774,
    0.000712500942898707,
    0.001538586279731747,
    0.000470000223032929,
    0.0009552594028413474,
    0.0027924565851463,
    0.002013871933977568,
    0.0007353106797739851,
    0.0015535878055535847,
    0.001209783886862835,
    0.0004740011726557955,
    0.0021706477337344364,
    0.0004127596628632469
  ],
  "vf_iters": [
    4,
    8,
    5,
    4,
    4,
    7,
    3,
    4,
    4,
    6,
    5,
    4,
    5,
    4,
    5,
    6,
    4,
    4,
    6,
    5,
    5,
    4,
    5,
    5,
    5,
    4,
    6,
    4,
    6,
    4
  ],
  "vf_minibatches": [
    20,
    8,
    9,
    13,
    8,
    6,
    21,
    9,
    6,
    9,
    8,
    10,
    9,
    14,
    11,
    11,
    10,
    13,
    7,
    7,
    7,
    14,
    9,
    11,
    8,
    9,
    9,
    7,
    9,
    9
  ],
  "num_envs": 4,
  "results_dir_name": "results",
  "storage_dir_name": "storage",
  "train_set": "remaining",
  "eval_set": "remaining",
  "OPENAI_LOG_FORMAT": "csv",
  "walltime_hrs": 0.3,
  "num_checkpoints": 100,
  "eval_ntrajs": 10,
  "eval_nsteps": 200,
  "eval_seed": 12345,
  "looping_tree": {
    "method": "fixed",
    "environment": "fixed",
    "total_timesteps": "fixed",
    "rng_seed": "zip",
    "policy_kwargs": "fixed",
    "timesteps_per_batch": "zip",
    "gamma": "zip",
    "lam": "zip",
    "max_kl": "zip",
    "cg_iters": "zip",
    "entcoeff": "zip",
    "cg_damping": "zip",
    "vf_stepsize": "zip",
    "vf_iters": "zip",
    "vf_minibatches": "zip"
  }
}