{
  "description": "Hyper-parameter optimization for trpo on a low frequency environment",
  "method": "trpo",
  "environment": "drop_leg_100hz",
  "total_timesteps": 4000000,
  "rng_seed": [
    1000,
    1000,
    1000,
    2000,
    2000,
    1000,
    1000,
    2000,
    1000,
    1000,
    0,
    2000,
    2000,
    2000,
    0,
    2000,
    0,
    0,
    2000,
    1000,
    0,
    1000,
    1000,
    1000,
    0,
    2000,
    1000,
    2000,
    0,
    1000
  ],
  "policy_kwargs": {
    "net_arch": [
      {
        "vf": [
          64,
          64
        ],
        "pi": [
          64,
          64
        ]
      }
    ]
  },
  "timesteps_per_batch": [
    136,
    79,
    12959,
    76,
    892,
    449,
    171,
    110,
    387,
    705,
    484,
    869,
    356,
    466,
    234,
    329,
    327,
    493,
    997,
    391,
    369,
    355,
    442,
    349,
    557,
    429,
    651,
    363,
    642,
    449
  ],
  "gamma": [
    0.9997691077229273,
    0.9988991983348275,
    0.9962754646335412,
    0.9977364070318135,
    0.9932929082543601,
    0.753477958239311,
    0.5375557864789906,
    0.7733036144800559,
    0.36,
    0.46547659507759087,
    0.36,
    0.3937876881748059,
    0.36,
    0.36,
    0.36,
    0.36,
    0.36,
    0.36,
    0.36,
    0.40674829488576025,
    0.36,
    0.36,
    0.36,
    0.36,
    0.36,
    0.36,
    0.36,
    0.36,
    0.36,
    0.36
  ],
  "lam": [
    0.9998074452992548,
    0.8649846087848294,
    0.5672997228844077,
    0.9986992171711612,
    0.9998400535497325,
    0.9654702060171254,
    0.3814858815384212,
    0.9997671643110214,
    0.9985512282439993,
    0.998441667895075,
    0.9926324957220048,
    0.9989174379366105,
    0.9986808704587175,
    0.9980825327658204,
    0.9992706378238859,
    0.9948035155649306,
    0.9992621162769795,
    0.994981213213637,
    0.9951507513708531,
    0.9979310484587604,
    0.9971015589333722,
    0.9967365759314908,
    0.9981442277617899,
    0.9958011374714675,
    0.9984874011909202,
    0.9970529813487627,
    0.9984394215306228,
    0.997916251511352,
    0.9960308343405041,
    0.9942542372352964
  ],
  "max_kl": [
    0.6198246964182836,
    0.007628962336294112,
    0.4485586723200144,
    0.023351780074109853,
    0.0013906191232300458,
    0.016312853036695316,
    0.20263624689959112,
    0.07529127128161328,
    0.016150192082671305,
    0.012066907397083196,
    0.02663917993825524,
    0.004370217954280536,
    0.005595329411511271,
    0.023294366629540392,
    0.024828866874009092,
    0.014683328109951224,
    0.021839190906700216,
    0.0065028202471742675,
    0.009902038346318523,
    0.012126353043337807,
    0.02400354512569094,
    0.00514036573517184,
    0.009833847095719219,
    0.009682022569159537,
    0.010434946097932607,
    0.009071078276899049,
    0.011767962698843398,
    0.009735653020884137,
    0.011170688042693815,
    0.010769574136528409
  ],
  "cg_iters": [
    3,
    10,
    3,
    15,
    6,
    11,
    5,
    12,
    9,
    6,
    12,
    8,
    7,
    12,
    8,
    6,
    6,
    6,
    10,
    10,
    10,
    6,
    6,
    7,
    9,
    7,
    9,
    9,
    7,
    11
  ],
  "entcoeff": [
    9.063324487309412e-07,
    0.0007726154499576349,
    0.0006201198287793157,
    7.5048637107193e-05,
    8.387887404167677e-06,
    0.0007724101913410825,
    1.1247514514347107e-05,
    6.323986639053978e-05,
    3.2398178980916314e-05,
    3.289679525336381e-05,
    3.265617817523589e-05,
    7.14301713911448e-05,
    1.6454514209724844e-05,
    0.00018714506678276353,
    1.7526369614174304e-05,
    4.589543585096854e-05,
    4.128808383835157e-05,
    3.574282278556224e-05,
    5.318938004315024e-05,
    6.489968734499562e-05,
    1.8986219235224725e-05,
    2.66715880392599e-05,
    5.1312862960266586e-05,
    4.520311537036482e-05,
    3.574737996250871e-05,
    3.0637540697501934e-05,
    4.9316991947066614e-05,
    2.4346262829280184e-05,
    3.233347986814564e-05,
    3.1144740167768885e-05
  ],
  "cg_damping": [
    0.0003764632653504887,
    0.003008805414992395,
    0.0007384878316606271,
    0.07122232385601664,
    0.028898624415976654,
    0.6346796295641598,
    0.657210034798027,
    0.006618138976312331,
    0.3757793024453047,
    0.009488677622821089,
    0.08833117555309275,
    0.01166222558357768,
    0.04843120351792298,
    0.056404992965719124,
    0.006135907983958836,
    0.0022573214465553865,
    0.05828623556694646,
    0.012132364117153068,
    0.08021918120699366,
    0.025922238989424903,
    0.02787653112117638,
    0.03515939501671266,
    0.02601573148952848,
    0.051541939982464,
    0.012806015584936298,
    0.024993381160013525,
    0.04220776202248029,
    0.015126025303845794,
    0.014835840870109395,
    0.033943301450277776
  ],
  "vf_stepsize": [
    0.00039764598684016207,
    0.015427299990473849,
    0.02246114885071927,
    0.0013161599054115037,
    0.003814666371502025,
    0.0002090311259612132,
    0.0003470614603740033,
    1.4098307985674325e-05,
    0.0037437754372768198,
    0.021838669131530326,
    0.029999999999999995,
    0.0024198410645678565,
    0.009882082653062466,
    0.006747565801499829,
    0.0018355754603094764,
    0.009932244529912133,
    0.001858482954283917,
    0.005178230282208237,
    0.0035318279040566867,
    0.003108308667021577,
    0.009709438697425913,
    0.001100441685178913,
    0.015066861790139961,
    0.0036454575332311424,
    0.002604619302823936,
    0.00453356653392076,
    0.0037247565160135315,
    0.002472418934578587,
    0.007552362707274013,
    0.003981174146368048
  ],
  "vf_iters": [
    2,
    3,
    2,
    2,
    4,
    5,
    8,
    1,
    6,
    3,
    3,
    5,
    6,
    4,
    3,
    5,
    4,
    4,
    4,
    4,
    4,
    5,
    4,
    5,
    4,
    3,
    4,
    4,
    4,
    3
  ],
  "vf_minibatches": [
    2,
    58,
    2,
    52,
    1,
    63,
    4,
    48,
    17,
    24,
    22,
    20,
    10,
    16,
    12,
    9,
    20,
    17,
    11,
    16,
    13,
    13,
    15,
    14,
    15,
    11,
    11,
    16,
    15,
    18
  ],
  "num_envs": 4,
  "results_dir_name": "results",
  "storage_dir_name": "storage",
  "train_set": "remaining",
  "eval_set": "remaining",
  "OPENAI_LOG_FORMAT": "csv",
  "walltime_hrs": 0.3,
  "num_checkpoints": 100,
  "eval_ntrajs": 10,
  "eval_nsteps": 200,
  "eval_seed": 12345,
  "looping_tree": {
    "method": "fixed",
    "environment": "fixed",
    "total_timesteps": "fixed",
    "rng_seed": "zip",
    "policy_kwargs": "fixed",
    "timesteps_per_batch": "zip",
    "gamma": "zip",
    "lam": "zip",
    "max_kl": "zip",
    "cg_iters": "zip",
    "entcoeff": "zip",
    "cg_damping": "zip",
    "vf_stepsize": "zip",
    "vf_iters": "zip",
    "vf_minibatches": "zip"
  }
}