{
  "description": "Hyper-parameter optimization for trpo on a low frequency environment",
  "method": "trpo",
  "environment": "drop_leg_100hz",
  "total_timesteps": 4000000,
  "rng_seed": [
    2000,
    1000,
    2000,
    0,
    0,
    0,
    2000,
    1000,
    1000,
    2000,
    0,
    0,
    2000,
    0,
    1000,
    0,
    0,
    0,
    0,
    2000,
    1000,
    1000,
    1000,
    1000,
    2000,
    0,
    0,
    0,
    0,
    2000
  ],
  "policy_kwargs": {
    "net_arch": [
      {
        "vf": [
          64,
          64
        ],
        "pi": [
          64,
          64
        ]
      }
    ]
  },
  "timesteps_per_batch": [
    1493,
    1186,
    894,
    775,
    1098,
    1112,
    1366,
    921,
    645,
    1073,
    680,
    1052,
    1109,
    792,
    937,
    1015,
    909,
    1248,
    744,
    836,
    990,
    1033,
    923,
    963,
    1039,
    867,
    852,
    1037,
    1188,
    1069
  ],
  "gamma": [
    0.9358819071377675,
    0.8525901634652439,
    0.841457375900612,
    0.9441751555016358,
    0.731513129984039,
    0.8720899236093574,
    0.8327557332169352,
    0.9493409507559772,
    0.8113733851268315,
    0.8956250237707027,
    0.7947475213942419,
    0.9114752414460491,
    0.7256322672124789,
    0.7029158644229265,
    0.8772623216512208,
    0.8339642147434523,
    0.8293372903592497,
    0.7678693806776848,
    0.8578365164417185,
    0.8278227407967002,
    0.8522575706950095,
    0.881498233287183,
    0.8406574313419685,
    0.8528924415001538,
    0.8459643877948768,
    0.8083209592135776,
    0.8388680640351671,
    0.8469715855912361,
    0.859695676383514,
    0.8725297925530588
  ],
  "lam": [
    0.9908811471127578,
    0.9436762207438888,
    0.9892092148004515,
    0.9954741098809261,
    0.9615889514536821,
    0.9927636659781518,
    0.9540405526741357,
    0.9564112771230188,
    0.9823511721308548,
    0.9629193273016668,
    0.976084377129596,
    0.9830975641123462,
    0.9876461194449253,
    0.9699784657860864,
    0.976063274753863,
    0.9758358349686902,
    0.981741195135482,
    0.9832287959073169,
    0.9726009887538656,
    0.9807518958807907,
    0.9776924320202132,
    0.97375323935065,
    0.9817920458270656,
    0.9775762707600522,
    0.9795511161405644,
    0.9790754359611432,
    0.9770440530072768,
    0.9846938862062606,
    0.9819647584593648,
    0.9775976145407668
  ],
  "max_kl": [
    0.028808490102809003,
    0.021680876662702315,
    0.021905496402259927,
    0.03771394250881839,
    0.0547631704101142,
    0.019584190315330537,
    0.017018126211541737,
    0.026312285020964152,
    0.03676499272564981,
    0.03216381045830144,
    0.028496699982196363,
    0.034669791072686265,
    0.028086787113959035,
    0.04257151487517481,
    0.027622255855681867,
    0.02367713567654292,
    0.0457126453997605,
    0.034660866406956974,
    0.036442260577578,
    0.028566367022112574,
    0.030239128492697047,
    0.03557017184880067,
    0.032360123902922526,
    0.03280877053944157,
    0.032146317126881506,
    0.03374555895048091,
    0.03347025572060389,
    0.036189990213137076,
    0.030997003574947567,
    0.032793874843085
  ],
  "cg_iters": [
    7,
    8,
    7,
    7,
    6,
    6,
    7,
    6,
    7,
    6,
    7,
    6,
    7,
    6,
    7,
    6,
    6,
    6,
    6,
    7,
    6,
    6,
    6,
    6,
    6,
    7,
    6,
    7,
    7,
    7
  ],
  "entcoeff": [
    8.726398064928444e-05,
    0.0001256901293500788,
    8.393750342451408e-05,
    0.00014614407077404693,
    0.00014423227711568326,
    0.00010998900256556268,
    8.919904461436457e-05,
    9.073119263805859e-05,
    0.00011802129894505242,
    0.00010829633875756664,
    0.000129596234724852,
    8.17285428293701e-05,
    9.748458693140828e-05,
    0.00012708372781358168,
    0.00011046619325163503,
    0.00012772166344003877,
    0.00012344898128232608,
    0.0001044066154464365,
    0.00010195758769510291,
    0.00010930037698281854,
    0.00011627819780604508,
    0.00011859612767021015,
    0.00012499090732523503,
    0.00011426388844207436,
    0.00012836529732815604,
    0.00014517898895510104,
    0.0001240820435727027,
    9.369368433102831e-05,
    0.00010781906152009274,
    0.00013724940917196122
  ],
  "cg_damping": [
    0.008036702493095101,
    0.01608212768721528,
    0.008448738336722803,
    0.05682007711874443,
    0.011747578202937703,
    0.08162334661536014,
    0.02323335208389904,
    0.03520334446836725,
    0.018721954606939904,
    0.018643056159898093,
    0.014761123387853061,
    0.018705549827481297,
    0.02369760846342945,
    0.02410432041308326,
    0.044966738645402106,
    0.023593788467011257,
    0.018908170206086813,
    0.03350969956057497,
    0.030253667726272932,
    0.03266671111577399,
    0.038458206056622486,
    0.02293526092551989,
    0.03393231275593234,
    0.039861481378712496,
    0.02940473727351197,
    0.03709272242866414,
    0.02572082747280005,
    0.035564347009110354,
    0.03256607817003458,
    0.04226013489906081
  ],
  "vf_stepsize": [
    0.00033456964324072067,
    0.00028502078303531446,
    0.0011092403569117671,
    0.0004166930526144423,
    0.0006839124421557586,
    0.001130373949632936,
    0.0009947667739051403,
    0.000867911869436781,
    0.00025656707108375387,
    0.0006245488509128002,
    0.001242765151326472,
    0.0016566896427636375,
    0.0005104956986013442,
    0.0006931270233226343,
    0.0011125567967465604,
    0.0010116770929417841,
    0.000689569953773514,
    0.0010491082191883391,
    0.0008774972226294589,
    0.001124178985134176,
    0.0008039573297806248,
    0.0013730610534799378,
    0.0007932454939409279,
    0.0011935071235406637,
    0.0013263087037970495,
    0.001121484560988284,
    0.0006216343128088168,
    0.0011128094281529313,
    0.0006552037724649438,
    0.0008878504939721945
  ],
  "vf_iters": [
    4,
    4,
    3,
    4,
    4,
    4,
    3,
    4,
    4,
    4,
    4,
    3,
    4,
    4,
    4,
    4,
    3,
    4,
    3,
    4,
    4,
    4,
    4,
    4,
    3,
    4,
    3,
    4,
    4,
    4
  ],
  "vf_minibatches": [
    9,
    8,
    8,
    8,
    6,
    6,
    7,
    7,
    5,
    7,
    6,
    6,
    7,
    9,
    7,
    7,
    7,
    8,
    6,
    6,
    6,
    8,
    7,
    8,
    6,
    6,
    7,
    7,
    7,
    8
  ],
  "num_envs": 4,
  "results_dir_name": "results",
  "storage_dir_name": "storage",
  "train_set": "remaining",
  "eval_set": "remaining",
  "OPENAI_LOG_FORMAT": "csv",
  "walltime_hrs": 0.3,
  "num_checkpoints": 100,
  "eval_ntrajs": 10,
  "eval_nsteps": 200,
  "eval_seed": 12345,
  "looping_tree": {
    "method": "fixed",
    "environment": "fixed",
    "total_timesteps": "fixed",
    "rng_seed": "zip",
    "policy_kwargs": "fixed",
    "timesteps_per_batch": "zip",
    "gamma": "zip",
    "lam": "zip",
    "max_kl": "zip",
    "cg_iters": "zip",
    "entcoeff": "zip",
    "cg_damping": "zip",
    "vf_stepsize": "zip",
    "vf_iters": "zip",
    "vf_minibatches": "zip"
  }
}