{
  "description": "Hyper-parameter optimization for trpo on a low frequency environment",
  "method": "trpo",
  "environment": "drop_leg_100hz",
  "total_timesteps": 4000000,
  "rng_seed": [
    1000,
    0,
    2000,
    1000,
    1000,
    0,
    1000,
    2000,
    2000,
    1000,
    2000,
    2000,
    1000,
    2000,
    1000,
    1000,
    0,
    2000,
    2000,
    2000,
    0,
    1000,
    0,
    2000,
    1000,
    1000,
    1000,
    2000,
    0,
    0
  ],
  "policy_kwargs": {
    "net_arch": [
      {
        "vf": [
          64,
          64
        ],
        "pi": [
          64,
          64
        ]
      }
    ]
  },
  "timesteps_per_batch": [
    337,
    434,
    451,
    605,
    589,
    438,
    523,
    636,
    605,
    628,
    449,
    630,
    559,
    520,
    464,
    539,
    519,
    635,
    510,
    615,
    563,
    511,
    554,
    570,
    547,
    591,
    504,
    507,
    634,
    606
  ],
  "gamma": [
    0.9788494435897943,
    0.9750044522633968,
    0.9420190906314874,
    0.96761453362862,
    0.9811905003004822,
    0.9792686974333762,
    0.970688628875192,
    0.9602180479134979,
    0.9704203868524076,
    0.9787721312878954,
    0.9772891481274938,
    0.9733991889839039,
    0.9608906268529459,
    0.9743481839053153,
    0.9671566108840598,
    0.9707166113410717,
    0.9809737048996393,
    0.974571850158913,
    0.9781581544544485,
    0.9687908701632381,
    0.9741880194067521,
    0.9772776377494347,
    0.9804171552957448,
    0.9746646953986143,
    0.9778615401770704,
    0.9757803425507946,
    0.9683516620528696,
    0.968884801669563,
    0.9705741296135098,
    0.9664408920647068
  ],
  "lam": [
    0.36,
    0.5827345453231914,
    0.36,
    0.36,
    0.5041306765438955,
    0.36,
    0.36,
    0.36,
    0.3601621697656384,
    0.36,
    0.36,
    0.36,
    0.36,
    0.36,
    0.36,
    0.36,
    0.36,
    0.37701745792858943,
    0.36,
    0.36,
    0.36,
    0.36,
    0.36,
    0.36,
    0.36,
    0.3841855692602283,
    0.37150410385422916,
    0.36,
    0.36,
    0.36
  ],
  "max_kl": [
    0.4296545695740446,
    0.5203188037377934,
    0.64,
    0.5879249029648819,
    0.64,
    0.38717726475892666,
    0.5338073183411391,
    0.5789850020368539,
    0.4215206127016326,
    0.5453371247741023,
    0.5298157285591956,
    0.6393772025009515,
    0.5934195355881325,
    0.6188088918501315,
    0.46960821862677044,
    0.45115541700561324,
    0.4804973481419778,
    0.46408448173247063,
    0.5520936165824073,
    0.4937067758807996,
    0.5353426105908585,
    0.618254890611033,
    0.4959662337083892,
    0.5821272299615574,
    0.4641049581215766,
    0.5006209833462225,
    0.5968156993167357,
    0.44253965056079436,
    0.608202593479654,
    0.4521427333743563
  ],
  "cg_iters": [
    3,
    3,
    3,
    3,
    3,
    3,
    3,
    3,
    3,
    3,
    3,
    3,
    3,
    3,
    3,
    3,
    3,
    3,
    3,
    3,
    3,
    3,
    3,
    3,
    3,
    3,
    3,
    3,
    3,
    3
  ],
  "entcoeff": [
    0.0003209193304171204,
    0.0003291702484586142,
    0.00034364224159440796,
    0.00032611020762166737,
    0.0003652738626361125,
    0.00022449435735856133,
    0.00033404390006301144,
    0.0003448874797394616,
    0.0003191203116412587,
    0.0003084820867750782,
    0.00033912704176018027,
    0.00040219656624282494,
    0.0002525499338349558,
    0.00029229165704547995,
    0.0002831686363193501,
    0.0002969690445121485,
    0.0003342904913511911,
    0.00034017284860353604,
    0.0003148817245049576,
    0.0003185446264281327,
    0.00027208152778123644,
    0.0003637522431716822,
    0.00032000435212500947,
    0.00026950013599048937,
    0.00034205518473570147,
    0.00029396281474650175,
    0.00032286796152517763,
    0.00026884601145519594,
    0.0003321192715607138,
    0.0003130481588026529
  ],
  "cg_damping": [
    0.0828361886350152,
    0.1724485098712467,
    0.08269210807876855,
    0.12076257760341698,
    0.07970072420256971,
    0.11453219596998093,
    0.05278312370565514,
    0.17333217900026252,
    0.08694467026389713,
    0.12609613685668153,
    0.12276834361756077,
    0.07012327296364161,
    0.10280824885638595,
    0.09423635084795565,
    0.09891276188313992,
    0.12220848022008109,
    0.08328946472137379,
    0.08177297472991091,
    0.12006156645700913,
    0.09507400193228227,
    0.1232097696778375,
    0.09299149263782097,
    0.10202166752283126,
    0.10533555054288103,
    0.10383593966255826,
    0.10290891158726334,
    0.12932985472877886,
    0.107103491585856,
    0.08840573610810552,
    0.09019508280903878
  ],
  "vf_stepsize": [
    0.0049256498521739415,
    0.0066794976120492615,
    0.005148407455013833,
    0.005721580282208187,
    0.00857614278721366,
    0.010601369177136078,
    0.007118629780428839,
    0.011178259093234454,
    0.007945432007574579,
    0.011692112537857338,
    0.007325349128172085,
    0.015717552571653144,
    0.008969292667573714,
    0.008749912048098026,
    0.00456288717502292,
    0.0076383701298609625,
    0.008406915288513813,
    0.010748610927382371,
    0.009404052759273904,
    0.008748355176194109,
    0.009214638111737568,
    0.006471742011903515,
    0.008916932216096032,
    0.008789739254553884,
    0.010558077806111444,
    0.012370801655062923,
    0.00556630635921205,
    0.006661866671684039,
    0.007635844207365347,
    0.009520001601495062
  ],
  "vf_iters": [
    2,
    2,
    1,
    2,
    2,
    2,
    2,
    2,
    2,
    2,
    2,
    1,
    2,
    2,
    2,
    2,
    2,
    2,
    2,
    2,
    2,
    2,
    2,
    2,
    2,
    2,
    2,
    1,
    2,
    2
  ],
  "vf_minibatches": [
    4,
    4,
    4,
    3,
    3,
    3,
    4,
    3,
    4,
    4,
    4,
    4,
    4,
    3,
    4,
    3,
    4,
    4,
    4,
    4,
    3,
    4,
    3,
    4,
    4,
    4,
    4,
    4,
    3,
    4
  ],
  "num_envs": 4,
  "results_dir_name": "results",
  "storage_dir_name": "storage",
  "train_set": "remaining",
  "eval_set": "remaining",
  "OPENAI_LOG_FORMAT": "csv",
  "walltime_hrs": 0.3,
  "num_checkpoints": 100,
  "eval_ntrajs": 10,
  "eval_nsteps": 200,
  "eval_seed": 12345,
  "looping_tree": {
    "method": "fixed",
    "environment": "fixed",
    "total_timesteps": "fixed",
    "rng_seed": "zip",
    "policy_kwargs": "fixed",
    "timesteps_per_batch": "zip",
    "gamma": "zip",
    "lam": "zip",
    "max_kl": "zip",
    "cg_iters": "zip",
    "entcoeff": "zip",
    "cg_damping": "zip",
    "vf_stepsize": "zip",
    "vf_iters": "zip",
    "vf_minibatches": "zip"
  }
}