{
  "description": "Hyper-parameter optimization for trpo on a low frequency environment",
  "method": "trpo",
  "environment": "drop_leg_100hz",
  "total_timesteps": 4000000,
  "rng_seed": [
    2000,
    1000,
    0,
    2000,
    2000,
    2000,
    1000,
    0,
    0,
    2000,
    1000,
    1000,
    1000,
    2000,
    2000,
    1000,
    1000,
    0,
    1000,
    0,
    1000,
    0,
    2000,
    2000,
    2000,
    2000,
    0,
    0,
    1000,
    0
  ],
  "policy_kwargs": {
    "net_arch": [
      {
        "vf": [
          64,
          64
        ],
        "pi": [
          64,
          64
        ]
      }
    ]
  },
  "timesteps_per_batch": [
    1617,
    734,
    943,
    822,
    752,
    1225,
    1596,
    926,
    1071,
    1067,
    691,
    1440,
    754,
    1070,
    1205,
    1093,
    966,
    771,
    985,
    1126,
    1183,
    1155,
    1011,
    1109,
    1404,
    1160,
    941,
    1084,
    1299,
    863
  ],
  "gamma": [
    0.9150986146870667,
    0.9296553340716254,
    0.9211098812727838,
    0.7636532233193573,
    0.9190840102001636,
    0.9212203505831427,
    0.730334245485577,
    0.8832105929499586,
    0.8329300783557108,
    0.8591296857965921,
    0.7768048088055098,
    0.8559299846764348,
    0.8758811940930701,
    0.6427589457747673,
    0.7791838059158291,
    0.77198444802586,
    0.8970004907890575,
    0.7593003441367597,
    0.8535890445089022,
    0.8007215488136031,
    0.8513731364342078,
    0.843401455251788,
    0.8383206544886339,
    0.8687919327125657,
    0.8315997011551195,
    0.7694596171416295,
    0.8607020382518386,
    0.8414232128701797,
    0.8126074738267752,
    0.8408292932236867
  ],
  "lam": [
    0.9644389162955365,
    0.9774549416663711,
    0.9728690624701921,
    0.9562159729542987,
    0.9424257344852828,
    0.9928361817075511,
    0.9492522690895734,
    0.9844586677455072,
    0.9702311457395024,
    0.9851142156071443,
    0.9794012825133469,
    0.9805690132719901,
    0.9692804018209713,
    0.9761295485674907,
    0.986299094012619,
    0.9748135637524978,
    0.9782129850377118,
    0.9811959021515768,
    0.9850283553265724,
    0.9784836286098981,
    0.9746474660993848,
    0.9767008182263115,
    0.9800631638234119,
    0.9605824927362889,
    0.9830214199225725,
    0.962896332264813,
    0.983845297973741,
    0.9790682838626085,
    0.9780007206072485,
    0.9767148713517202
  ],
  "max_kl": [
    0.02781922467307039,
    0.06481142853489019,
    0.07274588524550278,
    0.061541284219975234,
    0.02643121232866534,
    0.027928163937371155,
    0.039654093335649614,
    0.02883615266417133,
    0.03489790476591458,
    0.09018545757376328,
    0.04731754065906866,
    0.03322079624116747,
    0.038242352234678346,
    0.028230559006170806,
    0.027706496493511912,
    0.04758476255464182,
    0.053125247761736175,
    0.030130058121997864,
    0.04157913149246538,
    0.0395276720066932,
    0.03323174416204119,
    0.0337403513174126,
    0.04848615064839179,
    0.0503985619720625,
    0.036008300312865456,
    0.03922684500229682,
    0.05439494488105624,
    0.059039715642559124,
    0.0488706806160204,
    0.03836881194216108
  ],
  "cg_iters": [
    8,
    7,
    6,
    7,
    8,
    8,
    6,
    6,
    6,
    6,
    6,
    6,
    7,
    7,
    6,
    6,
    6,
    8,
    6,
    6,
    7,
    6,
    7,
    7,
    6,
    8,
    7,
    7,
    6,
    7
  ],
  "entcoeff": [
    0.00014899579526440207,
    0.0001597104354605792,
    0.0001520226247870861,
    9.489743687775615e-05,
    0.00018049124165576516,
    0.00010085798563506388,
    0.0001727729609910234,
    0.00011738973045194808,
    0.00023369885669447403,
    0.00012377518511266577,
    0.00016309100213525205,
    0.00013488118617177485,
    0.0001494397478540929,
    0.00013522821566694585,
    0.00013258985036852585,
    0.0001440501022358949,
    0.0001314546856958726,
    0.000123912596527242,
    0.0001413655964158982,
    0.0001571954038179965,
    0.00014872660928272604,
    0.00014908554900266356,
    0.00016715460589325148,
    0.00014452640429906544,
    0.00016414938377982125,
    0.00014377774007049974,
    0.00014589775226892977,
    0.0001104044048287103,
    0.0001600022837999256,
    0.00014611951393046145
  ],
  "cg_damping": [
    0.05581558642659544,
    0.014574596450139348,
    0.03508143318453964,
    0.03504029850888238,
    0.12308571078128892,
    0.029388052564602352,
    0.1009030897551061,
    0.03155586104668999,
    0.019131159404796868,
    0.0335570733972919,
    0.07662307234250011,
    0.04361411586893131,
    0.06310227918387237,
    0.08667113203165801,
    0.06984506225956873,
    0.05949109593151565,
    0.03802144106375571,
    0.039105035665592515,
    0.039031952464042785,
    0.03704236853035317,
    0.073920607955653,
    0.0423443445571195,
    0.049296258969020484,
    0.031988804302159606,
    0.033317799068220924,
    0.05081514780324366,
    0.05179030300075216,
    0.03979259194330148,
    0.04413112635093633,
    0.03640702718033157
  ],
  "vf_stepsize": [
    0.0049234604193256065,
    0.0012793709080993704,
    0.0003075592385346964,
    0.0013964813073825692,
    0.0014504746761491273,
    0.0020190400869811104,
    0.0006191313619627721,
    0.0007385940046635819,
    0.00204213666857329,
    0.0033596597529422356,
    0.002565900494196669,
    0.0019103977626996583,
    0.0008096537885287137,
    0.0011979783706298165,
    0.0003531366654567477,
    0.001402500492666253,
    0.001058424666825455,
    0.000981523123724609,
    0.0013900344758446472,
    0.001729494338853548,
    0.0012376440422259783,
    0.0006920089309532141,
    0.0009599592884895787,
    0.0012155131060390704,
    0.0016062937871613439,
    0.001812074859050932,
    0.0017318017533928965,
    0.0009171741727204768,
    0.000963713400459953,
    0.0021181080842493116
  ],
  "vf_iters": [
    5,
    5,
    4,
    4,
    4,
    3,
    5,
    4,
    4,
    4,
    3,
    4,
    4,
    4,
    3,
    4,
    4,
    4,
    4,
    4,
    4,
    4,
    4,
    4,
    4,
    3,
    4,
    4,
    4,
    4
  ],
  "vf_minibatches": [
    8,
    7,
    7,
    8,
    11,
    7,
    10,
    7,
    9,
    7,
    8,
    8,
    6,
    8,
    8,
    7,
    9,
    6,
    8,
    7,
    8,
    10,
    7,
    8,
    7,
    7,
    7,
    6,
    7,
    9
  ],
  "num_envs": 4,
  "results_dir_name": "results",
  "storage_dir_name": "storage",
  "train_set": "remaining",
  "eval_set": "remaining",
  "OPENAI_LOG_FORMAT": "csv",
  "walltime_hrs": 0.3,
  "num_checkpoints": 100,
  "eval_ntrajs": 10,
  "eval_nsteps": 200,
  "eval_seed": 12345,
  "looping_tree": {
    "method": "fixed",
    "environment": "fixed",
    "total_timesteps": "fixed",
    "rng_seed": "zip",
    "policy_kwargs": "fixed",
    "timesteps_per_batch": "zip",
    "gamma": "zip",
    "lam": "zip",
    "max_kl": "zip",
    "cg_iters": "zip",
    "entcoeff": "zip",
    "cg_damping": "zip",
    "vf_stepsize": "zip",
    "vf_iters": "zip",
    "vf_minibatches": "zip"
  }
}