{
  "description": "Hyper-parameter optimization for trpo on a low frequency environment",
  "method": "trpo",
  "environment": "drop_leg_100hz",
  "total_timesteps": 4000000,
  "rng_seed": [
    2000,
    1000,
    1000,
    1000,
    2000,
    2000,
    0,
    0,
    1000,
    2000,
    0,
    2000,
    2000,
    1000,
    1000,
    1000,
    1000,
    1000,
    2000,
    0,
    1000,
    0,
    0,
    2000,
    1000,
    0,
    0,
    0,
    0,
    2000
  ],
  "policy_kwargs": {
    "net_arch": [
      {
        "vf": [
          64,
          64
        ],
        "pi": [
          64,
          64
        ]
      }
    ]
  },
  "timesteps_per_batch": [
    486,
    463,
    614,
    576,
    570,
    517,
    547,
    429,
    544,
    467,
    553,
    541,
    514,
    589,
    511,
    420,
    677,
    539,
    544,
    510,
    474,
    569,
    612,
    469,
    575,
    477,
    544,
    527,
    551,
    560
  ],
  "gamma": [
    0.9901715530592822,
    0.9813899700326781,
    0.9873742841884975,
    0.9793222468490078,
    0.9851023820622165,
    0.9766456332067187,
    0.9875817214618328,
    0.9838326357840034,
    0.9893919371229021,
    0.9828405950755856,
    0.9742688223154651,
    0.9793710658699181,
    0.9852633576185139,
    0.9783884002081765,
    0.9834160927601562,
    0.9811523742565341,
    0.9835177436174842,
    0.9808537180984003,
    0.9853637751705874,
    0.9767686203778007,
    0.9824488313661358,
    0.9826965756003492,
    0.9783084240768939,
    0.9854713199741111,
    0.9815007458874777,
    0.9849978532401615,
    0.9830286226075924,
    0.9803412349026879,
    0.9845607561039059,
    0.982945164984154
  ],
  "lam": [
    0.5854520454202703,
    0.49067234839107077,
    0.36,
    0.5230114040209305,
    0.36,
    0.46488551718307425,
    0.4569487045059899,
    0.4075959348036642,
    0.36,
    0.4908224438946204,
    0.36,
    0.36,
    0.36,
    0.394377091668657,
    0.36,
    0.36,
    0.399468619574325,
    0.36,
    0.36,
    0.36,
    0.36,
    0.36,
    0.36,
    0.36,
    0.36,
    0.3820621643849549,
    0.40002512566243453,
    0.36,
    0.378674116761582,
    0.36
  ],
  "max_kl": [
    0.64,
    0.6305215229836078,
    0.6185946848644345,
    0.64,
    0.64,
    0.64,
    0.5634692738212957,
    0.5219238354988995,
    0.6168455698363445,
    0.64,
    0.6082202094765992,
    0.5235968469033646,
    0.5415087311364931,
    0.64,
    0.64,
    0.5856954367481506,
    0.6287792538248442,
    0.5722741655712096,
    0.64,
    0.617125115727385,
    0.64,
    0.620081027328493,
    0.64,
    0.64,
    0.64,
    0.6259320517415815,
    0.64,
    0.64,
    0.5638363969831057,
    0.64
  ],
  "cg_iters": [
    3,
    3,
    3,
    3,
    3,
    3,
    3,
    3,
    3,
    3,
    3,
    3,
    3,
    3,
    3,
    3,
    3,
    3,
    3,
    3,
    3,
    3,
    3,
    3,
    3,
    3,
    3,
    3,
    3,
    3
  ],
  "entcoeff": [
    0.00033234436129651163,
    0.00036686465347065243,
    0.0003895791456306848,
    0.00036842140818030847,
    0.0003715074074255788,
    0.0004085187538308479,
    0.0003564301822345315,
    0.00035534462809858324,
    0.0003794362903196641,
    0.00036719365941234556,
    0.0004359600136140206,
    0.00033749816346468606,
    0.0004628540714954535,
    0.0003154436910352089,
    0.00045267035852763175,
    0.000295433844340099,
    0.00031563605707385145,
    0.00035499244795910486,
    0.0004015263626364931,
    0.000364195050243302,
    0.00034016166085444426,
    0.00035109885625128704,
    0.00035146456666037217,
    0.0003273675715131429,
    0.0003795594765398354,
    0.0003388632984353599,
    0.0003682762536727295,
    0.0003559247670187768,
    0.0003637408863457929,
    0.0003454830376844918
  ],
  "cg_damping": [
    0.08980857533592089,
    0.11728047071432768,
    0.16035512927883858,
    0.05503909801717265,
    0.08137671629666936,
    0.174312726528063,
    0.050951018202746744,
    0.07061677794979357,
    0.09425877045295558,
    0.11895775829811908,
    0.12095131012884303,
    0.10313556799706536,
    0.1261171930974736,
    0.15286978235785303,
    0.10991838585981151,
    0.08482329941670266,
    0.10983313487117409,
    0.06732887958572159,
    0.12486504908574715,
    0.1275277348762358,
    0.09502497682921532,
    0.1322437351040748,
    0.1308117227692414,
    0.08393709700461174,
    0.11042620745378308,
    0.11835982196057286,
    0.1207307661443226,
    0.12081417709547691,
    0.11919999005505433,
    0.08540373721102294
  ],
  "vf_stepsize": [
    0.00508324686779663,
    0.0026156749418095888,
    0.005318284180304083,
    0.003693739609032344,
    0.004170408408270647,
    0.003925298799514135,
    0.007130726643974915,
    0.0025350980520097172,
    0.00748049639441918,
    0.004815502053349202,
    0.0025337074119019588,
    0.0041272499493549995,
    0.00597880883064435,
    0.005488739333292592,
    0.004159567694188643,
    0.004072962355503904,
    0.00469454360796029,
    0.0033876698985959627,
    0.005218588341668869,
    0.0028399248592482504,
    0.0036704154524915245,
    0.004100446393768302,
    0.004263678250091598,
    0.005185805435534671,
    0.004578435704352156,
    0.004894619364560356,
    0.0035995213975569783,
    0.0029856721394324734,
    0.0049534150917296465,
    0.004512834438965204
  ],
  "vf_iters": [
    2,
    2,
    2,
    2,
    1,
    1,
    1,
    2,
    2,
    1,
    2,
    2,
    1,
    2,
    2,
    1,
    2,
    2,
    1,
    2,
    2,
    2,
    2,
    1,
    2,
    2,
    2,
    2,
    2,
    2
  ],
  "vf_minibatches": [
    5,
    3,
    4,
    5,
    4,
    4,
    4,
    4,
    4,
    4,
    5,
    5,
    5,
    5,
    4,
    4,
    4,
    4,
    3,
    4,
    4,
    4,
    5,
    4,
    4,
    4,
    4,
    4,
    4,
    4
  ],
  "num_envs": 4,
  "results_dir_name": "results",
  "storage_dir_name": "storage",
  "train_set": "remaining",
  "eval_set": "remaining",
  "OPENAI_LOG_FORMAT": "csv",
  "walltime_hrs": 0.3,
  "num_checkpoints": 100,
  "eval_ntrajs": 10,
  "eval_nsteps": 200,
  "eval_seed": 12345,
  "looping_tree": {
    "method": "fixed",
    "environment": "fixed",
    "total_timesteps": "fixed",
    "rng_seed": "zip",
    "policy_kwargs": "fixed",
    "timesteps_per_batch": "zip",
    "gamma": "zip",
    "lam": "zip",
    "max_kl": "zip",
    "cg_iters": "zip",
    "entcoeff": "zip",
    "cg_damping": "zip",
    "vf_stepsize": "zip",
    "vf_iters": "zip",
    "vf_minibatches": "zip"
  }
}