{
  "description": "Hyper-parameter optimization for trpo on a low frequency environment",
  "method": "trpo",
  "environment": "drop_leg_100hz",
  "total_timesteps": 4000000,
  "rng_seed": [
    0,
    2000,
    1000,
    0,
    2000,
    2000,
    0,
    0,
    0,
    1000,
    1000,
    2000,
    2000,
    1000,
    2000,
    0,
    2000,
    0,
    1000,
    1000,
    1000,
    1000,
    2000,
    1000,
    2000,
    1000,
    2000,
    1000,
    0,
    2000
  ],
  "policy_kwargs": {
    "net_arch": [
      {
        "vf": [
          64,
          64
        ],
        "pi": [
          64,
          64
        ]
      }
    ]
  },
  "timesteps_per_batch": [
    237,
    238,
    662,
    274,
    228,
    1321,
    286,
    817,
    577,
    478,
    765,
    735,
    680,
    588,
    671,
    683,
    584,
    667,
    726,
    803,
    830,
    814,
    602,
    790,
    773,
    613,
    782,
    732,
    691,
    753
  ],
  "gamma": [
    0.9928439203204668,
    0.9084063214042604,
    0.9936711173009611,
    0.9252593694266905,
    0.9416684408861782,
    0.9508460131373013,
    0.9084092757789132,
    0.9824051351469146,
    0.9600944982744468,
    0.9434541715133744,
    0.9573015153340911,
    0.9484689480577624,
    0.9073643765772248,
    0.9073643765772248,
    0.9423041944284041,
    0.9073643765772248,
    0.9394991777878848,
    0.9073643765772248,
    0.9330185871339401,
    0.9073643765772248,
    0.9073643765772248,
    0.9073643765772248,
    0.9073643765772248,
    0.9073643765772248,
    0.9073643765772248,
    0.9073643765772248,
    0.9073643765772248,
    0.9073643765772248,
    0.9115023071580934,
    0.9073643765772248
  ],
  "lam": [
    0.8545127126141951,
    0.8575909259976263,
    0.8653694633217286,
    0.8311215842812869,
    0.7820895579987712,
    0.7365991248951,
    0.4027939370227671,
    0.5712625180287716,
    0.4566464992961826,
    0.39976742903286944,
    0.36,
    0.42994431198213023,
    0.46001270217043433,
    0.4379136727115831,
    0.36,
    0.5124761887738829,
    0.36,
    0.36183371070795967,
    0.39369859563621,
    0.36,
    0.36821224544046316,
    0.4270761322835258,
    0.48571679300504034,
    0.36,
    0.4558285366563565,
    0.37091385008420386,
    0.4427372104129774,
    0.477953011341522,
    0.4486124035623793,
    0.4828969079935649
  ],
  "max_kl": [
    0.22313651448450234,
    0.2488420616373651,
    0.35761170001576587,
    0.4054998066329887,
    0.20574793898840496,
    0.6151738445345222,
    0.4528165435588434,
    0.23464454657248443,
    0.2565963843049695,
    0.318952729687088,
    0.3729321834126106,
    0.359602066250866,
    0.3045079937335687,
    0.42619891359881895,
    0.40708357480556356,
    0.44147636887897485,
    0.35375696558579695,
    0.35048906929036067,
    0.38663181580911354,
    0.4236091649985155,
    0.37722067148202504,
    0.3906342270218769,
    0.37115666428398114,
    0.4025637031871137,
    0.38732768873340956,
    0.3751192424310609,
    0.3809855472229822,
    0.39118243256598373,
    0.36945598365005056,
    0.4026958108670622
  ],
  "cg_iters": [
    2,
    4,
    2,
    2,
    4,
    4,
    2,
    4,
    4,
    3,
    3,
    3,
    3,
    4,
    3,
    3,
    3,
    3,
    3,
    3,
    3,
    3,
    3,
    3,
    3,
    3,
    3,
    3,
    3,
    3
  ],
  "entcoeff": [
    0.0008243909095147071,
    0.00074594339681198,
    0.0001336891306013107,
    0.0006144045820535413,
    0.0007433242782311568,
    0.0003422448216981124,
    0.00081645806030496,
    0.00033736429694626184,
    0.0003041161494880355,
    0.0002067513927139942,
    0.0003445338113620796,
    0.0003264586924063188,
    0.00041471967571404854,
    0.0003311474602289661,
    0.00027361697139137453,
    0.00029333366564124547,
    0.0003423619537895186,
    0.0004017812375006474,
    0.0003095612148995392,
    0.0003711054005392349,
    0.0003554010547533603,
    0.00030998123155544466,
    0.0002996227377154506,
    0.00038431888684574764,
    0.0003434383590274246,
    0.00033382106185328545,
    0.00035539445264300953,
    0.0003445801837714387,
    0.00032612866524955224,
    0.00030673853854280576
  ],
  "cg_damping": [
    0.07360043214127136,
    0.053769535563956965,
    0.020748497857605564,
    0.017869902546012183,
    0.19524211705289302,
    0.016192705301313136,
    0.02857253840589877,
    0.019079903397841432,
    0.02393844253143137,
    0.03765841367845213,
    0.06540414756485634,
    0.023872070410237953,
    0.0249474806269847,
    0.1120906598230179,
    0.06944663294243877,
    0.03169783587766224,
    0.03930978459461377,
    0.029898762294518724,
    0.04529262288907114,
    0.0324924565748238,
    0.040810939407240204,
    0.044600607805810925,
    0.04969167233653234,
    0.048515041007100315,
    0.052324750722221404,
    0.059912647811724035,
    0.05976446151468867,
    0.05883766212001097,
    0.06289474072850484,
    0.042374874952773874
  ],
  "vf_stepsize": [
    0.0011908997076533379,
    0.0007386022206525056,
    0.018878282243997208,
    0.0027725585342903247,
    0.003024475204634631,
    0.0012145007202963157,
    0.0017750869110490803,
    0.004032605779137935,
    0.0016486775927998095,
    0.0036868437777209666,
    0.004669696754220682,
    0.005159392860167908,
    0.013459728738711573,
    0.004470222546404557,
    0.017215109100520515,
    0.010529484762964754,
    0.012531762294002127,
    0.00664625621854156,
    0.005895670211159706,
    0.009114087477565551,
    0.006722936319737082,
    0.007182202739077965,
    0.007755362557176514,
    0.007734851289674954,
    0.0077576033569180325,
    0.010036776895744125,
    0.008935888582212304,
    0.007309178981076474,
    0.011064635483280134,
    0.007687149529168256
  ],
  "vf_iters": [
    2,
    3,
    2,
    1,
    2,
    2,
    2,
    2,
    2,
    2,
    2,
    2,
    2,
    2,
    2,
    2,
    2,
    2,
    2,
    2,
    2,
    2,
    2,
    2,
    2,
    2,
    2,
    2,
    2,
    2
  ],
  "vf_minibatches": [
    5,
    8,
    2,
    5,
    9,
    3,
    2,
    6,
    2,
    4,
    4,
    3,
    3,
    4,
    3,
    3,
    3,
    4,
    4,
    3,
    4,
    3,
    3,
    4,
    4,
    4,
    3,
    3,
    3,
    3
  ],
  "num_envs": 4,
  "results_dir_name": "results",
  "storage_dir_name": "storage",
  "train_set": "remaining",
  "eval_set": "remaining",
  "OPENAI_LOG_FORMAT": "csv",
  "walltime_hrs": 0.3,
  "num_checkpoints": 100,
  "eval_ntrajs": 10,
  "eval_nsteps": 200,
  "eval_seed": 12345,
  "looping_tree": {
    "method": "fixed",
    "environment": "fixed",
    "total_timesteps": "fixed",
    "rng_seed": "zip",
    "policy_kwargs": "fixed",
    "timesteps_per_batch": "zip",
    "gamma": "zip",
    "lam": "zip",
    "max_kl": "zip",
    "cg_iters": "zip",
    "entcoeff": "zip",
    "cg_damping": "zip",
    "vf_stepsize": "zip",
    "vf_iters": "zip",
    "vf_minibatches": "zip"
  }
}