{
  "description": "Hyper-parameter optimization for trpo on a low frequency environment",
  "method": "trpo",
  "environment": "drop_leg_100hz",
  "total_timesteps": 4000000,
  "rng_seed": [
    0,
    2000,
    1000,
    0,
    2000,
    1000,
    0,
    2000,
    2000,
    2000,
    1000,
    2000,
    1000,
    1000,
    2000,
    1000,
    2000,
    0,
    1000,
    2000,
    2000,
    0,
    0,
    1000,
    1000,
    1000,
    0,
    2000,
    2000,
    1000
  ],
  "policy_kwargs": {
    "net_arch": [
      {
        "vf": [
          64,
          64
        ],
        "pi": [
          64,
          64
        ]
      }
    ]
  },
  "timesteps_per_batch": [
    74,
    14260,
    16260,
    6716,
    394,
    115,
    2802,
    4667,
    299,
    3589,
    874,
    392,
    1503,
    672,
    1733,
    1560,
    720,
    1230,
    998,
    720,
    700,
    672,
    909,
    801,
    999,
    565,
    1386,
    637,
    746,
    701
  ],
  "gamma": [
    0.9996881080542089,
    0.6884398556979525,
    0.9145098087997492,
    0.9987387352525767,
    0.8907996163077172,
    0.5231788503817487,
    0.46317669449019194,
    0.40926181589443666,
    0.36,
    0.36,
    0.5044189228327884,
    0.36,
    0.36,
    0.36,
    0.36,
    0.36,
    0.36,
    0.36,
    0.36,
    0.36,
    0.36,
    0.36,
    0.36,
    0.36,
    0.36,
    0.36,
    0.36642585607257094,
    0.36,
    0.36,
    0.36
  ],
  "lam": [
    0.3874098410672988,
    0.43367703455389706,
    0.9998396624779273,
    0.9998167465008291,
    0.41550912233371684,
    0.3797777385135649,
    0.9801583427502678,
    0.9964531367948174,
    0.9912934281110218,
    0.999564691969649,
    0.9998384425361423,
    0.990364012536462,
    0.9988389964184532,
    0.9778762978694983,
    0.9774286979831641,
    0.9968934949314785,
    0.9773545931643652,
    0.9950747689019052,
    0.9975660177422695,
    0.9940455127592934,
    0.9934595540427873,
    0.9915055857001186,
    0.9959103098538814,
    0.9969680594386277,
    0.9974839831829867,
    0.9947073772855384,
    0.9969350788169289,
    0.99612919211769,
    0.9980519660781868,
    0.9975654272683906
  ],
  "max_kl": [
    0.25399060927801825,
    0.0024772545694488808,
    0.4653005625531077,
    0.09066614387446206,
    0.3901070929584657,
    0.0030083523260438553,
    0.0025698490950485436,
    0.07953851630544709,
    0.0034558417387990734,
    0.0016269428857659776,
    0.0018556583945004994,
    0.04615744830237926,
    0.00917357604543975,
    0.0012500000000000002,
    0.005734404277548159,
    0.009439761716640802,
    0.0029809808245867646,
    0.004593013157297536,
    0.007529438620837032,
    0.011507892870393022,
    0.01542733158103087,
    0.008800807991255388,
    0.007766147955549609,
    0.005620681182563166,
    0.014750076709599798,
    0.013620485902201003,
    0.008230727050895812,
    0.007776356958562031,
    0.009346846580606385,
    0.01029804482704795
  ],
  "cg_iters": [
    4,
    19,
    6,
    4,
    3,
    3,
    5,
    10,
    5,
    9,
    8,
    8,
    7,
    7,
    9,
    11,
    8,
    10,
    8,
    7,
    10,
    9,
    9,
    10,
    9,
    9,
    9,
    10,
    7,
    10
  ],
  "entcoeff": [
    0.000507861930268137,
    0.0008938964520288675,
    0.00012801892076652122,
    0.0007986776662280806,
    0.0003196030525607915,
    0.0008880356545129444,
    0.0002319392938961511,
    0.0003872643469333326,
    9.442771173734305e-05,
    3.8922196664293585e-05,
    0.00010788943937763357,
    8.000726236335154e-05,
    7.365803012428957e-05,
    7.373506879875567e-05,
    4.5067475492516536e-05,
    0.00015262752332280562,
    0.00011640052517877645,
    8.312966587605016e-05,
    6.699975276359614e-05,
    3.6037847988669214e-05,
    8.677802838720523e-05,
    6.494754131649765e-05,
    2.715304561402789e-05,
    7.79559049494576e-05,
    4.552091182935034e-05,
    7.25714214839387e-05,
    5.5792095356755367e-05,
    6.298681214275242e-05,
    6.417226856130774e-05,
    3.7700762734866757e-05
  ],
  "cg_damping": [
    0.0025858598565266563,
    0.002871014988059429,
    0.739992538820278,
    0.001116889692017996,
    0.09126021223946115,
    0.011101242230819422,
    0.0023635077983305735,
    0.0003700979685086844,
    1.0,
    0.28748582084505003,
    0.8180187352170669,
    0.27337042115850674,
    0.1292665732284174,
    0.285371263793464,
    0.5468498726612222,
    0.023396741590301404,
    0.11415083661073924,
    0.015961160672455794,
    0.03525873270495137,
    0.12702063335907524,
    0.008263593835889241,
    0.03452869979832973,
    0.014290698456394272,
    0.03845671715621233,
    0.03161945059968865,
    0.03133289993869056,
    0.05528348422634927,
    0.04276707648910752,
    0.030840789140348306,
    0.032480286215893245
  ],
  "vf_stepsize": [
    2.1667402258816403e-05,
    0.0010779403739917639,
    0.013670800793640133,
    0.0011520903188680155,
    0.02875055184812897,
    0.00013693403318191185,
    0.00011412368426068672,
    4.630880687877348e-05,
    0.0003911017740985072,
    0.002926719983025942,
    7.664921417965645e-05,
    0.0005492075164303098,
    0.0005476800575859452,
    0.02195627502814344,
    0.0016245039184622024,
    0.00018716649361233092,
    0.0006472465466337236,
    0.001541372825191663,
    0.0006607369459213295,
    0.0007416380379411273,
    0.0010616364585197921,
    0.0011824271022150828,
    0.000811243364828541,
    0.002426721314362188,
    0.0018092010340975747,
    0.0023154095374362006,
    0.001334614655547627,
    0.001684522708588278,
    0.0015444002621771043,
    0.002541225973804503
  ],
  "vf_iters": [
    7,
    21,
    2,
    5,
    2,
    22,
    13,
    2,
    4,
    7,
    4,
    7,
    5,
    5,
    6,
    5,
    5,
    5,
    6,
    5,
    6,
    4,
    5,
    5,
    4,
    5,
    5,
    5,
    4,
    5
  ],
  "vf_minibatches": [
    2,
    29,
    9,
    10,
    3,
    2,
    30,
    3,
    12,
    7,
    25,
    6,
    11,
    20,
    22,
    11,
    10,
    8,
    10,
    9,
    16,
    15,
    13,
    11,
    10,
    11,
    17,
    13,
    11,
    12
  ],
  "num_envs": 4,
  "results_dir_name": "results",
  "storage_dir_name": "storage",
  "train_set": "remaining",
  "eval_set": "remaining",
  "OPENAI_LOG_FORMAT": "csv",
  "walltime_hrs": 0.3,
  "num_checkpoints": 100,
  "eval_ntrajs": 10,
  "eval_nsteps": 200,
  "eval_seed": 12345,
  "looping_tree": {
    "method": "fixed",
    "environment": "fixed",
    "total_timesteps": "fixed",
    "rng_seed": "zip",
    "policy_kwargs": "fixed",
    "timesteps_per_batch": "zip",
    "gamma": "zip",
    "lam": "zip",
    "max_kl": "zip",
    "cg_iters": "zip",
    "entcoeff": "zip",
    "cg_damping": "zip",
    "vf_stepsize": "zip",
    "vf_iters": "zip",
    "vf_minibatches": "zip"
  }
}