{
  "description": "Hyper-parameter optimization for trpo on a low frequency environment",
  "method": "trpo",
  "environment": "drop_leg_100hz",
  "total_timesteps": 4000000,
  "rng_seed": [
    0,
    0,
    0,
    2000,
    2000,
    0,
    2000,
    1000,
    2000,
    2000,
    2000,
    2000,
    1000,
    0,
    0,
    0,
    0,
    2000,
    0,
    1000,
    1000,
    2000,
    2000,
    0,
    0,
    1000,
    1000,
    1000,
    0,
    0
  ],
  "policy_kwargs": {
    "net_arch": [
      {
        "vf": [
          64,
          64
        ],
        "pi": [
          64,
          64
        ]
      }
    ]
  },
  "timesteps_per_batch": [
    15770,
    222,
    9508,
    1562,
    11530,
    9021,
    7991,
    786,
    1838,
    13410,
    14229,
    416,
    1357,
    8849,
    12558,
    10209,
    5038,
    13066,
    12515,
    812,
    5177,
    1130,
    7693,
    1201,
    1783,
    810,
    1515,
    602,
    963,
    990
  ],
  "gamma": [
    0.9998240710554608,
    0.9110438507402457,
    0.9992593076376669,
    0.9511827116208739,
    0.9966224374249048,
    0.9995754886633913,
    0.5562622354044957,
    0.872940088983862,
    0.8319562324377846,
    0.6228284077090724,
    0.4004668121028141,
    0.435973461923587,
    0.5681956033566491,
    0.9580360497891658,
    0.9925754380621806,
    0.7172663928002339,
    0.5639163746383786,
    0.6808305098308507,
    0.8893565030256811,
    0.903461551353549,
    0.5584606728323382,
    0.857856806078067,
    0.7733331443639979,
    0.8807808194296882,
    0.7965575076620139,
    0.7718996610517117,
    0.9009851176164378,
    0.8015631980068679,
    0.8997204705323629,
    0.9031482170088316
  ],
  "lam": [
    0.997428586770568,
    0.9998096880167983,
    0.9307251362693366,
    0.9998100337006802,
    0.3747926280424938,
    0.999800830634503,
    0.9995256519297564,
    0.7465762089779289,
    0.6182744187667,
    0.9535039087804411,
    0.9972187227641326,
    0.6888736458655311,
    0.9998401741957621,
    0.7019134355260612,
    0.9836100199120916,
    0.8644160417631359,
    0.9977815624438561,
    0.9849438544361947,
    0.7616917290257308,
    0.6284156706274564,
    0.9995139176349884,
    0.9560593205435929,
    0.9974980568893924,
    0.8973235582723729,
    0.5846624764989903,
    0.9674058732737003,
    0.97425134982922,
    0.9796863853800042,
    0.9714227978690201,
    0.9819436933304719
  ],
  "max_kl": [
    0.5914342883679192,
    0.5721154798918285,
    0.0019672223701360926,
    0.0037062084662781523,
    0.6368038932591632,
    0.0015094775644313185,
    0.4613238653917081,
    0.31369372834406367,
    0.003275129531720724,
    0.36720309930628137,
    0.0015571827630675927,
    0.22680338710317544,
    0.0025154832005383743,
    0.003104403744552392,
    0.014741215118774482,
    0.003601723159322501,
    0.018021557537077165,
    0.0048165165135268875,
    0.0034633281715010116,
    0.0015701370239136782,
    0.004645379355415947,
    0.001906422081994722,
    0.010059565017337502,
    0.004796583327125766,
    0.00860677007834252,
    0.008653348689106423,
    0.0018690468027211854,
    0.004206672193809917,
    0.006304323436667888,
    0.0036286636045941355
  ],
  "cg_iters": [
    20,
    1,
    15,
    17,
    6,
    2,
    18,
    15,
    16,
    11,
    13,
    16,
    17,
    14,
    19,
    15,
    4,
    7,
    19,
    11,
    17,
    17,
    17,
    15,
    14,
    15,
    20,
    16,
    20,
    20
  ],
  "entcoeff": [
    0.0004532675596444962,
    0.0008613839755012905,
    0.0009841098091071373,
    0.000769802907479751,
    4.395947453984478e-05,
    0.0007218015235644292,
    0.0006151185537948339,
    0.0006315891558092836,
    0.00023262746849775725,
    0.00044399172261315066,
    1.637601105985524e-05,
    8.51157968028519e-06,
    0.0003150791914408611,
    2.358178574359086e-06,
    0.0005733731382100409,
    4.937160779504495e-05,
    3.886575762211638e-05,
    0.0001097796990532586,
    0.00020098729794368588,
    5.1925750290478755e-05,
    8.105316231859578e-05,
    1.8910320056203498e-05,
    0.00020028153030447995,
    -3.3881317890172014e-21,
    0.00013264878065012022,
    6.16556379242117e-06,
    4.7926007656002675e-06,
    -3.3881317890172014e-21,
    6.287662240559734e-06,
    1.3593562501636861e-05
  ],
  "cg_damping": [
    0.05951674794746632,
    0.8427172506498912,
    0.4601370232741192,
    0.7587918108764445,
    0.19365114750944135,
    0.00017036928320671716,
    0.08255723839130163,
    0.473453783794253,
    0.9237181313352198,
    0.010821528298407627,
    0.3113740020690359,
    0.4235714965098084,
    0.020271119863468218,
    0.298698889234272,
    0.08228314874743416,
    0.07376940820406892,
    0.05674640046775955,
    0.9872534446921478,
    0.4314373639343517,
    0.018265920388219562,
    0.688395141848181,
    0.09751900371867823,
    0.35209372644771014,
    0.12842749802866382,
    0.0446836961178761,
    0.07148406313622309,
    0.07544825257399732,
    0.04789179263693335,
    0.19945086485230293,
    0.169733393385314
  ],
  "vf_stepsize": [
    3.979130609955167e-06,
    0.00038480271188548107,
    6.113745488692545e-06,
    3.0953018816516536e-06,
    0.000220203344200269,
    1.2484733961290553e-05,
    3.1087321103556405e-05,
    1.1297012136926274e-05,
    6.82607030873995e-06,
    6.648671933487265e-06,
    3.949762941979306e-06,
    3.3256489457339413e-06,
    3.5176563312237182e-06,
    4.811181268694454e-06,
    3.2759819313914964e-06,
    4.392312056334819e-06,
    3.839975858569797e-06,
    9.047518940539147e-06,
    4.122919886777968e-06,
    3.969315739766198e-06,
    5.807187934683741e-06,
    0.0016146141664370253,
    4.742103578686769e-06,
    0.010021027214675645,
    4.889048667963918e-06,
    0.003412690168376189,
    0.0062325085563382215,
    0.007305694698381826,
    0.012057488177687248,
    0.003649532185523038
  ],
  "vf_iters": [
    23,
    13,
    3,
    1,
    20,
    1,
    3,
    5,
    7,
    21,
    8,
    3,
    9,
    13,
    21,
    1,
    2,
    7,
    3,
    3,
    1,
    2,
    10,
    3,
    5,
    3,
    3,
    2,
    3,
    3
  ],
  "vf_minibatches": [
    41,
    9,
    18,
    16,
    1,
    14,
    2,
    1,
    4,
    3,
    5,
    37,
    11,
    20,
    2,
    16,
    1,
    2,
    2,
    12,
    8,
    13,
    20,
    18,
    5,
    15,
    26,
    16,
    12,
    16
  ],
  "num_envs": 4,
  "results_dir_name": "results",
  "storage_dir_name": "storage",
  "train_set": "remaining",
  "eval_set": "remaining",
  "OPENAI_LOG_FORMAT": "csv",
  "walltime_hrs": 0.3,
  "num_checkpoints": 100,
  "eval_ntrajs": 10,
  "eval_nsteps": 200,
  "eval_seed": 12345,
  "looping_tree": {
    "method": "fixed",
    "environment": "fixed",
    "total_timesteps": "fixed",
    "rng_seed": "zip",
    "policy_kwargs": "fixed",
    "timesteps_per_batch": "zip",
    "gamma": "zip",
    "lam": "zip",
    "max_kl": "zip",
    "cg_iters": "zip",
    "entcoeff": "zip",
    "cg_damping": "zip",
    "vf_stepsize": "zip",
    "vf_iters": "zip",
    "vf_minibatches": "zip"
  }
}