{
  "description": "Hyper-parameter optimization for trpo on a low frequency environment",
  "method": "trpo",
  "environment": "drop_leg_100hz",
  "total_timesteps": 4000000,
  "rng_seed": [
    2000,
    1000,
    1000,
    2000,
    1000,
    0,
    1000,
    1000,
    1000,
    1000,
    1000,
    1000,
    2000,
    2000,
    2000,
    1000,
    2000,
    0,
    0,
    2000,
    2000,
    1000,
    1000,
    2000,
    1000,
    0,
    1000,
    2000,
    2000,
    0
  ],
  "policy_kwargs": {
    "net_arch": [
      {
        "vf": [
          64,
          64
        ],
        "pi": [
          64,
          64
        ]
      }
    ]
  },
  "timesteps_per_batch": [
    16143,
    2118,
    6072,
    14350,
    4901,
    99,
    1177,
    288,
    662,
    198,
    255,
    343,
    195,
    996,
    1110,
    259,
    294,
    181,
    375,
    581,
    515,
    309,
    398,
    364,
    630,
    1135,
    374,
    435,
    406,
    411
  ],
  "gamma": [
    0.9859694774758003,
    0.7759517147760988,
    0.9961965923825918,
    0.8695709579570121,
    0.758040291841829,
    0.8920943645186401,
    0.36,
    0.39118744875468925,
    0.48024943796775643,
    0.7782827617078485,
    0.36,
    0.36,
    0.37422114276014107,
    0.36,
    0.36,
    0.4394702267647379,
    0.36,
    0.37712425083778967,
    0.36,
    0.36,
    0.36,
    0.36,
    0.3661723768829678,
    0.5038419149410458,
    0.36,
    0.36,
    0.36,
    0.36,
    0.36,
    0.495498887981105
  ],
  "lam": [
    0.7171960899677887,
    0.4417651041781461,
    0.998878899539861,
    0.9880639107784577,
    0.4577484649092164,
    0.9894902769727331,
    0.740385871319126,
    0.9907421722910789,
    0.9015092186789431,
    0.7469526593599132,
    0.9518799770818575,
    0.36,
    0.36,
    0.36,
    0.8735729662734102,
    0.7485546296021128,
    0.36,
    0.6623699405386874,
    0.6375787513899163,
    0.36,
    0.36,
    0.36,
    0.36,
    0.7240238796377985,
    0.4940255635552664,
    0.628766130830759,
    0.7320026490599125,
    0.7632068185984917,
    0.5488497977238933,
    0.36
  ],
  "max_kl": [
    0.02575202312042708,
    0.35932266762238396,
    0.05143245780571679,
    0.4390673776347708,
    0.0035081077303767212,
    0.30913901444720426,
    0.1065645370396072,
    0.02821920553909179,
    0.2291190343758979,
    0.64,
    0.3082032994645442,
    0.09959443991017881,
    0.3859848879037661,
    0.3534085719911376,
    0.2548208982203962,
    0.64,
    0.2274674654194181,
    0.2007511078372792,
    0.19960952586405176,
    0.11109901426195189,
    0.11566657532135909,
    0.17097448508355415,
    0.35151393012659776,
    0.24148758402437387,
    0.14510662281843667,
    0.3128585624813596,
    0.23358478007018635,
    0.3918627565398182,
    0.3700039599525938,
    0.37261207604821583
  ],
  "cg_iters": [
    1,
    9,
    4,
    9,
    1,
    9,
    5,
    3,
    2,
    4,
    4,
    3,
    4,
    3,
    3,
    2,
    3,
    4,
    2,
    3,
    4,
    3,
    3,
    3,
    3,
    4,
    3,
    4,
    3,
    3
  ],
  "entcoeff": [
    0.000411126081655688,
    0.00037487740752250513,
    0.0008490499312979911,
    0.00030697032819848504,
    0.00044161113317402515,
    0.00025580464412570454,
    0.0003565875075042522,
    0.0007388859654261889,
    0.0003264110530412088,
    0.0002401144517034236,
    0.0008165167729675975,
    0.00015515360996644202,
    0.0005240565225023019,
    0.00032051360680365927,
    0.0002859223485289818,
    0.0003880607638330704,
    0.0006937666997368359,
    0.00019591214317818447,
    0.0004007654530813261,
    0.0009403900360946311,
    0.00019822953178134676,
    0.0003824947817074504,
    0.00033049883280717346,
    0.0004108512605963121,
    0.0005232493986645037,
    0.0003643232914115682,
    0.0003306561377756751,
    0.0003926709746672282,
    0.0002446774509861127,
    0.0003994510519264882
  ],
  "cg_damping": [
    0.04370131810168596,
    0.001109392668533288,
    0.3433834725348982,
    0.05344587546310111,
    0.019933132648605186,
    0.006694405878528304,
    1.0,
    0.00010268187551132353,
    0.012577000385569618,
    0.024908164220312754,
    0.25746950770083993,
    0.0909301525239244,
    0.5741577354118366,
    0.03430744739663441,
    0.2697147586399654,
    0.11966620008739841,
    0.026299930320401115,
    0.03974755988961754,
    0.11510956760562709,
    0.051112779316023094,
    0.14450981444303856,
    0.019084713533193402,
    0.12625751846327854,
    0.05884503333235011,
    0.10471446828554319,
    0.06702592752079232,
    0.20568036101350698,
    0.11482819881159867,
    0.11855385022255473,
    0.13202024588586525
  ],
  "vf_stepsize": [
    0.008520884202446675,
    0.0005699469612763954,
    0.0006775117073146394,
    0.007173091778452434,
    0.0010353389214676077,
    0.027875302106247238,
    0.009206141237151754,
    0.0016130992374624718,
    0.024290442600901897,
    0.0012818101228340402,
    0.013574126098721516,
    0.008279618952949484,
    0.029999999999999995,
    0.029999999999999995,
    0.028266293134048198,
    0.011836249949087057,
    0.00898587171069124,
    0.029999999999999995,
    0.029999999999999995,
    0.029999999999999995,
    0.029999999999999995,
    0.029999999999999995,
    0.02775889970053042,
    0.025464684824957645,
    0.011717340874578982,
    0.015837501925922006,
    0.029999999999999995,
    0.01494492189745546,
    0.029999999999999995,
    0.029999999999999995
  ],
  "vf_iters": [
    1,
    7,
    16,
    9,
    2,
    2,
    2,
    3,
    3,
    2,
    2,
    3,
    3,
    2,
    2,
    3,
    2,
    2,
    2,
    2,
    2,
    3,
    2,
    2,
    2,
    2,
    2,
    2,
    3,
    2
  ],
  "vf_minibatches": [
    62,
    3,
    2,
    48,
    2,
    1,
    2,
    24,
    5,
    4,
    3,
    4,
    3,
    4,
    3,
    3,
    4,
    3,
    7,
    3,
    4,
    3,
    3,
    3,
    5,
    4,
    2,
    4,
    5,
    3
  ],
  "num_envs": 4,
  "results_dir_name": "results",
  "storage_dir_name": "storage",
  "train_set": "remaining",
  "eval_set": "remaining",
  "OPENAI_LOG_FORMAT": "csv",
  "walltime_hrs": 0.3,
  "num_checkpoints": 100,
  "eval_ntrajs": 10,
  "eval_nsteps": 200,
  "eval_seed": 12345,
  "looping_tree": {
    "method": "fixed",
    "environment": "fixed",
    "total_timesteps": "fixed",
    "rng_seed": "zip",
    "policy_kwargs": "fixed",
    "timesteps_per_batch": "zip",
    "gamma": "zip",
    "lam": "zip",
    "max_kl": "zip",
    "cg_iters": "zip",
    "entcoeff": "zip",
    "cg_damping": "zip",
    "vf_stepsize": "zip",
    "vf_iters": "zip",
    "vf_minibatches": "zip"
  }
}