{
  "description": "Hyper-parameter optimization for trpo on a low frequency environment",
  "method": "trpo",
  "environment": "drop_leg_100hz",
  "total_timesteps": 4000000,
  "rng_seed": [
    2000,
    0,
    1000,
    2000,
    1000,
    0,
    1000,
    0,
    0,
    0,
    1000,
    2000,
    0,
    2000,
    1000,
    0,
    0,
    0,
    1000,
    1000,
    2000,
    0,
    0,
    1000,
    0,
    0,
    2000,
    1000,
    1000,
    2000
  ],
  "policy_kwargs": {
    "net_arch": [
      {
        "vf": [
          64,
          64
        ],
        "pi": [
          64,
          64
        ]
      }
    ]
  },
  "timesteps_per_batch": [
    718,
    699,
    788,
    914,
    826,
    704,
    683,
    736,
    750,
    760,
    644,
    787,
    814,
    752,
    716,
    666,
    746,
    722,
    683,
    719,
    729,
    711,
    675,
    723,
    700,
    713,
    737,
    739,
    673,
    703
  ],
  "gamma": [
    0.9073643765772248,
    0.9114383077097412,
    0.9346308049206442,
    0.9177641971127022,
    0.9200998476041933,
    0.913179806864061,
    0.9073643765772248,
    0.9286840826729171,
    0.9194321002562416,
    0.9150823509274851,
    0.9306429094964412,
    0.9287313392366403,
    0.9080259586733891,
    0.9193936880131863,
    0.9073643765772248,
    0.9123226066598811,
    0.9230741620142185,
    0.9109835970530393,
    0.9073643765772248,
    0.9112358767821281,
    0.9129363352833341,
    0.9188571043238069,
    0.9140643383082392,
    0.9094594617285964,
    0.9155786566969368,
    0.9222464348955071,
    0.9130547618802534,
    0.9191529490822905,
    0.9091129827424033,
    0.9152440800819681
  ],
  "lam": [
    0.5269070538030327,
    0.5376834411173166,
    0.5200981189379272,
    0.5269894880901002,
    0.5422275075328424,
    0.5399946183907224,
    0.49313360901867453,
    0.504837409740311,
    0.49960045189267277,
    0.49238123819442337,
    0.4755078519012379,
    0.5532430073356553,
    0.5345440008371869,
    0.5394434525610994,
    0.5314313933928283,
    0.47903688867787,
    0.5052440427806985,
    0.5013624112392097,
    0.5119064898071517,
    0.5321876035238997,
    0.5007214532953729,
    0.5114974625904036,
    0.5144777562466004,
    0.551341341749073,
    0.5197720747346655,
    0.5033021257914053,
    0.5167568822264148,
    0.5247901428920879,
    0.5160151638698967,
    0.5218545416621226
  ],
  "max_kl": [
    0.3169441862530606,
    0.3418281778336391,
    0.3239211555404102,
    0.32199222790737764,
    0.3115138791617194,
    0.3329921545517955,
    0.3038699189289487,
    0.31900892644918905,
    0.31881537089550355,
    0.32240480350449274,
    0.32603249437309717,
    0.33000518188226396,
    0.3177521179198271,
    0.31761966510153294,
    0.31599560886203093,
    0.33286729908466745,
    0.32212336538796754,
    0.3151618023710001,
    0.3077878924386189,
    0.31080054777211796,
    0.3150341759021279,
    0.31709490941933033,
    0.32757744551328594,
    0.32716598195166047,
    0.3232268462029618,
    0.31681856109759854,
    0.3200958121420798,
    0.32728240928486896,
    0.32574794431147364,
    0.315127541294243
  ],
  "cg_iters": [
    3,
    3,
    3,
    3,
    3,
    3,
    2,
    3,
    2,
    3,
    3,
    3,
    3,
    3,
    3,
    3,
    3,
    3,
    3,
    3,
    3,
    3,
    3,
    3,
    3,
    3,
    3,
    3,
    3,
    3
  ],
  "entcoeff": [
    0.0001339609257851046,
    0.00013931970533067315,
    0.00013713313798951825,
    0.00014347710340294434,
    0.000154328221347972,
    0.00016446053503355385,
    0.0001472003373159763,
    0.00015023141535303448,
    0.0001640299769454995,
    0.00013869808745261352,
    0.00014552078889846205,
    0.00015030813041386567,
    0.00015306378802593766,
    0.00016174793508609447,
    0.00016023364533779985,
    0.0001466038057761314,
    0.00015467868693716974,
    0.00016084642598269177,
    0.00014594575374318782,
    0.0001405821367076374,
    0.00014945334148443664,
    0.00014617116514748822,
    0.0001545911603041649,
    0.0001489809439238985,
    0.0001541773112534808,
    0.00015217725307110322,
    0.00015723715595024524,
    0.00015919338436071762,
    0.00014976036967682656,
    0.000140881586231884
  ],
  "cg_damping": [
    0.02195796871709686,
    0.018259020990828878,
    0.015060443889039841,
    0.01882924179966551,
    0.015060443889039841,
    0.015060443889039841,
    0.018275203915763368,
    0.019776142496168037,
    0.01888610851958276,
    0.01566030676286151,
    0.015060443889039841,
    0.015638712135927213,
    0.017436572588167838,
    0.01569183849785851,
    0.015060443889039841,
    0.015060443889039841,
    0.015060443889039841,
    0.015060443889039841,
    0.01557799152506117,
    0.015060443889039841,
    0.016837020656400227,
    0.015113417767609825,
    0.015060443889039841,
    0.015396641699975795,
    0.01600356547909797,
    0.015331257934985366,
    0.01576169145858213,
    0.01557683040666975,
    0.015479136846273821,
    0.015060443889039841
  ],
  "vf_stepsize": [
    0.003219207449360633,
    0.0042343864806910275,
    0.003911867808063592,
    0.003748621708445052,
    0.002470538983055371,
    0.004104339083433422,
    0.002624391652419275,
    0.0029272118646700763,
    0.0035868466794021637,
    0.003994538040217975,
    0.003727956042856549,
    0.003285026051212462,
    0.003388717746500202,
    0.004039520789738644,
    0.0030286040764615552,
    0.003616383467587197,
    0.003426671853276658,
    0.003450530692078427,
    0.003948798431697931,
    0.0034675166209231978,
    0.0036570165325489567,
    0.00373844507427061,
    0.004101852356100646,
    0.00399729526436611,
    0.0036101877708069803,
    0.0033937288240398003,
    0.0034798598579664553,
    0.003900550125593569,
    0.004137884606013794,
    0.003805925637506848
  ],
  "vf_iters": [
    2,
    2,
    2,
    2,
    2,
    2,
    2,
    2,
    2,
    2,
    2,
    2,
    2,
    2,
    2,
    2,
    2,
    2,
    2,
    2,
    2,
    2,
    2,
    2,
    2,
    2,
    2,
    2,
    2,
    2
  ],
  "vf_minibatches": [
    3,
    3,
    3,
    3,
    3,
    3,
    3,
    3,
    3,
    3,
    3,
    3,
    3,
    3,
    3,
    3,
    3,
    3,
    3,
    3,
    3,
    3,
    3,
    3,
    3,
    3,
    3,
    3,
    3,
    3
  ],
  "num_envs": 4,
  "results_dir_name": "results",
  "storage_dir_name": "storage",
  "train_set": "remaining",
  "eval_set": "remaining",
  "OPENAI_LOG_FORMAT": "csv",
  "walltime_hrs": 0.3,
  "num_checkpoints": 100,
  "eval_ntrajs": 10,
  "eval_nsteps": 200,
  "eval_seed": 12345,
  "looping_tree": {
    "method": "fixed",
    "environment": "fixed",
    "total_timesteps": "fixed",
    "rng_seed": "zip",
    "policy_kwargs": "fixed",
    "timesteps_per_batch": "zip",
    "gamma": "zip",
    "lam": "zip",
    "max_kl": "zip",
    "cg_iters": "zip",
    "entcoeff": "zip",
    "cg_damping": "zip",
    "vf_stepsize": "zip",
    "vf_iters": "zip",
    "vf_minibatches": "zip"
  }
}