{
  "description": "Hyper-parameter optimization for trpo on a low frequency environment",
  "method": "trpo",
  "environment": "drop_leg_100hz",
  "total_timesteps": 4000000,
  "rng_seed": [
    0,
    1000,
    2000,
    2000,
    0,
    1000,
    2000,
    1000,
    2000,
    0,
    1000,
    1000,
    1000,
    0,
    1000,
    1000,
    2000,
    2000,
    1000,
    0,
    1000,
    2000,
    0,
    0,
    2000,
    1000,
    2000,
    1000,
    2000,
    2000
  ],
  "policy_kwargs": {
    "net_arch": [
      {
        "vf": [
          64,
          64
        ],
        "pi": [
          64,
          64
        ]
      }
    ]
  },
  "timesteps_per_batch": [
    1328,
    906,
    284,
    1335,
    650,
    1062,
    657,
    397,
    620,
    860,
    622,
    998,
    879,
    822,
    625,
    641,
    556,
    499,
    600,
    804,
    726,
    635,
    678,
    590,
    671,
    682,
    562,
    689,
    660,
    699
  ],
  "gamma": [
    0.9938759354127673,
    0.9919797375321701,
    0.9880609297627853,
    0.9707531492183666,
    0.9467852688272661,
    0.9861020094842896,
    0.986441731443931,
    0.9704966537017533,
    0.9826087999915905,
    0.9234044367261575,
    0.9725967843790648,
    0.975774506453733,
    0.9694147641728805,
    0.9613007773000312,
    0.9450487157525629,
    0.9436145788980684,
    0.9605344597531715,
    0.9662026729870201,
    0.9409062726336762,
    0.9545989717017401,
    0.959995613175435,
    0.9596124355462916,
    0.9626966906580033,
    0.944666555184186,
    0.9500543354574182,
    0.955443099551936,
    0.957565621448888,
    0.9549993274739935,
    0.959779724028762,
    0.9476578323487946
  ],
  "lam": [
    0.8733262180543719,
    0.8765580671895064,
    0.8565683868825433,
    0.8765171375155125,
    0.8757356284980501,
    0.7664737291052124,
    0.4444800029126902,
    0.7678244766347578,
    0.36,
    0.36,
    0.36,
    0.4382376590416237,
    0.36,
    0.40126142146276444,
    0.3750619794579704,
    0.36,
    0.36,
    0.36,
    0.36,
    0.36895598528645823,
    0.36,
    0.4012091939954039,
    0.4025624766170435,
    0.367179161649676,
    0.36,
    0.36,
    0.36,
    0.4018528573239757,
    0.41640063055093524,
    0.36
  ],
  "max_kl": [
    0.5818877570719108,
    0.21934347023903414,
    0.22331480747962,
    0.18855673736265313,
    0.22000468532749842,
    0.21855194885108906,
    0.18824982338372934,
    0.3333747150980291,
    0.37635264920567235,
    0.38833032108447,
    0.3280118194898542,
    0.2814179802258772,
    0.3145954406621943,
    0.35039395852360267,
    0.3319343411774243,
    0.37614496965600563,
    0.3766082150663044,
    0.3328086741825936,
    0.3462031457561697,
    0.34697861137634317,
    0.34442691963722577,
    0.3273035346111115,
    0.3091243742630032,
    0.31302009181569423,
    0.33612452084677596,
    0.3507500114729877,
    0.35676410430059,
    0.3154222537790446,
    0.3381067688526225,
    0.3273756690076098
  ],
  "cg_iters": [
    3,
    4,
    2,
    4,
    2,
    3,
    4,
    2,
    3,
    4,
    4,
    3,
    3,
    3,
    3,
    3,
    4,
    3,
    3,
    3,
    3,
    3,
    3,
    3,
    3,
    3,
    3,
    3,
    3,
    3
  ],
  "entcoeff": [
    0.0004760930951793372,
    0.00048055052685677994,
    0.00022986840478215142,
    0.0007332996944700108,
    0.00012978008237414634,
    0.00014495706576940235,
    0.0007855126918716494,
    0.0005710670158695741,
    0.00027190356305681253,
    0.00031272582132497605,
    0.0003297149018399715,
    0.000378083523378908,
    0.00035907201854607667,
    0.0003569859261045933,
    0.000235211955007736,
    0.0003229746060504673,
    0.0002712357727002271,
    0.0003368713935204953,
    0.0002965684990646776,
    0.0003433917578692334,
    0.0003083910778618831,
    0.0003223454091280746,
    0.0003001989352083217,
    0.00028828868216102075,
    0.00023068999795589095,
    0.00034946689553396767,
    0.0003180071684908631,
    0.00027909989362628966,
    0.0002865057622076693,
    0.00027127571639405006
  ],
  "cg_damping": [
    0.47463666996818127,
    0.06631392294950858,
    0.48780149686744734,
    0.3919340997989531,
    0.06639592968836554,
    0.17617618968840398,
    0.05943586279741327,
    0.13065550754983726,
    0.015155182333539253,
    0.015060443889039841,
    0.033420110661878215,
    0.032573324761377365,
    0.015060443889039841,
    0.015111038994884347,
    0.015060443889039841,
    0.0312011660664882,
    0.015060443889039841,
    0.029229557817005546,
    0.015060443889039841,
    0.02030589668277484,
    0.0320871929739176,
    0.01672809347170968,
    0.02342438148529271,
    0.02304104804213673,
    0.020223171416005856,
    0.01804604246610003,
    0.02099829478998725,
    0.022646674525744127,
    0.01970666112037085,
    0.02200214368916117
  ],
  "vf_stepsize": [
    0.0029917995111005406,
    0.010880214943828456,
    0.003650245600798707,
    0.009197751341303724,
    0.014358889086436212,
    0.0026795033495548974,
    0.008993316513127228,
    0.0006500735909124421,
    0.0068218884711291955,
    0.0019923341719478025,
    0.0030386083600224575,
    0.007046026866769359,
    0.004376441469559247,
    0.010086347538209497,
    0.0032871341201677327,
    0.0022676050838310066,
    0.006302469343545819,
    0.006553290362279501,
    0.005407462216267262,
    0.002962930654643496,
    0.004255592208144502,
    0.004531406926968725,
    0.005466767338012046,
    0.0038572267049852183,
    0.005242182598220303,
    0.0057267984710367825,
    0.004379861267324508,
    0.004568986286079076,
    0.003809480681665023,
    0.004697004666871961
  ],
  "vf_iters": [
    2,
    2,
    3,
    2,
    2,
    2,
    2,
    2,
    2,
    2,
    2,
    2,
    2,
    2,
    2,
    2,
    2,
    2,
    2,
    2,
    2,
    2,
    2,
    2,
    2,
    2,
    2,
    2,
    2,
    2
  ],
  "vf_minibatches": [
    6,
    6,
    2,
    3,
    5,
    8,
    9,
    6,
    3,
    5,
    4,
    4,
    4,
    4,
    3,
    4,
    3,
    4,
    4,
    3,
    4,
    3,
    4,
    4,
    4,
    4,
    3,
    4,
    4,
    3
  ],
  "num_envs": 4,
  "results_dir_name": "results",
  "storage_dir_name": "storage",
  "train_set": "remaining",
  "eval_set": "remaining",
  "OPENAI_LOG_FORMAT": "csv",
  "walltime_hrs": 0.3,
  "num_checkpoints": 100,
  "eval_ntrajs": 10,
  "eval_nsteps": 200,
  "eval_seed": 12345,
  "looping_tree": {
    "method": "fixed",
    "environment": "fixed",
    "total_timesteps": "fixed",
    "rng_seed": "zip",
    "policy_kwargs": "fixed",
    "timesteps_per_batch": "zip",
    "gamma": "zip",
    "lam": "zip",
    "max_kl": "zip",
    "cg_iters": "zip",
    "entcoeff": "zip",
    "cg_damping": "zip",
    "vf_stepsize": "zip",
    "vf_iters": "zip",
    "vf_minibatches": "zip"
  }
}