{
  "description": "Hyper-parameter optimization for trpo on a low frequency environment",
  "method": "trpo",
  "environment": "drop_leg_100hz",
  "total_timesteps": 4000000,
  "rng_seed": [
    2000,
    1000,
    0,
    2000,
    2000,
    1000,
    0,
    0,
    0,
    0,
    2000,
    2000,
    0,
    0,
    0,
    1000,
    0,
    1000,
    2000,
    0,
    2000,
    1000,
    2000,
    2000,
    2000,
    1000,
    1000,
    1000,
    1000,
    1000
  ],
  "policy_kwargs": {
    "net_arch": [
      {
        "vf": [
          64,
          64
        ],
        "pi": [
          64,
          64
        ]
      }
    ]
  },
  "timesteps_per_batch": [
    366,
    365,
    613,
    313,
    824,
    566,
    574,
    453,
    669,
    656,
    772,
    497,
    609,
    755,
    620,
    682,
    678,
    679,
    758,
    713,
    568,
    695,
    627,
    735,
    701,
    644,
    645,
    598,
    631,
    671
  ],
  "gamma": [
    0.9540502929189325,
    0.9073643765772248,
    0.9735525355817053,
    0.9291024790312051,
    0.9233669682921738,
    0.9398709688276962,
    0.9135339624041849,
    0.9472202656453729,
    0.9073643765772248,
    0.9432913278306119,
    0.9427485269790026,
    0.9276634056157079,
    0.9345636815706299,
    0.9410174072020746,
    0.9373327473152986,
    0.928520636823213,
    0.9356899413540801,
    0.9073643765772248,
    0.9466631554207455,
    0.945820361229878,
    0.9279608092199315,
    0.9513309149785114,
    0.9376248548468302,
    0.9389444210658834,
    0.9550017367397706,
    0.9401640547434025,
    0.9350707470296084,
    0.9480592662366387,
    0.9494901889882167,
    0.9419548608866417
  ],
  "lam": [
    0.36,
    0.44417225525608406,
    0.36349938849564745,
    0.4886212751448049,
    0.36,
    0.36,
    0.36,
    0.4577335558820176,
    0.36,
    0.45513625203385866,
    0.39067894949661963,
    0.36,
    0.36,
    0.3725387115808244,
    0.44755498898388224,
    0.36,
    0.41946605965919637,
    0.36,
    0.36,
    0.36,
    0.36,
    0.41953153393549525,
    0.36,
    0.3641916113613829,
    0.4223047246489514,
    0.36,
    0.37979203614614065,
    0.36,
    0.36,
    0.36
  ],
  "max_kl": [
    0.3328261219870664,
    0.39538580934985695,
    0.39727384130397353,
    0.38119636490476283,
    0.3451762964078279,
    0.3764463437767004,
    0.32701898765001924,
    0.33939605723590555,
    0.3396209154115412,
    0.3353362108291913,
    0.33758941161165873,
    0.36092070801819987,
    0.32736499963804655,
    0.35505757816105354,
    0.3452799900073015,
    0.3795304781363566,
    0.38401065307863624,
    0.33242692069565044,
    0.33374550755929566,
    0.33496407460792976,
    0.3452972501299364,
    0.32388811681900653,
    0.3238883641188664,
    0.34024538449888847,
    0.3436922122332168,
    0.3949760275044263,
    0.3531015096663647,
    0.34099952434924913,
    0.3195248643651603,
    0.37886792186023777
  ],
  "cg_iters": [
    3,
    3,
    3,
    3,
    3,
    2,
    2,
    3,
    3,
    3,
    3,
    3,
    3,
    3,
    3,
    3,
    3,
    3,
    3,
    3,
    3,
    3,
    3,
    3,
    3,
    3,
    3,
    3,
    3,
    3
  ],
  "entcoeff": [
    0.0002245772768468651,
    0.0002890848355895194,
    0.00027357103136439693,
    0.0004078929177354292,
    0.0004881349901584496,
    0.0002611950994912166,
    0.00037566182961930425,
    0.0003641958892169462,
    0.0002340509718285931,
    0.0003171720938436865,
    0.0003555355144067376,
    0.0003240745569715337,
    0.0003100225554023366,
    0.00036727484080487544,
    0.0003190902604192636,
    0.00030028092171394686,
    0.0002755846869170754,
    0.00033541472715517025,
    0.0003256839428893154,
    0.00027964426718553407,
    0.00030701860862484203,
    0.00032610628363648057,
    0.0003332555801660126,
    0.00032993768511658384,
    0.0003175395259592739,
    0.00035108799301683985,
    0.0003383670666163755,
    0.0002748888433681935,
    0.0002723301986135368,
    0.00028225293522185437
  ],
  "cg_damping": [
    0.015060443889039841,
    0.015060443889039841,
    0.015060443889039841,
    0.015060443889039841,
    0.015060443889039841,
    0.015060443889039841,
    0.023889659326532392,
    0.040184950988797,
    0.015060443889039841,
    0.023071137502151506,
    0.018907889480131203,
    0.02246305360617833,
    0.017670676705106674,
    0.030045580425576562,
    0.03211222048652527,
    0.017865024867020098,
    0.023557608951090468,
    0.015060443889039841,
    0.021708126998887807,
    0.015060443889039841,
    0.020553063564302705,
    0.03835550208541192,
    0.022123911884226036,
    0.020634632272218626,
    0.020148860789037815,
    0.03612476161728024,
    0.01826897931250781,
    0.017901012698858708,
    0.024151818604910353,
    0.025707680305601034
  ],
  "vf_stepsize": [
    0.015794467222014084,
    0.00295237662458832,
    0.0015574417721034256,
    0.009097887374284698,
    0.003606093869947365,
    0.011278334327208242,
    0.003983321953031916,
    0.0050379208222254565,
    0.0034341053739879073,
    0.0028530911950316374,
    0.0041445302068239265,
    0.00573859055534918,
    0.0021384994724693105,
    0.005249599270132645,
    0.003545867424848219,
    0.0032719253840653058,
    0.004881881229588312,
    0.0047894197906090666,
    0.006511138858935156,
    0.003836537321136423,
    0.004318930141845377,
    0.005629127075843378,
    0.003787834203396059,
    0.005493369958067497,
    0.004439697936748755,
    0.005059010586743465,
    0.004691757315865628,
    0.004064959987159471,
    0.004707587571704607,
    0.005084214930640568
  ],
  "vf_iters": [
    2,
    2,
    2,
    2,
    2,
    2,
    2,
    2,
    2,
    2,
    2,
    2,
    2,
    2,
    2,
    2,
    2,
    2,
    2,
    2,
    2,
    2,
    2,
    2,
    2,
    2,
    2,
    2,
    2,
    2
  ],
  "vf_minibatches": [
    3,
    6,
    6,
    5,
    5,
    5,
    5,
    4,
    5,
    6,
    5,
    4,
    4,
    4,
    4,
    4,
    4,
    4,
    5,
    4,
    4,
    5,
    4,
    4,
    5,
    4,
    4,
    4,
    4,
    4
  ],
  "num_envs": 4,
  "results_dir_name": "results",
  "storage_dir_name": "storage",
  "train_set": "remaining",
  "eval_set": "remaining",
  "OPENAI_LOG_FORMAT": "csv",
  "walltime_hrs": 0.3,
  "num_checkpoints": 100,
  "eval_ntrajs": 10,
  "eval_nsteps": 200,
  "eval_seed": 12345,
  "looping_tree": {
    "method": "fixed",
    "environment": "fixed",
    "total_timesteps": "fixed",
    "rng_seed": "zip",
    "policy_kwargs": "fixed",
    "timesteps_per_batch": "zip",
    "gamma": "zip",
    "lam": "zip",
    "max_kl": "zip",
    "cg_iters": "zip",
    "entcoeff": "zip",
    "cg_damping": "zip",
    "vf_stepsize": "zip",
    "vf_iters": "zip",
    "vf_minibatches": "zip"
  }
}