{
  "description": "Hyper-parameter optimization for trpo on a low frequency environment",
  "method": "trpo",
  "environment": "drop_leg_100hz",
  "total_timesteps": 4000000,
  "rng_seed": [
    2000,
    1000,
    0,
    0,
    2000,
    0,
    0,
    0,
    2000,
    0,
    0,
    0,
    2000,
    0,
    2000,
    0,
    0,
    2000,
    0,
    0,
    2000,
    1000,
    2000,
    1000,
    1000,
    1000,
    1000,
    0,
    1000,
    0
  ],
  "policy_kwargs": {
    "net_arch": [
      {
        "vf": [
          64,
          64
        ],
        "pi": [
          64,
          64
        ]
      }
    ]
  },
  "timesteps_per_batch": [
    437,
    303,
    423,
    331,
    337,
    359,
    254,
    409,
    455,
    523,
    438,
    425,
    501,
    459,
    377,
    403,
    405,
    564,
    389,
    406,
    420,
    439,
    339,
    344,
    354,
    376,
    432,
    385,
    452,
    461
  ],
  "gamma": [
    0.974300040042798,
    0.9704088424900651,
    0.9644079464612942,
    0.9654761533335992,
    0.9715496235689182,
    0.9567134421774861,
    0.9607979161130956,
    0.9663852568689968,
    0.9670103158730539,
    0.9655924751232993,
    0.9666273183722676,
    0.9508406830140939,
    0.9698014723301729,
    0.957020762697112,
    0.9726362011546503,
    0.9658228979261911,
    0.9657942966563421,
    0.9645503960490378,
    0.9691168770030182,
    0.9656552305808724,
    0.9716232084583267,
    0.9624209373257476,
    0.9699639995553709,
    0.9711694791154651,
    0.9725468711091277,
    0.9694575550272708,
    0.962608389668868,
    0.9682091332080386,
    0.9627849290559644,
    0.9652185206696277
  ],
  "lam": [
    0.6402969178123001,
    0.36666914194005396,
    0.36,
    0.4308378924946281,
    0.36,
    0.5740105441077372,
    0.46817517330222846,
    0.3919477306567307,
    0.43498039542557887,
    0.36,
    0.36,
    0.45965764705538903,
    0.5041757653637498,
    0.36513519966588115,
    0.36,
    0.36,
    0.36,
    0.36,
    0.36,
    0.36,
    0.40533308694854053,
    0.36,
    0.5039132010289233,
    0.36,
    0.38510165498729476,
    0.36,
    0.386116900434777,
    0.36,
    0.3614500357370035,
    0.37731511199362344
  ],
  "max_kl": [
    0.4903438964083774,
    0.41257895336622274,
    0.5169369530610138,
    0.4179893182219014,
    0.37172776234102267,
    0.3991610781786325,
    0.4969316480710702,
    0.6093022776060332,
    0.5957967736256281,
    0.33908385547921494,
    0.4107052993474404,
    0.454552713889499,
    0.48779965099263267,
    0.5018786091276033,
    0.46964218776176947,
    0.4530768620579863,
    0.506341499804324,
    0.3793199769282913,
    0.4448731582619457,
    0.5496565643815399,
    0.4697247546325606,
    0.5994857530163668,
    0.4522310373678074,
    0.41296632798236066,
    0.47908329347313344,
    0.4805695570573582,
    0.522671950011525,
    0.44131696354726374,
    0.3944950481097931,
    0.42714929712816696
  ],
  "cg_iters": [
    3,
    3,
    3,
    3,
    3,
    3,
    3,
    4,
    3,
    3,
    3,
    3,
    3,
    3,
    3,
    3,
    3,
    3,
    4,
    3,
    3,
    3,
    3,
    4,
    4,
    3,
    3,
    4,
    4,
    3
  ],
  "entcoeff": [
    0.00032150988567987405,
    0.00039937887596666735,
    0.00033228001032554967,
    0.0004489187563246134,
    0.0003340265475797674,
    0.00031704655031229224,
    0.00046320491770656313,
    0.0003495502886317753,
    0.0003374246221017099,
    0.00026580019872678775,
    0.0003379572721565598,
    0.0004286956090729176,
    0.0004253972742350692,
    0.0004910912110731404,
    0.00037138251377598174,
    0.00036153219161331736,
    0.00036730108181673085,
    0.000382781796039224,
    0.0003989308830705158,
    0.0003494102022169601,
    0.0002886651664697658,
    0.00037879224139987906,
    0.0004345037208654136,
    0.0003792257388256105,
    0.00039428763542631763,
    0.0003603775662325483,
    0.0004878621235234926,
    0.0003518023942645697,
    0.0003646358097496408,
    0.0003111261098277175
  ],
  "cg_damping": [
    0.07901686530292962,
    0.0497990320459829,
    0.08838119672171783,
    0.20466882909002804,
    0.09967693728207747,
    0.05304243336859153,
    0.08928471195324515,
    0.0930369647456768,
    0.07290151015306896,
    0.09244150418404073,
    0.07469404115686494,
    0.04411661242421579,
    0.07203051332557509,
    0.06711954296683323,
    0.05658419831832203,
    0.08162226069960192,
    0.05052729308034803,
    0.09910219444487275,
    0.061120366870526646,
    0.11275080512204724,
    0.07955527914053546,
    0.07091264826442373,
    0.09086237746009192,
    0.08394019654861269,
    0.05643602776188805,
    0.09046821864086378,
    0.0575877403829215,
    0.08006086327958281,
    0.09960860410746944,
    0.08421235799028431
  ],
  "vf_stepsize": [
    0.029999999999999995,
    0.029999999999999995,
    0.010959261688741184,
    0.0234613870936579,
    0.026548140566546745,
    0.019344251719051776,
    0.016465598697209212,
    0.019865302499031366,
    0.029999999999999995,
    0.029999999999999995,
    0.019699479655782358,
    0.02995686212227155,
    0.029999999999999995,
    0.021517853143844176,
    0.022996346529072335,
    0.029999999999999995,
    0.029999999999999995,
    0.023668325992919157,
    0.029999999999999995,
    0.029999999999999995,
    0.029999999999999995,
    0.029999999999999995,
    0.029999999999999995,
    0.029999999999999995,
    0.029999999999999995,
    0.029999999999999995,
    0.029999999999999995,
    0.029954929295079365,
    0.028166014563001617,
    0.029999999999999995
  ],
  "vf_iters": [
    2,
    2,
    2,
    2,
    2,
    2,
    2,
    2,
    2,
    1,
    2,
    2,
    2,
    2,
    2,
    1,
    2,
    2,
    2,
    2,
    2,
    2,
    2,
    2,
    2,
    2,
    2,
    2,
    1,
    2
  ],
  "vf_minibatches": [
    3,
    3,
    3,
    3,
    4,
    3,
    3,
    4,
    3,
    3,
    3,
    3,
    4,
    4,
    4,
    3,
    3,
    4,
    4,
    3,
    4,
    3,
    3,
    3,
    3,
    3,
    3,
    4,
    3,
    3
  ],
  "num_envs": 4,
  "results_dir_name": "results",
  "storage_dir_name": "storage",
  "train_set": "remaining",
  "eval_set": "remaining",
  "OPENAI_LOG_FORMAT": "csv",
  "walltime_hrs": 0.3,
  "num_checkpoints": 100,
  "eval_ntrajs": 10,
  "eval_nsteps": 200,
  "eval_seed": 12345,
  "looping_tree": {
    "method": "fixed",
    "environment": "fixed",
    "total_timesteps": "fixed",
    "rng_seed": "zip",
    "policy_kwargs": "fixed",
    "timesteps_per_batch": "zip",
    "gamma": "zip",
    "lam": "zip",
    "max_kl": "zip",
    "cg_iters": "zip",
    "entcoeff": "zip",
    "cg_damping": "zip",
    "vf_stepsize": "zip",
    "vf_iters": "zip",
    "vf_minibatches": "zip"
  }
}