{
  "description": "Hyper-parameter optimization for trpo on a low frequency environment",
  "method": "trpo",
  "environment": "drop_leg_100hz",
  "total_timesteps": 4000000,
  "rng_seed": [
    1000,
    0,
    0,
    1000,
    2000,
    1000,
    0,
    1000,
    0,
    0,
    2000,
    2000,
    2000,
    1000,
    1000,
    0,
    2000,
    0,
    0,
    2000,
    2000,
    2000,
    2000,
    0,
    1000,
    2000,
    1000,
    0,
    0,
    0
  ],
  "policy_kwargs": {
    "net_arch": [
      {
        "vf": [
          64,
          64
        ],
        "pi": [
          64,
          64
        ]
      }
    ]
  },
  "timesteps_per_batch": [
    1424,
    166,
    202,
    1050,
    678,
    206,
    684,
    1435,
    717,
    574,
    492,
    1438,
    917,
    922,
    716,
    712,
    561,
    825,
    662,
    751,
    741,
    752,
    778,
    747,
    774,
    791,
    857,
    913,
    905,
    714
  ],
  "gamma": [
    0.9950388217282015,
    0.9541598004716888,
    0.99490706373129,
    0.9774048286384246,
    0.9180272536062756,
    0.9790162289742599,
    0.9073643765772248,
    0.9777243192692282,
    0.9073643765772248,
    0.9073643765772248,
    0.9073643765772248,
    0.9073643765772248,
    0.9073643765772248,
    0.9209624623538727,
    0.9073643765772248,
    0.9073643765772248,
    0.9264342714517931,
    0.9109270617287311,
    0.9162224697107334,
    0.9073643765772248,
    0.9073643765772248,
    0.9073643765772248,
    0.9090162778257888,
    0.9073643765772248,
    0.9155744282230266,
    0.9073643765772248,
    0.9073643765772248,
    0.9073643765772248,
    0.9073643765772248,
    0.9098812461986376
  ],
  "lam": [
    0.8772447757267375,
    0.8640632283099645,
    0.49276708293445726,
    0.36124595065761533,
    0.7726354237625805,
    0.3942398723740991,
    0.5157288383738703,
    0.536200072456623,
    0.417572689166399,
    0.5204904975172581,
    0.46272073526274127,
    0.4890886535769221,
    0.44797306538778103,
    0.44273233385739086,
    0.47208681138694075,
    0.36742244638188604,
    0.4331775111688181,
    0.4912460222318007,
    0.36,
    0.4175197278945204,
    0.5092815790409286,
    0.40087661434461297,
    0.41778306972291834,
    0.4270675999573885,
    0.4130589096944761,
    0.4947811968945407,
    0.45337378619873436,
    0.42068746820546565,
    0.4646671770545362,
    0.4328643346587496
  ],
  "max_kl": [
    0.5777227295230041,
    0.20658595232178692,
    0.32576717409073425,
    0.45397327306408797,
    0.4009555266723087,
    0.42868239932098845,
    0.34621223836704906,
    0.4354215336313415,
    0.45858205006904523,
    0.40219197268754,
    0.3815762685483606,
    0.3352159714719365,
    0.38426196971989873,
    0.47551381002503385,
    0.3869837114387378,
    0.3559583450299156,
    0.3381942692985149,
    0.39098509824326305,
    0.3742272373012711,
    0.39824835966493743,
    0.401601170427031,
    0.3828756061597274,
    0.3848144645412995,
    0.40689128479122977,
    0.3974042382401329,
    0.35249763837783904,
    0.3905669406778861,
    0.364212763680582,
    0.3730495789739241,
    0.36394740303366846
  ],
  "cg_iters": [
    2,
    2,
    4,
    5,
    5,
    3,
    3,
    2,
    3,
    3,
    3,
    3,
    3,
    3,
    3,
    3,
    3,
    3,
    3,
    3,
    3,
    3,
    3,
    3,
    3,
    3,
    3,
    3,
    3,
    3
  ],
  "entcoeff": [
    0.0007417477908311774,
    0.00041087387746788256,
    0.0001603855658205195,
    0.000171597286002313,
    0.0003048699540555844,
    0.0007554664335008509,
    0.0002991288717275705,
    0.00026216214898668467,
    0.0002571987484796794,
    0.0003172964934346679,
    0.000302245465895597,
    0.0003568622994812105,
    0.00029564905121353026,
    0.00037941037523191536,
    0.00029609692781929034,
    0.000255722250123284,
    0.0003213369653271304,
    0.0003918229297105989,
    0.00038042764884620937,
    0.00026076380251275597,
    0.00036463771861677054,
    0.00033082946393854875,
    0.00031290478769300406,
    0.0003139805734769227,
    0.000316937085080145,
    0.0003607661996331091,
    0.00034067751147086507,
    0.0003730580830556408,
    0.00030541300852961374,
    0.00035836125859585173
  ],
  "cg_damping": [
    0.2197395809132278,
    0.5386944931598326,
    0.36571011227912903,
    0.5782284353123903,
    0.5673721348267081,
    0.5737385163768256,
    0.05296680922977751,
    0.5968657499340274,
    0.1940983530460083,
    0.05586111371472256,
    0.03436594765762208,
    0.07128999022882726,
    0.10082996254543627,
    0.04342170355232006,
    0.12542846889429216,
    0.04573822535833185,
    0.07995700138890743,
    0.06983425463000956,
    0.04998421013081429,
    0.061653725347149566,
    0.05420944932578747,
    0.05380648524983339,
    0.06578252832596604,
    0.07672764074436818,
    0.05482780452547719,
    0.06274708574793704,
    0.05999516332907431,
    0.04696165922749763,
    0.06883046519559577,
    0.060068477440850074
  ],
  "vf_stepsize": [
    0.01723107136076406,
    0.01593545607801958,
    0.018425454955885084,
    0.023036445869952654,
    0.017438113751347083,
    0.012917359156923313,
    0.0231587558704312,
    0.005234926755360813,
    0.005169250822945046,
    0.011852807289133589,
    0.007545178417266977,
    0.01978992348732725,
    0.01910901692016668,
    0.01566005523480013,
    0.009740384575349896,
    0.008424869371171494,
    0.008891387406400098,
    0.012497535594734144,
    0.008917350030640505,
    0.01063025662851742,
    0.009718090726485926,
    0.012863934468597673,
    0.006949882025737772,
    0.00942591355989131,
    0.009117535034555197,
    0.00894622028841519,
    0.010775505583867657,
    0.009452673903744381,
    0.011265221177581122,
    0.007447357624717293
  ],
  "vf_iters": [
    1,
    3,
    2,
    2,
    1,
    3,
    2,
    2,
    2,
    2,
    2,
    2,
    2,
    2,
    2,
    2,
    2,
    2,
    2,
    2,
    2,
    2,
    2,
    2,
    2,
    2,
    2,
    2,
    2,
    2
  ],
  "vf_minibatches": [
    2,
    6,
    2,
    3,
    3,
    2,
    3,
    3,
    3,
    4,
    4,
    3,
    4,
    4,
    4,
    3,
    3,
    4,
    4,
    3,
    3,
    3,
    3,
    3,
    3,
    4,
    4,
    4,
    4,
    4
  ],
  "num_envs": 4,
  "results_dir_name": "results",
  "storage_dir_name": "storage",
  "train_set": "remaining",
  "eval_set": "remaining",
  "OPENAI_LOG_FORMAT": "csv",
  "walltime_hrs": 0.3,
  "num_checkpoints": 100,
  "eval_ntrajs": 10,
  "eval_nsteps": 200,
  "eval_seed": 12345,
  "looping_tree": {
    "method": "fixed",
    "environment": "fixed",
    "total_timesteps": "fixed",
    "rng_seed": "zip",
    "policy_kwargs": "fixed",
    "timesteps_per_batch": "zip",
    "gamma": "zip",
    "lam": "zip",
    "max_kl": "zip",
    "cg_iters": "zip",
    "entcoeff": "zip",
    "cg_damping": "zip",
    "vf_stepsize": "zip",
    "vf_iters": "zip",
    "vf_minibatches": "zip"
  }
}