{
  "description": "Hyper-parameter optimization for trpo on a low frequency environment",
  "method": "trpo",
  "environment": "drop_leg_100hz",
  "total_timesteps": 4000000,
  "rng_seed": [
    2000,
    0,
    2000,
    1000,
    2000,
    0,
    0,
    0,
    2000,
    2000,
    0,
    2000,
    1000,
    2000,
    0,
    2000,
    1000,
    1000,
    0,
    0,
    0,
    2000,
    2000,
    1000,
    1000,
    0,
    0,
    2000,
    1000,
    0
  ],
  "policy_kwargs": {
    "net_arch": [
      {
        "vf": [
          64,
          64
        ],
        "pi": [
          64,
          64
        ]
      }
    ]
  },
  "timesteps_per_batch": [
    1070,
    1195,
    914,
    929,
    893,
    859,
    710,
    630,
    663,
    686,
    936,
    627,
    649,
    682,
    694,
    776,
    835,
    751,
    726,
    742,
    791,
    689,
    837,
    772,
    716,
    904,
    780,
    701,
    910,
    760
  ],
  "gamma": [
    0.9581990539170968,
    0.9177552953042843,
    0.9074591576774195,
    0.9462633652548774,
    0.9073643765772248,
    0.9073643765772248,
    0.9073643765772248,
    0.9213324698194211,
    0.9073643765772248,
    0.9073643765772248,
    0.9073643765772248,
    0.9376192570143972,
    0.9073643765772248,
    0.9073643765772248,
    0.9073643765772248,
    0.9330793236163276,
    0.9073643765772248,
    0.9073643765772248,
    0.9100395029312507,
    0.9073643765772248,
    0.9073643765772248,
    0.9073643765772248,
    0.9073643765772248,
    0.9073643765772248,
    0.9073643765772248,
    0.9103990815690494,
    0.9073643765772248,
    0.9073643765772248,
    0.9073643765772248,
    0.9126549060795189
  ],
  "lam": [
    0.36,
    0.36,
    0.38048883191032135,
    0.37382260260389544,
    0.4002250388925068,
    0.5342680636275776,
    0.36169854206570506,
    0.36,
    0.36,
    0.42661720730402086,
    0.42418778323089346,
    0.47236074093431757,
    0.4366613594718296,
    0.5155942070448419,
    0.36,
    0.36,
    0.4334329441097454,
    0.46480607766559767,
    0.42985299838660185,
    0.41849146547654237,
    0.36960569842290225,
    0.4085157005909351,
    0.41244940226782767,
    0.42192614486194624,
    0.36,
    0.39624474447228375,
    0.36,
    0.41720213492603564,
    0.45420786804139646,
    0.4569250762489304
  ],
  "max_kl": [
    0.3662102182723162,
    0.41278192874475494,
    0.4559552643126182,
    0.2842245285219798,
    0.30666816683447246,
    0.32662340557745895,
    0.36833126238763514,
    0.34481299787808406,
    0.36457453555580094,
    0.38377169364932273,
    0.3376315074376964,
    0.3970247327879831,
    0.3587554905526563,
    0.34597730119768694,
    0.35256995724272927,
    0.3322227169799328,
    0.3604573628413969,
    0.3532648238585935,
    0.3235847584633794,
    0.34281994656939746,
    0.34932926270842046,
    0.3584770131679977,
    0.3514364624034282,
    0.3586348880041764,
    0.3292414226685784,
    0.3658984942885253,
    0.3243397433215111,
    0.35143194584664156,
    0.3622689548206774,
    0.3515775204025802
  ],
  "cg_iters": [
    3,
    4,
    4,
    3,
    3,
    3,
    3,
    3,
    4,
    4,
    3,
    3,
    4,
    3,
    3,
    3,
    3,
    3,
    3,
    3,
    3,
    3,
    3,
    3,
    4,
    3,
    3,
    3,
    3,
    4
  ],
  "entcoeff": [
    0.0004906524607830493,
    0.00032536122536071775,
    0.0002770011359560096,
    0.0003356872046836145,
    0.0002166619905620062,
    0.0003894258967656536,
    0.0002100311688199778,
    0.0002997223630984375,
    0.0002556568001437524,
    0.0003458875419147734,
    0.00031937100991112806,
    0.0003278554421487324,
    0.0003368577434059624,
    0.0003130362455194084,
    0.0002894499037278176,
    0.00036950335493642127,
    0.00040430077885637546,
    0.0003323276789583411,
    0.00030499543499756316,
    0.00035715331027935074,
    0.00028843582004926436,
    0.0003385867006320084,
    0.0003236255584660955,
    0.00036288667706508676,
    0.0003291418549968809,
    0.00033304428986737013,
    0.00033600271418921836,
    0.0003206744749682301,
    0.00035072721724635324,
    0.000314177691458749
  ],
  "cg_damping": [
    0.047920864867792456,
    0.01523637955494325,
    0.02137674223673047,
    0.028375644876332644,
    0.029490722363433454,
    0.018243927564513193,
    0.025831508781166475,
    0.06827679839878867,
    0.032563321008657824,
    0.02292806167651131,
    0.026687984988845722,
    0.029348897910366618,
    0.023556330088578954,
    0.03360322442017531,
    0.03838017559678334,
    0.03793071038952413,
    0.035236093118499366,
    0.03694087939598671,
    0.02722966154415224,
    0.028635786375547645,
    0.03905456455822449,
    0.03518299326096482,
    0.046795638389772944,
    0.02942601507788101,
    0.03821430895080657,
    0.04027298592032344,
    0.029450588257142463,
    0.04090962454019586,
    0.043519913611950706,
    0.035322846301828345
  ],
  "vf_stepsize": [
    0.009787503567743187,
    0.012386577323385665,
    0.004557864550767491,
    0.008375879412329123,
    0.0025812607316250094,
    0.006721590577907455,
    0.006403921860080888,
    0.002772962259147175,
    0.003393948124789946,
    0.009735987112446194,
    0.004880227312723971,
    0.007467379007962138,
    0.008569144148289241,
    0.005697449979118752,
    0.01214247251631677,
    0.006970338282850204,
    0.006292341509158914,
    0.007591739622689936,
    0.006122773672466084,
    0.008237555129219863,
    0.004716402244058928,
    0.008865808591962265,
    0.006219245061363366,
    0.006850421356315058,
    0.006656963283389333,
    0.008036568534121128,
    0.006627635937114266,
    0.007524039714223419,
    0.006331426484296787,
    0.007300413902850253
  ],
  "vf_iters": [
    2,
    2,
    2,
    2,
    2,
    2,
    2,
    2,
    2,
    2,
    2,
    2,
    2,
    2,
    2,
    2,
    2,
    2,
    2,
    2,
    2,
    2,
    2,
    2,
    2,
    2,
    2,
    2,
    2,
    2
  ],
  "vf_minibatches": [
    5,
    4,
    5,
    4,
    3,
    4,
    3,
    3,
    4,
    5,
    4,
    4,
    3,
    4,
    4,
    3,
    3,
    4,
    3,
    4,
    4,
    3,
    3,
    3,
    3,
    4,
    4,
    4,
    3,
    4
  ],
  "num_envs": 4,
  "results_dir_name": "results",
  "storage_dir_name": "storage",
  "train_set": "remaining",
  "eval_set": "remaining",
  "OPENAI_LOG_FORMAT": "csv",
  "walltime_hrs": 0.3,
  "num_checkpoints": 100,
  "eval_ntrajs": 10,
  "eval_nsteps": 200,
  "eval_seed": 12345,
  "looping_tree": {
    "method": "fixed",
    "environment": "fixed",
    "total_timesteps": "fixed",
    "rng_seed": "zip",
    "policy_kwargs": "fixed",
    "timesteps_per_batch": "zip",
    "gamma": "zip",
    "lam": "zip",
    "max_kl": "zip",
    "cg_iters": "zip",
    "entcoeff": "zip",
    "cg_damping": "zip",
    "vf_stepsize": "zip",
    "vf_iters": "zip",
    "vf_minibatches": "zip"
  }
}