{
  "description": "Hyper-parameter optimization for trpo on a low frequency environment",
  "method": "trpo",
  "environment": "drop_leg_100hz",
  "total_timesteps": 4000000,
  "rng_seed": [
    1000,
    1000,
    0,
    2000,
    0,
    2000,
    0,
    1000,
    1000,
    0,
    0,
    0,
    0,
    1000,
    2000,
    2000,
    0,
    0,
    2000,
    0,
    2000,
    1000,
    0,
    1000,
    0,
    2000,
    0,
    2000,
    2000,
    1000
  ],
  "policy_kwargs": {
    "net_arch": [
      {
        "vf": [
          64,
          64
        ],
        "pi": [
          64,
          64
        ]
      }
    ]
  },
  "timesteps_per_batch": [
    1200,
    916,
    910,
    944,
    739,
    731,
    792,
    874,
    832,
    730,
    806,
    822,
    856,
    702,
    893,
    826,
    778,
    755,
    744,
    781,
    879,
    816,
    757,
    818,
    852,
    802,
    796,
    869,
    782,
    740
  ],
  "gamma": [
    0.9619212048547301,
    0.9309185918434864,
    0.9102044785017535,
    0.9376442276322267,
    0.9538744140917129,
    0.9165942157908712,
    0.9286547488283504,
    0.9424853037733663,
    0.9217103269014499,
    0.9432860358563985,
    0.9318454923186009,
    0.9299944248825253,
    0.9494300129577636,
    0.9303870755904508,
    0.9350911496959046,
    0.9375939797849471,
    0.9296308999039968,
    0.9361791058392593,
    0.9312463675719873,
    0.9367741365202479,
    0.9368342332168127,
    0.934609683305474,
    0.9427858696581,
    0.9342891945139276,
    0.9332206989831006,
    0.9388796317530184,
    0.9387453010202784,
    0.9341814699571527,
    0.9302423697751991,
    0.9326186111222717
  ],
  "lam": [
    0.43779602126225825,
    0.39425808744213786,
    0.50779648982211,
    0.48804633260207253,
    0.4442769938676756,
    0.4684809664111951,
    0.5504472184101533,
    0.5058848437614438,
    0.41118653295378693,
    0.49662993166327074,
    0.5010556301036194,
    0.48471342803643824,
    0.5064463272930682,
    0.4864550483823886,
    0.4838497675150887,
    0.4901740791552939,
    0.48385750089779045,
    0.4277225540001376,
    0.4803306626717613,
    0.5158469434761878,
    0.47883148983556545,
    0.46374258853847306,
    0.508267572272449,
    0.5022943843960612,
    0.48016781830123667,
    0.46262273501307416,
    0.4376263926968845,
    0.44034256939445393,
    0.4635250356115025,
    0.5100788107454477
  ],
  "max_kl": [
    0.3291022497911433,
    0.3451661685698376,
    0.30725919156921083,
    0.33822154825806605,
    0.31412261536893316,
    0.32215958985860504,
    0.33258234287954436,
    0.32403380449563973,
    0.36199444968240296,
    0.3452134644110077,
    0.32965693229276233,
    0.3518233538656519,
    0.3001965155603962,
    0.3250928645098889,
    0.3249893610091025,
    0.36641804940042233,
    0.34763207942376745,
    0.35343776930503795,
    0.33329772912236433,
    0.3480002868799945,
    0.3126394981404039,
    0.3450639401009715,
    0.34744587772507285,
    0.34008504148082785,
    0.3448299333595947,
    0.3196393900010128,
    0.35704217602243543,
    0.35459783604075773,
    0.3479496719594742,
    0.3373203680315999
  ],
  "cg_iters": [
    3,
    2,
    3,
    2,
    3,
    3,
    3,
    3,
    3,
    3,
    3,
    3,
    3,
    3,
    3,
    3,
    2,
    3,
    3,
    3,
    3,
    3,
    3,
    3,
    3,
    3,
    3,
    3,
    3,
    3
  ],
  "entcoeff": [
    0.0003910811511547671,
    0.0003935580136031605,
    0.0003433635905494583,
    0.00033684922006501055,
    0.00039889226726857693,
    0.00041292456784117323,
    0.0003452784361716343,
    0.00041021960196291395,
    0.00039850314124743766,
    0.0004028210623271557,
    0.0003553102890594222,
    0.0003558835288996436,
    0.0003342340731602758,
    0.0003901514362063972,
    0.000333003721626206,
    0.0004091701004032888,
    0.00034173439683735535,
    0.000387085432385225,
    0.00036717663705460556,
    0.00035364343091972406,
    0.00036964525263569783,
    0.00039200619989399933,
    0.00036734264329334946,
    0.00036573169504563384,
    0.00040115147268879304,
    0.0004055172054959179,
    0.00040342317770904364,
    0.00039078823712485153,
    0.00035405044809292584,
    0.00040567476375579317
  ],
  "cg_damping": [
    0.02198524611849171,
    0.030212404855265194,
    0.020170555901155667,
    0.015060443889039841,
    0.041757714577075986,
    0.020830419324236835,
    0.015060443889039841,
    0.025446031095827753,
    0.022790354751782458,
    0.025593185148133062,
    0.016888053624569344,
    0.03238564836437203,
    0.015060443889039841,
    0.02077814880251151,
    0.02045870378786869,
    0.02218496995722667,
    0.016512966759904272,
    0.028259633788501118,
    0.020152442676986335,
    0.023578318687190323,
    0.02492146952594128,
    0.01901716066343595,
    0.0235007155855264,
    0.020853123637888216,
    0.021816330913217104,
    0.024645149326190316,
    0.027926128853160412,
    0.02512374751332119,
    0.02650123559822691,
    0.020953951132621686
  ],
  "vf_stepsize": [
    0.0033956419754046347,
    0.0029096168642337777,
    0.0036102410966031397,
    0.006807305075406641,
    0.0036166631128057977,
    0.006090903467779159,
    0.0028633462599706784,
    0.003980455147404666,
    0.004399030364148261,
    0.005690412343826069,
    0.005096217184859184,
    0.004045149475457894,
    0.004959445022373531,
    0.0032963264486371834,
    0.00490070693097074,
    0.004589145476474276,
    0.004147243625099044,
    0.004436262439353719,
    0.004035898587064224,
    0.0038657864890873513,
    0.004546791113945692,
    0.005415844660832887,
    0.004548682489773633,
    0.004163179687572548,
    0.004811078959570784,
    0.004274505621033012,
    0.0037909711703667027,
    0.004651819140197152,
    0.004368557185326959,
    0.004357885746988767
  ],
  "vf_iters": [
    2,
    2,
    2,
    2,
    2,
    2,
    2,
    2,
    2,
    2,
    2,
    2,
    2,
    2,
    2,
    2,
    2,
    2,
    2,
    2,
    2,
    2,
    2,
    2,
    2,
    2,
    2,
    2,
    2,
    2
  ],
  "vf_minibatches": [
    5,
    5,
    5,
    5,
    5,
    5,
    5,
    5,
    5,
    4,
    5,
    5,
    4,
    4,
    4,
    4,
    4,
    5,
    5,
    5,
    5,
    5,
    5,
    5,
    5,
    5,
    5,
    5,
    4,
    5
  ],
  "num_envs": 4,
  "results_dir_name": "results",
  "storage_dir_name": "storage",
  "train_set": "remaining",
  "eval_set": "remaining",
  "OPENAI_LOG_FORMAT": "csv",
  "walltime_hrs": 0.3,
  "num_checkpoints": 100,
  "eval_ntrajs": 10,
  "eval_nsteps": 200,
  "eval_seed": 12345,
  "looping_tree": {
    "method": "fixed",
    "environment": "fixed",
    "total_timesteps": "fixed",
    "rng_seed": "zip",
    "policy_kwargs": "fixed",
    "timesteps_per_batch": "zip",
    "gamma": "zip",
    "lam": "zip",
    "max_kl": "zip",
    "cg_iters": "zip",
    "entcoeff": "zip",
    "cg_damping": "zip",
    "vf_stepsize": "zip",
    "vf_iters": "zip",
    "vf_minibatches": "zip"
  }
}