{
  "description": "Hyper-parameter optimization for trpo on a low frequency environment",
  "method": "trpo",
  "environment": "drop_leg_100hz",
  "total_timesteps": 4000000,
  "rng_seed": [
    1000,
    1000,
    2000,
    2000,
    1000,
    0,
    0,
    2000,
    1000,
    1000,
    2000,
    1000,
    2000,
    2000,
    1000,
    1000,
    0,
    0,
    2000,
    0,
    2000,
    1000,
    0,
    0,
    2000,
    0,
    2000,
    0,
    1000,
    0
  ],
  "policy_kwargs": {
    "net_arch": [
      {
        "vf": [
          64,
          64
        ],
        "pi": [
          64,
          64
        ]
      }
    ]
  },
  "timesteps_per_batch": [
    181,
    1318,
    1108,
    160,
    1106,
    1326,
    1297,
    1350,
    1438,
    1438,
    1438,
    1108,
    1438,
    581,
    1438,
    1419,
    935,
    1438,
    1415,
    1008,
    1269,
    1219,
    1072,
    1241,
    1244,
    1438,
    1145,
    1257,
    1438,
    1304
  ],
  "gamma": [
    0.9964063922269888,
    0.9884723255944864,
    0.9957787127080797,
    0.9961828340645476,
    0.9848297830926583,
    0.9276674172409302,
    0.9315381630938292,
    0.9632000724778911,
    0.9073643765772248,
    0.9073643765772248,
    0.9138568535612823,
    0.9073643765772248,
    0.9511060302101337,
    0.9212287850869464,
    0.9073643765772248,
    0.9458161705685619,
    0.9086869314228121,
    0.9161404325859569,
    0.9241565790374606,
    0.9073643765772248,
    0.9287731359608435,
    0.9126279229334734,
    0.9073643765772248,
    0.9073643765772248,
    0.9339291298330087,
    0.9073643765772248,
    0.91665836279642,
    0.9243779552782493,
    0.9135624931995577,
    0.9314694714230194
  ],
  "lam": [
    0.5564984608298591,
    0.5888870007787831,
    0.5237047754284739,
    0.4812279367505733,
    0.7517295985012042,
    0.5687138530847504,
    0.7117765436361757,
    0.514741723476758,
    0.5382137526757771,
    0.49252576152625627,
    0.49856310129318115,
    0.39466342619370376,
    0.5287807218189309,
    0.3723823431536991,
    0.4807945908781761,
    0.3869769634783281,
    0.5529742572815142,
    0.5516379279496371,
    0.4702513648474035,
    0.44510268889665827,
    0.4502664197943739,
    0.5221892102608771,
    0.5591019098344725,
    0.38006074289401803,
    0.4695317504521306,
    0.5507691834943217,
    0.5348489742271327,
    0.3913265603656314,
    0.4530969226893402,
    0.5081004812154091
  ],
  "max_kl": [
    0.20198701011599832,
    0.1932423854404987,
    0.19325049702538458,
    0.22650699666138838,
    0.24228058135739813,
    0.24449813996552852,
    0.31295460136997255,
    0.22618097504149282,
    0.37791361914523436,
    0.33040395386416715,
    0.34942106181247895,
    0.29507681514862194,
    0.2561046529386357,
    0.48386950908243215,
    0.4438693677703895,
    0.45423629315535774,
    0.37118527128652895,
    0.4236431688615533,
    0.37724114719371277,
    0.33665876939117734,
    0.3649910209980761,
    0.33906089636203174,
    0.3235814695109156,
    0.32619634908784195,
    0.37876908883944865,
    0.38373460316341373,
    0.3379593685744784,
    0.4109708697832251,
    0.41449435140520063,
    0.354142657227631
  ],
  "cg_iters": [
    2,
    3,
    3,
    4,
    3,
    5,
    3,
    3,
    3,
    3,
    3,
    3,
    3,
    3,
    3,
    3,
    3,
    3,
    3,
    3,
    3,
    3,
    3,
    3,
    3,
    3,
    3,
    3,
    3,
    3
  ],
  "entcoeff": [
    0.000284654072455331,
    0.0006642171886473472,
    0.0008266629641455724,
    0.0007990642953508903,
    0.0001428847224436899,
    0.0006825379183595796,
    0.0005591253566295365,
    0.0007254184324837625,
    0.0002873874492024824,
    0.0003385242219540623,
    0.000312697447570262,
    0.00041382221089747873,
    0.0003313083490299238,
    0.0003374023581438577,
    0.00045465176515467793,
    0.0004060793614050238,
    0.0003206773749995787,
    0.0003461860156456297,
    0.00041068849177637546,
    0.0002766701008818417,
    0.00034222230894838455,
    0.0004158412055523322,
    0.00036914206726254,
    0.0004032728156510441,
    0.00032314569449063194,
    0.000420353095902309,
    0.00034933030218548786,
    0.00040187102751164746,
    0.00048159841802099376,
    0.00043053313368600414
  ],
  "cg_damping": [
    0.01848210289137533,
    0.01866931245086264,
    0.2861151048019246,
    0.5337236798560963,
    0.02188029053474618,
    0.14047503938506645,
    0.03277792987498605,
    0.029874342542487692,
    0.03712043621079829,
    0.08109565471187118,
    0.16496996772924735,
    0.08220627171253844,
    0.055139618002056245,
    0.01713162546012284,
    0.17660366798443702,
    0.051440467515312914,
    0.053529848463877795,
    0.06173911986908869,
    0.11244993374101148,
    0.11534397224968108,
    0.07281424802697942,
    0.1014996102875615,
    0.09969629091616723,
    0.09901449954638003,
    0.052857968265987106,
    0.08693277513312585,
    0.08090579957768956,
    0.07530507831834914,
    0.08332216886339082,
    0.12009559862439072
  ],
  "vf_stepsize": [
    0.022821231652214988,
    0.015940625765628914,
    0.0013133794873489253,
    0.005912623787440558,
    0.000880960623753651,
    0.0007897061614721505,
    0.02187254253230495,
    0.005757164406038427,
    0.004203243849755549,
    0.0014623288002055894,
    0.0073134916759025745,
    0.003966807128285211,
    0.008679942370411472,
    0.007268550700828948,
    0.003090602132207352,
    0.0023897835350151003,
    0.0023110147747178846,
    0.005389022781122232,
    0.004249719424957869,
    0.002784240088319529,
    0.004194585332913471,
    0.0028353208811152915,
    0.005416452361235213,
    0.004404170265320851,
    0.003287491271913104,
    0.004526145669811669,
    0.005087244731875577,
    0.004383759186146784,
    0.005252684649320299,
    0.0034724225799167632
  ],
  "vf_iters": [
    2,
    2,
    2,
    1,
    2,
    2,
    2,
    1,
    2,
    2,
    2,
    2,
    2,
    2,
    2,
    2,
    2,
    2,
    2,
    2,
    2,
    2,
    2,
    2,
    2,
    2,
    2,
    2,
    2,
    2
  ],
  "vf_minibatches": [
    4,
    2,
    2,
    5,
    3,
    2,
    4,
    4,
    2,
    3,
    4,
    3,
    3,
    3,
    3,
    3,
    4,
    3,
    3,
    3,
    3,
    3,
    3,
    3,
    3,
    3,
    3,
    3,
    3,
    3
  ],
  "num_envs": 4,
  "results_dir_name": "results",
  "storage_dir_name": "storage",
  "train_set": "remaining",
  "eval_set": "remaining",
  "OPENAI_LOG_FORMAT": "csv",
  "walltime_hrs": 0.3,
  "num_checkpoints": 100,
  "eval_ntrajs": 10,
  "eval_nsteps": 200,
  "eval_seed": 12345,
  "looping_tree": {
    "method": "fixed",
    "environment": "fixed",
    "total_timesteps": "fixed",
    "rng_seed": "zip",
    "policy_kwargs": "fixed",
    "timesteps_per_batch": "zip",
    "gamma": "zip",
    "lam": "zip",
    "max_kl": "zip",
    "cg_iters": "zip",
    "entcoeff": "zip",
    "cg_damping": "zip",
    "vf_stepsize": "zip",
    "vf_iters": "zip",
    "vf_minibatches": "zip"
  }
}