{
  "description": "Hyper-parameter optimization for trpo on a low frequency environment",
  "method": "trpo",
  "environment": "drop_leg_100hz",
  "total_timesteps": 4000000,
  "rng_seed": [
    2000,
    1000,
    0,
    0,
    2000,
    0,
    1000,
    2000,
    1000,
    1000,
    2000,
    2000,
    0,
    1000,
    1000,
    1000,
    2000,
    1000,
    0,
    2000,
    2000,
    1000,
    0,
    2000,
    2000,
    0,
    0,
    0,
    1000,
    1000
  ],
  "policy_kwargs": {
    "net_arch": [
      {
        "vf": [
          64,
          64
        ],
        "pi": [
          64,
          64
        ]
      }
    ]
  },
  "timesteps_per_batch": [
    5511,
    74,
    105,
    339,
    95,
    126,
    1417,
    87,
    312,
    3891,
    379,
    297,
    1809,
    362,
    88,
    562,
    104,
    467,
    1174,
    595,
    362,
    638,
    645,
    427,
    655,
    466,
    979,
    1253,
    1037,
    503
  ],
  "gamma": [
    0.3966658643232651,
    0.43759940430368494,
    0.9998332428721992,
    0.5452893235721132,
    0.4343931417328708,
    0.4263446749338484,
    0.41459442454416595,
    0.9270773192532562,
    0.47530193063548276,
    0.4673600237091825,
    0.6459436270093795,
    0.43787159593819835,
    0.6736101726038306,
    0.36,
    0.5223783104266,
    0.36,
    0.5518567458456902,
    0.4252477849897014,
    0.36,
    0.36,
    0.36,
    0.36,
    0.36,
    0.36,
    0.36,
    0.36,
    0.36,
    0.36,
    0.36,
    0.36
  ],
  "lam": [
    0.999741436473034,
    0.999818114947092,
    0.9997032155799093,
    0.9998284965422873,
    0.9861484127054677,
    0.9991905904785002,
    0.9997653821628704,
    0.999533602965646,
    0.9990883557536444,
    0.9995451139451961,
    0.9858170229115654,
    0.9997331644252063,
    0.9992760420746543,
    0.998297211944122,
    0.9995624770309699,
    0.9947906627591678,
    0.9994550952291663,
    0.9864817218908307,
    0.9983766802200899,
    0.9930543114668131,
    0.9852420758123943,
    0.9923068704983279,
    0.9925962109875162,
    0.9889028013008898,
    0.9850439421704333,
    0.9912161619305333,
    0.9931249604856156,
    0.9913640857927118,
    0.996382388629583,
    0.9886115247322044
  ],
  "max_kl": [
    0.0016434720474770663,
    0.005454213339794123,
    0.0013979805450761316,
    0.04634689706198045,
    0.2782345219015126,
    0.0018227136119937125,
    0.04595680786280619,
    0.0015110648223936164,
    0.11572545483174891,
    0.0026103922621043257,
    0.008342987299275918,
    0.00256071271582361,
    0.0496504113632976,
    0.007654713737339423,
    0.036427157084697785,
    0.020883641999184053,
    0.12283273479093547,
    0.004593221223805767,
    0.0034675949545577137,
    0.004239717480305969,
    0.01612784429210076,
    0.008930340446145768,
    0.00556077469864273,
    0.0081825037099653,
    0.006482163645770672,
    0.005350798820717345,
    0.012243324299664947,
    0.014168688105585157,
    0.007678412824198471,
    0.012711288210906299
  ],
  "cg_iters": [
    2,
    13,
    2,
    4,
    4,
    4,
    16,
    8,
    2,
    5,
    9,
    2,
    18,
    9,
    2,
    8,
    15,
    10,
    11,
    9,
    15,
    9,
    14,
    9,
    10,
    9,
    11,
    11,
    15,
    10
  ],
  "entcoeff": [
    0.0007834394121983475,
    0.00011242358994689708,
    0.0006768816851363271,
    0.000464765337583646,
    0.0003920046117481392,
    0.0006842057672640674,
    1.4474004924915756e-05,
    0.0005053563606472192,
    6.099074998090597e-07,
    9.902029924961749e-05,
    0.0008252418736146027,
    1.158913482192492e-05,
    5.106558938691922e-05,
    7.683677639876831e-06,
    0.00023570890626941918,
    2.1139070202970948e-05,
    0.00015866906857313047,
    2.1651548429464114e-05,
    7.5594361345014266e-06,
    -3.3881317890172014e-21,
    9.698346908001727e-06,
    5.71917924239273e-06,
    1.5642041221344653e-05,
    9.11992957945847e-06,
    1.4473866999646308e-05,
    1.8318625197601582e-06,
    2.1952532084898652e-05,
    1.0890400134315537e-05,
    3.765421045226969e-06,
    9.664634197692418e-06
  ],
  "cg_damping": [
    0.00010992316671386344,
    0.04939427748966771,
    0.08150923086030652,
    0.001623292927091429,
    0.021287142019158687,
    0.3903251421400156,
    0.6030885761493078,
    0.0005490381073704312,
    0.013335554933876934,
    0.021190198315207274,
    0.06839920474982834,
    0.001977215334334992,
    0.011144373817210394,
    0.05255726359285054,
    0.05659598168494202,
    0.025671506260524616,
    0.05768830267717469,
    0.012729667442270474,
    0.005333354719083719,
    0.04750884851290998,
    0.02057745457499656,
    0.004010854896482051,
    0.014766135751892059,
    0.030762423802156044,
    0.029627774275667342,
    0.013065506159795107,
    0.033674549718193364,
    0.013231817980383543,
    0.025431371258795372,
    0.03521157316744496
  ],
  "vf_stepsize": [
    0.0029645358031720618,
    0.011505716228264809,
    0.00013882011828937951,
    0.0005725861452880584,
    0.0008432272283680611,
    0.000297369522895313,
    0.00015483914515842606,
    0.008474795315953021,
    0.008040713120586636,
    0.00015119231278079334,
    0.016479721126760553,
    0.0064157849624679455,
    0.0019639270721195346,
    0.0005841050196726674,
    0.0006690788257404651,
    0.0016195507583091323,
    0.010777374075052257,
    0.0014372045269841732,
    0.0004901146958976682,
    0.0023567177924773827,
    0.003319658243044318,
    0.0013522092375259196,
    0.00043800523452098655,
    0.002310998747122025,
    0.0008164029247977962,
    0.0017976428689066366,
    0.0005095511435642288,
    0.0018636821366532965,
    0.001008470915387347,
    0.0012081469874907237
  ],
  "vf_iters": [
    4,
    13,
    5,
    17,
    4,
    5,
    10,
    6,
    6,
    5,
    3,
    8,
    2,
    3,
    3,
    3,
    8,
    5,
    5,
    4,
    3,
    4,
    4,
    3,
    5,
    3,
    3,
    5,
    3,
    3
  ],
  "vf_minibatches": [
    61,
    3,
    2,
    10,
    19,
    4,
    38,
    5,
    18,
    13,
    13,
    7,
    12,
    5,
    24,
    20,
    9,
    10,
    6,
    12,
    9,
    16,
    8,
    8,
    17,
    14,
    19,
    8,
    11,
    7
  ],
  "num_envs": 4,
  "results_dir_name": "results",
  "storage_dir_name": "storage",
  "train_set": "remaining",
  "eval_set": "remaining",
  "OPENAI_LOG_FORMAT": "csv",
  "walltime_hrs": 0.3,
  "num_checkpoints": 100,
  "eval_ntrajs": 10,
  "eval_nsteps": 200,
  "eval_seed": 12345,
  "looping_tree": {
    "method": "fixed",
    "environment": "fixed",
    "total_timesteps": "fixed",
    "rng_seed": "zip",
    "policy_kwargs": "fixed",
    "timesteps_per_batch": "zip",
    "gamma": "zip",
    "lam": "zip",
    "max_kl": "zip",
    "cg_iters": "zip",
    "entcoeff": "zip",
    "cg_damping": "zip",
    "vf_stepsize": "zip",
    "vf_iters": "zip",
    "vf_minibatches": "zip"
  }
}