{
  "description": "Hyper-parameter optimization for trpo on a low frequency environment",
  "method": "trpo",
  "environment": "drop_leg_100hz",
  "total_timesteps": 4000000,
  "rng_seed": [
    0,
    2000,
    1000,
    2000,
    1000,
    1000,
    0,
    2000,
    2000,
    2000,
    2000,
    2000,
    0,
    0,
    0,
    0,
    1000,
    1000,
    0,
    1000,
    1000,
    2000,
    1000,
    2000,
    0,
    1000,
    2000,
    2000,
    2000,
    1000
  ],
  "policy_kwargs": {
    "net_arch": [
      {
        "vf": [
          64,
          64
        ],
        "pi": [
          64,
          64
        ]
      }
    ]
  },
  "timesteps_per_batch": [
    1304,
    745,
    263,
    887,
    844,
    1222,
    171,
    780,
    1438,
    1052,
    574,
    1164,
    719,
    956,
    861,
    1182,
    768,
    779,
    917,
    932,
    974,
    996,
    1024,
    731,
    813,
    897,
    769,
    686,
    987,
    973
  ],
  "gamma": [
    0.9954167412853164,
    0.9881806978731146,
    0.9789370340899953,
    0.9956198964172074,
    0.9874853253871896,
    0.9965746050856367,
    0.9179431783884977,
    0.9687436145828926,
    0.9369755214588416,
    0.9073643765772248,
    0.9492570548059834,
    0.9311114182469089,
    0.9073643765772248,
    0.9073643765772248,
    0.9389211620555756,
    0.9094611359315024,
    0.9073643765772248,
    0.9168067422142316,
    0.9073643765772248,
    0.9073643765772248,
    0.9073643765772248,
    0.9364095886656991,
    0.9073643765772248,
    0.9121842672689542,
    0.9073643765772248,
    0.9073643765772248,
    0.9073643765772248,
    0.917061959387185,
    0.9073643765772248,
    0.921535240881417
  ],
  "lam": [
    0.8632517659198031,
    0.41355992032775224,
    0.7116787795089232,
    0.38411852132436497,
    0.5941525622871169,
    0.4641014177872137,
    0.5659150518617042,
    0.4863962183668281,
    0.4705279598922597,
    0.4462705838572505,
    0.5170153202493007,
    0.4450583414914221,
    0.4900076705964711,
    0.44933464475683593,
    0.5010229574130578,
    0.4162264410216402,
    0.41661620032199753,
    0.48817248837160754,
    0.5352507488681619,
    0.4584752073083349,
    0.451216556630029,
    0.45968535386152665,
    0.4148928324498524,
    0.43741257489829344,
    0.4957817073162829,
    0.5392842764430579,
    0.4387622173462453,
    0.44551876523684164,
    0.5112233394685191,
    0.4290930847510346
  ],
  "max_kl": [
    0.49152098822544577,
    0.18445900126349074,
    0.2657028874558221,
    0.3598520440456856,
    0.5512036460111344,
    0.34004224628335356,
    0.2181096719511069,
    0.2579448267555345,
    0.31678156830229653,
    0.36267186491836073,
    0.45709767781897365,
    0.36852367894780386,
    0.33531837614776633,
    0.45036039759397584,
    0.41078834189199237,
    0.34201838159566034,
    0.5005347057101837,
    0.3584696748500954,
    0.43411141263152814,
    0.4582573066028647,
    0.302858989935125,
    0.3616826650658862,
    0.37019221124238716,
    0.3811157553690446,
    0.42163837262281917,
    0.3980993173398402,
    0.35718282901943776,
    0.4198046802013517,
    0.3336649783302138,
    0.39712792303649747
  ],
  "cg_iters": [
    5,
    3,
    4,
    2,
    3,
    3,
    2,
    3,
    3,
    3,
    4,
    3,
    3,
    3,
    3,
    3,
    3,
    3,
    3,
    3,
    3,
    3,
    3,
    3,
    3,
    3,
    4,
    3,
    3,
    3
  ],
  "entcoeff": [
    0.0006021724678449765,
    0.00013560998769928146,
    0.0007039478251187514,
    0.00020173291009204126,
    0.0007222756216585895,
    0.000130299989916061,
    0.00039342358797337084,
    0.0002597576426826181,
    0.0002764346391524765,
    0.00025778917308872816,
    0.0005349658557526702,
    0.00033523816927515386,
    0.00039211144247655724,
    0.00044421909828387196,
    0.0003118007669821047,
    0.0003307817478925365,
    0.0003004758514918558,
    0.0004812582491231076,
    0.00040369923771904,
    0.0003411135865463637,
    0.00037823603717295347,
    0.00032981738624715106,
    0.00032197896335177997,
    0.00030952133346810523,
    0.00033450520591581367,
    0.0003180715565410968,
    0.000361032642436086,
    0.0003629643903213,
    0.00037267264242574097,
    0.0003561045088367488
  ],
  "cg_damping": [
    0.01863263824477751,
    0.015187790041645693,
    0.015365831880161657,
    0.01821682551151404,
    0.015826681895938246,
    0.06955826570194586,
    0.01774351343397634,
    0.022541174337895296,
    0.018036145927858065,
    0.054092197117112176,
    0.02154967316627918,
    0.029952845811340802,
    0.03487983891952061,
    0.09930373448419386,
    0.049029014672805404,
    0.03492960825933466,
    0.07755649397501498,
    0.05992819611711335,
    0.03885929567005552,
    0.04780075237606686,
    0.052225915858920786,
    0.08421038863954744,
    0.07263244692165177,
    0.06350635495801062,
    0.04585013172412844,
    0.0741508615761771,
    0.04192144060471877,
    0.05102760486337112,
    0.046454098518575127,
    0.052299187047711
  ],
  "vf_stepsize": [
    0.0031979878788383413,
    0.02235554538577493,
    0.005784298328750096,
    0.0026059504616284686,
    0.0010834247558448875,
    0.023139897991365913,
    0.022893624659034592,
    0.017012969529303257,
    0.005937854541551339,
    0.010559741143102399,
    0.013072390757122706,
    0.01153509278220982,
    0.004315253654921917,
    0.011108102173792548,
    0.008341297242957199,
    0.0064917224254343415,
    0.006511186957808835,
    0.0045560049206175976,
    0.00813155714604858,
    0.004909690380303164,
    0.009350207696044882,
    0.010838898898646705,
    0.008197993693301793,
    0.0053504317871041,
    0.005351747496467459,
    0.007668374189592919,
    0.005276185930990699,
    0.00483873351421739,
    0.006084841168375158,
    0.008918851136890957
  ],
  "vf_iters": [
    2,
    2,
    2,
    1,
    1,
    1,
    2,
    2,
    2,
    2,
    1,
    2,
    2,
    2,
    2,
    2,
    2,
    2,
    2,
    2,
    2,
    2,
    2,
    2,
    2,
    2,
    2,
    2,
    2,
    2
  ],
  "vf_minibatches": [
    3,
    8,
    2,
    3,
    2,
    7,
    4,
    4,
    4,
    4,
    6,
    3,
    3,
    3,
    3,
    3,
    3,
    3,
    4,
    4,
    3,
    4,
    3,
    3,
    3,
    4,
    3,
    3,
    3,
    3
  ],
  "num_envs": 4,
  "results_dir_name": "results",
  "storage_dir_name": "storage",
  "train_set": "remaining",
  "eval_set": "remaining",
  "OPENAI_LOG_FORMAT": "csv",
  "walltime_hrs": 0.3,
  "num_checkpoints": 100,
  "eval_ntrajs": 10,
  "eval_nsteps": 200,
  "eval_seed": 12345,
  "looping_tree": {
    "method": "fixed",
    "environment": "fixed",
    "total_timesteps": "fixed",
    "rng_seed": "zip",
    "policy_kwargs": "fixed",
    "timesteps_per_batch": "zip",
    "gamma": "zip",
    "lam": "zip",
    "max_kl": "zip",
    "cg_iters": "zip",
    "entcoeff": "zip",
    "cg_damping": "zip",
    "vf_stepsize": "zip",
    "vf_iters": "zip",
    "vf_minibatches": "zip"
  }
}