{
  "description": "Hyper-parameter optimization for trpo on a low frequency environment",
  "method": "trpo",
  "environment": "drop_leg_100hz",
  "total_timesteps": 4000000,
  "rng_seed": [
    2000,
    1000,
    1000,
    2000,
    2000,
    1000,
    0,
    0,
    2000,
    2000,
    0,
    2000,
    2000,
    0,
    0,
    1000,
    0,
    1000,
    1000,
    1000,
    0,
    2000,
    0,
    1000,
    2000,
    0,
    0,
    2000,
    0,
    0
  ],
  "policy_kwargs": {
    "net_arch": [
      {
        "vf": [
          64,
          64
        ],
        "pi": [
          64,
          64
        ]
      }
    ]
  },
  "timesteps_per_batch": [
    3052,
    4290,
    1993,
    1532,
    4029,
    2695,
    3099,
    4550,
    2960,
    1777,
    1437,
    1364,
    1463,
    1456,
    1224,
    1731,
    1254,
    1043,
    2364,
    1180,
    1252,
    1874,
    849,
    1645,
    1552,
    744,
    1193,
    1341,
    1940,
    2970
  ],
  "gamma": [
    0.36,
    0.36,
    0.5650298409439427,
    0.36,
    0.36,
    0.36,
    0.36,
    0.36,
    0.36,
    0.36,
    0.36,
    0.36,
    0.3862045978182366,
    0.36,
    0.36,
    0.36,
    0.36,
    0.36,
    0.36,
    0.36,
    0.36,
    0.36,
    0.36,
    0.36,
    0.36,
    0.36,
    0.36,
    0.36,
    0.36,
    0.36
  ],
  "lam": [
    0.9977279141062948,
    0.9926760571948842,
    0.998918685978946,
    0.9934015493190111,
    0.9840593025351257,
    0.985051238558458,
    0.9906814488921958,
    0.9993632005191324,
    0.9983433489846828,
    0.9976907745519256,
    0.9579356955437975,
    0.9803352180796504,
    0.9878166911799646,
    0.9892590430011239,
    0.9846886214454729,
    0.9849430594073333,
    0.9876434761903072,
    0.9886797062614663,
    0.9900311093708974,
    0.9781903846075165,
    0.987111232613786,
    0.9855459890271894,
    0.9821729880238385,
    0.9846078810084876,
    0.9920163624612267,
    0.9742368954229961,
    0.9840016501206642,
    0.9846794850446546,
    0.9772516366596148,
    0.9885267556944686
  ],
  "max_kl": [
    0.010606652404546134,
    0.005981448339791363,
    0.0032835597324464214,
    0.0014790052745329825,
    0.002749637868936825,
    0.0033092190585693334,
    0.01732562728703163,
    0.0073477943435808785,
    0.003039337939957021,
    0.009425205495098128,
    0.0068517460354513135,
    0.018132546206997023,
    0.006607143653495254,
    0.005424211408940692,
    0.011019021991837763,
    0.0034307489979155605,
    0.0019531347280744515,
    0.006143696612930523,
    0.009686950310918273,
    0.009425824287318677,
    0.010755878713245324,
    0.00715682588068362,
    0.005504064360801828,
    0.010217940359792324,
    0.007314421270155328,
    0.007058847842839163,
    0.004987305467224655,
    0.004122610751263718,
    0.013384997965792343,
    0.007745362964031194
  ],
  "cg_iters": [
    17,
    11,
    15,
    16,
    10,
    19,
    16,
    20,
    14,
    20,
    20,
    17,
    11,
    16,
    19,
    20,
    19,
    20,
    15,
    15,
    15,
    17,
    17,
    16,
    19,
    14,
    16,
    20,
    16,
    16
  ],
  "entcoeff": [
    -3.3881317890172014e-21,
    1.7047558359387939e-06,
    1.912538109469567e-06,
    -3.3881317890172014e-21,
    1.5742917545855185e-05,
    7.081764491081148e-06,
    -3.3881317890172014e-21,
    1.807905110598783e-05,
    6.149559312783029e-06,
    4.270917811948847e-05,
    -3.3881317890172014e-21,
    6.3396478722685826e-06,
    5.551791625040994e-06,
    1.2976643696128e-05,
    1.2039599173867303e-05,
    1.5103404814843243e-05,
    8.706876915058484e-06,
    1.4532783449959395e-05,
    5.715074030820496e-06,
    1.573080732413887e-05,
    1.6795270238514195e-05,
    6.048229896805367e-06,
    3.0017556372909902e-06,
    1.9499075668139846e-06,
    1.5881762903912196e-05,
    3.4594699478666646e-06,
    5.797281947001266e-06,
    7.18881893708049e-06,
    9.440766549730615e-06,
    1.6528443275743133e-05
  ],
  "cg_damping": [
    0.1409751007991721,
    0.05843011596960677,
    0.0018324278742316586,
    0.20783600377261469,
    0.03666563772759628,
    0.004277295984202252,
    0.0993519928617329,
    0.02450486848463697,
    0.023611459058637135,
    0.002335531254745659,
    0.019844670317735874,
    0.13871459636978123,
    0.014165736052395954,
    0.10027118023198538,
    0.05667282796687577,
    0.012861860186378941,
    0.07848523092717812,
    0.013337304754918339,
    0.0253628868816098,
    0.023260516542469616,
    0.00551230327111773,
    0.05057074680818723,
    0.03006459009032068,
    0.01458741955532377,
    0.01168966756515149,
    0.01838787941123982,
    0.028769805952729332,
    0.016636707310108998,
    0.023330236152572972,
    0.021709709967252976
  ],
  "vf_stepsize": [
    6.940368936635526e-05,
    0.020749779643120723,
    0.006088361597365393,
    0.0004202957034101215,
    0.0023708504962827595,
    0.003451238385986197,
    0.002634512716280246,
    0.00049110517189217,
    0.004858656391790808,
    0.0038214945074510065,
    0.0015706975120967062,
    0.01602678585205904,
    0.008065260251846087,
    0.0018029407651708237,
    0.0053669498021668505,
    0.0009294256558920307,
    0.007058822761183564,
    0.002916425303777994,
    0.0013884019336244404,
    0.0012843961746546427,
    0.0006548243448165229,
    0.003047126639344988,
    0.0046465757756982,
    0.002087804163138352,
    0.0009936939641900335,
    0.0017163740174559537,
    0.0011461534939676108,
    0.0011656998869911598,
    0.001245306652178641,
    0.001441665151587366
  ],
  "vf_iters": [
    3,
    3,
    2,
    2,
    2,
    3,
    3,
    3,
    3,
    4,
    4,
    3,
    3,
    2,
    3,
    2,
    3,
    3,
    3,
    3,
    3,
    3,
    3,
    3,
    3,
    3,
    3,
    3,
    3,
    3
  ],
  "vf_minibatches": [
    10,
    10,
    10,
    13,
    13,
    10,
    8,
    9,
    14,
    9,
    7,
    13,
    15,
    18,
    9,
    14,
    19,
    12,
    17,
    9,
    11,
    18,
    8,
    10,
    13,
    11,
    18,
    12,
    11,
    14
  ],
  "num_envs": 4,
  "results_dir_name": "results",
  "storage_dir_name": "storage",
  "train_set": "remaining",
  "eval_set": "remaining",
  "OPENAI_LOG_FORMAT": "csv",
  "walltime_hrs": 0.3,
  "num_checkpoints": 100,
  "eval_ntrajs": 10,
  "eval_nsteps": 200,
  "eval_seed": 12345,
  "looping_tree": {
    "method": "fixed",
    "environment": "fixed",
    "total_timesteps": "fixed",
    "rng_seed": "zip",
    "policy_kwargs": "fixed",
    "timesteps_per_batch": "zip",
    "gamma": "zip",
    "lam": "zip",
    "max_kl": "zip",
    "cg_iters": "zip",
    "entcoeff": "zip",
    "cg_damping": "zip",
    "vf_stepsize": "zip",
    "vf_iters": "zip",
    "vf_minibatches": "zip"
  }
}