{
  "description": "Hyper-parameter optimization for trpo on a low frequency environment",
  "method": "trpo",
  "environment": "drop_leg_100hz",
  "total_timesteps": 4000000,
  "rng_seed": [
    0,
    2000,
    0,
    1000,
    1000,
    0,
    1000,
    1000,
    0,
    1000,
    0,
    0,
    0,
    1000,
    2000,
    2000,
    1000,
    0,
    0,
    2000,
    2000,
    1000,
    0,
    2000,
    2000,
    0,
    2000,
    0,
    1000,
    2000
  ],
  "policy_kwargs": {
    "net_arch": [
      {
        "vf": [
          64,
          64
        ],
        "pi": [
          64,
          64
        ]
      }
    ]
  },
  "timesteps_per_batch": [
    361,
    506,
    309,
    346,
    470,
    387,
    341,
    574,
    520,
    388,
    482,
    407,
    317,
    419,
    420,
    353,
    408,
    441,
    486,
    370,
    357,
    424,
    304,
    401,
    303,
    393,
    474,
    352,
    346,
    462
  ],
  "gamma": [
    0.9048092636335318,
    0.9274115178432203,
    0.9322654000982415,
    0.9481483777866114,
    0.9110322032113554,
    0.9332486952059247,
    0.9372981946356883,
    0.9203782924633435,
    0.9377815135233261,
    0.9355097742661569,
    0.9424992128715941,
    0.9323928639468667,
    0.9301246662847151,
    0.9293182670319771,
    0.9465806667601894,
    0.9457094714077383,
    0.9352740552385523,
    0.9412741572241685,
    0.939318086963115,
    0.9366353412461667,
    0.9404798890779852,
    0.9391868988332311,
    0.9433938633863386,
    0.9410477925030855,
    0.9424585449003487,
    0.9346022198051301,
    0.9334753049621837,
    0.940901642798781,
    0.936401823839226,
    0.934930133823435
  ],
  "lam": [
    0.3665683249398669,
    0.4431129052395162,
    0.45802109098463806,
    0.36,
    0.4334193039827222,
    0.6458415539509335,
    0.36,
    0.36,
    0.5579341275987251,
    0.36,
    0.4271251434107184,
    0.36,
    0.3883184216745168,
    0.36,
    0.4900755471451723,
    0.36,
    0.4723004361514196,
    0.36,
    0.42632596789376753,
    0.6543524858380314,
    0.40664746796957263,
    0.36,
    0.36,
    0.36,
    0.36,
    0.43769120986985643,
    0.36,
    0.36,
    0.36,
    0.38792369385942027
  ],
  "max_kl": [
    0.3865751712900641,
    0.4171535963484001,
    0.46838503024282985,
    0.3357614274711798,
    0.43136127266175883,
    0.25997269732063943,
    0.6147158487658965,
    0.48224792464760236,
    0.39431436966204675,
    0.5382675598271238,
    0.3514954220150747,
    0.2748986990142237,
    0.2981352861394189,
    0.459106876006117,
    0.34941073527180116,
    0.45200201406179524,
    0.41189398498336344,
    0.4172201557946133,
    0.3711446798710772,
    0.4712304880986029,
    0.5556863722879408,
    0.33301165633373786,
    0.2859699304393023,
    0.36058105633009535,
    0.5170278826087856,
    0.4402012439272293,
    0.42509934013471995,
    0.3564284411545729,
    0.46272986789912507,
    0.49730274462602553
  ],
  "cg_iters": [
    3,
    3,
    3,
    3,
    3,
    3,
    4,
    3,
    3,
    3,
    4,
    4,
    3,
    3,
    4,
    3,
    4,
    3,
    3,
    3,
    3,
    3,
    3,
    3,
    3,
    4,
    3,
    3,
    3,
    3
  ],
  "entcoeff": [
    0.00029058530793782503,
    0.00024339157965697514,
    0.0002809844211938122,
    0.00029232466665977074,
    0.00031151134525199734,
    0.00032965987611548614,
    0.00034319840297496575,
    0.0004078251734841504,
    0.0003014945250337102,
    0.0003572564313937995,
    0.00038899632391766245,
    0.0004029518985647969,
    0.0003228486986337427,
    0.000416284696793463,
    0.0003168227124695873,
    0.00033705862420816627,
    0.00037542965268539237,
    0.00029496240966166306,
    0.00030043117215064024,
    0.000301525987659343,
    0.00028318816720705715,
    0.00031254705716256243,
    0.00033327276582647105,
    0.00030317359152823,
    0.0003465989602991734,
    0.00036220660828804044,
    0.00036018876478689863,
    0.0003265914989485457,
    0.0003493384348807365,
    0.0003003315333676335
  ],
  "cg_damping": [
    0.05152264576303254,
    0.14042251440061557,
    0.1782082193728858,
    0.08675455540432539,
    0.03752252709609363,
    0.11493961871518724,
    0.06440694626662287,
    0.1718663023176414,
    0.06812819460931017,
    0.11395417789886544,
    0.11852559501565758,
    0.06320062501567043,
    0.12506557799330345,
    0.0849461604696454,
    0.10116978282151863,
    0.08254059059689844,
    0.14018945111901102,
    0.0985592486708302,
    0.1635874622700859,
    0.09309504133088246,
    0.07683989021683392,
    0.07668674824931809,
    0.11588869966952502,
    0.10053195362046063,
    0.08501768098309105,
    0.10298202257788158,
    0.11951978729896298,
    0.08162238843624416,
    0.08940461993655821,
    0.09594281155912794
  ],
  "vf_stepsize": [
    0.012660041871889845,
    0.015329855881416386,
    0.029999999999999995,
    0.029999999999999995,
    0.029999999999999995,
    0.026601615374353436,
    0.02368437135982288,
    0.029999999999999995,
    0.029999999999999995,
    0.029999999999999995,
    0.029999999999999995,
    0.029999999999999995,
    0.02669157210864594,
    0.014591055498861858,
    0.029999999999999995,
    0.029999999999999995,
    0.02031662576280267,
    0.029999999999999995,
    0.029999999999999995,
    0.029999999999999995,
    0.029999999999999995,
    0.029999999999999995,
    0.02583836523495311,
    0.029999999999999995,
    0.029999999999999995,
    0.029999999999999995,
    0.029999999999999995,
    0.025002287317755188,
    0.0276337760195071,
    0.029999999999999995
  ],
  "vf_iters": [
    2,
    2,
    2,
    2,
    2,
    2,
    2,
    2,
    2,
    2,
    2,
    2,
    2,
    2,
    2,
    2,
    2,
    2,
    2,
    2,
    2,
    2,
    2,
    2,
    2,
    2,
    2,
    2,
    2,
    2
  ],
  "vf_minibatches": [
    3,
    3,
    3,
    3,
    3,
    4,
    4,
    4,
    4,
    3,
    3,
    4,
    4,
    3,
    3,
    3,
    4,
    4,
    3,
    4,
    4,
    4,
    3,
    4,
    3,
    4,
    4,
    3,
    3,
    4
  ],
  "num_envs": 4,
  "results_dir_name": "results",
  "storage_dir_name": "storage",
  "train_set": "remaining",
  "eval_set": "remaining",
  "OPENAI_LOG_FORMAT": "csv",
  "walltime_hrs": 0.3,
  "num_checkpoints": 100,
  "eval_ntrajs": 10,
  "eval_nsteps": 200,
  "eval_seed": 12345,
  "looping_tree": {
    "method": "fixed",
    "environment": "fixed",
    "total_timesteps": "fixed",
    "rng_seed": "zip",
    "policy_kwargs": "fixed",
    "timesteps_per_batch": "zip",
    "gamma": "zip",
    "lam": "zip",
    "max_kl": "zip",
    "cg_iters": "zip",
    "entcoeff": "zip",
    "cg_damping": "zip",
    "vf_stepsize": "zip",
    "vf_iters": "zip",
    "vf_minibatches": "zip"
  }
}