{
  "description": "Hyper-parameter optimization for trpo on a low frequency environment",
  "method": "trpo",
  "environment": "drop_leg_100hz",
  "total_timesteps": 4000000,
  "rng_seed": [
    0,
    1000,
    0,
    1000,
    1000,
    2000,
    0,
    2000,
    0,
    0,
    0,
    2000,
    1000,
    2000,
    2000,
    0,
    1000,
    1000,
    1000,
    1000,
    0,
    1000,
    0,
    0,
    1000,
    2000,
    0,
    2000,
    0,
    1000
  ],
  "policy_kwargs": {
    "net_arch": [
      {
        "vf": [
          64,
          64
        ],
        "pi": [
          64,
          64
        ]
      }
    ]
  },
  "timesteps_per_batch": [
    3132,
    4160,
    4074,
    3477,
    4348,
    4788,
    2762,
    2080,
    7039,
    2513,
    5439,
    5656,
    7934,
    4116,
    5947,
    3066,
    2214,
    5151,
    2147,
    4597,
    598,
    7285,
    4454,
    4329,
    8489,
    5467,
    4107,
    4875,
    5244,
    6118
  ],
  "gamma": [
    0.9971627309846594,
    0.9975268390670314,
    0.9967410011582877,
    0.9973048751515562,
    0.9992736084323629,
    0.997767635855134,
    0.9978331224724065,
    0.9971177881642431,
    0.9994722018619299,
    0.9977378904788177,
    0.9981471122156585,
    0.9989595622539718,
    0.9934212811760008,
    0.999071110528943,
    0.9980788529626953,
    0.9981179182139007,
    0.9996863041816284,
    0.9981712013705284,
    0.9978585541927452,
    0.9980541752617459,
    0.9934386789367013,
    0.9986588924407704,
    0.9972389449147607,
    0.9975298448546813,
    0.9986745533910859,
    0.9981820334377425,
    0.9949607452186133,
    0.9979957538664915,
    0.997633224229111,
    0.9985847363776091
  ],
  "lam": [
    0.9866868123111953,
    0.9896636589708563,
    0.9873939208697098,
    0.9909311399094626,
    0.964010413122382,
    0.989536842267717,
    0.9772360349091399,
    0.9908497266100258,
    0.9910887478810475,
    0.9830847241780738,
    0.9870505222179651,
    0.9765248302164488,
    0.9953531414085404,
    0.987517265237595,
    0.9943150249461117,
    0.9925718295689734,
    0.9948441754217047,
    0.988322557092098,
    0.9913907404101371,
    0.9926875973860804,
    0.9989609888053387,
    0.9970411701950307,
    0.9858775072638201,
    0.9928667818097349,
    0.9823002209506335,
    0.9881746442933552,
    0.9791909509822235,
    0.9895772918125929,
    0.9908391261537949,
    0.9905756959293589
  ],
  "max_kl": [
    0.010547884231928305,
    0.013708552844116643,
    0.019199161653722808,
    0.014648020206595867,
    0.03988376045922149,
    0.013799148470359745,
    0.09512916074555552,
    0.011377991867276194,
    0.004461272579015144,
    0.012601028938413139,
    0.008483437853255544,
    0.0018192997484991417,
    0.015791193164763677,
    0.05825967145650738,
    0.014226969358841596,
    0.009481131284580845,
    0.005167696722885103,
    0.010101772027336926,
    0.23529004854917132,
    0.00576480669974902,
    0.007661968218407968,
    0.02390321254109943,
    0.025618774440086343,
    0.012703270336587092,
    0.002751570672732147,
    0.00943489857648485,
    0.001276352965734139,
    0.011023657011628914,
    0.00840178362704876,
    0.016528197065753498
  ],
  "cg_iters": [
    4,
    5,
    4,
    4,
    3,
    5,
    5,
    3,
    1,
    5,
    4,
    1,
    3,
    2,
    5,
    3,
    10,
    6,
    2,
    5,
    4,
    7,
    6,
    7,
    3,
    4,
    4,
    9,
    3,
    8
  ],
  "entcoeff": [
    -3.3881317890172014e-21,
    -3.3881317890172014e-21,
    1.772576166586151e-08,
    7.081195439045951e-19,
    5.654064716415097e-06,
    5.395347415296679e-06,
    5.591623635670226e-05,
    7.276502682132484e-07,
    3.1589710385353154e-05,
    5.827586677109586e-19,
    2.1524236515739515e-07,
    1.8444469759934248e-05,
    1.636225328892307e-05,
    1.2036735954387956e-05,
    2.6900706110217866e-06,
    1.5754812818929986e-19,
    2.473320452705512e-06,
    1.7448878713438587e-19,
    1.4327811877562036e-06,
    1.5246593050577406e-20,
    3.0885982787904328e-06,
    8.706574933809812e-06,
    5.082197683525802e-20,
    2.456395547037471e-19,
    4.9555129063033e-06,
    1.2756316185649763e-18,
    8.655748751844881e-06,
    3.3645684974889814e-06,
    1.3891340334970526e-19,
    7.170565228320477e-06
  ],
  "cg_damping": [
    0.008605369893900844,
    0.010933414103602938,
    0.011647785037442918,
    0.006654344020843502,
    0.0035732239436189494,
    0.009790426877985519,
    0.0031723041104569937,
    0.010177331191110752,
    0.003382100016620186,
    0.00911803031062773,
    0.0070807420718988975,
    0.018814742507129417,
    0.008546743526214704,
    0.00860111847382474,
    0.014768145356228472,
    0.008158289208025518,
    0.029311905533683173,
    0.01985536580899174,
    0.0033424034856305795,
    0.011902166552537083,
    0.010008189622137108,
    0.011967638489834597,
    0.008523492456685629,
    0.00963049679910116,
    0.02722755175675671,
    0.008864240069606835,
    0.004338524901193171,
    0.009291701048324516,
    0.016704787218098652,
    0.008630280981898643
  ],
  "vf_stepsize": [
    0.00010373572518292168,
    0.00015553344201358292,
    9.518232946936464e-05,
    0.00013906548451544153,
    5.8098537135606025e-05,
    9.81346480121369e-05,
    0.00019031665722546106,
    8.367707018043974e-05,
    0.00033746351353827086,
    0.00015307498178700305,
    0.0001646944788383929,
    0.00020346198424880854,
    0.0008385831523486367,
    3.210873638319838e-05,
    0.00012115885907847583,
    0.00011692815271807796,
    3.858735062136152e-05,
    0.00012329937469189367,
    7.999966485809778e-05,
    0.00012161711465741895,
    6.133391238754864e-05,
    4.3064599911296766e-05,
    0.00011345540042397537,
    7.879175245815504e-05,
    0.0002068153349665858,
    0.00012770817826435334,
    4.2378787618282734e-05,
    0.00013560832002292242,
    0.00011956968126061919,
    0.0001904365034723648
  ],
  "vf_iters": [
    1,
    1,
    1,
    1,
    2,
    2,
    2,
    1,
    5,
    1,
    1,
    1,
    1,
    3,
    1,
    2,
    2,
    1,
    2,
    1,
    2,
    4,
    1,
    1,
    7,
    2,
    1,
    1,
    1,
    1
  ],
  "vf_minibatches": [
    3,
    4,
    3,
    2,
    1,
    3,
    2,
    3,
    4,
    3,
    3,
    3,
    2,
    16,
    2,
    2,
    4,
    4,
    29,
    4,
    3,
    1,
    3,
    4,
    2,
    2,
    17,
    2,
    2,
    2
  ],
  "num_envs": 4,
  "results_dir_name": "results",
  "storage_dir_name": "storage",
  "train_set": "remaining",
  "eval_set": "remaining",
  "OPENAI_LOG_FORMAT": "csv",
  "walltime_hrs": 0.3,
  "num_checkpoints": 100,
  "eval_ntrajs": 10,
  "eval_nsteps": 200,
  "eval_seed": 12345,
  "looping_tree": {
    "method": "fixed",
    "environment": "fixed",
    "total_timesteps": "fixed",
    "rng_seed": "zip",
    "policy_kwargs": "fixed",
    "timesteps_per_batch": "zip",
    "gamma": "zip",
    "lam": "zip",
    "max_kl": "zip",
    "cg_iters": "zip",
    "entcoeff": "zip",
    "cg_damping": "zip",
    "vf_stepsize": "zip",
    "vf_iters": "zip",
    "vf_minibatches": "zip"
  }
}