{
  "description": "Hyper-parameter optimization for trpo on a low frequency environment",
  "method": "trpo",
  "environment": "drop_leg_100hz",
  "total_timesteps": 4000000,
  "rng_seed": [
    1000,
    0,
    2000,
    1000,
    1000,
    0,
    1000,
    2000,
    2000,
    1000,
    2000,
    2000,
    1000,
    2000,
    1000,
    1000,
    0,
    2000,
    2000,
    2000,
    0,
    1000,
    0,
    2000,
    1000,
    1000,
    1000,
    2000,
    0,
    0
  ],
  "policy_kwargs": {
    "net_arch": [
      {
        "vf": [
          64,
          64
        ],
        "pi": [
          64,
          64
        ]
      }
    ]
  },
  "timesteps_per_batch": [
    64,
    64,
    64,
    77,
    64,
    64,
    64,
    64,
    64,
    64,
    64,
    64,
    64,
    193,
    64,
    64,
    64,
    93,
    82,
    64,
    64,
    486,
    64,
    64,
    64,
    64,
    90,
    203,
    116,
    88
  ],
  "gamma": [
    0.9993274092159461,
    0.9980867879789055,
    0.9972595257348081,
    0.9944230730451303,
    0.998883130547299,
    0.9987152162369741,
    0.9979109073660193,
    0.9996187359999996,
    0.998741605857305,
    0.9998242195924044,
    0.9996823183497587,
    0.99858834964846,
    0.9992168306114643,
    0.9967948642315773,
    0.9945161139607015,
    0.999135201128544,
    0.9990346437162525,
    0.9993236497255575,
    0.9953100101735267,
    0.9992739234045706,
    0.9994320805250801,
    0.9816189867449171,
    0.9979073285048942,
    0.9998359942683049,
    0.9936998118934567,
    0.9995253459890754,
    0.9996541761361336,
    0.9978626990535262,
    0.9885143879752459,
    0.999755546297358
  ],
  "lam": [
    0.9995598873410546,
    0.9994044646787432,
    0.9997102501173624,
    0.9997128444173747,
    0.9990729410585104,
    0.99984375,
    0.99984375,
    0.999792349838627,
    0.9998220235950288,
    0.9996534790283261,
    0.9994563516596061,
    0.9983718777837155,
    0.9996477128341857,
    0.9997444253733135,
    0.99984375,
    0.9985142912270538,
    0.99984375,
    0.9995064908360568,
    0.9996450945971307,
    0.99984375,
    0.9984838510950874,
    0.999121227163554,
    0.9994756364296058,
    0.9998194796537475,
    0.9996360699539182,
    0.99984375,
    0.9930925795517416,
    0.9991612319283527,
    0.9997828047987575,
    0.99984375
  ],
  "max_kl": [
    0.64,
    0.64,
    0.64,
    0.64,
    0.64,
    0.64,
    0.64,
    0.64,
    0.64,
    0.64,
    0.64,
    0.64,
    0.64,
    0.64,
    0.64,
    0.64,
    0.64,
    0.64,
    0.64,
    0.64,
    0.64,
    0.4665859197528973,
    0.64,
    0.64,
    0.64,
    0.64,
    0.09423139171968392,
    0.64,
    0.64,
    0.64
  ],
  "cg_iters": [
    20,
    20,
    20,
    20,
    20,
    20,
    17,
    20,
    20,
    20,
    20,
    20,
    14,
    20,
    20,
    9,
    20,
    20,
    7,
    20,
    20,
    15,
    20,
    20,
    20,
    20,
    15,
    20,
    20,
    20
  ],
  "entcoeff": [
    0.0006083650882807793,
    0.0009826837151878885,
    0.001,
    0.001,
    0.001,
    0.001,
    0.001,
    0.0006888166217699464,
    0.001,
    0.0003944958436585576,
    0.0006208139037460075,
    0.0007577439502985185,
    0.0006315063749563184,
    0.001,
    0.001,
    0.0006741792785376448,
    0.001,
    0.00040798029712620293,
    0.000979117756027275,
    0.001,
    0.0007782513069873857,
    0.00023958996143538908,
    0.001,
    0.0005566892341576315,
    0.001,
    0.0006392714342885853,
    0.0002973136956054624,
    0.001,
    0.001,
    0.001
  ],
  "cg_damping": [
    0.001413103100407743,
    0.0014881630741694699,
    0.0009565061987846774,
    0.0021466141389161588,
    0.0015153516701384168,
    0.0009058229589070624,
    0.00035831839546917986,
    0.001200224231753889,
    0.0013792565394050412,
    0.0010205283849332512,
    0.0018377270934833248,
    0.0031212042316883185,
    0.0005710532341049144,
    0.0013310416723056418,
    0.0007173323508590844,
    0.0015084947659362298,
    0.0005588488450734425,
    0.0007786181510134101,
    0.0008797447911290914,
    0.0001487176774357187,
    0.0009460214805302387,
    0.00016067032244617752,
    0.005372752313857781,
    0.00148342607428421,
    0.0017056147971143086,
    0.0007759880513741531,
    0.002360929758375985,
    0.0007388300421389651,
    0.0015015651715287559,
    0.0006517192534357572
  ],
  "vf_stepsize": [
    2.2364500218126985e-05,
    1.635916300207803e-05,
    7.3720971227267395e-06,
    5.229482314023976e-06,
    8.948797978459067e-06,
    1.935150157336298e-05,
    4.2912110732157574e-06,
    1.6638892982543527e-05,
    5.882883519650413e-06,
    1.908301855707382e-05,
    5.495330953830764e-05,
    1.8738378405257736e-05,
    5.310082516655456e-06,
    3.935401645654731e-06,
    3.0354570215235623e-06,
    1.5598731834457224e-05,
    4.959425078441004e-06,
    1.1269069210218113e-05,
    3.546712519004605e-06,
    3.445932619280423e-06,
    4.074186302797433e-06,
    1.3059314919311033e-05,
    1.8429388571341457e-05,
    6.794006636827962e-05,
    1.443923469306596e-05,
    1.0795751517597841e-05,
    3.735461411385322e-06,
    3.000000000000559e-06,
    6.876791631753192e-06,
    6.022749779183892e-06
  ],
  "vf_iters": [
    2,
    5,
    10,
    4,
    11,
    11,
    15,
    1,
    3,
    1,
    2,
    6,
    7,
    7,
    4,
    5,
    2,
    10,
    8,
    24,
    12,
    3,
    4,
    1,
    2,
    5,
    12,
    11,
    2,
    2
  ],
  "vf_minibatches": [
    1,
    1,
    1,
    2,
    1,
    1,
    1,
    1,
    1,
    1,
    1,
    1,
    1,
    2,
    1,
    1,
    1,
    1,
    1,
    1,
    1,
    5,
    1,
    1,
    1,
    1,
    3,
    1,
    2,
    1
  ],
  "num_envs": 4,
  "results_dir_name": "results",
  "storage_dir_name": "storage",
  "train_set": "remaining",
  "eval_set": "remaining",
  "OPENAI_LOG_FORMAT": "csv",
  "walltime_hrs": 0.3,
  "num_checkpoints": 100,
  "eval_ntrajs": 10,
  "eval_nsteps": 200,
  "eval_seed": 12345,
  "looping_tree": {
    "method": "fixed",
    "environment": "fixed",
    "total_timesteps": "fixed",
    "rng_seed": "zip",
    "policy_kwargs": "fixed",
    "timesteps_per_batch": "zip",
    "gamma": "zip",
    "lam": "zip",
    "max_kl": "zip",
    "cg_iters": "zip",
    "entcoeff": "zip",
    "cg_damping": "zip",
    "vf_stepsize": "zip",
    "vf_iters": "zip",
    "vf_minibatches": "zip"
  }
}