{
  "description": "Hyper-parameter optimization for trpo on a low frequency environment",
  "method": "trpo",
  "environment": "drop_leg_100hz",
  "total_timesteps": 4000000,
  "rng_seed": [
    1000,
    1000,
    1000,
    2000,
    2000,
    1000,
    1000,
    2000,
    1000,
    1000,
    0,
    2000,
    2000,
    2000,
    0,
    2000,
    0,
    0,
    2000,
    1000,
    0,
    1000,
    1000,
    1000,
    0,
    2000,
    1000,
    2000,
    0,
    1000
  ],
  "policy_kwargs": {
    "net_arch": [
      {
        "vf": [
          64,
          64
        ],
        "pi": [
          64,
          64
        ]
      }
    ]
  },
  "timesteps_per_batch": [
    1569,
    3162,
    4309,
    8770,
    3095,
    3857,
    2482,
    1238,
    1699,
    10245,
    1601,
    1144,
    2072,
    985,
    3130,
    556,
    4473,
    2572,
    862,
    868,
    16384,
    8745,
    1963,
    7800,
    1139,
    3649,
    3441,
    604,
    746,
    2145
  ],
  "gamma": [
    0.998747316499834,
    0.9995084357529739,
    0.9997924982996584,
    0.9989020811018431,
    0.9995935794060596,
    0.9995410181859156,
    0.9994736670397888,
    0.9986993060650349,
    0.9980276717872438,
    0.9996497269434419,
    0.999624721409912,
    0.9994018089300752,
    0.9988831172399641,
    0.9989494619994708,
    0.999818622846616,
    0.9987917934094835,
    0.9995623757721209,
    0.9997551089366609,
    0.9976312936201751,
    0.9983048854059365,
    0.9981130561037469,
    0.9996821631838426,
    0.9994332559243387,
    0.9997687194645002,
    0.9982453151075039,
    0.9998352283755982,
    0.9977209478814257,
    0.9983257404945595,
    0.9980258734983106,
    0.9997357074088192
  ],
  "lam": [
    0.9993118123426068,
    0.9992724974249909,
    0.9990855685185267,
    0.9858301033527526,
    0.9995204556161167,
    0.9986226020581277,
    0.9837169583270379,
    0.9878430587723007,
    0.9994028290283724,
    0.9890682822785934,
    0.9994675499842595,
    0.9992004429452411,
    0.9986805946367895,
    0.9994620340235165,
    0.9907100050610715,
    0.9994106437845112,
    0.9964451537467185,
    0.9992263382277337,
    0.9948816545623174,
    0.9991452989424663,
    0.9885652212895457,
    0.9982892731955391,
    0.9994645318237176,
    0.9993001223445522,
    0.9992821406052251,
    0.9990231700417561,
    0.9930736370147134,
    0.999102726017144,
    0.9967436510008174,
    0.9989477469284694
  ],
  "max_kl": [
    0.013598748606532469,
    0.009054148824010318,
    0.00680992419902927,
    0.0012500000000000002,
    0.006013883275998689,
    0.0034519408657025137,
    0.0012500000000000002,
    0.0012500000000000002,
    0.034301370834641465,
    0.0012500000000000002,
    0.012964459888882977,
    0.00724334137267087,
    0.007273407786146457,
    0.026391723804543032,
    0.0012500000000000002,
    0.020574422945049523,
    0.002632385383079107,
    0.00767685722364448,
    0.03392968511161471,
    0.02156690572946424,
    0.013118708020894123,
    0.0028077374340844743,
    0.01840257967699561,
    0.0030798534554333707,
    0.044807264532329485,
    0.003921696656690123,
    0.06699185724572607,
    0.07460866480363507,
    0.12102312383730582,
    0.005400334147055199
  ],
  "cg_iters": [
    20,
    20,
    20,
    1,
    20,
    20,
    1,
    1,
    20,
    3,
    11,
    6,
    20,
    8,
    2,
    10,
    20,
    20,
    1,
    20,
    20,
    20,
    20,
    3,
    11,
    3,
    1,
    11,
    1,
    20
  ],
  "entcoeff": [
    1.6252727770937054e-05,
    2.116738878399659e-05,
    2.0183780848710567e-05,
    6.736240243239866e-06,
    1.590953873297525e-06,
    2.9707976267753554e-05,
    1.6798781163093294e-05,
    3.5530601123121597e-07,
    5.365009468170289e-06,
    2.0138870715273763e-05,
    6.778173913905853e-06,
    2.7336171182790074e-05,
    4.290964395634442e-05,
    1.0904762463439636e-05,
    3.509198389946194e-05,
    1.1145728550640719e-05,
    7.91764640944252e-05,
    5.812292528656064e-05,
    -3.3881317890172014e-21,
    1.910864480059327e-05,
    -3.3881317890172014e-21,
    9.256483115841764e-06,
    3.805107936428231e-05,
    1.1507228724273569e-05,
    3.3181931270300485e-07,
    6.1952774216703e-05,
    -3.3881317890172014e-21,
    1.4540570785481635e-05,
    2.4921493682035113e-06,
    8.212666777017487e-06
  ],
  "cg_damping": [
    0.0032394657784817894,
    0.005568692641898728,
    0.014340690227099025,
    0.008470046659705379,
    0.005560993800463464,
    0.012263268849881052,
    0.009950051146146823,
    0.009053958845262874,
    0.003940341425361218,
    0.010402554433483797,
    0.010627502113769208,
    0.018719639052179667,
    0.0058616281569497716,
    0.009903831443551768,
    0.014590135968751108,
    0.005489235119955018,
    0.012582772817007263,
    0.010822630873743723,
    0.008703846980552854,
    0.0037149476231131025,
    0.007851866085409642,
    0.010343988249045716,
    0.009250694997956844,
    0.03219906364996456,
    0.005734801892679609,
    0.005563666590040672,
    0.010873125414264561,
    0.0066443281393839876,
    0.012351341844765286,
    0.01563148660015301
  ],
  "vf_stepsize": [
    4.59462356141988e-05,
    5.8627505579918235e-05,
    5.408828923166792e-05,
    0.00035148465150534864,
    6.507684140590911e-05,
    3.239544834215368e-05,
    0.0002532574551621524,
    0.00032460576650851497,
    8.775485741381913e-05,
    0.00023049922346304882,
    3.1558130967510625e-05,
    2.8924233322744178e-05,
    4.184754238628468e-05,
    2.5472435096579933e-05,
    0.00022741550671711685,
    4.9710461042087594e-05,
    6.005483184002279e-05,
    3.983307861190293e-05,
    6.207846742821905e-05,
    4.615644091601169e-05,
    0.0001658144736946219,
    3.3553377143075906e-05,
    6.727197510471668e-05,
    3.562797907369704e-05,
    7.56782866513299e-05,
    9.201520567456214e-05,
    9.941844166491268e-05,
    6.401775481538232e-05,
    9.699336369537098e-05,
    2.422409745527971e-05
  ],
  "vf_iters": [
    1,
    2,
    2,
    5,
    3,
    2,
    4,
    4,
    1,
    5,
    2,
    2,
    1,
    1,
    4,
    2,
    3,
    2,
    4,
    1,
    3,
    4,
    1,
    3,
    2,
    2,
    5,
    1,
    3,
    3
  ],
  "vf_minibatches": [
    2,
    2,
    2,
    10,
    1,
    2,
    10,
    4,
    2,
    11,
    1,
    1,
    3,
    2,
    6,
    3,
    3,
    4,
    16,
    5,
    15,
    3,
    3,
    1,
    1,
    3,
    30,
    3,
    10,
    1
  ],
  "num_envs": 4,
  "results_dir_name": "results",
  "storage_dir_name": "storage",
  "train_set": "remaining",
  "eval_set": "remaining",
  "OPENAI_LOG_FORMAT": "csv",
  "walltime_hrs": 0.3,
  "num_checkpoints": 100,
  "eval_ntrajs": 10,
  "eval_nsteps": 200,
  "eval_seed": 12345,
  "looping_tree": {
    "method": "fixed",
    "environment": "fixed",
    "total_timesteps": "fixed",
    "rng_seed": "zip",
    "policy_kwargs": "fixed",
    "timesteps_per_batch": "zip",
    "gamma": "zip",
    "lam": "zip",
    "max_kl": "zip",
    "cg_iters": "zip",
    "entcoeff": "zip",
    "cg_damping": "zip",
    "vf_stepsize": "zip",
    "vf_iters": "zip",
    "vf_minibatches": "zip"
  }
}