{
  "description": "Hyper-parameter optimization for trpo on a low frequency environment",
  "method": "trpo",
  "environment": "drop_leg_100hz",
  "total_timesteps": 4000000,
  "rng_seed": [
    1000,
    1000,
    2000,
    2000,
    1000,
    0,
    0,
    2000,
    1000,
    1000,
    2000,
    1000,
    2000,
    2000,
    1000,
    1000,
    0,
    0,
    2000,
    0,
    2000,
    1000,
    0,
    0,
    2000,
    0,
    2000,
    0,
    1000,
    0
  ],
  "policy_kwargs": {
    "net_arch": [
      {
        "vf": [
          64,
          64
        ],
        "pi": [
          64,
          64
        ]
      }
    ]
  },
  "timesteps_per_batch": [
    64,
    64,
    64,
    64,
    64,
    64,
    64,
    64,
    64,
    64,
    64,
    64,
    64,
    64,
    64,
    64,
    64,
    64,
    64,
    64,
    64,
    64,
    64,
    64,
    64,
    64,
    64,
    64,
    64,
    64
  ],
  "gamma": [
    0.9977194182803613,
    0.9992397755148857,
    0.9985009719030182,
    0.9955951544674794,
    0.9995418094482308,
    0.9987842890725359,
    0.9975216405188752,
    0.99984375,
    0.9996561710430486,
    0.9970809132905761,
    0.9988999229835127,
    0.9995800825176597,
    0.9997712562577,
    0.9995367795217918,
    0.9997829734605637,
    0.9954561829454889,
    0.9982736739763604,
    0.9971411766826023,
    0.9968438182647736,
    0.9996296167708096,
    0.9959707753870822,
    0.9993532550395698,
    0.99984375,
    0.9987915085137312,
    0.9996520294587191,
    0.9986010777602866,
    0.99984375,
    0.9972106791818481,
    0.9995662772486313,
    0.99984375
  ],
  "lam": [
    0.9986598054399624,
    0.9985156474817793,
    0.9991018658856432,
    0.9982659393320122,
    0.9991347752342554,
    0.999672132631769,
    0.999531910665425,
    0.9989273919873215,
    0.9994147352789198,
    0.9972773476881055,
    0.9976233630681673,
    0.9992228778570685,
    0.9995742445065363,
    0.9990497883795844,
    0.9983309076423224,
    0.9991102052275456,
    0.9961866083363413,
    0.9983279268404541,
    0.9989322166307126,
    0.9979278056501998,
    0.9998004461224539,
    0.9989885858098541,
    0.9986022393310182,
    0.9923875898902974,
    0.9996034285664072,
    0.9993007651431047,
    0.9994574301313601,
    0.9970924611804428,
    0.9997751077259467,
    0.9987596065038953
  ],
  "max_kl": [
    0.64,
    0.64,
    0.64,
    0.64,
    0.64,
    0.64,
    0.64,
    0.64,
    0.64,
    0.64,
    0.64,
    0.64,
    0.64,
    0.64,
    0.64,
    0.64,
    0.64,
    0.64,
    0.4198920745031787,
    0.64,
    0.64,
    0.64,
    0.64,
    0.64,
    0.64,
    0.64,
    0.64,
    0.64,
    0.64,
    0.64
  ],
  "cg_iters": [
    20,
    11,
    20,
    20,
    20,
    20,
    20,
    20,
    14,
    20,
    20,
    9,
    20,
    20,
    20,
    20,
    19,
    20,
    20,
    16,
    20,
    20,
    6,
    20,
    20,
    20,
    12,
    20,
    20,
    20
  ],
  "entcoeff": [
    0.001,
    0.001,
    0.001,
    0.001,
    0.001,
    0.001,
    0.001,
    0.001,
    0.000648261517281953,
    0.001,
    0.001,
    0.0005701590603908872,
    0.001,
    0.001,
    0.001,
    0.001,
    0.001,
    0.001,
    0.001,
    0.001,
    0.001,
    0.001,
    0.001,
    0.001,
    0.001,
    0.001,
    0.001,
    0.00048435058607818613,
    0.000821104603382407,
    0.0006496268209764279
  ],
  "cg_damping": [
    0.00021846399467747674,
    0.00017315628638595054,
    0.00010276614873980663,
    0.0002720225188215583,
    0.000237861751330315,
    0.00010026465424991325,
    0.00024952388642168397,
    0.0004638512154280659,
    0.0015178535914245907,
    0.00027632827330181244,
    0.00010617868674053464,
    0.0020124276794820217,
    0.00011813874297317898,
    0.0001115849317959237,
    0.00011527050257393626,
    0.0004255104540920951,
    0.00044154414111663464,
    0.00010000000000000383,
    0.00010000000000000009,
    0.00010000000000000009,
    0.00010426431838723963,
    0.00032221215492160375,
    0.0003288126382584772,
    0.00021025807296704173,
    0.00030867249197574624,
    0.0003139466292845279,
    0.00010480543678485881,
    0.0005298006710627012,
    0.0008763563399305834,
    0.00014194446026217234
  ],
  "vf_stepsize": [
    7.599673220943482e-06,
    1.2694185115342196e-05,
    1.9984276458459583e-05,
    3.64966374409322e-06,
    2.3249939960430878e-05,
    3.83054714267705e-05,
    1.4250015218831048e-05,
    3.8148615087302856e-05,
    3.6238871170033865e-05,
    6.0582229045832406e-06,
    5.253992342094964e-06,
    3.143361143170417e-05,
    1.333089773820012e-05,
    1.2678258566507989e-05,
    4.4848205917477766e-05,
    9.06538307155528e-06,
    9.295055790409153e-06,
    3.000000000000165e-06,
    3.9720530624971785e-06,
    3.483114455727887e-06,
    2.5324204467971048e-05,
    6.860697694124286e-06,
    2.428457968077658e-05,
    5.42085623293761e-06,
    6.122310849202304e-05,
    1.8657446394529493e-05,
    5.685554057154975e-05,
    6.89196464909777e-06,
    2.9723328736198334e-05,
    9.674413972032482e-06
  ],
  "vf_iters": [
    12,
    10,
    11,
    22,
    6,
    6,
    7,
    9,
    3,
    15,
    17,
    1,
    6,
    21,
    7,
    7,
    12,
    24,
    8,
    15,
    5,
    17,
    5,
    18,
    7,
    21,
    3,
    7,
    3,
    5
  ],
  "vf_minibatches": [
    1,
    1,
    1,
    1,
    1,
    1,
    1,
    1,
    1,
    3,
    3,
    1,
    1,
    2,
    1,
    2,
    1,
    1,
    1,
    4,
    1,
    1,
    1,
    1,
    1,
    2,
    1,
    1,
    1,
    1
  ],
  "num_envs": 4,
  "results_dir_name": "results",
  "storage_dir_name": "storage",
  "train_set": "remaining",
  "eval_set": "remaining",
  "OPENAI_LOG_FORMAT": "csv",
  "walltime_hrs": 0.3,
  "num_checkpoints": 100,
  "eval_ntrajs": 10,
  "eval_nsteps": 200,
  "eval_seed": 12345,
  "looping_tree": {
    "method": "fixed",
    "environment": "fixed",
    "total_timesteps": "fixed",
    "rng_seed": "zip",
    "policy_kwargs": "fixed",
    "timesteps_per_batch": "zip",
    "gamma": "zip",
    "lam": "zip",
    "max_kl": "zip",
    "cg_iters": "zip",
    "entcoeff": "zip",
    "cg_damping": "zip",
    "vf_stepsize": "zip",
    "vf_iters": "zip",
    "vf_minibatches": "zip"
  }
}