{
  "description": "Hyper-parameter optimization for trpo on a low frequency environment",
  "method": "trpo",
  "environment": "drop_leg_100hz",
  "total_timesteps": 4000000,
  "rng_seed": [
    2000,
    1000,
    0,
    2000,
    2000,
    2000,
    1000,
    0,
    0,
    2000,
    1000,
    1000,
    1000,
    2000,
    2000,
    1000,
    1000,
    0,
    1000,
    0,
    1000,
    0,
    2000,
    2000,
    2000,
    2000,
    0,
    0,
    1000,
    0
  ],
  "policy_kwargs": {
    "net_arch": [
      {
        "vf": [
          64,
          64
        ],
        "pi": [
          64,
          64
        ]
      }
    ]
  },
  "timesteps_per_batch": [
    64,
    66,
    64,
    99,
    64,
    64,
    64,
    64,
    64,
    744,
    64,
    64,
    64,
    64,
    300,
    64,
    65,
    67,
    64,
    64,
    64,
    64,
    165,
    208,
    64,
    80,
    64,
    64,
    64,
    64
  ],
  "gamma": [
    0.9995434680086165,
    0.9996045459898464,
    0.9990746044364655,
    0.9993321141292184,
    0.9995781517254654,
    0.9997912661434774,
    0.9993311693379433,
    0.9998342088818103,
    0.9996306146935126,
    0.9990858382166498,
    0.99984375,
    0.9996137848042564,
    0.9997275245227665,
    0.9997617378030529,
    0.9990333309344644,
    0.9996789732861701,
    0.9997289275298976,
    0.9994361347976624,
    0.9995975756478049,
    0.9993740480741,
    0.9998434193290935,
    0.99984375,
    0.9989066237995599,
    0.9996424605076979,
    0.99984375,
    0.9994873610237792,
    0.9997039951887394,
    0.99984375,
    0.9995276837272344,
    0.9996387816158161
  ],
  "lam": [
    0.9991374129387799,
    0.9993960254734059,
    0.9988807557753302,
    0.9995781637026759,
    0.9990640435411526,
    0.9986394135265639,
    0.9996402640384237,
    0.9994776631864709,
    0.9993496586116363,
    0.9994499362405895,
    0.9992556245148998,
    0.9995435387301277,
    0.9989599655137095,
    0.9996157236321163,
    0.9995945060888691,
    0.9996612954662848,
    0.9997313676451244,
    0.9998275789308634,
    0.9994540192360587,
    0.9992100581974216,
    0.9992058709163769,
    0.999512631932434,
    0.9994935381639249,
    0.9989891706316442,
    0.9989300860812539,
    0.9991478996191878,
    0.9992705903155679,
    0.9988341497074124,
    0.9996844371093909,
    0.9992993524166192
  ],
  "max_kl": [
    0.64,
    0.64,
    0.64,
    0.64,
    0.64,
    0.64,
    0.64,
    0.64,
    0.64,
    0.6017868239113551,
    0.64,
    0.64,
    0.5431451190336295,
    0.64,
    0.20214827117009354,
    0.64,
    0.64,
    0.64,
    0.64,
    0.64,
    0.64,
    0.64,
    0.3837658907813045,
    0.5199439106121572,
    0.64,
    0.64,
    0.64,
    0.64,
    0.64,
    0.64
  ],
  "cg_iters": [
    20,
    20,
    20,
    18,
    18,
    20,
    20,
    20,
    13,
    5,
    20,
    6,
    4,
    16,
    12,
    20,
    20,
    20,
    20,
    10,
    8,
    14,
    2,
    16,
    20,
    4,
    20,
    15,
    20,
    9
  ],
  "entcoeff": [
    0.00018325323724775172,
    0.0003724388293385824,
    0.00024242048294049646,
    0.00037393063299554077,
    9.147855891514081e-05,
    3.244484291140777e-05,
    0.0002859532610269387,
    0.0006498018123027785,
    0.00015299388151881915,
    0.00032479496631263515,
    6.108806946892003e-05,
    0.00029932046472437357,
    0.00028239669782668925,
    0.0005336202017384101,
    0.0004321097188465836,
    0.0004158710578596092,
    0.0007092617832588967,
    0.0002243928017659532,
    0.0003242227252025953,
    0.00022968467162978506,
    4.54636541403515e-05,
    0.00011271845125992083,
    7.309632344357392e-05,
    2.018619591396333e-05,
    3.250421226744048e-05,
    0.00024362363983919315,
    9.033245588334075e-05,
    0.000442008981268655,
    0.00013427083471847186,
    0.0004472181522892272
  ],
  "cg_damping": [
    0.004882580471748874,
    0.005659095299763158,
    0.010233920027572506,
    0.01052853893884414,
    0.013192676354831297,
    0.020037165736507472,
    0.0023347126963976818,
    0.004612629971881343,
    0.02247259871941445,
    0.0017695103844767809,
    0.036368007222045695,
    0.008793732979343246,
    0.009955223749277507,
    0.0022186621068998437,
    0.05449378043323414,
    0.015023854174263872,
    0.005787039763458016,
    0.00623942180727456,
    0.0016840207184777014,
    0.010842673458796649,
    0.020608242226732337,
    0.014593767804673013,
    0.0036753862203519247,
    0.0024002359671405973,
    0.00681767866641715,
    0.01232375754079342,
    0.005016491897681666,
    0.015617537993492858,
    0.01082646086073978,
    0.0050291799321761175
  ],
  "vf_stepsize": [
    7.455363041601136e-05,
    9.210554964391879e-05,
    6.896458518956346e-05,
    0.00017856264210889435,
    8.336075244580388e-05,
    9.663882886463752e-05,
    5.460371011643758e-05,
    0.0001736139195427316,
    8.481136373171251e-05,
    9.45885062172667e-05,
    0.00013868627778799547,
    8.281433468453132e-05,
    0.00018261493478701204,
    7.339312433875277e-05,
    2.03178429127454e-05,
    0.0001253629179009212,
    9.134730289785386e-05,
    8.916937512565478e-05,
    0.00011981791303646893,
    0.00010069244305939006,
    4.807761236225483e-05,
    4.9303877382930346e-05,
    5.399987309009933e-05,
    0.0002628261461432387,
    0.00013409017481578255,
    0.00011647338591742125,
    0.000138175199225318,
    7.813680014747138e-05,
    2.8478072655070986e-05,
    0.00011433550549210531
  ],
  "vf_iters": [
    3,
    6,
    10,
    9,
    15,
    20,
    7,
    5,
    24,
    3,
    24,
    12,
    7,
    2,
    9,
    24,
    9,
    4,
    5,
    24,
    24,
    16,
    10,
    3,
    11,
    24,
    7,
    16,
    24,
    2
  ],
  "vf_minibatches": [
    1,
    2,
    2,
    3,
    4,
    9,
    2,
    1,
    12,
    1,
    26,
    2,
    1,
    2,
    15,
    10,
    4,
    2,
    5,
    6,
    26,
    7,
    23,
    8,
    9,
    19,
    1,
    4,
    8,
    1
  ],
  "num_envs": 4,
  "results_dir_name": "results",
  "storage_dir_name": "storage",
  "train_set": "remaining",
  "eval_set": "remaining",
  "OPENAI_LOG_FORMAT": "csv",
  "walltime_hrs": 0.3,
  "num_checkpoints": 100,
  "eval_ntrajs": 10,
  "eval_nsteps": 200,
  "eval_seed": 12345,
  "looping_tree": {
    "method": "fixed",
    "environment": "fixed",
    "total_timesteps": "fixed",
    "rng_seed": "zip",
    "policy_kwargs": "fixed",
    "timesteps_per_batch": "zip",
    "gamma": "zip",
    "lam": "zip",
    "max_kl": "zip",
    "cg_iters": "zip",
    "entcoeff": "zip",
    "cg_damping": "zip",
    "vf_stepsize": "zip",
    "vf_iters": "zip",
    "vf_minibatches": "zip"
  }
}