{
  "description": "Hyper-parameter optimization for trpo on a low frequency environment",
  "method": "trpo",
  "environment": "drop_leg_100hz",
  "total_timesteps": 4000000,
  "rng_seed": [
    0,
    2000,
    1000,
    2000,
    1000,
    1000,
    0,
    2000,
    2000,
    2000,
    2000,
    2000,
    0,
    0,
    0,
    0,
    1000,
    1000,
    0,
    1000,
    1000,
    2000,
    1000,
    2000,
    0,
    1000,
    2000,
    2000,
    2000,
    1000
  ],
  "policy_kwargs": {
    "net_arch": [
      {
        "vf": [
          64,
          64
        ],
        "pi": [
          64,
          64
        ]
      }
    ]
  },
  "timesteps_per_batch": [
    64,
    64,
    64,
    64,
    64,
    64,
    64,
    64,
    64,
    64,
    69,
    64,
    64,
    64,
    64,
    64,
    64,
    64,
    64,
    64,
    64,
    72,
    64,
    64,
    64,
    64,
    64,
    64,
    131,
    64
  ],
  "gamma": [
    0.9969667508840725,
    0.9992765991897794,
    0.99984375,
    0.99984375,
    0.99984375,
    0.9969167339580927,
    0.9962668225247778,
    0.9995839528936127,
    0.99984375,
    0.9995639333710503,
    0.9991589335853922,
    0.99984375,
    0.9960462788114566,
    0.9997791188274432,
    0.9992518685356888,
    0.9971604377521643,
    0.9989819597910773,
    0.9985246530089046,
    0.99984375,
    0.9971265529549349,
    0.9997526212245433,
    0.9987773653399126,
    0.99984375,
    0.9998170335130289,
    0.9993447083849228,
    0.9972383681537401,
    0.99984375,
    0.9968851140128971,
    0.9978539691295695,
    0.9976731072369547
  ],
  "lam": [
    0.9984417206760635,
    0.99984375,
    0.9990769838816762,
    0.9977212211600197,
    0.99984375,
    0.9994920443529176,
    0.99984375,
    0.9996348542075343,
    0.99984375,
    0.9989287439943327,
    0.9916467251709792,
    0.9995993708244993,
    0.9990791085785985,
    0.998966537015759,
    0.99984375,
    0.99984375,
    0.99984375,
    0.99984375,
    0.99984375,
    0.9984695555269776,
    0.99984375,
    0.9986222624866505,
    0.9995962065248257,
    0.9992785164944316,
    0.99984375,
    0.99984375,
    0.9978452808605519,
    0.9991245451823791,
    0.9988787897874513,
    0.99984375
  ],
  "max_kl": [
    0.64,
    0.64,
    0.64,
    0.64,
    0.64,
    0.64,
    0.64,
    0.64,
    0.64,
    0.64,
    0.548967326116545,
    0.64,
    0.64,
    0.64,
    0.64,
    0.64,
    0.64,
    0.64,
    0.64,
    0.64,
    0.64,
    0.64,
    0.64,
    0.64,
    0.64,
    0.23193781441932187,
    0.64,
    0.64,
    0.64,
    0.64
  ],
  "cg_iters": [
    20,
    20,
    10,
    4,
    8,
    20,
    20,
    10,
    20,
    13,
    11,
    16,
    20,
    20,
    20,
    20,
    20,
    20,
    3,
    20,
    20,
    14,
    4,
    13,
    20,
    20,
    14,
    20,
    20,
    20
  ],
  "entcoeff": [
    0.00020343898087634953,
    0.0008149044592703004,
    0.001,
    0.001,
    0.001,
    0.001,
    0.001,
    0.0006342052229194196,
    0.001,
    0.0005003431788728801,
    0.00010943997605742838,
    0.001,
    0.0003816536819150618,
    0.000848963309120697,
    0.001,
    0.001,
    0.001,
    0.001,
    0.001,
    0.00016074315119151347,
    0.001,
    0.0004529420018067051,
    0.001,
    0.001,
    0.001,
    0.001,
    0.001,
    0.0008394544632445587,
    0.0008453596095269734,
    0.001
  ],
  "cg_damping": [
    0.00010000000000000009,
    0.0012779297142814618,
    0.0009611335825528275,
    0.00010000000000000009,
    0.0003185493205530728,
    0.00010000000000000009,
    0.00010000000000000009,
    0.001984110767757501,
    0.00010000000000003118,
    0.0023731311179835666,
    0.00025646123289140536,
    0.001288390058003338,
    0.00010000000000000009,
    0.002373606347510243,
    0.00012115849668890713,
    0.00010268159487911025,
    0.0008011136881056034,
    0.0005856456863481871,
    0.00010000000000000293,
    0.00036422035093670776,
    0.0014745964664519844,
    0.003285212679098409,
    0.00010000000000000009,
    0.00029850531192040765,
    0.002155334483627622,
    0.00010000000000000009,
    0.0009643788337375551,
    0.00029059862728604433,
    0.00010000000000000968,
    0.0019818052852171517
  ],
  "vf_stepsize": [
    2.9999999999999997e-06,
    2.6892105210844712e-05,
    5.420662834544265e-05,
    7.311809159487018e-05,
    6.516198633019078e-05,
    5.531336534091822e-06,
    3.204690005662973e-05,
    3.185778312338709e-05,
    0.00014398710081962125,
    2.784637965026683e-05,
    3.0604968427114014e-05,
    4.5336683204754354e-05,
    1.3647157404211242e-05,
    7.581611733028915e-05,
    6.3069222175653e-05,
    3.2478696266637854e-05,
    5.016097031575375e-05,
    3.378168638046419e-05,
    6.661484730214999e-05,
    3.01947924033065e-06,
    2.3513584458053562e-05,
    2.2085148200117054e-05,
    0.00012114966410638019,
    5.141861569803296e-05,
    4.7253342840836405e-05,
    1.4058045670020113e-05,
    6.032906070385646e-05,
    3.0000000000002076e-06,
    3.0000000000003033e-06,
    3.858404223361268e-05
  ],
  "vf_iters": [
    24,
    2,
    1,
    24,
    1,
    24,
    24,
    2,
    1,
    2,
    1,
    3,
    24,
    2,
    1,
    2,
    1,
    5,
    1,
    11,
    4,
    2,
    24,
    1,
    7,
    11,
    3,
    24,
    24,
    7
  ],
  "vf_minibatches": [
    1,
    1,
    1,
    1,
    1,
    1,
    1,
    1,
    1,
    1,
    1,
    1,
    1,
    1,
    1,
    1,
    1,
    1,
    1,
    1,
    1,
    1,
    1,
    1,
    1,
    1,
    1,
    1,
    1,
    1
  ],
  "num_envs": 4,
  "results_dir_name": "results",
  "storage_dir_name": "storage",
  "train_set": "remaining",
  "eval_set": "remaining",
  "OPENAI_LOG_FORMAT": "csv",
  "walltime_hrs": 0.3,
  "num_checkpoints": 100,
  "eval_ntrajs": 10,
  "eval_nsteps": 200,
  "eval_seed": 12345,
  "looping_tree": {
    "method": "fixed",
    "environment": "fixed",
    "total_timesteps": "fixed",
    "rng_seed": "zip",
    "policy_kwargs": "fixed",
    "timesteps_per_batch": "zip",
    "gamma": "zip",
    "lam": "zip",
    "max_kl": "zip",
    "cg_iters": "zip",
    "entcoeff": "zip",
    "cg_damping": "zip",
    "vf_stepsize": "zip",
    "vf_iters": "zip",
    "vf_minibatches": "zip"
  }
}