{
  "description": "Hyper-parameter optimization for trpo on a low frequency environment",
  "method": "trpo",
  "environment": "drop_leg_100hz",
  "total_timesteps": 4000000,
  "rng_seed": [
    2000,
    1000,
    0,
    0,
    2000,
    0,
    0,
    0,
    2000,
    0,
    0,
    0,
    2000,
    0,
    2000,
    0,
    0,
    2000,
    0,
    0,
    2000,
    1000,
    2000,
    1000,
    1000,
    1000,
    1000,
    0,
    1000,
    0
  ],
  "policy_kwargs": {
    "net_arch": [
      {
        "vf": [
          64,
          64
        ],
        "pi": [
          64,
          64
        ]
      }
    ]
  },
  "timesteps_per_batch": [
    64,
    64,
    64,
    64,
    64,
    64,
    64,
    64,
    64,
    64,
    64,
    95,
    239,
    113,
    64,
    64,
    64,
    64,
    64,
    88,
    64,
    222,
    64,
    64,
    251,
    98,
    64,
    65,
    79,
    64
  ],
  "gamma": [
    0.9990686104782297,
    0.9997397103131476,
    0.9995247729020394,
    0.9993346971649008,
    0.9985658478424712,
    0.9986464098562021,
    0.9996595351809692,
    0.9980984873986009,
    0.999439668477997,
    0.9994686362244773,
    0.9985446223773937,
    0.9749518065526072,
    0.9983609299150749,
    0.9986369789895602,
    0.9975962514723762,
    0.9990210786162924,
    0.9993286368997136,
    0.9996964890228103,
    0.9969863367551971,
    0.9969061492009966,
    0.9998338602131407,
    0.9950512106871915,
    0.99829181660699,
    0.9997496345889213,
    0.9985101298706529,
    0.9988780197638809,
    0.9996969694393929,
    0.99984375,
    0.9979677024282266,
    0.9993649846338096
  ],
  "lam": [
    0.9982625901922676,
    0.998823707971374,
    0.9993657265399284,
    0.999618074651818,
    0.9990632952958052,
    0.9980925798446464,
    0.9995657568872494,
    0.9994862715705348,
    0.9997930497723397,
    0.99984375,
    0.9997753962413031,
    0.9997330700166883,
    0.9979544278568409,
    0.9983720704244109,
    0.9997374652298612,
    0.9989764738114312,
    0.9990441730620407,
    0.9976630746827815,
    0.9990385378760864,
    0.9984729596074114,
    0.9975380308070988,
    0.9975305904332801,
    0.99984375,
    0.9994939468065714,
    0.9942986102765219,
    0.9987778762235225,
    0.9996418965889173,
    0.9988678784463447,
    0.9978799261997421,
    0.9992921570228301
  ],
  "max_kl": [
    0.64,
    0.64,
    0.64,
    0.64,
    0.64,
    0.64,
    0.64,
    0.64,
    0.64,
    0.64,
    0.64,
    0.528530097614486,
    0.06566861898360639,
    0.16826992450252906,
    0.64,
    0.64,
    0.64,
    0.64,
    0.64,
    0.64,
    0.64,
    0.5583213575340855,
    0.64,
    0.64,
    0.18107910073583666,
    0.64,
    0.64,
    0.64,
    0.5821916014207728,
    0.64
  ],
  "cg_iters": [
    20,
    20,
    20,
    20,
    20,
    20,
    20,
    20,
    20,
    20,
    20,
    13,
    14,
    9,
    20,
    20,
    20,
    20,
    20,
    20,
    20,
    6,
    20,
    20,
    4,
    20,
    20,
    20,
    13,
    20
  ],
  "entcoeff": [
    0.00029130594396484596,
    0.0002880898924631707,
    0.0002226300976236678,
    0.0006119515689047122,
    0.0003815939365226115,
    0.00035620670042847376,
    0.0005463782795438334,
    0.0003126200753888432,
    0.0009818185539324919,
    0.00041230280127940505,
    0.0006642923196674359,
    0.00014970683168983836,
    0.0005223072941149642,
    0.0002246465628948834,
    0.0008069476229901993,
    0.0008087477465495932,
    0.0005916527703081351,
    0.00031782955644897305,
    0.000751095917533525,
    0.0004186544201193795,
    0.00013120191277543166,
    0.00016680961501494492,
    0.001,
    0.0009227505258903085,
    0.0009114320275626654,
    0.0005395101589237512,
    0.0009944697611436156,
    0.0003652490995615091,
    0.0004104968528052409,
    0.001
  ],
  "cg_damping": [
    0.0014876741880773126,
    0.0013683404044334629,
    0.0008003443842926629,
    0.0007147439330966993,
    0.0006690739916122401,
    0.002348059197246995,
    0.0016952400134480515,
    0.00149694217786337,
    0.0015152460680715706,
    0.0006941800167402588,
    0.0003299180816606341,
    0.000732957579701054,
    0.00038510795459515085,
    0.0013708934319747906,
    0.0020186514948342177,
    0.0004382198363146956,
    0.0022212461394213144,
    0.0018341239108171407,
    0.0018401280416229409,
    0.0016217147499179043,
    0.0016306003000517949,
    0.010056349786388353,
    0.0010639682907832924,
    0.0008388112920016278,
    0.00020131247874784599,
    0.00435483638027736,
    0.00028153432821838184,
    0.00258335088962239,
    0.0035459324402844243,
    0.00014803666336422698
  ],
  "vf_stepsize": [
    1.4416188414886644e-05,
    2.454625098126505e-05,
    1.2154412717566939e-05,
    6.674438927943105e-06,
    7.5668172650448245e-06,
    4.919586335386234e-06,
    2.8807264401710237e-05,
    1.9986374179903514e-05,
    1.5482998894238055e-05,
    1.7821665306658233e-05,
    6.282069909271467e-06,
    1.0519698874859287e-05,
    1.5929255364828214e-05,
    1.6845015272463807e-05,
    1.2397169970507775e-05,
    4.897630189175167e-06,
    1.9400000339432716e-05,
    1.3022789206210227e-05,
    1.0717217676862017e-05,
    1.0690611141969889e-05,
    3.17196680767407e-05,
    8.627220096859865e-06,
    2.624081837981066e-05,
    1.0085236399912118e-05,
    1.120811769728435e-05,
    3.179680881016606e-05,
    4.481843606561601e-06,
    5.3859334964296806e-05,
    2.5200403644894225e-05,
    3.5215467408077092e-06
  ],
  "vf_iters": [
    3,
    2,
    1,
    2,
    2,
    3,
    3,
    2,
    4,
    1,
    1,
    12,
    1,
    2,
    3,
    3,
    5,
    5,
    4,
    2,
    1,
    17,
    1,
    5,
    11,
    5,
    5,
    3,
    3,
    2
  ],
  "vf_minibatches": [
    1,
    1,
    1,
    1,
    1,
    1,
    1,
    1,
    1,
    1,
    1,
    1,
    2,
    11,
    1,
    1,
    1,
    1,
    1,
    2,
    1,
    1,
    1,
    1,
    2,
    1,
    1,
    1,
    2,
    1
  ],
  "num_envs": 4,
  "results_dir_name": "results",
  "storage_dir_name": "storage",
  "train_set": "remaining",
  "eval_set": "remaining",
  "OPENAI_LOG_FORMAT": "csv",
  "walltime_hrs": 0.3,
  "num_checkpoints": 100,
  "eval_ntrajs": 10,
  "eval_nsteps": 200,
  "eval_seed": 12345,
  "looping_tree": {
    "method": "fixed",
    "environment": "fixed",
    "total_timesteps": "fixed",
    "rng_seed": "zip",
    "policy_kwargs": "fixed",
    "timesteps_per_batch": "zip",
    "gamma": "zip",
    "lam": "zip",
    "max_kl": "zip",
    "cg_iters": "zip",
    "entcoeff": "zip",
    "cg_damping": "zip",
    "vf_stepsize": "zip",
    "vf_iters": "zip",
    "vf_minibatches": "zip"
  }
}