{
  "description": "Hyper-parameter optimization for trpo on a low frequency environment",
  "method": "trpo",
  "environment": "drop_leg_100hz",
  "total_timesteps": 4000000,
  "rng_seed": [
    2000,
    0,
    2000,
    1000,
    2000,
    0,
    0,
    0,
    2000,
    2000,
    0,
    2000,
    1000,
    2000,
    0,
    2000,
    1000,
    1000,
    0,
    0,
    0,
    2000,
    2000,
    1000,
    1000,
    0,
    0,
    2000,
    1000,
    0
  ],
  "policy_kwargs": {
    "net_arch": [
      {
        "vf": [
          64,
          64
        ],
        "pi": [
          64,
          64
        ]
      }
    ]
  },
  "timesteps_per_batch": [
    64,
    64,
    64,
    64,
    64,
    64,
    64,
    64,
    64,
    64,
    64,
    64,
    64,
    64,
    64,
    64,
    64,
    64,
    64,
    64,
    64,
    64,
    64,
    64,
    64,
    64,
    64,
    64,
    64,
    64
  ],
  "gamma": [
    0.99984375,
    0.99984375,
    0.99984375,
    0.7865884117504942,
    0.99984375,
    0.99984375,
    0.99984375,
    0.36371172146313535,
    0.99984375,
    0.99984375,
    0.99984375,
    0.8955284982797822,
    0.99984375,
    0.9985432899908671,
    0.9996036393142163,
    0.99984375,
    0.9975530788384066,
    0.9995724412769584,
    0.9991862446346755,
    0.9783755646762059,
    0.99984375,
    0.9996970111023239,
    0.99984375,
    0.99984375,
    0.99984375,
    0.99984375,
    0.9997392002483542,
    0.9995540473067619,
    0.99984375,
    0.99984375
  ],
  "lam": [
    0.99984375,
    0.99984375,
    0.99984375,
    0.99984375,
    0.999781356550152,
    0.9992008068297842,
    0.99984375,
    0.99984375,
    0.9974903010040664,
    0.99984375,
    0.99984375,
    0.99984375,
    0.99984375,
    0.9959080148353576,
    0.9975066554496796,
    0.997879506182918,
    0.9986459545781237,
    0.99984375,
    0.9971062522073975,
    0.9932057557663966,
    0.999770781274284,
    0.99984375,
    0.99984375,
    0.9995311952611581,
    0.9995966726211735,
    0.99984375,
    0.9968803507143542,
    0.99984375,
    0.99984375,
    0.99984375
  ],
  "max_kl": [
    0.64,
    0.64,
    0.64,
    0.64,
    0.64,
    0.64,
    0.64,
    0.64,
    0.64,
    0.64,
    0.64,
    0.64,
    0.64,
    0.64,
    0.64,
    0.64,
    0.64,
    0.64,
    0.64,
    0.64,
    0.64,
    0.64,
    0.64,
    0.64,
    0.64,
    0.64,
    0.64,
    0.64,
    0.64,
    0.64
  ],
  "cg_iters": [
    3,
    2,
    4,
    20,
    6,
    7,
    7,
    20,
    20,
    10,
    2,
    4,
    20,
    20,
    20,
    20,
    20,
    6,
    20,
    20,
    2,
    4,
    1,
    7,
    13,
    2,
    20,
    7,
    1,
    11
  ],
  "entcoeff": [
    0.001,
    0.001,
    0.001,
    0.001,
    0.001,
    0.001,
    0.001,
    0.001,
    0.001,
    0.001,
    0.001,
    0.001,
    0.001,
    0.0004504577551039538,
    0.001,
    0.001,
    0.00045456748947894193,
    0.001,
    0.00020757036943237642,
    0.001,
    0.001,
    0.001,
    0.001,
    0.0008331344085599863,
    0.000844273615165807,
    0.001,
    0.0005639420922632725,
    0.001,
    0.001,
    0.001
  ],
  "cg_damping": [
    0.00010000000000000009,
    0.00010000000000000009,
    0.00033178929882093385,
    0.00010000000000000009,
    0.000658667157244888,
    0.0008910740004766635,
    0.0005163981785487118,
    0.00010000000000000009,
    0.00010000000000000009,
    0.001525137218514571,
    0.0005547971345220029,
    0.00010000000000000009,
    0.001099501705728275,
    0.00010000000000000009,
    0.00010000000000000009,
    0.0005936106856869906,
    0.00010000000000000009,
    0.0002882720312237012,
    0.0023782427598768164,
    0.00010000000000000009,
    0.00010000000000000009,
    0.00010000000000000258,
    0.00010000000000000009,
    0.0012059186224731952,
    0.0015782325217581958,
    0.00010000000000000009,
    0.00026018568940413444,
    0.00010000000000000009,
    0.00010000000000000063,
    0.0006311756193968967
  ],
  "vf_stepsize": [
    0.0003396843270878428,
    2.4049549858113332e-05,
    0.00011769555398186008,
    0.0004005739551090052,
    3.617262826441627e-05,
    6.0748792005279416e-05,
    0.00039760009684694996,
    7.446338387349437e-05,
    0.0009081612651126024,
    6.926722683472142e-05,
    0.0002712127371080732,
    0.0003829046098773287,
    0.0008761332321394721,
    7.248756308570423e-05,
    0.00027171978914016556,
    0.00033400682251512846,
    3.9372697141266774e-05,
    9.245169586864392e-05,
    3.7743484234147145e-05,
    2.9999999999999997e-06,
    1.1126552768321458e-05,
    5.6205291322620386e-05,
    0.001056767786572243,
    0.0002895837114957198,
    2.8515898038336966e-05,
    0.00614003665741105,
    0.00014331651663891245,
    0.00021198566079868694,
    9.157526180872322e-06,
    0.00015485831229574548
  ],
  "vf_iters": [
    1,
    1,
    1,
    1,
    1,
    1,
    1,
    1,
    1,
    2,
    1,
    1,
    1,
    1,
    1,
    1,
    1,
    1,
    1,
    24,
    1,
    1,
    1,
    1,
    2,
    1,
    1,
    1,
    1,
    1
  ],
  "vf_minibatches": [
    1,
    3,
    1,
    1,
    1,
    1,
    1,
    1,
    1,
    1,
    1,
    1,
    1,
    1,
    1,
    1,
    1,
    1,
    1,
    1,
    1,
    1,
    1,
    1,
    1,
    1,
    1,
    1,
    4,
    3
  ],
  "num_envs": 4,
  "results_dir_name": "results",
  "storage_dir_name": "storage",
  "train_set": "remaining",
  "eval_set": "remaining",
  "OPENAI_LOG_FORMAT": "csv",
  "walltime_hrs": 0.3,
  "num_checkpoints": 100,
  "eval_ntrajs": 10,
  "eval_nsteps": 200,
  "eval_seed": 12345,
  "looping_tree": {
    "method": "fixed",
    "environment": "fixed",
    "total_timesteps": "fixed",
    "rng_seed": "zip",
    "policy_kwargs": "fixed",
    "timesteps_per_batch": "zip",
    "gamma": "zip",
    "lam": "zip",
    "max_kl": "zip",
    "cg_iters": "zip",
    "entcoeff": "zip",
    "cg_damping": "zip",
    "vf_stepsize": "zip",
    "vf_iters": "zip",
    "vf_minibatches": "zip"
  }
}