{
  "description": "Hyper-parameter optimization for trpo on a low frequency environment",
  "method": "trpo",
  "environment": "drop_leg_100hz",
  "total_timesteps": 4000000,
  "rng_seed": [
    2000,
    1000,
    1000,
    2000,
    1000,
    0,
    1000,
    1000,
    1000,
    1000,
    1000,
    1000,
    2000,
    2000,
    2000,
    1000,
    2000,
    0,
    0,
    2000,
    2000,
    1000,
    1000,
    2000,
    1000,
    0,
    1000,
    2000,
    2000,
    0
  ],
  "policy_kwargs": {
    "net_arch": [
      {
        "vf": [
          64,
          64
        ],
        "pi": [
          64,
          64
        ]
      }
    ]
  },
  "timesteps_per_batch": [
    16384,
    16384,
    323,
    10095,
    16384,
    3456,
    1933,
    4720,
    973,
    16384,
    1053,
    588,
    10803,
    16384,
    16384,
    441,
    16384,
    16384,
    12304,
    873,
    14492,
    16384,
    12192,
    311,
    16384,
    3647,
    872,
    814,
    1428,
    10120
  ],
  "gamma": [
    0.9988740481509517,
    0.9994976549891728,
    0.9995795550322973,
    0.9997674086698265,
    0.9995379913764796,
    0.9996660023496995,
    0.9994669951646339,
    0.9998435516366796,
    0.9968950194927639,
    0.9993591312427383,
    0.9995755297149167,
    0.9993255943704226,
    0.9997608970476153,
    0.9997733985276723,
    0.9997543572096774,
    0.9995406016531965,
    0.9996172165911134,
    0.9987229252209022,
    0.9996391279883572,
    0.999653239861466,
    0.9992238797193121,
    0.9995779972114459,
    0.9996732763106663,
    0.9996080559834807,
    0.9984086160203031,
    0.9998273688599046,
    0.9992330570727253,
    0.9995244846365623,
    0.9997722636066129,
    0.9996667500525914
  ],
  "lam": [
    0.9984128907647433,
    0.998600551853852,
    0.9982709967038998,
    0.9994453140357497,
    0.9983810831947281,
    0.9995556457933573,
    0.997135545143645,
    0.9996664287448597,
    0.9994600433959864,
    0.9982511921074808,
    0.9995929748243717,
    0.9994190424701782,
    0.9977788312685995,
    0.9985260894032197,
    0.9978594184401728,
    0.9993304323995116,
    0.997979533732347,
    0.9990797125125305,
    0.9994852510414597,
    0.9995698471109449,
    0.9990184499629924,
    0.9989103702253157,
    0.9968542675213188,
    0.9989676040171795,
    0.9987611548229647,
    0.9992359726221406,
    0.9981494217245411,
    0.9996053844992756,
    0.9996905418525415,
    0.9988770067646047
  ],
  "max_kl": [
    0.0012500000000000002,
    0.0012500000000000002,
    0.11158732336268641,
    0.0012500000000000002,
    0.0012500000000000002,
    0.0024100741482163865,
    0.0012500000000000002,
    0.0016154280710982598,
    0.022339302811189756,
    0.0012500000000000002,
    0.0041651669063074515,
    0.007490414392954844,
    0.0015553466159120525,
    0.0012500000000000002,
    0.0012500000000000002,
    0.06481933894949958,
    0.0012500000000000002,
    0.0012500000000000002,
    0.00143641646705723,
    0.0024418746990390308,
    0.0012500000000000002,
    0.0012500000000000002,
    0.0012500000000000002,
    0.08248007290620865,
    0.0012500000000000002,
    0.0061277045539329085,
    0.0012500000000000002,
    0.001841736775295095,
    0.008343705266093267,
    0.0012500000000039637
  ],
  "cg_iters": [
    20,
    20,
    20,
    20,
    8,
    20,
    1,
    20,
    20,
    1,
    20,
    20,
    13,
    15,
    4,
    20,
    9,
    20,
    16,
    20,
    20,
    4,
    1,
    5,
    8,
    20,
    1,
    15,
    20,
    1
  ],
  "entcoeff": [
    2.767970238518966e-05,
    6.490106706998819e-05,
    3.2806869189658525e-05,
    5.5379950979408284e-05,
    9.878506365864267e-05,
    3.3489439706579053e-05,
    4.4730209917158445e-05,
    4.285544213952174e-05,
    6.273939796506578e-05,
    3.350142989062466e-05,
    6.529509528042875e-05,
    0.00013836967467293127,
    9.192283751317653e-05,
    3.9342165420620477e-05,
    4.1436248109104585e-05,
    9.636908794807672e-05,
    6.464072985380877e-05,
    4.3237686233524337e-07,
    2.7552955003806026e-05,
    0.00014664285982974806,
    -3.3881317890172014e-21,
    7.251221056745875e-05,
    7.229960085519974e-05,
    8.163791223371546e-05,
    1.0374983853427331e-05,
    2.2561637086856932e-05,
    5.871077022732513e-05,
    9.968002558590847e-05,
    3.789079205828972e-05,
    4.992689636829191e-06
  ],
  "cg_damping": [
    0.00567614520007477,
    0.0024620900979532975,
    0.009371952403941305,
    0.002810763821866601,
    0.00453557302581055,
    0.0019183066020843173,
    0.010989046779392634,
    0.005476498836820727,
    0.0042868946051170965,
    0.005726342558762161,
    0.0036579321010311184,
    0.009244892284944559,
    0.0017530893705590533,
    0.00838885077908575,
    0.004531931391863094,
    0.017595223585693317,
    0.004347492866843431,
    0.010216560976226629,
    0.0014348399016551516,
    0.005258372060733498,
    0.007791583822548631,
    0.005259227088111379,
    0.006999434318874994,
    0.01607103181238298,
    0.00820492706996304,
    0.0013209912536877348,
    0.010848859830475793,
    0.0015740121118016201,
    0.0014460678549852641,
    0.008417018799206031
  ],
  "vf_stepsize": [
    0.00014401592412929392,
    7.036935864542867e-05,
    2.8783167896335027e-05,
    2.7185348976125285e-05,
    9.955103860749221e-05,
    1.555430973816417e-05,
    0.000445939231395364,
    3.448713195472501e-05,
    2.3477931973737142e-05,
    0.0003988406593125996,
    1.1610416707680224e-05,
    1.5153044474514895e-05,
    3.68574650836483e-05,
    7.6929099960279e-05,
    7.959024777951438e-05,
    2.2482884857311683e-05,
    0.0002982609367505294,
    0.0001174937221225865,
    2.8355805752109655e-05,
    2.5901479406492973e-05,
    5.476470735960646e-05,
    0.00046620722713705835,
    0.0007361777584463577,
    2.719984521870609e-05,
    0.00020796983210488542,
    1.3763650326524545e-05,
    0.00014769405676597674,
    4.9376741587777954e-06,
    1.837476760717755e-05,
    0.0003350159297639413
  ],
  "vf_iters": [
    2,
    3,
    2,
    5,
    5,
    3,
    3,
    10,
    1,
    3,
    2,
    1,
    4,
    5,
    5,
    1,
    3,
    3,
    3,
    1,
    11,
    4,
    6,
    3,
    3,
    3,
    3,
    5,
    3,
    3
  ],
  "vf_minibatches": [
    5,
    5,
    3,
    4,
    7,
    3,
    1,
    4,
    1,
    13,
    3,
    2,
    2,
    4,
    17,
    2,
    4,
    3,
    6,
    3,
    2,
    9,
    4,
    2,
    7,
    3,
    1,
    3,
    4,
    20
  ],
  "num_envs": 4,
  "results_dir_name": "results",
  "storage_dir_name": "storage",
  "train_set": "remaining",
  "eval_set": "remaining",
  "OPENAI_LOG_FORMAT": "csv",
  "walltime_hrs": 0.3,
  "num_checkpoints": 100,
  "eval_ntrajs": 10,
  "eval_nsteps": 200,
  "eval_seed": 12345,
  "looping_tree": {
    "method": "fixed",
    "environment": "fixed",
    "total_timesteps": "fixed",
    "rng_seed": "zip",
    "policy_kwargs": "fixed",
    "timesteps_per_batch": "zip",
    "gamma": "zip",
    "lam": "zip",
    "max_kl": "zip",
    "cg_iters": "zip",
    "entcoeff": "zip",
    "cg_damping": "zip",
    "vf_stepsize": "zip",
    "vf_iters": "zip",
    "vf_minibatches": "zip"
  }
}