{
  "description": "Hyper-parameter optimization for trpo on a low frequency environment",
  "method": "trpo",
  "environment": "drop_leg_100hz",
  "total_timesteps": 4000000,
  "rng_seed": [
    2000,
    1000,
    1000,
    2000,
    2000,
    1000,
    0,
    0,
    2000,
    2000,
    0,
    2000,
    2000,
    0,
    0,
    1000,
    0,
    1000,
    1000,
    1000,
    0,
    2000,
    0,
    1000,
    2000,
    0,
    0,
    2000,
    0,
    0
  ],
  "policy_kwargs": {
    "net_arch": [
      {
        "vf": [
          64,
          64
        ],
        "pi": [
          64,
          64
        ]
      }
    ]
  },
  "timesteps_per_batch": [
    127,
    142,
    139,
    273,
    83,
    224,
    68,
    224,
    82,
    2846,
    224,
    222,
    150,
    260,
    263,
    73,
    116,
    101,
    200,
    154,
    117,
    16384,
    217,
    86,
    200,
    88,
    123,
    215,
    72,
    187
  ],
  "gamma": [
    0.9996274052946943,
    0.9998006357542297,
    0.9996194832820262,
    0.9996110370306714,
    0.9998297764739377,
    0.9993236916061682,
    0.99984375,
    0.9997604413279357,
    0.99984375,
    0.99984375,
    0.9996920099567711,
    0.9997945758732159,
    0.9994532092275386,
    0.99984375,
    0.9997283583418882,
    0.9995382138042005,
    0.9998000214217698,
    0.99984375,
    0.99984375,
    0.9996492513050453,
    0.9983304490495307,
    0.9992898166763875,
    0.9992410536973735,
    0.9998387495562929,
    0.9998147249376739,
    0.9997816901204543,
    0.999823285836188,
    0.99984375,
    0.9997437434466426,
    0.9993717685637927
  ],
  "lam": [
    0.9988902059623678,
    0.999560623175161,
    0.9967684135367966,
    0.9986399848329799,
    0.99928652684194,
    0.9977992289649061,
    0.9970712974993821,
    0.9981330775419917,
    0.998370586402498,
    0.9996452791741981,
    0.9989676811383109,
    0.9942556016215167,
    0.998950577740089,
    0.9994284570481927,
    0.9990581598373418,
    0.9982747876280342,
    0.996926652959733,
    0.9996129197522937,
    0.9994501642006521,
    0.9986515098485685,
    0.9993884245378746,
    0.9989932866116217,
    0.9987482786978092,
    0.9984594642989169,
    0.9993509434158862,
    0.9979024656299103,
    0.9992649569458839,
    0.9993920309480141,
    0.999273211580356,
    0.9992505084442266
  ],
  "max_kl": [
    0.64,
    0.64,
    0.64,
    0.64,
    0.64,
    0.64,
    0.64,
    0.64,
    0.64,
    0.006515606603551982,
    0.64,
    0.3333924583441314,
    0.3849874202547713,
    0.64,
    0.25868386319662695,
    0.2272718686026667,
    0.64,
    0.64,
    0.64,
    0.5348696889604747,
    0.3445479232719662,
    0.0012500000000000002,
    0.34274374307968214,
    0.182840126361943,
    0.64,
    0.64,
    0.64,
    0.64,
    0.44957592118819645,
    0.64
  ],
  "cg_iters": [
    20,
    20,
    20,
    20,
    20,
    20,
    20,
    20,
    20,
    20,
    20,
    11,
    17,
    20,
    10,
    9,
    20,
    20,
    20,
    11,
    4,
    20,
    8,
    5,
    6,
    9,
    20,
    20,
    7,
    20
  ],
  "entcoeff": [
    6.460615021667892e-05,
    0.0001217262204845564,
    1.5931959619391322e-05,
    2.949646921245296e-05,
    3.269144343089551e-05,
    7.068331580197116e-05,
    1.4899776685796928e-05,
    2.0143336701583424e-05,
    9.46608597920666e-05,
    0.0009069388976862464,
    3.488446007015143e-05,
    0.00018589966700497505,
    7.40427857374685e-05,
    0.00019211987543768326,
    4.602687224966276e-07,
    0.0003519549674071193,
    7.577161019089589e-06,
    0.00015641305440463528,
    0.0002135394502925532,
    5.851105056682652e-05,
    0.0003298158930530755,
    0.0003629820643292785,
    0.0002953847283304707,
    0.0005577017852963834,
    1.5173291639283405e-05,
    6.159498557766166e-05,
    3.604858402263944e-05,
    7.900628190514259e-05,
    2.8536227414148953e-05,
    0.00012428703423206125
  ],
  "cg_damping": [
    0.012680971899769624,
    0.012572430196958148,
    0.013708562000533626,
    0.012375178999606776,
    0.0285559664378538,
    0.015146788961205526,
    0.020541738509037573,
    0.012048626107164975,
    0.014031538556627279,
    0.0017318413634006592,
    0.004098005713624806,
    0.01997449019799127,
    0.010461424090247876,
    0.03253946624118946,
    0.012750110458078128,
    0.0027370730756386442,
    0.013987617923171046,
    0.004199060354135381,
    0.004221969577843321,
    0.03368795270566093,
    0.0050030388476665875,
    0.0019115411897837008,
    0.01874384826254384,
    0.025351202919015024,
    0.023374914217740586,
    0.007617754935686947,
    0.009488407422124123,
    0.031538799721500706,
    0.03978022868069478,
    0.015649050624623545
  ],
  "vf_stepsize": [
    6.555388572113795e-05,
    9.667475510278453e-05,
    7.079132949451233e-05,
    0.0001839821755763296,
    9.309367389916713e-05,
    4.745447232511371e-05,
    7.307670936006684e-05,
    0.00017120885007240456,
    7.923492114214713e-05,
    3.700346075099495e-06,
    7.515641517380595e-05,
    4.311955360023809e-05,
    0.00014199438033490078,
    4.2218418803769355e-05,
    0.00023017811936230828,
    4.6013806381125395e-05,
    7.16724214582082e-05,
    5.342512456184161e-05,
    5.434522541942747e-05,
    5.152738979044742e-05,
    1.9363793837488804e-05,
    1.0825700514998443e-05,
    5.5286753503668625e-05,
    4.19585940409948e-06,
    0.00013370793938386472,
    9.383161451625592e-05,
    2.7021846100788476e-05,
    0.0002553097518552859,
    7.294169195706255e-05,
    4.05886493632078e-05
  ],
  "vf_iters": [
    1,
    2,
    1,
    1,
    2,
    2,
    2,
    2,
    4,
    2,
    2,
    2,
    2,
    1,
    2,
    1,
    4,
    1,
    2,
    1,
    2,
    4,
    4,
    2,
    2,
    2,
    1,
    2,
    14,
    1
  ],
  "vf_minibatches": [
    2,
    2,
    3,
    2,
    2,
    3,
    1,
    7,
    4,
    1,
    3,
    3,
    4,
    3,
    4,
    2,
    8,
    1,
    5,
    4,
    3,
    4,
    4,
    2,
    2,
    11,
    2,
    4,
    43,
    6
  ],
  "num_envs": 4,
  "results_dir_name": "results",
  "storage_dir_name": "storage",
  "train_set": "remaining",
  "eval_set": "remaining",
  "OPENAI_LOG_FORMAT": "csv",
  "walltime_hrs": 0.3,
  "num_checkpoints": 100,
  "eval_ntrajs": 10,
  "eval_nsteps": 200,
  "eval_seed": 12345,
  "looping_tree": {
    "method": "fixed",
    "environment": "fixed",
    "total_timesteps": "fixed",
    "rng_seed": "zip",
    "policy_kwargs": "fixed",
    "timesteps_per_batch": "zip",
    "gamma": "zip",
    "lam": "zip",
    "max_kl": "zip",
    "cg_iters": "zip",
    "entcoeff": "zip",
    "cg_damping": "zip",
    "vf_stepsize": "zip",
    "vf_iters": "zip",
    "vf_minibatches": "zip"
  }
}