{
  "description": "Hyper-parameter optimization for trpo on a low frequency environment",
  "method": "trpo",
  "environment": "drop_leg_100hz",
  "total_timesteps": 4000000,
  "rng_seed": [
    1000,
    1000,
    2000,
    2000,
    0,
    1000,
    2000,
    0,
    1000,
    1000,
    0,
    0,
    0,
    1000,
    0,
    0,
    1000,
    1000,
    0,
    0,
    1000,
    0,
    2000,
    1000,
    0,
    1000,
    0,
    0,
    0,
    0
  ],
  "policy_kwargs": {
    "net_arch": [
      {
        "vf": [
          64,
          64
        ],
        "pi": [
          64,
          64
        ]
      }
    ]
  },
  "timesteps_per_batch": [
    64,
    64,
    64,
    64,
    64,
    64,
    64,
    84,
    223,
    269,
    64,
    64,
    64,
    78,
    66,
    64,
    64,
    64,
    64,
    80,
    232,
    71,
    64,
    65,
    64,
    579,
    64,
    82,
    64,
    65
  ],
  "gamma": [
    0.9976095228475568,
    0.9921199696973286,
    0.9994534153835551,
    0.9996014902860619,
    0.9995901062975256,
    0.9983640622865005,
    0.9978637373211622,
    0.991818610666077,
    0.9949138301807466,
    0.9921253111925886,
    0.9993312489271517,
    0.9994094811521127,
    0.9987879617636374,
    0.9985471486948723,
    0.987958148183415,
    0.9998181599922366,
    0.999808245284561,
    0.9985815442437445,
    0.99984375,
    0.9577267621748791,
    0.9923202693822226,
    0.997303842599087,
    0.99979519068361,
    0.9985773274766107,
    0.99984375,
    0.9947958038468188,
    0.99984375,
    0.9960084640560516,
    0.9989958449070092,
    0.9978454704611347
  ],
  "lam": [
    0.9986852678980636,
    0.9992971504841816,
    0.9986628655756234,
    0.9995627097641241,
    0.9996008203299902,
    0.9991773182881019,
    0.999375659857477,
    0.999389359632241,
    0.9992591929504498,
    0.9996639921821386,
    0.9994097622547538,
    0.99984375,
    0.9996543240124304,
    0.9976753369046022,
    0.9992719619921301,
    0.9998076492945878,
    0.9988209776927929,
    0.9997950279896853,
    0.9991386775696051,
    0.9975990164689549,
    0.9996363137895726,
    0.9988490648275365,
    0.9997628581158172,
    0.9996624761210929,
    0.999702804619693,
    0.9997123599836453,
    0.9969529683104478,
    0.9995099504357586,
    0.9990852139589963,
    0.9991358931948915
  ],
  "max_kl": [
    0.64,
    0.64,
    0.64,
    0.64,
    0.64,
    0.64,
    0.64,
    0.64,
    0.64,
    0.64,
    0.64,
    0.64,
    0.64,
    0.64,
    0.64,
    0.64,
    0.64,
    0.64,
    0.64,
    0.37164528105091554,
    0.64,
    0.64,
    0.64,
    0.64,
    0.64,
    0.64,
    0.64,
    0.64,
    0.64,
    0.64
  ],
  "cg_iters": [
    11,
    12,
    20,
    15,
    20,
    19,
    6,
    4,
    15,
    8,
    14,
    20,
    15,
    20,
    11,
    20,
    20,
    20,
    20,
    1,
    20,
    12,
    20,
    19,
    20,
    10,
    20,
    19,
    20,
    17
  ],
  "entcoeff": [
    0.001,
    0.001,
    0.001,
    0.0005300566883366562,
    0.0009880486201386408,
    0.001,
    0.001,
    0.001,
    0.001,
    0.001,
    0.001,
    0.0005301237967124318,
    0.0006478849070729572,
    0.001,
    0.001,
    0.001,
    0.001,
    0.001,
    0.001,
    0.000826007371300873,
    0.001,
    0.001,
    0.0003113828420616425,
    0.0004343258617797964,
    0.001,
    0.001,
    0.001,
    0.0004620132060196175,
    0.001,
    0.0006112205638282711
  ],
  "cg_damping": [
    0.00010000000000000009,
    0.00010000000000000186,
    0.00010000000000000009,
    0.0016681859093926389,
    0.0005333943609537032,
    0.00010451397426024069,
    0.00010000000000000026,
    0.00010000000000000009,
    0.00010000000000000009,
    0.00010000000000000009,
    0.002299991630626284,
    0.001419698030202618,
    0.0005208898266795224,
    0.00010198386011790865,
    0.00016022685761919126,
    0.0008858743924618747,
    0.00010454303140296326,
    0.0009665311619858246,
    0.00033846216732723094,
    0.0006407836056356476,
    0.000255257752426792,
    0.00015348495554458588,
    0.0013256222983708593,
    0.0014887008170548323,
    0.00015986967754266912,
    0.00010000000000000933,
    0.00010000000000000009,
    0.0027563998558502857,
    0.0003295475183697351,
    0.0011468261813853907
  ],
  "vf_stepsize": [
    2.9999999999999997e-06,
    4.446338281499965e-06,
    4.001254206575839e-06,
    3.588180646571159e-05,
    2.529133795934275e-05,
    9.177980873606317e-06,
    1.2224036273094854e-05,
    3.0400515421871575e-06,
    3.0000000000002288e-06,
    3.805874699085538e-06,
    6.715865061628761e-05,
    4.3463252240264944e-05,
    1.73089491877777e-05,
    1.3510115730603951e-05,
    5.993307575039971e-06,
    4.221147566295511e-05,
    1.165491758165819e-05,
    3.926340036732671e-05,
    1.959924639976803e-05,
    5.145307230346099e-06,
    9.040964747610922e-06,
    3.000000000000037e-06,
    3.443423541698155e-05,
    2.6843749143299617e-05,
    2.818017324554063e-05,
    3.0000000000001225e-06,
    6.2270017076471054e-06,
    1.9840277623405818e-05,
    8.350057772876392e-06,
    2.3539681632424884e-05
  ],
  "vf_iters": [
    24,
    24,
    24,
    2,
    4,
    11,
    18,
    24,
    24,
    24,
    2,
    3,
    5,
    24,
    20,
    3,
    24,
    4,
    7,
    11,
    24,
    17,
    1,
    2,
    3,
    24,
    24,
    3,
    24,
    5
  ],
  "vf_minibatches": [
    1,
    1,
    1,
    1,
    1,
    1,
    1,
    3,
    2,
    8,
    1,
    1,
    1,
    1,
    7,
    1,
    1,
    1,
    1,
    3,
    3,
    4,
    1,
    2,
    1,
    31,
    1,
    2,
    1,
    2
  ],
  "num_envs": 4,
  "results_dir_name": "results",
  "storage_dir_name": "storage",
  "train_set": "remaining",
  "eval_set": "remaining",
  "OPENAI_LOG_FORMAT": "csv",
  "walltime_hrs": 0.3,
  "num_checkpoints": 100,
  "eval_ntrajs": 10,
  "eval_nsteps": 200,
  "eval_seed": 12345,
  "looping_tree": {
    "method": "fixed",
    "environment": "fixed",
    "total_timesteps": "fixed",
    "rng_seed": "zip",
    "policy_kwargs": "fixed",
    "timesteps_per_batch": "zip",
    "gamma": "zip",
    "lam": "zip",
    "max_kl": "zip",
    "cg_iters": "zip",
    "entcoeff": "zip",
    "cg_damping": "zip",
    "vf_stepsize": "zip",
    "vf_iters": "zip",
    "vf_minibatches": "zip"
  }
}