{
  "description": "Hyper-parameter optimization for trpo on a low frequency environment",
  "method": "trpo",
  "environment": "drop_leg_100hz",
  "total_timesteps": 4000000,
  "rng_seed": [
    0,
    2000,
    2000,
    0,
    2000,
    1000,
    1000,
    1000,
    0,
    1000,
    1000,
    0,
    2000,
    2000,
    1000,
    0,
    2000,
    0,
    2000,
    1000,
    0,
    0,
    2000,
    0,
    2000,
    0,
    1000,
    0,
    0,
    2000
  ],
  "policy_kwargs": {
    "net_arch": [
      {
        "vf": [
          64,
          64
        ],
        "pi": [
          64,
          64
        ]
      }
    ]
  },
  "timesteps_per_batch": [
    16384,
    16384,
    139,
    15956,
    16384,
    311,
    16384,
    15110,
    16384,
    237,
    7412,
    3612,
    412,
    16384,
    144,
    204,
    230,
    317,
    117,
    6481,
    145,
    289,
    4165,
    173,
    289,
    16384,
    4175,
    289,
    10822,
    16384
  ],
  "gamma": [
    0.9994529235720051,
    0.9996724281658108,
    0.9998102299502862,
    0.9998395119074663,
    0.9996964188093571,
    0.9992931035769005,
    0.999661361055212,
    0.9998204653221491,
    0.99984375,
    0.9997765077646117,
    0.9997433683253524,
    0.9993710183221207,
    0.9997622725614708,
    0.99984375,
    0.9997484230508126,
    0.99984375,
    0.999826590412597,
    0.99984375,
    0.9994815007587947,
    0.99984375,
    0.999807479169712,
    0.99984375,
    0.99984375,
    0.99984375,
    0.999840032106546,
    0.99984375,
    0.9997701885194393,
    0.99984375,
    0.9996237820147601,
    0.9997045601760647
  ],
  "lam": [
    0.998226189991559,
    0.9990760631260143,
    0.9988301986617779,
    0.9988319960945722,
    0.9990968614675381,
    0.9983896192486317,
    0.9992304136045118,
    0.9992856501028955,
    0.9994722395900593,
    0.9985892077927832,
    0.9993738240586263,
    0.999611508677817,
    0.9985554868023218,
    0.9989295797278632,
    0.9991395512112231,
    0.9992117342379068,
    0.9994135803752521,
    0.9990612638500795,
    0.9990539072100187,
    0.9982710915120661,
    0.9991032539949949,
    0.9980367537838455,
    0.9987954515098494,
    0.9993335256377577,
    0.9993391721357953,
    0.9990817412801366,
    0.9991435972848881,
    0.9994088363625563,
    0.9997337911769658,
    0.9986354971160956
  ],
  "max_kl": [
    0.0012500000000000002,
    0.0012500000000000002,
    0.05134614762254671,
    0.00130508768555498,
    0.0012500000000000002,
    0.64,
    0.0012500000000000002,
    0.0012500000000000024,
    0.0012500000000000002,
    0.15431003655831174,
    0.0012500000000000002,
    0.0013330892072566586,
    0.5589578939913478,
    0.001250000000000028,
    0.09573286935240982,
    0.20174991816830762,
    0.12112491364110811,
    0.17219845308113027,
    0.64,
    0.0014833660047193216,
    0.1741383747917171,
    0.1012398758393613,
    0.001250000000000007,
    0.030062284233346448,
    0.14554699152390793,
    0.002705703267765358,
    0.0012500000000000002,
    0.27449211343316104,
    0.002969010518090352,
    0.0012500000000000002
  ],
  "cg_iters": [
    20,
    20,
    20,
    11,
    20,
    20,
    20,
    20,
    20,
    20,
    13,
    9,
    20,
    9,
    20,
    20,
    19,
    20,
    9,
    20,
    6,
    20,
    9,
    20,
    7,
    20,
    5,
    20,
    20,
    20
  ],
  "entcoeff": [
    2.8743970380799368e-05,
    6.294426083606696e-05,
    6.310456101288309e-05,
    0.0001702878089932374,
    0.00011409028582729552,
    1.713107413015502e-05,
    0.00013403085526817165,
    0.00026025637435503183,
    0.00037695510409076324,
    6.515966865423288e-05,
    0.0003106741122354528,
    0.0009922691462111882,
    4.399129151943554e-05,
    0.00030721935421377193,
    2.1063146825431118e-05,
    9.901664335360707e-06,
    0.00014579576474501883,
    2.5036696611455967e-05,
    1.8517887742831034e-05,
    0.000371459316092103,
    2.8103413771669744e-05,
    5.467451596699992e-05,
    0.0003166119302760972,
    9.365731574096286e-05,
    5.202799612042037e-05,
    0.0005320179641981639,
    0.00016652014424675012,
    2.303111461942474e-05,
    0.0005618953455417904,
    7.414241504069465e-05
  ],
  "cg_damping": [
    0.0021959749808705175,
    0.003151451864576596,
    0.0038360702848607825,
    0.003918017262835374,
    0.002759837808331577,
    0.010508135806191022,
    0.000884089938857556,
    0.0009215505951243292,
    0.0034282195154898875,
    0.005749219501716708,
    0.0024391031364329077,
    0.00039408079745419886,
    0.013728362333878264,
    0.001247034651287012,
    0.004331395160205668,
    0.011522281352484967,
    0.0043504021698587535,
    0.03157660471271548,
    0.010159433900872131,
    0.0004635822572760817,
    0.0076909581458599425,
    0.007026384252481993,
    0.00228205617918832,
    0.006008534523661346,
    0.008459633453420925,
    0.001215443795038752,
    0.0007644028052454094,
    0.016896870886148663,
    0.0008191502686764738,
    0.0019032279754154313
  ],
  "vf_stepsize": [
    3.3132189732258754e-05,
    2.11225034454284e-05,
    1.3029491851507378e-05,
    2.4074915867860376e-05,
    3.888405222567336e-05,
    5.070324370113827e-05,
    4.041711551846994e-05,
    3.203308901178838e-05,
    5.7253963035848626e-05,
    2.1958080624223032e-05,
    1.3634701620884957e-05,
    1.7124496554290992e-05,
    5.827110606914051e-05,
    9.408686435903485e-06,
    2.4743658368158978e-05,
    2.407669629559177e-05,
    1.3239515175573113e-05,
    1.1915583183704004e-05,
    4.9854850816434024e-05,
    3.6581463755795214e-05,
    1.6313249529305118e-05,
    4.396155519473035e-05,
    1.7088904351205717e-05,
    6.959983660719455e-06,
    9.878070394406168e-06,
    3.619215180404752e-05,
    3.5906251703544676e-05,
    5.005799226860227e-05,
    2.872566294535892e-05,
    4.385364337556343e-05
  ],
  "vf_iters": [
    7,
    6,
    1,
    7,
    2,
    2,
    5,
    2,
    3,
    1,
    2,
    10,
    2,
    4,
    2,
    1,
    3,
    1,
    2,
    3,
    1,
    1,
    6,
    3,
    4,
    6,
    6,
    5,
    5,
    17
  ],
  "vf_minibatches": [
    2,
    1,
    3,
    1,
    1,
    2,
    1,
    2,
    3,
    11,
    1,
    2,
    7,
    1,
    1,
    4,
    5,
    1,
    6,
    2,
    9,
    3,
    2,
    1,
    4,
    3,
    2,
    3,
    2,
    3
  ],
  "num_envs": 4,
  "results_dir_name": "results",
  "storage_dir_name": "storage",
  "train_set": "remaining",
  "eval_set": "remaining",
  "OPENAI_LOG_FORMAT": "csv",
  "walltime_hrs": 0.3,
  "num_checkpoints": 100,
  "eval_ntrajs": 10,
  "eval_nsteps": 200,
  "eval_seed": 12345,
  "looping_tree": {
    "method": "fixed",
    "environment": "fixed",
    "total_timesteps": "fixed",
    "rng_seed": "zip",
    "policy_kwargs": "fixed",
    "timesteps_per_batch": "zip",
    "gamma": "zip",
    "lam": "zip",
    "max_kl": "zip",
    "cg_iters": "zip",
    "entcoeff": "zip",
    "cg_damping": "zip",
    "vf_stepsize": "zip",
    "vf_iters": "zip",
    "vf_minibatches": "zip"
  }
}