{
  "description": "Hyper-parameter optimization for trpo on a low frequency environment",
  "method": "trpo",
  "environment": "drop_leg_100hz",
  "total_timesteps": 4000000,
  "rng_seed": [
    2000,
    1000,
    2000,
    0,
    0,
    0,
    2000,
    1000,
    1000,
    2000,
    0,
    0,
    2000,
    0,
    1000,
    0,
    0,
    0,
    0,
    2000,
    1000,
    1000,
    1000,
    1000,
    2000,
    0,
    0,
    0,
    0,
    2000
  ],
  "policy_kwargs": {
    "net_arch": [
      {
        "vf": [
          64,
          64
        ],
        "pi": [
          64,
          64
        ]
      }
    ]
  },
  "timesteps_per_batch": [
    64,
    64,
    64,
    64,
    64,
    107,
    64,
    64,
    64,
    64,
    118,
    64,
    64,
    64,
    64,
    64,
    64,
    73,
    70,
    64,
    64,
    64,
    111,
    224,
    85,
    64,
    64,
    126,
    64,
    195
  ],
  "gamma": [
    0.9995325767902072,
    0.99984375,
    0.9996595129638577,
    0.9994797136935807,
    0.99984375,
    0.9958179589052555,
    0.9990617159681328,
    0.99984375,
    0.9994062275284623,
    0.9994089216384351,
    0.9992697173067271,
    0.9996319493526807,
    0.9993469333685497,
    0.9991264238019293,
    0.9988208753473441,
    0.9989718644537556,
    0.9997563585859897,
    0.999302226584545,
    0.9997658430304014,
    0.99980751794592,
    0.9997879350937907,
    0.9995881129611925,
    0.9996442649511804,
    0.9998397905058297,
    0.99984375,
    0.9997627650712658,
    0.99984375,
    0.9991583813164162,
    0.9994272822118943,
    0.9943507466324134
  ],
  "lam": [
    0.999451330259638,
    0.9984359342743512,
    0.9997127344485938,
    0.9997287418988602,
    0.9994396853320723,
    0.9989775273197119,
    0.9996564997082759,
    0.9995214023559348,
    0.9995628958032763,
    0.9993518719185597,
    0.9998040097875313,
    0.99984375,
    0.9996808346003566,
    0.9995285443332927,
    0.99984375,
    0.9992164291283615,
    0.9996952316850869,
    0.9996845206446856,
    0.9980735442829892,
    0.9990683956050581,
    0.9993537418019255,
    0.9982465294734169,
    0.9998280599273877,
    0.9912303388984596,
    0.9982928682785123,
    0.9997330945589575,
    0.9997736152686881,
    0.9991181518027229,
    0.99984375,
    0.999287606995123
  ],
  "max_kl": [
    0.64,
    0.64,
    0.64,
    0.64,
    0.64,
    0.38716934831155564,
    0.5898668946267068,
    0.64,
    0.64,
    0.64,
    0.09518090131422187,
    0.64,
    0.64,
    0.3437417409152931,
    0.64,
    0.64,
    0.5493322303249423,
    0.6220631697320373,
    0.5055976913898628,
    0.64,
    0.64,
    0.64,
    0.21618533626296782,
    0.25607119532173983,
    0.64,
    0.21652612305858301,
    0.64,
    0.5006487816839168,
    0.64,
    0.576502965727337
  ],
  "cg_iters": [
    20,
    20,
    20,
    20,
    16,
    6,
    20,
    20,
    18,
    10,
    8,
    20,
    20,
    16,
    20,
    17,
    20,
    19,
    20,
    7,
    20,
    11,
    3,
    5,
    13,
    16,
    20,
    12,
    6,
    7
  ],
  "entcoeff": [
    0.00029498852487303164,
    5.555255822231617e-07,
    0.0005506963522326525,
    0.0009844972086730632,
    6.626721963917713e-07,
    6.837025807797976e-05,
    0.0009023604131448333,
    0.0005625172862793303,
    0.0002521591415918167,
    0.0002641105830735467,
    0.0009629563275790953,
    0.0008531339594733834,
    0.00011810142201346675,
    0.000616230634107558,
    0.0004063491952609973,
    0.00044489499676372336,
    0.0009285035548317665,
    0.0005311713749211096,
    0.0005808023781562818,
    1.614204380893293e-05,
    0.00015138527879452024,
    2.4704278221910435e-05,
    0.0008124400738728257,
    1.3981164798935873e-05,
    3.5236570605778894e-19,
    0.0007484549251255909,
    1.4547976726932142e-05,
    0.0007819086031837417,
    0.001,
    0.0004835725025958271
  ],
  "cg_damping": [
    0.005552796940512386,
    0.03321862539486724,
    0.008228827047151128,
    0.007004899155258418,
    0.04357774673761878,
    0.04283146460828824,
    0.0031972986596224677,
    0.007383302255110793,
    0.014030576988747706,
    0.00904479880813918,
    0.0023399466759878767,
    0.005894160803521343,
    0.009274239150735513,
    0.007350071216780252,
    0.007244693139182685,
    0.008195150565541506,
    0.002988206314888672,
    0.002584273590906189,
    0.0012903665526136161,
    0.07239473752363368,
    0.011335096325472223,
    0.04268131324094339,
    0.12017719386148311,
    0.04609308672902607,
    0.06471229439279247,
    0.008378034115716618,
    0.10084058099803583,
    0.0016665862577809232,
    0.005284938707859075,
    0.009246548995496928
  ],
  "vf_stepsize": [
    4.82412879948692e-05,
    8.257760001616327e-05,
    6.968659208886707e-05,
    3.5750957913303856e-05,
    0.00010313448077753389,
    6.488731750522143e-05,
    4.516134419543383e-05,
    6.491670140032062e-05,
    3.762258353063589e-05,
    7.297281831089164e-05,
    0.0006031050763580325,
    3.383050289766994e-05,
    3.6875852228450924e-05,
    0.00010967733004606447,
    6.96388727671891e-05,
    7.803637508670029e-05,
    1.5790012821311243e-05,
    2.2787487002788384e-05,
    6.323043249547596e-06,
    6.897713811880127e-05,
    6.895213324066023e-05,
    5.390363272426386e-05,
    3.415744880778589e-05,
    5.4362947255605815e-05,
    5.914383528011711e-05,
    9.81002948811983e-05,
    0.0001570498921912839,
    8.353458833116787e-05,
    5.226361410091148e-05,
    2.0888131445811386e-05
  ],
  "vf_iters": [
    1,
    5,
    2,
    4,
    8,
    8,
    2,
    1,
    1,
    1,
    5,
    1,
    3,
    2,
    2,
    4,
    1,
    5,
    1,
    8,
    1,
    6,
    7,
    24,
    17,
    2,
    13,
    1,
    2,
    3
  ],
  "vf_minibatches": [
    1,
    27,
    1,
    1,
    63,
    2,
    1,
    1,
    1,
    1,
    1,
    1,
    1,
    1,
    1,
    1,
    1,
    1,
    6,
    34,
    1,
    23,
    2,
    5,
    56,
    1,
    64,
    2,
    1,
    4
  ],
  "num_envs": 4,
  "results_dir_name": "results",
  "storage_dir_name": "storage",
  "train_set": "remaining",
  "eval_set": "remaining",
  "OPENAI_LOG_FORMAT": "csv",
  "walltime_hrs": 0.3,
  "num_checkpoints": 100,
  "eval_ntrajs": 10,
  "eval_nsteps": 200,
  "eval_seed": 12345,
  "looping_tree": {
    "method": "fixed",
    "environment": "fixed",
    "total_timesteps": "fixed",
    "rng_seed": "zip",
    "policy_kwargs": "fixed",
    "timesteps_per_batch": "zip",
    "gamma": "zip",
    "lam": "zip",
    "max_kl": "zip",
    "cg_iters": "zip",
    "entcoeff": "zip",
    "cg_damping": "zip",
    "vf_stepsize": "zip",
    "vf_iters": "zip",
    "vf_minibatches": "zip"
  }
}