{
  "description": "Hyper-parameter optimization for trpo on a low frequency environment",
  "method": "trpo",
  "environment": "drop_leg_100hz",
  "total_timesteps": 4000000,
  "rng_seed": [
    2000,
    0,
    1000,
    2000,
    1000,
    0,
    1000,
    0,
    0,
    0,
    1000,
    2000,
    0,
    2000,
    1000,
    0,
    0,
    0,
    1000,
    1000,
    2000,
    0,
    0,
    1000,
    0,
    0,
    2000,
    1000,
    1000,
    2000
  ],
  "policy_kwargs": {
    "net_arch": [
      {
        "vf": [
          64,
          64
        ],
        "pi": [
          64,
          64
        ]
      }
    ]
  },
  "timesteps_per_batch": [
    64,
    64,
    64,
    794,
    64,
    64,
    64,
    64,
    64,
    64,
    64,
    64,
    64,
    6059,
    64,
    64,
    64,
    64,
    64,
    64,
    64,
    64,
    64,
    64,
    64,
    64,
    64,
    64,
    64,
    64
  ],
  "gamma": [
    0.99984375,
    0.99984375,
    0.99984375,
    0.99984375,
    0.99984375,
    0.99984375,
    0.99984375,
    0.99984375,
    0.99984375,
    0.99984375,
    0.8214376520866804,
    0.36,
    0.99984375,
    0.99984375,
    0.99984375,
    0.99984375,
    0.99984375,
    0.99984375,
    0.99984375,
    0.99984375,
    0.99984375,
    0.99984375,
    0.99984375,
    0.603005242258293,
    0.9075870076014694,
    0.36,
    0.99984375,
    0.9485194827751783,
    0.99984375,
    0.36
  ],
  "lam": [
    0.9985425581999071,
    0.99984375,
    0.99984375,
    0.99984375,
    0.99984375,
    0.99984375,
    0.9995616912705938,
    0.9977071070401846,
    0.9984167912318203,
    0.99984375,
    0.9894880131507109,
    0.996484611040965,
    0.99984375,
    0.99984375,
    0.99984375,
    0.9996053109815782,
    0.99984375,
    0.99984375,
    0.9994973154108434,
    0.99984375,
    0.99984375,
    0.9993207459879537,
    0.9997842582824409,
    0.9756784508358081,
    0.9948952206129417,
    0.9916545618678901,
    0.36,
    0.9948708530137642,
    0.99984375,
    0.9971104120225736
  ],
  "max_kl": [
    0.64,
    0.64,
    0.64,
    0.64,
    0.64,
    0.64,
    0.64,
    0.64,
    0.64,
    0.64,
    0.64,
    0.64,
    0.64,
    0.64,
    0.64,
    0.64,
    0.64,
    0.14056407405854424,
    0.64,
    0.11523905891493609,
    0.64,
    0.64,
    0.64,
    0.64,
    0.64,
    0.64,
    0.64,
    0.64,
    0.64,
    0.64
  ],
  "cg_iters": [
    20,
    20,
    20,
    20,
    20,
    20,
    20,
    20,
    20,
    20,
    20,
    20,
    20,
    20,
    20,
    20,
    20,
    20,
    20,
    20,
    20,
    20,
    20,
    20,
    20,
    4,
    20,
    20,
    20,
    20
  ],
  "entcoeff": [
    0.00018492381895740705,
    2.920721590063028e-05,
    7.684199614260752e-05,
    0.001,
    0.00012844158562555852,
    0.00026811399790780196,
    0.001,
    0.001,
    7.409206996975445e-05,
    8.309987321257546e-06,
    8.37145248203306e-05,
    0.0001490653178841963,
    0.0007122602462299683,
    0.001,
    7.139727176181861e-06,
    2.9907411853855277e-05,
    0.001,
    0.0001594612033688713,
    0.001,
    0.001,
    7.46715973881942e-05,
    0.0001014506784691915,
    0.00017460283224452004,
    2.331949451206934e-05,
    0.00014254344363175234,
    0.0001000086796995827,
    0.001,
    0.00014873308383468452,
    3.374296726057723e-05,
    3.2743070717315726e-05
  ],
  "cg_damping": [
    0.11961969142699347,
    1.0,
    1.0,
    1.0,
    0.22408303076224895,
    1.0,
    1.0,
    0.23317305936949595,
    0.03438839133832767,
    0.24600890414542906,
    0.00010000000000000009,
    0.00010000000000000009,
    1.0,
    1.0,
    1.0,
    0.2271547972915691,
    1.0,
    0.4395473697626689,
    0.0013716293026999862,
    1.0,
    0.05789360331429484,
    0.3232210257151057,
    0.06829075830414741,
    0.00010000000000000009,
    0.0003508704555863976,
    0.00010000000000000009,
    0.00010000000000000009,
    0.00010635188635145619,
    1.0,
    0.00010000000000000009
  ],
  "vf_stepsize": [
    0.029999999999999995,
    0.029999999999999995,
    0.029999999999999995,
    0.029999999999999995,
    0.029999999999999995,
    0.029999999999999995,
    0.029999999999999995,
    0.029999999999999995,
    0.011032067187559159,
    0.009952205035708945,
    2.9999999999999997e-06,
    7.20844270070891e-06,
    0.029999999999999995,
    0.029999999999999995,
    0.029999999999999995,
    0.027907250566346607,
    0.029999999999999995,
    0.029999999999999995,
    3.265346867978003e-05,
    0.029999999999999995,
    0.020527248192507085,
    0.029999999999999995,
    0.006798320459373704,
    3.852229642323385e-06,
    5.343821022925552e-06,
    3.003354800413996e-06,
    0.029999999999999995,
    5.467646477142347e-06,
    0.029999999999999995,
    3.0000000000006498e-06
  ],
  "vf_iters": [
    1,
    1,
    7,
    1,
    1,
    1,
    1,
    1,
    1,
    1,
    1,
    1,
    14,
    1,
    5,
    3,
    1,
    1,
    2,
    1,
    1,
    8,
    1,
    1,
    1,
    1,
    1,
    2,
    1,
    1
  ],
  "vf_minibatches": [
    1,
    1,
    1,
    1,
    1,
    1,
    1,
    1,
    1,
    1,
    1,
    1,
    1,
    1,
    1,
    1,
    12,
    1,
    1,
    1,
    1,
    1,
    1,
    1,
    1,
    1,
    1,
    1,
    6,
    1
  ],
  "num_envs": 4,
  "results_dir_name": "results",
  "storage_dir_name": "storage",
  "train_set": "remaining",
  "eval_set": "remaining",
  "OPENAI_LOG_FORMAT": "csv",
  "walltime_hrs": 0.3,
  "num_checkpoints": 100,
  "eval_ntrajs": 10,
  "eval_nsteps": 200,
  "eval_seed": 12345,
  "looping_tree": {
    "method": "fixed",
    "environment": "fixed",
    "total_timesteps": "fixed",
    "rng_seed": "zip",
    "policy_kwargs": "fixed",
    "timesteps_per_batch": "zip",
    "gamma": "zip",
    "lam": "zip",
    "max_kl": "zip",
    "cg_iters": "zip",
    "entcoeff": "zip",
    "cg_damping": "zip",
    "vf_stepsize": "zip",
    "vf_iters": "zip",
    "vf_minibatches": "zip"
  }
}