{
  "description": "Hyper-parameter optimization for trpo on a low frequency environment",
  "method": "trpo",
  "environment": "drop_leg_100hz",
  "total_timesteps": 4000000,
  "rng_seed": [
    1000,
    0,
    0,
    1000,
    2000,
    1000,
    0,
    1000,
    0,
    0,
    2000,
    2000,
    2000,
    1000,
    1000,
    0,
    2000,
    0,
    0,
    2000,
    2000,
    2000,
    2000,
    0,
    1000,
    2000,
    1000,
    0,
    0,
    0
  ],
  "policy_kwargs": {
    "net_arch": [
      {
        "vf": [
          64,
          64
        ],
        "pi": [
          64,
          64
        ]
      }
    ]
  },
  "timesteps_per_batch": [
    64,
    64,
    64,
    64,
    64,
    64,
    64,
    64,
    64,
    64,
    64,
    64,
    64,
    64,
    64,
    64,
    64,
    64,
    64,
    64,
    64,
    64,
    64,
    64,
    64,
    64,
    64,
    64,
    64,
    64
  ],
  "gamma": [
    0.9985002382918766,
    0.999438932864119,
    0.9968200861896718,
    0.9980043485003003,
    0.99984375,
    0.99984375,
    0.9975474928672263,
    0.99984375,
    0.9986596531647365,
    0.9991244927414074,
    0.99984375,
    0.9981869248882882,
    0.9995521888291886,
    0.9980576334780936,
    0.99984375,
    0.9996867049861449,
    0.9983875785050143,
    0.9970296345648387,
    0.996380116823414,
    0.99984375,
    0.9933285692072829,
    0.9992937510899447,
    0.9967097702803331,
    0.99984375,
    0.999637557962491,
    0.9971373150159177,
    0.9994593683742974,
    0.9997343139285697,
    0.9987707963624968,
    0.9986628548532267
  ],
  "lam": [
    0.999157058101254,
    0.9992070737101305,
    0.9984389806920886,
    0.9996824528216234,
    0.9996512560523111,
    0.9980227615359578,
    0.9944472861109903,
    0.9912370043129533,
    0.9983476060949946,
    0.9997906805214626,
    0.99984375,
    0.9969619781849249,
    0.999757161138269,
    0.9987316110533507,
    0.99984375,
    0.9983677775622062,
    0.9982528882303111,
    0.9994706914039131,
    0.9985774369644015,
    0.99984375,
    0.9951194155958485,
    0.9986262880933661,
    0.9978651948066269,
    0.99984375,
    0.9987281142367969,
    0.998576706394511,
    0.996683224980244,
    0.9998267807158526,
    0.99984375,
    0.9904377175679442
  ],
  "max_kl": [
    0.64,
    0.64,
    0.64,
    0.64,
    0.64,
    0.64,
    0.64,
    0.64,
    0.64,
    0.64,
    0.64,
    0.64,
    0.64,
    0.64,
    0.64,
    0.64,
    0.64,
    0.64,
    0.64,
    0.64,
    0.64,
    0.64,
    0.64,
    0.64,
    0.64,
    0.64,
    0.64,
    0.64,
    0.64,
    0.64
  ],
  "cg_iters": [
    20,
    12,
    20,
    20,
    20,
    20,
    20,
    20,
    20,
    9,
    11,
    16,
    20,
    20,
    20,
    20,
    6,
    11,
    20,
    20,
    13,
    20,
    20,
    20,
    8,
    20,
    20,
    17,
    20,
    20
  ],
  "entcoeff": [
    0.0002412367066629171,
    0.0008094497577653724,
    0.00014888145518717104,
    0.0002533824493954618,
    0.001,
    0.001,
    0.00016011073138272536,
    0.001,
    0.001,
    0.0009935996380439297,
    0.001,
    0.0002228718598700494,
    0.00031310856816148367,
    0.00013202810604615245,
    0.001,
    0.001,
    0.000266471558214546,
    0.001,
    0.00018023686125387024,
    0.001,
    0.00031694730001534843,
    0.0001232232705060016,
    0.00013684578283695983,
    0.001,
    0.0005256323233833423,
    0.0002179478639202685,
    0.0007107871688841941,
    0.001,
    0.00044388719104620925,
    0.00023006191907512738
  ],
  "cg_damping": [
    0.00010000000000000009,
    0.00010000000000000009,
    0.00010000000000000009,
    0.00021238221979302541,
    0.00010000000000000009,
    0.00010000000000000009,
    0.00010000000000000666,
    0.00010000000000003118,
    0.00010000000000000009,
    0.00010000000000000009,
    0.000101085244479353,
    0.0002835276933188116,
    0.00011852978226224126,
    0.0002135993666229683,
    0.00035985750707444254,
    0.00011690432034186113,
    0.00010005000977228254,
    0.00010000000000000009,
    0.00010000000000000223,
    0.00010539943546226965,
    0.00020747654631614733,
    0.0001000000000000079,
    0.0001000000000000008,
    0.00013206333680647718,
    0.00020671326400780685,
    0.00022862320874481948,
    0.0002451016933517837,
    0.0009468934034348206,
    0.00010000000000000009,
    0.00010000000000000773
  ],
  "vf_stepsize": [
    4.2154416170827634e-05,
    5.5299796047835336e-05,
    1.2525587413129433e-05,
    2.8994861877665483e-05,
    4.2588145666394995e-05,
    6.304429716477727e-05,
    1.0518978515839824e-05,
    3.943007945065734e-05,
    6.851942361970343e-05,
    5.2953012247323055e-05,
    1.9275819524728296e-05,
    1.0164187401279266e-05,
    4.925425110260729e-05,
    1.9256860353988617e-05,
    4.460304239587036e-05,
    0.00021746614309671867,
    4.781599293887919e-05,
    4.1120132594934184e-05,
    1.5066188280718295e-05,
    0.00011428129392719027,
    8.047921823433415e-06,
    3.276902099833971e-05,
    3.1904335116150714e-06,
    5.371256254741173e-05,
    3.2637816597184694e-05,
    8.053370363242137e-06,
    2.572558041317618e-05,
    2.4651484062522445e-05,
    0.00013475944946045383,
    6.7808417730752015e-06
  ],
  "vf_iters": [
    1,
    1,
    1,
    1,
    1,
    1,
    2,
    1,
    1,
    1,
    1,
    1,
    1,
    3,
    1,
    1,
    1,
    1,
    7,
    1,
    1,
    3,
    1,
    1,
    1,
    20,
    1,
    1,
    1,
    1
  ],
  "vf_minibatches": [
    1,
    1,
    1,
    1,
    1,
    1,
    1,
    1,
    1,
    1,
    1,
    1,
    1,
    1,
    1,
    1,
    1,
    1,
    1,
    1,
    1,
    1,
    1,
    3,
    1,
    1,
    1,
    1,
    1,
    1
  ],
  "num_envs": 4,
  "results_dir_name": "results",
  "storage_dir_name": "storage",
  "train_set": "remaining",
  "eval_set": "remaining",
  "OPENAI_LOG_FORMAT": "csv",
  "walltime_hrs": 0.3,
  "num_checkpoints": 100,
  "eval_ntrajs": 10,
  "eval_nsteps": 200,
  "eval_seed": 12345,
  "looping_tree": {
    "method": "fixed",
    "environment": "fixed",
    "total_timesteps": "fixed",
    "rng_seed": "zip",
    "policy_kwargs": "fixed",
    "timesteps_per_batch": "zip",
    "gamma": "zip",
    "lam": "zip",
    "max_kl": "zip",
    "cg_iters": "zip",
    "entcoeff": "zip",
    "cg_damping": "zip",
    "vf_stepsize": "zip",
    "vf_iters": "zip",
    "vf_minibatches": "zip"
  }
}