{
  "description": "Hyper-parameter optimization for trpo on a low frequency environment",
  "method": "trpo",
  "environment": "drop_leg_100hz",
  "total_timesteps": 4000000,
  "rng_seed": [
    0,
    0,
    0,
    2000,
    2000,
    0,
    2000,
    1000,
    2000,
    2000,
    2000,
    2000,
    1000,
    0,
    0,
    0,
    0,
    2000,
    0,
    1000,
    1000,
    2000,
    2000,
    0,
    0,
    1000,
    1000,
    1000,
    0,
    0
  ],
  "policy_kwargs": {
    "net_arch": [
      {
        "vf": [
          64,
          64
        ],
        "pi": [
          64,
          64
        ]
      }
    ]
  },
  "timesteps_per_batch": [
    3022,
    3543,
    2949,
    3711,
    3890,
    2709,
    2481,
    4824,
    2841,
    4015,
    4263,
    3369,
    2586,
    4991,
    3197,
    3312,
    7437,
    3505,
    2194,
    1752,
    5932,
    7393,
    3138,
    2027,
    1647,
    2267,
    3019,
    1641,
    2666,
    4853
  ],
  "gamma": [
    0.9981954437756156,
    0.9990829943138388,
    0.9987915118798193,
    0.9992954821680938,
    0.9984403381971726,
    0.9992227608540276,
    0.9991009437305419,
    0.9963161943419666,
    0.9983965510906483,
    0.9970944072947658,
    0.9989575881671949,
    0.9986838278238256,
    0.9987432326383426,
    0.999061686507615,
    0.9986134976893928,
    0.9990724442074298,
    0.9987411065705328,
    0.9993244679584317,
    0.9989585235400277,
    0.9991044570076875,
    0.9980129293886154,
    0.9965307262493562,
    0.9990001527804788,
    0.9979712503074165,
    0.9995176867348252,
    0.9996779795913131,
    0.9992784986373543,
    0.9968920206043973,
    0.9991969254724441,
    0.9995652139274679
  ],
  "lam": [
    0.9969546334677373,
    0.9974896892300338,
    0.998133271862671,
    0.9978890248738884,
    0.997119177543145,
    0.9978298446150267,
    0.9988928650330082,
    0.9946898293382439,
    0.9982779202374276,
    0.9981783067236025,
    0.9977301416729584,
    0.9978672262084136,
    0.9980847832520632,
    0.9986355888718713,
    0.9979498207331022,
    0.9993190441285457,
    0.9976028831055959,
    0.9973233952431844,
    0.9980731815740718,
    0.9952156071602117,
    0.9984403483347877,
    0.9970419156667577,
    0.9980267062078172,
    0.997436279576229,
    0.999163390810707,
    0.9935498590584522,
    0.9974171887449355,
    0.997182218911872,
    0.9947676094739673,
    0.9965542333315631
  ],
  "max_kl": [
    0.018294436168129088,
    0.023033787537377993,
    0.02756072184075916,
    0.01183210072196777,
    0.05183886108732563,
    0.005560318694474115,
    0.008271690215231987,
    0.053112922249966325,
    0.028241805984140514,
    0.044457755773352856,
    0.01892257709367252,
    0.026969613403885286,
    0.01285896116747473,
    0.03063922597587992,
    0.013118654459048713,
    0.06571919160111349,
    0.01107312840966265,
    0.008911387234294433,
    0.023358341028025142,
    0.05218996744796983,
    0.016743471948048528,
    0.02386647142810846,
    0.014558743267961494,
    0.06281122063244295,
    0.0016710458796489656,
    0.0026555997164212706,
    0.027171081474880208,
    0.04149262288798444,
    0.005653360094754444,
    0.015295114117578034
  ],
  "cg_iters": [
    20,
    12,
    7,
    7,
    7,
    5,
    8,
    3,
    16,
    3,
    4,
    5,
    12,
    9,
    11,
    3,
    11,
    2,
    5,
    11,
    10,
    10,
    14,
    10,
    11,
    11,
    4,
    18,
    2,
    8
  ],
  "entcoeff": [
    -3.3881317890172014e-21,
    2.192034438332657e-06,
    6.375468616554424e-07,
    5.118727931621167e-06,
    7.428011397212254e-06,
    1.8473003692777418e-05,
    6.759213466341533e-06,
    4.477280372904022e-05,
    9.796472005078302e-07,
    6.169900734856883e-06,
    3.28723886188577e-06,
    9.055724847356649e-06,
    5.179896008068663e-06,
    1.082937129253423e-05,
    7.904130817552014e-06,
    2.6754459971236787e-05,
    9.598584647978729e-06,
    1.026937712465654e-05,
    2.6514164295527152e-05,
    6.892719471023886e-05,
    5.0792110465566566e-06,
    3.4298266387279893e-06,
    3.052348378195951e-07,
    7.794733235777322e-07,
    8.262095940391328e-06,
    1.1388481655410104e-05,
    1.4593556757089761e-05,
    1.4891467342940855e-05,
    7.728167662163927e-06,
    3.810396283271171e-06
  ],
  "cg_damping": [
    0.011420310353123707,
    0.011347017371423454,
    0.008481796672609931,
    0.0115150670795038,
    0.011043692192527118,
    0.011754085718749708,
    0.01892688626171499,
    0.015341531321145631,
    0.012127173474862371,
    0.004039867334859927,
    0.01415723080813168,
    0.027329242255932185,
    0.008083225250465854,
    0.014194203715217821,
    0.012859204399566644,
    0.015093616346692776,
    0.011912888216796591,
    0.015089858657824374,
    0.012346474364077226,
    0.022479094450063155,
    0.013802217136498571,
    0.0036463730257249192,
    0.008977369380218243,
    0.01074118555549179,
    0.022841839628382786,
    0.004678634930874108,
    0.007865471655410924,
    0.003038525006660745,
    0.013311651869865005,
    0.020401778321130142
  ],
  "vf_stepsize": [
    6.373339018811654e-05,
    7.718866075076189e-05,
    4.5161266245552755e-05,
    0.00012512157470178866,
    7.452446823906095e-05,
    0.00010845408362981241,
    8.444083980339296e-05,
    4.8614214655831066e-05,
    6.984055767717195e-05,
    0.00027909767770975785,
    0.00010996277853407926,
    7.708419097016618e-05,
    5.124138371959649e-05,
    9.251239672409682e-05,
    9.894290358693535e-05,
    6.953423489873837e-05,
    8.844424111854968e-05,
    0.0001495870218143755,
    8.223351152504872e-05,
    2.2579769603002984e-05,
    9.531926110372221e-05,
    4.974371994009711e-05,
    0.0001168106807262125,
    4.602385693405127e-05,
    0.00018176754020117106,
    4.610584655962972e-05,
    8.578037015883122e-05,
    3.8866384799155746e-05,
    0.00030206784792619155,
    0.00011490672489841419
  ],
  "vf_iters": [
    4,
    5,
    3,
    5,
    5,
    7,
    7,
    5,
    3,
    4,
    7,
    3,
    5,
    3,
    4,
    3,
    8,
    8,
    6,
    4,
    8,
    3,
    3,
    2,
    3,
    21,
    4,
    1,
    6,
    9
  ],
  "vf_minibatches": [
    4,
    7,
    12,
    5,
    8,
    4,
    3,
    9,
    6,
    10,
    9,
    8,
    3,
    15,
    3,
    2,
    6,
    6,
    7,
    5,
    2,
    38,
    8,
    9,
    4,
    7,
    22,
    2,
    5,
    6
  ],
  "num_envs": 4,
  "results_dir_name": "results",
  "storage_dir_name": "storage",
  "train_set": "remaining",
  "eval_set": "remaining",
  "OPENAI_LOG_FORMAT": "csv",
  "walltime_hrs": 0.3,
  "num_checkpoints": 100,
  "eval_ntrajs": 10,
  "eval_nsteps": 200,
  "eval_seed": 12345,
  "looping_tree": {
    "method": "fixed",
    "environment": "fixed",
    "total_timesteps": "fixed",
    "rng_seed": "zip",
    "policy_kwargs": "fixed",
    "timesteps_per_batch": "zip",
    "gamma": "zip",
    "lam": "zip",
    "max_kl": "zip",
    "cg_iters": "zip",
    "entcoeff": "zip",
    "cg_damping": "zip",
    "vf_stepsize": "zip",
    "vf_iters": "zip",
    "vf_minibatches": "zip"
  }
}