{
  "description": "Hyper-parameter optimization for trpo on a low frequency environment",
  "method": "trpo",
  "environment": "drop_leg_100hz",
  "total_timesteps": 4000000,
  "rng_seed": [
    0,
    2000,
    1000,
    0,
    2000,
    1000,
    0,
    2000,
    2000,
    2000,
    1000,
    2000,
    1000,
    1000,
    2000,
    1000,
    2000,
    0,
    1000,
    2000,
    2000,
    0,
    0,
    1000,
    1000,
    1000,
    0,
    2000,
    2000,
    1000
  ],
  "policy_kwargs": {
    "net_arch": [
      {
        "vf": [
          64,
          64
        ],
        "pi": [
          64,
          64
        ]
      }
    ]
  },
  "timesteps_per_batch": [
    2597,
    5733,
    4266,
    3776,
    6714,
    2723,
    2109,
    1486,
    2227,
    4374,
    9033,
    13420,
    11469,
    1174,
    1132,
    1289,
    3357,
    1417,
    1469,
    8010,
    803,
    3704,
    9913,
    1036,
    7626,
    13366,
    354,
    4082,
    3027,
    550
  ],
  "gamma": [
    0.998721799493808,
    0.9991761346449886,
    0.9998378746284907,
    0.9991325072612308,
    0.9996880259657174,
    0.99984375,
    0.9994570450530776,
    0.9987802703949026,
    0.9994290709203422,
    0.9997767622053157,
    0.99984375,
    0.9994810767388578,
    0.9994692425060899,
    0.9993224991042619,
    0.99984375,
    0.9997974550143767,
    0.9989834183444702,
    0.99984375,
    0.999836024710163,
    0.9987890466842988,
    0.9953837850899059,
    0.9992735423148753,
    0.999708966069179,
    0.99984375,
    0.9996292140711159,
    0.9995136353209696,
    0.9989659855108171,
    0.9986358347961628,
    0.99984375,
    0.99984375
  ],
  "lam": [
    0.9992282805751551,
    0.9992689999923107,
    0.9987817934365095,
    0.9994614284093412,
    0.9989837818579749,
    0.9988112106510922,
    0.9993199768029165,
    0.99898878817169,
    0.9989528002503129,
    0.998967806047364,
    0.9988131806447234,
    0.9984362835055733,
    0.9991657396688284,
    0.9990170223584598,
    0.9984714567869839,
    0.999044402500597,
    0.9997006399011563,
    0.9989444825488336,
    0.9981807689855721,
    0.9949939275490157,
    0.9980646006177571,
    0.9958803115697386,
    0.9994234861056006,
    0.9981445123213578,
    0.9977529139082016,
    0.9966251555956929,
    0.9951082988527096,
    0.999194079941364,
    0.9986185835094649,
    0.998262973133514
  ],
  "max_kl": [
    0.0067574919516518684,
    0.002204595379562157,
    0.0023409064103562037,
    0.0029963471658200126,
    0.0012500000000001123,
    0.0026986339419631743,
    0.011824308486441854,
    0.023604626795549862,
    0.0025731657458131258,
    0.0038607535383261764,
    0.0022080033803620696,
    0.0012500000000000002,
    0.0037495726103159116,
    0.030725748852990932,
    0.0027905561459995207,
    0.019528659985018817,
    0.0033407417470496053,
    0.003116903181479408,
    0.0067452703581667404,
    0.0012500000000000002,
    0.04272283341071539,
    0.0012500000000000002,
    0.0012918049708435756,
    0.014710608824408734,
    0.0012500000000000002,
    0.0013345694110868437,
    0.005070831976822892,
    0.0012500000000000002,
    0.0015949987754887954,
    0.010873853729253057
  ],
  "cg_iters": [
    20,
    20,
    20,
    20,
    11,
    20,
    20,
    20,
    20,
    20,
    19,
    5,
    20,
    20,
    10,
    20,
    20,
    20,
    20,
    1,
    20,
    1,
    20,
    20,
    2,
    2,
    1,
    20,
    20,
    8
  ],
  "entcoeff": [
    2.4776061574495653e-05,
    6.346448590358641e-06,
    5.765055556341589e-06,
    3.861657693222385e-05,
    2.44070438423345e-06,
    1.1177833138286445e-05,
    7.200658331323756e-05,
    2.5690378376408872e-05,
    1.1606365876106747e-05,
    3.413948045555197e-05,
    1.7351121868366022e-05,
    9.991687051903825e-06,
    1.679950623771688e-05,
    7.22864486382883e-05,
    3.371148343392095e-05,
    5.5333960754148974e-05,
    3.7627110492182783e-05,
    3.190821938381455e-05,
    3.7078693197791174e-05,
    4.30954821627461e-05,
    -3.3881317890172014e-21,
    2.86693440779115e-05,
    1.1081362306247367e-05,
    5.2022559173411456e-05,
    2.2005915969666723e-18,
    4.8903345667606296e-05,
    -3.3881317890172014e-21,
    4.862251065812007e-05,
    2.0253845362144683e-05,
    5.283152164931097e-05
  ],
  "cg_damping": [
    0.00367940855001543,
    0.002749560929022053,
    0.0031913262935584106,
    0.004956925739427145,
    0.0028051634719178813,
    0.007535875730842788,
    0.004904644843098949,
    0.0033530789214120016,
    0.0030741633203970418,
    0.0039926258200835415,
    0.004001052141862596,
    0.004457277724082068,
    0.006433605488392983,
    0.004797404353019599,
    0.01560283626267144,
    0.005957285102764532,
    0.005712365890983635,
    0.004467238484526763,
    0.011293861365180369,
    0.00944222696752433,
    0.005404128844649718,
    0.007304777701936892,
    0.004059486455189548,
    0.0178465571398775,
    0.0031491906349852875,
    0.026758471359507662,
    0.008851570841311608,
    0.004347764103512317,
    0.0064800078275152944,
    0.01996550614740539
  ],
  "vf_stepsize": [
    3.782067840373971e-05,
    6.55912678749265e-05,
    9.70778751208632e-05,
    8.744616679517372e-05,
    9.904860530404664e-05,
    3.658186006493832e-05,
    3.483931475254656e-05,
    2.569621792924448e-05,
    0.00014655384319769643,
    0.00011400012242619138,
    0.0002511433865138302,
    0.00018872776756343024,
    0.00018215569100963073,
    1.97586475247878e-05,
    3.0061996609640305e-05,
    4.3645818585102697e-05,
    3.688134629116567e-05,
    8.712329767058936e-05,
    2.163771062160253e-05,
    0.00014279127828087498,
    3.730892962186271e-05,
    6.305573976504954e-05,
    0.00016169368478476258,
    3.98964757208211e-05,
    0.00023060553221424074,
    0.00043741265041566467,
    0.00019849062156354754,
    4.31350789883353e-05,
    0.00012512302280557388,
    3.502172604681175e-05
  ],
  "vf_iters": [
    4,
    3,
    3,
    4,
    6,
    2,
    5,
    3,
    5,
    9,
    7,
    7,
    6,
    2,
    3,
    7,
    2,
    4,
    2,
    6,
    1,
    5,
    5,
    5,
    9,
    1,
    2,
    5,
    2,
    2
  ],
  "vf_minibatches": [
    1,
    3,
    7,
    1,
    3,
    14,
    1,
    1,
    1,
    1,
    4,
    2,
    1,
    2,
    13,
    2,
    1,
    2,
    8,
    3,
    3,
    8,
    9,
    4,
    3,
    3,
    10,
    1,
    14,
    7
  ],
  "num_envs": 4,
  "results_dir_name": "results",
  "storage_dir_name": "storage",
  "train_set": "remaining",
  "eval_set": "remaining",
  "OPENAI_LOG_FORMAT": "csv",
  "walltime_hrs": 0.3,
  "num_checkpoints": 100,
  "eval_ntrajs": 10,
  "eval_nsteps": 200,
  "eval_seed": 12345,
  "looping_tree": {
    "method": "fixed",
    "environment": "fixed",
    "total_timesteps": "fixed",
    "rng_seed": "zip",
    "policy_kwargs": "fixed",
    "timesteps_per_batch": "zip",
    "gamma": "zip",
    "lam": "zip",
    "max_kl": "zip",
    "cg_iters": "zip",
    "entcoeff": "zip",
    "cg_damping": "zip",
    "vf_stepsize": "zip",
    "vf_iters": "zip",
    "vf_minibatches": "zip"
  }
}