{
  "description": "Hyper-parameter optimization for trpo on a low frequency environment",
  "method": "trpo",
  "environment": "drop_leg_100hz",
  "total_timesteps": 4000000,
  "rng_seed": [
    2000,
    2000,
    2000,
    0,
    1000,
    2000,
    1000,
    0,
    2000,
    2000,
    2000,
    0,
    0,
    1000,
    0,
    1000,
    0,
    2000,
    0,
    1000,
    1000,
    1000,
    2000,
    0,
    0,
    2000,
    1000,
    2000,
    2000,
    0
  ],
  "policy_kwargs": {
    "net_arch": [
      {
        "vf": [
          64,
          64
        ],
        "pi": [
          64,
          64
        ]
      }
    ]
  },
  "timesteps_per_batch": [
    64,
    64,
    64,
    64,
    64,
    64,
    64,
    64,
    64,
    64,
    64,
    64,
    64,
    64,
    64,
    64,
    64,
    64,
    64,
    64,
    64,
    64,
    64,
    64,
    64,
    64,
    64,
    64,
    64,
    64
  ],
  "gamma": [
    0.99984375,
    0.99984375,
    0.99984375,
    0.99984375,
    0.99984375,
    0.99984375,
    0.99984375,
    0.99984375,
    0.998853610693157,
    0.99984375,
    0.99984375,
    0.9994719774413173,
    0.99984375,
    0.99984375,
    0.999586949680208,
    0.99984375,
    0.36,
    0.99984375,
    0.9986324158916439,
    0.9690832405377241,
    0.99984375,
    0.99984375,
    0.99984375,
    0.36,
    0.9944887129370241,
    0.99984375,
    0.99984375,
    0.99984375,
    0.9950236221466036,
    0.9997708220044443
  ],
  "lam": [
    0.99984375,
    0.9998359294083803,
    0.979787376928191,
    0.9979199228791724,
    0.9993918606738912,
    0.9970923813795081,
    0.9977452786394929,
    0.9962491023147587,
    0.99984375,
    0.9997086235784781,
    0.99984375,
    0.9983143177185549,
    0.99984375,
    0.993399863234601,
    0.99984375,
    0.99984375,
    0.99984375,
    0.99984375,
    0.9961077521483106,
    0.9928216263297226,
    0.99984375,
    0.99984375,
    0.9930517105930974,
    0.9968926897668712,
    0.9942018552080902,
    0.99984375,
    0.99984375,
    0.9974381674661338,
    0.9952484033974871,
    0.9953693615703558
  ],
  "max_kl": [
    0.64,
    0.64,
    0.64,
    0.64,
    0.64,
    0.64,
    0.64,
    0.64,
    0.64,
    0.64,
    0.64,
    0.64,
    0.64,
    0.64,
    0.64,
    0.64,
    0.64,
    0.64,
    0.64,
    0.64,
    0.64,
    0.64,
    0.64,
    0.64,
    0.64,
    0.64,
    0.64,
    0.64,
    0.64,
    0.64
  ],
  "cg_iters": [
    20,
    20,
    20,
    20,
    20,
    20,
    20,
    20,
    14,
    20,
    20,
    12,
    20,
    20,
    20,
    20,
    1,
    4,
    20,
    20,
    3,
    20,
    20,
    20,
    20,
    20,
    20,
    6,
    20,
    20
  ],
  "entcoeff": [
    3.573096725783769e-05,
    3.3815376465026654e-05,
    0.001,
    0.00011145551829451859,
    9.411730227531599e-05,
    0.00012228606666352088,
    0.0006346227449597788,
    0.001,
    0.001,
    4.760080272424664e-05,
    3.5778252163440785e-05,
    0.0003460623740308744,
    5.5643560335790526e-05,
    0.00073987437484649,
    0.001,
    0.001,
    0.001,
    6.21899199983373e-05,
    0.00020675770022596698,
    0.00039483978516169127,
    0.001,
    0.001,
    0.00013525096740378637,
    0.00011220426046880231,
    0.00024931335922359795,
    4.946672411965114e-19,
    0.00011524382213246202,
    0.0006829031641962528,
    0.0002580712075833604,
    0.0006316521277878198
  ],
  "cg_damping": [
    0.0007284711019293316,
    0.00010000000000006369,
    0.00010000000000000009,
    0.00010000000000000009,
    0.00018267616329571833,
    0.00010000000000000009,
    0.00010000000000000009,
    0.00010000000000000009,
    0.00010000000000000009,
    0.00010000000000000009,
    0.005299585199769902,
    0.002012739400304038,
    0.035546588821619735,
    0.00010000000000000026,
    0.00010000000000000009,
    0.3667844620920142,
    0.9999999999999999,
    0.0015540554628978936,
    0.002393509335991283,
    0.0007320867280602364,
    0.12192671503389345,
    0.006265623679440104,
    0.00010000000000000009,
    0.00010000000000000009,
    0.001874132497283458,
    0.011437132783636306,
    0.004480721329032529,
    0.00010152982069167877,
    0.0005508276076010409,
    0.00010000000000000258
  ],
  "vf_stepsize": [
    0.029999999999999995,
    0.029999999999999995,
    0.029999999999999995,
    0.005215975976957004,
    0.01936763044931678,
    0.02447561614366851,
    0.003662452449886164,
    0.029999999999999995,
    0.0001617844487232743,
    0.004609441529799672,
    0.029999999999999995,
    4.165154456006932e-05,
    0.029999999999999995,
    0.0028426586779642994,
    0.0004357613467918531,
    0.029999999999999995,
    2.9999999999999997e-06,
    0.029999999999999995,
    2.427382224151783e-05,
    2.9999999999999997e-06,
    0.029999999999999995,
    0.029999999999999995,
    0.001910096326396416,
    8.109002855925728e-06,
    8.384103472307618e-06,
    0.029999999999999995,
    0.029999999999999995,
    0.029999999999999995,
    7.189644566228202e-06,
    0.0009304958434186649
  ],
  "vf_iters": [
    1,
    1,
    1,
    1,
    1,
    1,
    1,
    1,
    1,
    1,
    1,
    1,
    1,
    1,
    1,
    1,
    1,
    1,
    1,
    1,
    1,
    19,
    1,
    1,
    1,
    1,
    5,
    1,
    2,
    1
  ],
  "vf_minibatches": [
    1,
    1,
    1,
    1,
    1,
    1,
    1,
    1,
    1,
    1,
    1,
    1,
    1,
    1,
    1,
    1,
    64,
    1,
    1,
    1,
    1,
    1,
    1,
    1,
    1,
    1,
    1,
    1,
    1,
    1
  ],
  "num_envs": 4,
  "results_dir_name": "results",
  "storage_dir_name": "storage",
  "train_set": "remaining",
  "eval_set": "remaining",
  "OPENAI_LOG_FORMAT": "csv",
  "walltime_hrs": 0.3,
  "num_checkpoints": 100,
  "eval_ntrajs": 10,
  "eval_nsteps": 200,
  "eval_seed": 12345,
  "looping_tree": {
    "method": "fixed",
    "environment": "fixed",
    "total_timesteps": "fixed",
    "rng_seed": "zip",
    "policy_kwargs": "fixed",
    "timesteps_per_batch": "zip",
    "gamma": "zip",
    "lam": "zip",
    "max_kl": "zip",
    "cg_iters": "zip",
    "entcoeff": "zip",
    "cg_damping": "zip",
    "vf_stepsize": "zip",
    "vf_iters": "zip",
    "vf_minibatches": "zip"
  }
}