{
  "description": "Hyper-parameter optimization for trpo on a low frequency environment",
  "method": "trpo",
  "environment": "drop_leg_100hz",
  "total_timesteps": 4000000,
  "rng_seed": [
    0,
    1000,
    2000,
    2000,
    0,
    1000,
    2000,
    1000,
    2000,
    0,
    1000,
    1000,
    1000,
    0,
    1000,
    1000,
    2000,
    2000,
    1000,
    0,
    1000,
    2000,
    0,
    0,
    2000,
    1000,
    2000,
    1000,
    2000,
    2000
  ],
  "policy_kwargs": {
    "net_arch": [
      {
        "vf": [
          64,
          64
        ],
        "pi": [
          64,
          64
        ]
      }
    ]
  },
  "timesteps_per_batch": [
    64,
    64,
    64,
    64,
    64,
    64,
    64,
    64,
    64,
    64,
    64,
    64,
    64,
    64,
    64,
    64,
    64,
    64,
    64,
    64,
    64,
    64,
    64,
    64,
    64,
    64,
    64,
    64,
    64,
    64
  ],
  "gamma": [
    0.9980534594424317,
    0.99984375,
    0.9949067361796587,
    0.99984375,
    0.994698906326682,
    0.9934093388372939,
    0.99984375,
    0.9988401922486686,
    0.9988419001341379,
    0.999380615348605,
    0.9974553451950782,
    0.9883933575185976,
    0.99984375,
    0.99984375,
    0.9970621982461402,
    0.99984375,
    0.9995448514884094,
    0.9948905524239939,
    0.9966736500559683,
    0.9966868537906494,
    0.9997047891893057,
    0.9983986214368136,
    0.9858075418203797,
    0.9966230408900115,
    0.9973201759228962,
    0.9778270122962976,
    0.993475275149056,
    0.99984375,
    0.99984375,
    0.9978411495908789
  ],
  "lam": [
    0.99984375,
    0.99984375,
    0.999461339482814,
    0.99984375,
    0.9991373337681212,
    0.9991170145281916,
    0.9790694367853736,
    0.99984375,
    0.99984375,
    0.99984375,
    0.9981199706491201,
    0.9989801956986365,
    0.9597075515365309,
    0.9994416195850379,
    0.9981813855095031,
    0.9730514160469848,
    0.99984375,
    0.9998071750504696,
    0.9997735587027279,
    0.9997380118978194,
    0.99984375,
    0.9972434439745981,
    0.9991629951058656,
    0.99984375,
    0.9996670605018089,
    0.9997540723399991,
    0.9960087777776808,
    0.99984375,
    0.99984375,
    0.9968123969534314
  ],
  "max_kl": [
    0.64,
    0.64,
    0.64,
    0.64,
    0.64,
    0.64,
    0.64,
    0.64,
    0.64,
    0.64,
    0.64,
    0.64,
    0.64,
    0.64,
    0.64,
    0.64,
    0.64,
    0.64,
    0.64,
    0.64,
    0.64,
    0.64,
    0.64,
    0.64,
    0.64,
    0.64,
    0.64,
    0.64,
    0.64,
    0.64
  ],
  "cg_iters": [
    9,
    7,
    20,
    12,
    20,
    20,
    20,
    20,
    7,
    5,
    10,
    20,
    20,
    7,
    20,
    20,
    13,
    12,
    20,
    9,
    8,
    19,
    20,
    3,
    12,
    20,
    20,
    20,
    4,
    20
  ],
  "entcoeff": [
    0.001,
    0.001,
    0.0005942992386070469,
    0.001,
    0.0002624559520709574,
    0.00020796429710564064,
    0.001,
    0.001,
    0.001,
    0.001,
    0.0001437912736189514,
    7.835066263202582e-05,
    0.001,
    0.001,
    0.00029663902401285346,
    0.0002785913761046387,
    0.001,
    0.001,
    0.001,
    0.00036735913440909414,
    0.0006471535575918677,
    8.784310954257592e-05,
    0.0005662070807427832,
    0.001,
    0.0008901265512452389,
    0.001,
    0.00014465262579671176,
    0.001,
    0.001,
    0.0002837747562387541
  ],
  "cg_damping": [
    0.00010000000000000009,
    0.000853767344613388,
    0.00010000000000000009,
    0.0011102389931619656,
    0.00010000000000000009,
    0.00010000000000000009,
    0.00010000000000000009,
    0.00010000000000000009,
    0.00010000000000000009,
    0.00010000000000000009,
    0.0004706921667293329,
    0.00010000000000000009,
    0.00010000000000000009,
    0.000834886296877487,
    0.00010000000000000009,
    0.00010010116012372892,
    0.001171256879225992,
    0.00010000000000000009,
    0.0001000000000000008,
    0.00010000000000000009,
    0.0004169142412208845,
    0.0011463855773626054,
    0.00010000000000000009,
    0.00010000000000000009,
    0.00016053004605679847,
    0.00010000000000000009,
    0.00010000000000000009,
    0.00010000000000000009,
    0.00010000000000000009,
    0.00010000000000000009
  ],
  "vf_stepsize": [
    8.871657685314488e-05,
    3.0459124969946437e-05,
    6.518610703626202e-05,
    9.048181134499735e-05,
    5.162720728627505e-05,
    6.307243420526091e-05,
    0.00022457297872442939,
    0.00021717117315035083,
    5.755621213793012e-05,
    9.02077856259485e-05,
    1.1979370562189334e-05,
    4.536318521067874e-05,
    7.294062140639528e-05,
    2.7327894822512827e-05,
    2.539358246443313e-05,
    2.2233028217175028e-05,
    2.715121648261732e-05,
    0.00014458349405890598,
    3.6654993640845675e-05,
    7.254212014282704e-05,
    1.900983300466095e-05,
    1.5424147636150385e-05,
    5.265885545684124e-05,
    0.00016762241505560813,
    3.9006691433786066e-05,
    7.751473212514026e-05,
    2.7388537931776484e-05,
    0.0017378626746172741,
    0.00010255791959884605,
    6.499716967159927e-05
  ],
  "vf_iters": [
    1,
    1,
    1,
    1,
    1,
    4,
    1,
    1,
    1,
    1,
    2,
    1,
    4,
    1,
    3,
    6,
    1,
    1,
    1,
    1,
    1,
    3,
    1,
    1,
    1,
    1,
    4,
    1,
    1,
    1
  ],
  "vf_minibatches": [
    4,
    1,
    4,
    1,
    1,
    1,
    1,
    9,
    1,
    4,
    1,
    1,
    1,
    1,
    1,
    1,
    1,
    17,
    7,
    1,
    1,
    1,
    7,
    7,
    1,
    11,
    1,
    1,
    7,
    1
  ],
  "num_envs": 4,
  "results_dir_name": "results",
  "storage_dir_name": "storage",
  "train_set": "remaining",
  "eval_set": "remaining",
  "OPENAI_LOG_FORMAT": "csv",
  "walltime_hrs": 0.3,
  "num_checkpoints": 100,
  "eval_ntrajs": 10,
  "eval_nsteps": 200,
  "eval_seed": 12345,
  "looping_tree": {
    "method": "fixed",
    "environment": "fixed",
    "total_timesteps": "fixed",
    "rng_seed": "zip",
    "policy_kwargs": "fixed",
    "timesteps_per_batch": "zip",
    "gamma": "zip",
    "lam": "zip",
    "max_kl": "zip",
    "cg_iters": "zip",
    "entcoeff": "zip",
    "cg_damping": "zip",
    "vf_stepsize": "zip",
    "vf_iters": "zip",
    "vf_minibatches": "zip"
  }
}