{
  "description": "Hyper-parameter optimization for trpo on a low frequency environment",
  "method": "trpo",
  "environment": "drop_leg_100hz",
  "total_timesteps": 4000000,
  "rng_seed": [
    0,
    2000,
    0,
    1000,
    1000,
    0,
    1000,
    1000,
    0,
    1000,
    0,
    0,
    0,
    1000,
    2000,
    2000,
    1000,
    0,
    0,
    2000,
    2000,
    1000,
    0,
    2000,
    2000,
    0,
    2000,
    0,
    1000,
    2000
  ],
  "policy_kwargs": {
    "net_arch": [
      {
        "vf": [
          64,
          64
        ],
        "pi": [
          64,
          64
        ]
      }
    ]
  },
  "timesteps_per_batch": [
    64,
    64,
    70,
    86,
    65,
    64,
    64,
    64,
    64,
    67,
    65,
    82,
    64,
    100,
    64,
    64,
    120,
    64,
    64,
    201,
    64,
    99,
    65,
    152,
    255,
    87,
    101,
    96,
    105,
    67
  ],
  "gamma": [
    0.9994363456560732,
    0.9997173409774142,
    0.9988748042685821,
    0.9997146455392214,
    0.9991805982643264,
    0.9996009348321143,
    0.9995868996510998,
    0.9983058928374242,
    0.99984375,
    0.9991172012670209,
    0.9975622425820027,
    0.9993742557090143,
    0.998903408419415,
    0.9778034027249619,
    0.9984216753723774,
    0.99984375,
    0.9993266624325938,
    0.9974269498380646,
    0.9997459267966531,
    0.9989972327421958,
    0.9992153107960201,
    0.9998288438994477,
    0.9996780961670015,
    0.999342613788456,
    0.9963156508115567,
    0.9978061687621135,
    0.9995551975687957,
    0.9985103724938141,
    0.99984375,
    0.999070748759977
  ],
  "lam": [
    0.9989829517553523,
    0.9994188590313361,
    0.9991386089649147,
    0.9994492903702602,
    0.9991464451455775,
    0.999028720868879,
    0.9997267364415756,
    0.9995504471759734,
    0.999118957745719,
    0.9997528873805679,
    0.9991791082763479,
    0.9988642683455908,
    0.9997025375445959,
    0.9971820735177424,
    0.9995096516496512,
    0.99984375,
    0.9996887472856749,
    0.9996883769982815,
    0.9997425306340804,
    0.9925660313244135,
    0.9997965773910785,
    0.9998144365931428,
    0.9983195635387304,
    0.9994752941035342,
    0.9998132754504798,
    0.9997956974131921,
    0.9993571752931737,
    0.9996292342254466,
    0.99984375,
    0.9995865289738288
  ],
  "max_kl": [
    0.64,
    0.64,
    0.64,
    0.64,
    0.64,
    0.64,
    0.64,
    0.64,
    0.64,
    0.64,
    0.64,
    0.64,
    0.64,
    0.2557187590350178,
    0.64,
    0.64,
    0.64,
    0.64,
    0.64,
    0.5403988603614772,
    0.64,
    0.64,
    0.64,
    0.64,
    0.30307859283109334,
    0.5897105127728128,
    0.64,
    0.64,
    0.64,
    0.64
  ],
  "cg_iters": [
    11,
    9,
    17,
    18,
    20,
    5,
    12,
    10,
    9,
    15,
    20,
    20,
    10,
    2,
    20,
    20,
    19,
    18,
    18,
    15,
    20,
    20,
    20,
    20,
    8,
    3,
    9,
    20,
    20,
    4
  ],
  "entcoeff": [
    0.001,
    0.001,
    0.001,
    0.001,
    0.001,
    0.001,
    0.001,
    0.001,
    0.001,
    0.001,
    0.001,
    0.001,
    0.001,
    0.0007523186198994889,
    0.001,
    1.6513701160379163e-05,
    0.001,
    0.001,
    0.001,
    0.0001428099994760568,
    0.001,
    0.001,
    0.0006882586736547146,
    0.001,
    0.0008355372279474981,
    0.000854167943017016,
    0.0006943866542511262,
    0.001,
    2.6064676418646382e-05,
    0.001
  ],
  "cg_damping": [
    0.0018686267102860504,
    0.001242288916542641,
    0.0031115079606551547,
    0.0026220167230457956,
    0.002349106063057805,
    0.0034282883311975982,
    0.0010165626800417802,
    0.0026861512563715597,
    0.0018665678859867854,
    0.0024127861981493464,
    0.004644660558484117,
    0.0016215851380807877,
    0.0018096156656030253,
    0.007237722448777567,
    0.001451799339056655,
    0.04349723295679155,
    0.004118477133567373,
    0.00102440253475448,
    0.0005820580179184545,
    0.004056074180745151,
    0.0007144016573768246,
    0.00175929239620083,
    0.0011105723638005008,
    0.004301605045937629,
    0.00010574925000582878,
    0.02932549865863522,
    0.004434364561592343,
    0.0033199305238123607,
    0.14736819897646966,
    0.0015944465194852263
  ],
  "vf_stepsize": [
    2.5781279066665134e-05,
    2.946409379116881e-05,
    2.3280135384102255e-05,
    3.973318672950571e-05,
    2.33867211502532e-05,
    3.607695877691422e-05,
    2.54961789824621e-05,
    2.1498275945202892e-05,
    5.170842127141626e-05,
    1.577342990938906e-05,
    1.474044252680555e-05,
    2.891636414614332e-05,
    1.4964263320269651e-05,
    8.94038527297087e-06,
    9.08170550898643e-06,
    0.00013732006332314498,
    4.154268591667321e-05,
    8.557298682339469e-06,
    2.0013067998891816e-05,
    1.244196668483562e-05,
    5.716676302625002e-05,
    4.070567657060439e-05,
    4.201072683053466e-05,
    1.7134325035372815e-05,
    1.4914124867227982e-05,
    0.0001870240671725551,
    4.4470166694533786e-05,
    3.5273295266379725e-05,
    0.000274348234431434,
    3.604629717284346e-05
  ],
  "vf_iters": [
    3,
    1,
    4,
    4,
    1,
    3,
    4,
    5,
    3,
    4,
    2,
    1,
    2,
    2,
    4,
    24,
    6,
    2,
    1,
    3,
    4,
    4,
    2,
    3,
    2,
    3,
    4,
    2,
    24,
    3
  ],
  "vf_minibatches": [
    1,
    1,
    2,
    1,
    1,
    1,
    1,
    1,
    1,
    3,
    2,
    3,
    1,
    1,
    3,
    64,
    2,
    1,
    1,
    3,
    1,
    1,
    1,
    2,
    15,
    13,
    2,
    1,
    64,
    1
  ],
  "num_envs": 4,
  "results_dir_name": "results",
  "storage_dir_name": "storage",
  "train_set": "remaining",
  "eval_set": "remaining",
  "OPENAI_LOG_FORMAT": "csv",
  "walltime_hrs": 0.3,
  "num_checkpoints": 100,
  "eval_ntrajs": 10,
  "eval_nsteps": 200,
  "eval_seed": 12345,
  "looping_tree": {
    "method": "fixed",
    "environment": "fixed",
    "total_timesteps": "fixed",
    "rng_seed": "zip",
    "policy_kwargs": "fixed",
    "timesteps_per_batch": "zip",
    "gamma": "zip",
    "lam": "zip",
    "max_kl": "zip",
    "cg_iters": "zip",
    "entcoeff": "zip",
    "cg_damping": "zip",
    "vf_stepsize": "zip",
    "vf_iters": "zip",
    "vf_minibatches": "zip"
  }
}