{
  "description": "Hyper-parameter optimization for trpo on a low frequency environment",
  "method": "trpo",
  "environment": "drop_leg_100hz",
  "total_timesteps": 4000000,
  "rng_seed": [
    0,
    2000,
    1000,
    0,
    2000,
    2000,
    0,
    0,
    0,
    1000,
    1000,
    2000,
    2000,
    1000,
    2000,
    0,
    2000,
    0,
    1000,
    1000,
    1000,
    1000,
    2000,
    1000,
    2000,
    1000,
    2000,
    1000,
    0,
    2000
  ],
  "policy_kwargs": {
    "net_arch": [
      {
        "vf": [
          64,
          64
        ],
        "pi": [
          64,
          64
        ]
      }
    ]
  },
  "timesteps_per_batch": [
    64,
    64,
    64,
    64,
    64,
    64,
    64,
    64,
    64,
    64,
    64,
    64,
    64,
    64,
    64,
    64,
    64,
    64,
    168,
    64,
    64,
    64,
    64,
    64,
    64,
    64,
    64,
    64,
    64,
    64
  ],
  "gamma": [
    0.9919802918877747,
    0.9970019349726795,
    0.9933566928874329,
    0.9943310951850798,
    0.9890754095457435,
    0.9949326952637702,
    0.9796282768664418,
    0.9971887182955333,
    0.9987437349962589,
    0.998604638826441,
    0.99984375,
    0.9898642198238393,
    0.9990064884158532,
    0.9970672603334043,
    0.9989196505917135,
    0.989929179935792,
    0.9907926570035623,
    0.9960282197841475,
    0.9985961447999454,
    0.9995245202968388,
    0.9967541278623608,
    0.9970807243117752,
    0.9983946975158523,
    0.9816580522454047,
    0.9685834755087912,
    0.9937893607811412,
    0.9983233186291388,
    0.9895594387632511,
    0.9968713624531955,
    0.9983166538250247
  ],
  "lam": [
    0.9993155656193682,
    0.9996807409738881,
    0.9998181217474031,
    0.9985789999563383,
    0.99984375,
    0.9977913616149506,
    0.9985167881170275,
    0.9984052964394554,
    0.99984375,
    0.99984375,
    0.99984375,
    0.9995906537160986,
    0.9990523842568841,
    0.9992436156725605,
    0.9988185783130948,
    0.9986352894828575,
    0.9987179695911697,
    0.9978866996432401,
    0.939358517867999,
    0.99984375,
    0.9987875245821608,
    0.9997816488993684,
    0.9984863254278359,
    0.9996322505661976,
    0.9995792942571133,
    0.9954464252812817,
    0.9974709046876132,
    0.99984375,
    0.9972330931287189,
    0.99984375
  ],
  "max_kl": [
    0.64,
    0.64,
    0.64,
    0.64,
    0.64,
    0.64,
    0.64,
    0.64,
    0.64,
    0.64,
    0.64,
    0.64,
    0.64,
    0.64,
    0.64,
    0.64,
    0.64,
    0.64,
    0.48814698343122387,
    0.64,
    0.64,
    0.64,
    0.64,
    0.64,
    0.64,
    0.64,
    0.64,
    0.64,
    0.64,
    0.64
  ],
  "cg_iters": [
    20,
    7,
    20,
    15,
    20,
    20,
    20,
    7,
    4,
    11,
    6,
    10,
    6,
    20,
    6,
    20,
    6,
    14,
    13,
    6,
    6,
    7,
    20,
    5,
    20,
    20,
    15,
    20,
    20,
    19
  ],
  "entcoeff": [
    0.001,
    0.001,
    0.001,
    0.00039839264361693223,
    0.001,
    0.0002176344035992347,
    0.0005515180107964647,
    0.001,
    0.001,
    0.001,
    0.001,
    0.00030727105188123566,
    0.001,
    0.001,
    0.001,
    0.0009575603726753902,
    0.001,
    0.00016200924310614593,
    0.0005847578572968136,
    0.001,
    0.00030007135175148857,
    0.001,
    0.0009541437523543234,
    0.001,
    0.001,
    0.00046655340498242203,
    0.0003255317993800276,
    0.001,
    0.00024149712075975603,
    0.001
  ],
  "cg_damping": [
    0.00010000000000000009,
    0.00010000000000000009,
    0.00010000000000000009,
    0.00010000000000001945,
    0.00010000000000000009,
    0.000328715354504578,
    0.0001000000000000024,
    0.00010000000000000009,
    0.00012570463759956549,
    0.00010000000000000009,
    0.0007452305657193775,
    0.00011609935086642242,
    0.0001508325418916852,
    0.00010887122623850717,
    0.00010000000000000808,
    0.00010000000000000595,
    0.00010000000000001715,
    0.0008468584149827948,
    0.001780023550921703,
    0.00033002807589571127,
    0.0002716675091131801,
    0.00010000000000000026,
    0.00025967725029173605,
    0.0001000142151131445,
    0.00010000000000000453,
    0.00010001817817390422,
    0.0007901287041374586,
    0.00010000000000000009,
    0.0004976605789424643,
    0.00022505265140354834
  ],
  "vf_stepsize": [
    0.00014762310540374058,
    0.00020998910814103465,
    0.000366176818129581,
    7.005898245494265e-05,
    7.051269270030894e-05,
    5.226809638561214e-05,
    8.690614800896499e-05,
    0.00015882048539852292,
    0.00011527144820000042,
    0.0006204527338855583,
    7.769429128992446e-05,
    8.878895776249485e-05,
    0.000148973217540403,
    0.0004809503139920653,
    4.8796068704972116e-05,
    3.3912759083680526e-05,
    4.64299297891252e-05,
    2.2945063520399652e-05,
    3.0201815204361705e-06,
    7.237194181199909e-05,
    3.978747730507268e-05,
    4.7794260990208425e-05,
    0.0001188145144484152,
    6.14864455781111e-05,
    3.896986144830319e-05,
    0.00012444904305855482,
    7.19752657340264e-05,
    0.00018788845646003233,
    2.2190739953716616e-05,
    0.000153461606759369
  ],
  "vf_iters": [
    1,
    1,
    1,
    1,
    1,
    1,
    1,
    1,
    1,
    1,
    1,
    1,
    1,
    1,
    1,
    2,
    1,
    1,
    6,
    1,
    1,
    1,
    1,
    1,
    1,
    1,
    1,
    1,
    3,
    1
  ],
  "vf_minibatches": [
    1,
    1,
    1,
    1,
    1,
    1,
    1,
    1,
    1,
    1,
    1,
    1,
    1,
    1,
    1,
    1,
    1,
    1,
    7,
    1,
    1,
    1,
    1,
    1,
    1,
    1,
    1,
    4,
    1,
    1
  ],
  "num_envs": 4,
  "results_dir_name": "results",
  "storage_dir_name": "storage",
  "train_set": "remaining",
  "eval_set": "remaining",
  "OPENAI_LOG_FORMAT": "csv",
  "walltime_hrs": 0.3,
  "num_checkpoints": 100,
  "eval_ntrajs": 10,
  "eval_nsteps": 200,
  "eval_seed": 12345,
  "looping_tree": {
    "method": "fixed",
    "environment": "fixed",
    "total_timesteps": "fixed",
    "rng_seed": "zip",
    "policy_kwargs": "fixed",
    "timesteps_per_batch": "zip",
    "gamma": "zip",
    "lam": "zip",
    "max_kl": "zip",
    "cg_iters": "zip",
    "entcoeff": "zip",
    "cg_damping": "zip",
    "vf_stepsize": "zip",
    "vf_iters": "zip",
    "vf_minibatches": "zip"
  }
}