{
  "description": "Hyper-parameter optimization for trpo on a low frequency environment",
  "method": "trpo",
  "environment": "drop_leg_100hz",
  "total_timesteps": 4000000,
  "rng_seed": [
    2000,
    1000,
    1000,
    1000,
    2000,
    2000,
    0,
    0,
    1000,
    2000,
    0,
    2000,
    2000,
    1000,
    1000,
    1000,
    1000,
    1000,
    2000,
    0,
    1000,
    0,
    0,
    2000,
    1000,
    0,
    0,
    0,
    0,
    2000
  ],
  "policy_kwargs": {
    "net_arch": [
      {
        "vf": [
          64,
          64
        ],
        "pi": [
          64,
          64
        ]
      }
    ]
  },
  "timesteps_per_batch": [
    64,
    779,
    83,
    120,
    64,
    85,
    139,
    80,
    65,
    114,
    64,
    241,
    72,
    64,
    64,
    358,
    187,
    82,
    90,
    149,
    216,
    152,
    70,
    66,
    86,
    104,
    249,
    67,
    160,
    161
  ],
  "gamma": [
    0.9993891807987922,
    0.9900423271115559,
    0.9987005182604047,
    0.9991624811567493,
    0.9997189887986652,
    0.9991250259048594,
    0.9979866632006695,
    0.9989354148748434,
    0.9995181846197265,
    0.9971815916113836,
    0.9995867391427415,
    0.9995381496566434,
    0.9840395981837415,
    0.9995965512664564,
    0.9996503820438065,
    0.9968163025081268,
    0.999172374855627,
    0.9997806814397076,
    0.9986769796202879,
    0.9960307034720773,
    0.9976833459014303,
    0.9981921761749276,
    0.9997908915747133,
    0.9994447091723248,
    0.9971051878658893,
    0.9996130135606489,
    0.9991757749828507,
    0.9978231495941127,
    0.999381561770457,
    0.9961810093263264
  ],
  "lam": [
    0.9998024158859773,
    0.9997253566406811,
    0.9997498846708512,
    0.9997360852243746,
    0.99984375,
    0.9997261451696131,
    0.9995309477283644,
    0.9997664877205882,
    0.99984375,
    0.9994754293726017,
    0.9995871307868097,
    0.99984375,
    0.9994752463707117,
    0.99984375,
    0.9997300252935527,
    0.9997951633006774,
    0.99984375,
    0.99984375,
    0.9997638592985261,
    0.999361682364328,
    0.9997484196801144,
    0.99984375,
    0.9998355204483345,
    0.9998425872549451,
    0.9995070165651696,
    0.99984375,
    0.9998159583269288,
    0.99984375,
    0.9996257332452443,
    0.9986542671363919
  ],
  "max_kl": [
    0.64,
    0.6190276639554622,
    0.64,
    0.64,
    0.64,
    0.64,
    0.64,
    0.64,
    0.64,
    0.64,
    0.64,
    0.64,
    0.5069501599521888,
    0.64,
    0.64,
    0.37622871108862455,
    0.64,
    0.64,
    0.64,
    0.64,
    0.64,
    0.64,
    0.64,
    0.64,
    0.64,
    0.64,
    0.64,
    0.64,
    0.64,
    0.64
  ],
  "cg_iters": [
    6,
    1,
    10,
    17,
    14,
    10,
    12,
    8,
    17,
    10,
    12,
    17,
    17,
    12,
    4,
    7,
    16,
    20,
    5,
    17,
    20,
    8,
    14,
    20,
    6,
    5,
    9,
    20,
    20,
    19
  ],
  "entcoeff": [
    0.0008292311646882234,
    0.00045203831932093106,
    0.0008277157716550984,
    0.000554915865827376,
    0.001,
    0.0004024870546632692,
    0.0004079789818765062,
    0.0006785994232685695,
    0.0007147621604494415,
    0.0006209291805958028,
    0.0004686768445571519,
    0.001,
    3.0863017603877116e-05,
    0.0005065482258717426,
    0.001,
    0.00011366580682328366,
    0.001,
    0.001,
    0.001,
    0.0008487446707638312,
    0.001,
    0.001,
    0.001,
    0.001,
    0.0008844813089768049,
    0.001,
    0.001,
    0.0006873455461835019,
    0.0006047861223790098,
    0.001
  ],
  "cg_damping": [
    0.0005304750787804802,
    0.0009681512129250146,
    0.0004546092980661056,
    0.000248471039027553,
    0.0006450911374965805,
    0.0007605446596239498,
    0.0013478471509499738,
    0.0016309818361017548,
    0.00021368680008013418,
    0.0011020308778477868,
    0.0017013990067007926,
    0.0004509646000855842,
    0.00019795383517651845,
    0.00102277591403362,
    0.00017712482168057785,
    0.0002986359378326631,
    0.0010667157998041435,
    0.00014352360389229964,
    0.00012666393630828636,
    0.0017847486324698552,
    0.001980826579692147,
    0.0005157866151039839,
    0.0006351377311123891,
    0.00012127355610528104,
    0.00025187760541239715,
    0.0002768530371992931,
    0.00011229829740518513,
    0.00020784448715400046,
    0.0009832635070127769,
    0.0006601988878363438
  ],
  "vf_stepsize": [
    6.052888140464293e-06,
    8.173797190220547e-06,
    4.427301988510026e-06,
    9.754620915935492e-06,
    1.3864992812798005e-05,
    5.365982437553001e-06,
    7.656398193782942e-06,
    5.88987020737951e-06,
    7.291049164120737e-06,
    4.704497716477225e-06,
    2.58075651687819e-05,
    5.784702095263095e-06,
    4.769863419023433e-06,
    1.8640379432066588e-05,
    7.894112622212496e-06,
    5.280802952986698e-06,
    6.500385610543334e-06,
    1.581380714714182e-05,
    4.37700873569077e-06,
    4.323898408312026e-06,
    8.080886490641498e-06,
    6.337572952357316e-06,
    3.6720918971559495e-06,
    3.4747383199910617e-06,
    2.9999999999999997e-06,
    3.89794589588966e-06,
    3.040380718841006e-06,
    4.551628879037206e-06,
    6.9878275483138696e-06,
    4.483205786430855e-06
  ],
  "vf_iters": [
    24,
    2,
    24,
    23,
    24,
    8,
    5,
    10,
    24,
    11,
    2,
    24,
    13,
    8,
    24,
    9,
    24,
    22,
    24,
    4,
    13,
    12,
    24,
    24,
    12,
    9,
    19,
    15,
    5,
    8
  ],
  "vf_minibatches": [
    1,
    1,
    3,
    1,
    1,
    1,
    1,
    2,
    3,
    3,
    1,
    1,
    7,
    1,
    1,
    2,
    3,
    1,
    2,
    3,
    4,
    6,
    2,
    1,
    4,
    1,
    4,
    3,
    1,
    3
  ],
  "num_envs": 4,
  "results_dir_name": "results",
  "storage_dir_name": "storage",
  "train_set": "remaining",
  "eval_set": "remaining",
  "OPENAI_LOG_FORMAT": "csv",
  "walltime_hrs": 0.3,
  "num_checkpoints": 100,
  "eval_ntrajs": 10,
  "eval_nsteps": 200,
  "eval_seed": 12345,
  "looping_tree": {
    "method": "fixed",
    "environment": "fixed",
    "total_timesteps": "fixed",
    "rng_seed": "zip",
    "policy_kwargs": "fixed",
    "timesteps_per_batch": "zip",
    "gamma": "zip",
    "lam": "zip",
    "max_kl": "zip",
    "cg_iters": "zip",
    "entcoeff": "zip",
    "cg_damping": "zip",
    "vf_stepsize": "zip",
    "vf_iters": "zip",
    "vf_minibatches": "zip"
  }
}