{
  "description": "Hyper-parameter optimization for trpo on a low frequency environment",
  "method": "trpo",
  "environment": "drop_leg_100hz",
  "total_timesteps": 4000000,
  "rng_seed": [
    2000,
    1000,
    0,
    0,
    2000,
    0,
    1000,
    2000,
    1000,
    1000,
    2000,
    2000,
    0,
    1000,
    1000,
    1000,
    2000,
    1000,
    0,
    2000,
    2000,
    1000,
    0,
    2000,
    2000,
    0,
    0,
    0,
    1000,
    1000
  ],
  "policy_kwargs": {
    "net_arch": [
      {
        "vf": [
          64,
          64
        ],
        "pi": [
          64,
          64
        ]
      }
    ]
  },
  "timesteps_per_batch": [
    671,
    14016,
    1317,
    5745,
    4220,
    970,
    582,
    16384,
    893,
    4453,
    2514,
    16384,
    1679,
    13927,
    15724,
    686,
    2123,
    2407,
    14678,
    16384,
    552,
    16384,
    16384,
    4387,
    11625,
    898,
    3985,
    9917,
    960,
    6257
  ],
  "gamma": [
    0.997316283641271,
    0.9944501229323943,
    0.9962472557093394,
    0.9934797608707945,
    0.9963943104978762,
    0.9979401573876662,
    0.9991508446269612,
    0.9962079900558285,
    0.9989415282922248,
    0.9969982084011969,
    0.9975782064404293,
    0.9954854378921296,
    0.9978820468710878,
    0.9964864023825678,
    0.9939325408529912,
    0.9995428322201696,
    0.9994675943946227,
    0.9970725767876434,
    0.9986462474196531,
    0.996136680496032,
    0.998915532102166,
    0.9950634899150143,
    0.9969609127284937,
    0.9951747007798353,
    0.997360263766047,
    0.9989302215652651,
    0.9984259727256612,
    0.9976308667465277,
    0.9993221991273213,
    0.9959907344755031
  ],
  "lam": [
    0.9945218792470096,
    0.9948300049622243,
    0.9975190628822647,
    0.99772653482019,
    0.9985915321876953,
    0.994563429724287,
    0.9965176488554964,
    0.996207675674604,
    0.9941678094738112,
    0.9992835613764545,
    0.9948811478912787,
    0.9963648648016602,
    0.9986628528055098,
    0.9902889384783052,
    0.9965164076923774,
    0.9975383984449011,
    0.9932634280013624,
    0.9986203436319535,
    0.992972703238406,
    0.995037049571917,
    0.9969560150352408,
    0.9980353700954842,
    0.9940648844608739,
    0.998838864245264,
    0.9985738188926437,
    0.9982383596952256,
    0.999155694588096,
    0.999023943178447,
    0.9956643624209942,
    0.9965329234246362
  ],
  "max_kl": [
    0.00840076225948466,
    0.012296549316659857,
    0.012610869948330317,
    0.01443849399992708,
    0.020750976463359112,
    0.004289119838067402,
    0.005323455053223058,
    0.012886930214587195,
    0.0020333581724325603,
    0.020564016688554555,
    0.003622504580928301,
    0.02012311134965853,
    0.03069595474112857,
    0.005418728639019431,
    0.032478322319272564,
    0.0043803934245917045,
    0.0015604383140521026,
    0.008261679882973392,
    0.0029325221292728796,
    0.011788629222486231,
    0.007106598588678816,
    0.018439041481025483,
    0.010473804120079044,
    0.030276688610606253,
    0.035523825542250684,
    0.015215255675698073,
    0.011128604674964732,
    0.04528177623759933,
    0.0015615853672514505,
    0.005640150325457425
  ],
  "cg_iters": [
    20,
    20,
    20,
    20,
    20,
    20,
    20,
    20,
    20,
    12,
    20,
    20,
    20,
    20,
    18,
    14,
    20,
    20,
    20,
    7,
    20,
    6,
    2,
    6,
    20,
    20,
    18,
    6,
    17,
    20
  ],
  "entcoeff": [
    -3.3881317890172014e-21,
    -3.3881317890172014e-21,
    7.082197495474763e-06,
    5.0730539021590445e-06,
    2.64686459680465e-05,
    9.753320524404076e-07,
    4.404101574061859e-06,
    1.1358317540530319e-05,
    5.096986222554065e-07,
    2.6818197269582186e-05,
    -3.3881317890172014e-21,
    2.803679055411734e-18,
    3.2205444173134634e-05,
    -3.3881317890172014e-21,
    2.7290692905846688e-06,
    6.736906569364168e-06,
    1.206442651683857e-06,
    1.0010539014532651e-06,
    1.0698703750179617e-16,
    -3.3881317890172014e-21,
    5.506017628198107e-07,
    2.0417074317485533e-06,
    5.559114205208257e-10,
    1.170272119235192e-05,
    3.8101155074872966e-05,
    1.622131905840155e-05,
    2.146079449996064e-05,
    3.0074848489560124e-05,
    5.681897010181847e-18,
    2.73061256478782e-07
  ],
  "cg_damping": [
    0.008875166831220338,
    0.00715083271050459,
    0.010494262738115908,
    0.0065614977752419725,
    0.01027991739183277,
    0.008010024536829047,
    0.009494654802915848,
    0.008825189750134221,
    0.009557509985779802,
    0.006094830376775515,
    0.009380400502329923,
    0.01082319233671151,
    0.013625968397632584,
    0.006911275724850204,
    0.004784761931882929,
    0.005651426310605411,
    0.00960709532659265,
    0.010077109161745297,
    0.007199854560268314,
    0.007556209994958609,
    0.013636412219357961,
    0.007916771899160721,
    0.007534437313266017,
    0.004812063025759233,
    0.009355918776996354,
    0.015426312584243047,
    0.013773240022950634,
    0.007503133024453519,
    0.008596105306677504,
    0.007245565710555147
  ],
  "vf_stepsize": [
    6.115324877807495e-05,
    7.306237894653923e-05,
    5.1522742808891076e-05,
    4.1593466099105655e-05,
    3.61121188795622e-05,
    4.018979614754546e-05,
    6.169389151951775e-05,
    4.294277638540239e-05,
    8.527087213342468e-05,
    2.4304811303527235e-05,
    7.373836232296439e-05,
    0.0001354022839766351,
    4.9033307684406114e-05,
    0.00012825093205969792,
    6.31972036506148e-05,
    5.058223694848479e-05,
    0.00017899482932460744,
    4.782814937845643e-05,
    0.00021267769361973287,
    5.302383393707993e-05,
    8.712135812412284e-05,
    5.248848794520372e-05,
    0.00011132760220825023,
    2.984739341433193e-05,
    4.16026091684904e-05,
    6.333410530186468e-05,
    1.950838109742858e-05,
    2.4282838134216007e-05,
    6.73112174708046e-05,
    4.29470118781748e-05
  ],
  "vf_iters": [
    2,
    3,
    2,
    2,
    1,
    2,
    2,
    4,
    3,
    2,
    5,
    3,
    2,
    4,
    3,
    4,
    4,
    1,
    5,
    6,
    4,
    3,
    7,
    3,
    2,
    2,
    2,
    4,
    4,
    4
  ],
  "vf_minibatches": [
    2,
    4,
    1,
    2,
    2,
    3,
    3,
    7,
    2,
    4,
    1,
    2,
    1,
    3,
    5,
    4,
    2,
    1,
    4,
    9,
    1,
    6,
    13,
    3,
    4,
    1,
    2,
    5,
    6,
    2
  ],
  "num_envs": 4,
  "results_dir_name": "results",
  "storage_dir_name": "storage",
  "train_set": "remaining",
  "eval_set": "remaining",
  "OPENAI_LOG_FORMAT": "csv",
  "walltime_hrs": 0.3,
  "num_checkpoints": 100,
  "eval_ntrajs": 10,
  "eval_nsteps": 200,
  "eval_seed": 12345,
  "looping_tree": {
    "method": "fixed",
    "environment": "fixed",
    "total_timesteps": "fixed",
    "rng_seed": "zip",
    "policy_kwargs": "fixed",
    "timesteps_per_batch": "zip",
    "gamma": "zip",
    "lam": "zip",
    "max_kl": "zip",
    "cg_iters": "zip",
    "entcoeff": "zip",
    "cg_damping": "zip",
    "vf_stepsize": "zip",
    "vf_iters": "zip",
    "vf_minibatches": "zip"
  }
}