{
  "description": "Hyper-parameter optimization for trpo on a low frequency environment",
  "method": "trpo",
  "environment": "drop_leg_100hz",
  "total_timesteps": 4000000,
  "rng_seed": [
    2000,
    1000,
    0,
    2000,
    2000,
    1000,
    0,
    0,
    0,
    0,
    2000,
    2000,
    0,
    0,
    0,
    1000,
    0,
    1000,
    2000,
    0,
    2000,
    1000,
    2000,
    2000,
    2000,
    1000,
    1000,
    1000,
    1000,
    1000
  ],
  "policy_kwargs": {
    "net_arch": [
      {
        "vf": [
          64,
          64
        ],
        "pi": [
          64,
          64
        ]
      }
    ]
  },
  "timesteps_per_batch": [
    64,
    64,
    64,
    64,
    64,
    64,
    64,
    64,
    64,
    64,
    64,
    64,
    64,
    64,
    64,
    64,
    64,
    64,
    64,
    64,
    64,
    64,
    64,
    64,
    64,
    64,
    64,
    282,
    64,
    64
  ],
  "gamma": [
    0.36,
    0.36,
    0.36,
    0.36,
    0.7942735052829315,
    0.8223538437130867,
    0.3600000000000395,
    0.99984375,
    0.36000000000001486,
    0.36,
    0.9992224688460906,
    0.99984375,
    0.99984375,
    0.99984375,
    0.517986909088153,
    0.36,
    0.9542988553861559,
    0.8738482026078515,
    0.99984375,
    0.36,
    0.9996461717869329,
    0.9996043725218933,
    0.99984375,
    0.3600000000000001,
    0.9996228150375497,
    0.36948406496023145,
    0.8549761930870912,
    0.36,
    0.8309377974272228,
    0.5346934199197793
  ],
  "lam": [
    0.9979500773305463,
    0.99984375,
    0.9990862542490077,
    0.9995985886589709,
    0.9969452443758848,
    0.9950841198273161,
    0.9997754759183769,
    0.99984375,
    0.998570122131325,
    0.99984375,
    0.99984375,
    0.9995829091974282,
    0.9994161254980473,
    0.99984375,
    0.9928155596242241,
    0.99984375,
    0.9967197529432233,
    0.9878153446825177,
    0.9989154296552263,
    0.997174237000522,
    0.99984375,
    0.9997511680000364,
    0.9987184962484954,
    0.99984375,
    0.9964265200411895,
    0.99984375,
    0.9989595163957095,
    0.99984375,
    0.9998058690527097,
    0.99984375
  ],
  "max_kl": [
    0.64,
    0.64,
    0.64,
    0.64,
    0.64,
    0.64,
    0.64,
    0.64,
    0.64,
    0.64,
    0.64,
    0.64,
    0.64,
    0.64,
    0.64,
    0.64,
    0.64,
    0.64,
    0.64,
    0.64,
    0.64,
    0.64,
    0.64,
    0.64,
    0.64,
    0.64,
    0.64,
    0.64,
    0.64,
    0.64
  ],
  "cg_iters": [
    20,
    20,
    20,
    20,
    20,
    20,
    20,
    20,
    20,
    20,
    8,
    20,
    20,
    20,
    20,
    20,
    20,
    20,
    20,
    20,
    20,
    20,
    20,
    20,
    20,
    20,
    20,
    20,
    20,
    20
  ],
  "entcoeff": [
    0.001,
    0.001,
    0.001,
    0.001,
    0.001,
    0.001,
    0.001,
    0.001,
    0.001,
    0.001,
    0.001,
    0.001,
    0.001,
    0.001,
    0.001,
    0.001,
    0.001,
    0.001,
    0.001,
    0.001,
    0.001,
    0.0007575655491422975,
    0.001,
    0.001,
    0.0004631964159461929,
    0.001,
    0.001,
    0.001,
    0.001,
    0.001
  ],
  "cg_damping": [
    0.00010000000000000009,
    0.00010000000000000009,
    0.00010000000000000009,
    0.00010000000000000009,
    0.00010000000000000009,
    0.00010000000000000009,
    0.00010000000000000009,
    0.00010000000000000009,
    0.00012791093682479522,
    0.00010000000000000009,
    0.00010000000000000009,
    0.0008767609808838788,
    0.00010000000000000009,
    0.0007259635641716014,
    0.00010000000000000009,
    0.00010000000000000009,
    0.00010000000000000009,
    0.00010000000000000009,
    0.00010000000000000009,
    0.000329438064067182,
    0.00010000000000000009,
    0.0018832380128746666,
    0.0005951202834004663,
    0.0002983584668122077,
    0.00010000000000000009,
    0.00010000000000000009,
    0.00010000000000000009,
    0.00010000000000000009,
    0.00010000000000000009,
    0.0004953975899659447
  ],
  "vf_stepsize": [
    9.71467536800551e-06,
    1.354715842583364e-05,
    1.9719793518387302e-05,
    1.2242633598903921e-05,
    7.4503526181601025e-06,
    4.812528768365857e-06,
    7.929545948933868e-06,
    0.029999999999999995,
    3.8903491724549184e-06,
    4.694375681743315e-05,
    6.106727155084209e-05,
    0.0003782329770196164,
    0.0006852232645880075,
    0.015300436027129797,
    3.0000000000000102e-06,
    3.434767274449383e-05,
    3.7818309489035525e-06,
    3.0000000000000424e-06,
    0.029999999999999995,
    2.9999999999999997e-06,
    0.0005360859926899924,
    2.2047159960949913e-05,
    0.00021707378884412747,
    3.4536406752353605e-06,
    0.00019651146759613956,
    6.470602940501084e-05,
    3.494078353812618e-05,
    1.9989973201118598e-05,
    1.8865720562368338e-05,
    2.4278235758389594e-05
  ],
  "vf_iters": [
    2,
    1,
    11,
    1,
    12,
    1,
    8,
    1,
    1,
    22,
    1,
    1,
    1,
    1,
    7,
    6,
    24,
    24,
    1,
    24,
    1,
    3,
    1,
    1,
    1,
    1,
    24,
    1,
    2,
    2
  ],
  "vf_minibatches": [
    1,
    9,
    1,
    1,
    1,
    1,
    1,
    1,
    3,
    1,
    2,
    1,
    1,
    1,
    1,
    6,
    1,
    1,
    1,
    1,
    1,
    1,
    1,
    7,
    1,
    21,
    1,
    1,
    4,
    12
  ],
  "num_envs": 4,
  "results_dir_name": "results",
  "storage_dir_name": "storage",
  "train_set": "remaining",
  "eval_set": "remaining",
  "OPENAI_LOG_FORMAT": "csv",
  "walltime_hrs": 0.3,
  "num_checkpoints": 100,
  "eval_ntrajs": 10,
  "eval_nsteps": 200,
  "eval_seed": 12345,
  "looping_tree": {
    "method": "fixed",
    "environment": "fixed",
    "total_timesteps": "fixed",
    "rng_seed": "zip",
    "policy_kwargs": "fixed",
    "timesteps_per_batch": "zip",
    "gamma": "zip",
    "lam": "zip",
    "max_kl": "zip",
    "cg_iters": "zip",
    "entcoeff": "zip",
    "cg_damping": "zip",
    "vf_stepsize": "zip",
    "vf_iters": "zip",
    "vf_minibatches": "zip"
  }
}