{
  "description": "Hyper-parameter optimization for trpo on a low frequency environment",
  "method": "trpo",
  "environment": "drop_leg_100hz",
  "total_timesteps": 4000000,
  "rng_seed": [
    1000,
    1000,
    0,
    2000,
    0,
    2000,
    0,
    1000,
    1000,
    0,
    0,
    0,
    0,
    1000,
    2000,
    2000,
    0,
    0,
    2000,
    0,
    2000,
    1000,
    0,
    1000,
    0,
    2000,
    0,
    2000,
    2000,
    1000
  ],
  "policy_kwargs": {
    "net_arch": [
      {
        "vf": [
          64,
          64
        ],
        "pi": [
          64,
          64
        ]
      }
    ]
  },
  "timesteps_per_batch": [
    64,
    64,
    64,
    64,
    64,
    64,
    64,
    64,
    64,
    64,
    64,
    64,
    64,
    64,
    64,
    64,
    64,
    64,
    64,
    64,
    64,
    64,
    64,
    64,
    64,
    64,
    64,
    64,
    64,
    64
  ],
  "gamma": [
    0.99984375,
    0.36,
    0.5221276072316933,
    0.7011449821562458,
    0.99984375,
    0.99984375,
    0.8233125565838321,
    0.9516302666719682,
    0.99984375,
    0.9748869782353207,
    0.495631476769374,
    0.9435992094853132,
    0.9994042781629716,
    0.99984375,
    0.9748253788525273,
    0.9992295161708222,
    0.4438154744854437,
    0.9087776944366547,
    0.9903911117888442,
    0.99984375,
    0.99984375,
    0.8971218374803679,
    0.99984375,
    0.7170292107137234,
    0.9984216852348669,
    0.9671809882131839,
    0.99984375,
    0.9959028163270764,
    0.8982720405144234,
    0.99984375
  ],
  "lam": [
    0.9943997039451389,
    0.99655843941475,
    0.9944191742740527,
    0.998060660790341,
    0.9988509954206808,
    0.99984375,
    0.9931744301965008,
    0.9917951868983882,
    0.99984375,
    0.9954195681946525,
    0.9990002583944942,
    0.9909429864243233,
    0.9984311851929124,
    0.99984375,
    0.9740278029656894,
    0.99984375,
    0.9974404746525443,
    0.9976289571105093,
    0.9964882725850972,
    0.99984375,
    0.99984375,
    0.9978670120583308,
    0.99984375,
    0.984339836654739,
    0.9994983272475434,
    0.9959094703673711,
    0.9990297122557282,
    0.99984375,
    0.9969702201410899,
    0.9997844902534304
  ],
  "max_kl": [
    0.64,
    0.64,
    0.64,
    0.64,
    0.64,
    0.64,
    0.64,
    0.64,
    0.64,
    0.64,
    0.64,
    0.64,
    0.64,
    0.64,
    0.64,
    0.64,
    0.64,
    0.64,
    0.64,
    0.64,
    0.64,
    0.64,
    0.64,
    0.64,
    0.64,
    0.64,
    0.64,
    0.64,
    0.64,
    0.64
  ],
  "cg_iters": [
    20,
    20,
    20,
    20,
    20,
    20,
    20,
    20,
    20,
    20,
    20,
    20,
    20,
    20,
    20,
    9,
    20,
    20,
    20,
    20,
    20,
    20,
    20,
    20,
    20,
    20,
    20,
    20,
    20,
    20
  ],
  "entcoeff": [
    0.001,
    0.001,
    0.001,
    0.001,
    0.001,
    0.001,
    0.0008751531433878998,
    0.001,
    0.001,
    0.0005697529493681756,
    0.001,
    0.001,
    0.001,
    0.0002124770544096131,
    0.001,
    0.001,
    0.001,
    0.001,
    0.0005257502793762606,
    0.001,
    0.001,
    0.001,
    0.001,
    0.0006929672556542982,
    0.001,
    0.001,
    0.001,
    0.001,
    0.001,
    0.001
  ],
  "cg_damping": [
    0.00010000000000000009,
    0.00010000000000000009,
    0.00010000000000000223,
    0.00010000000000000009,
    0.0008334510677771337,
    0.0013018604094334962,
    0.00010000000000002585,
    0.00010000000000000009,
    0.004436851934900528,
    0.00010000000000000009,
    0.00010000000000000293,
    0.00010000000000000151,
    0.00010000000000000009,
    0.0009269528253918787,
    0.00010000000000000009,
    0.00010000000000000009,
    0.00010000000000000009,
    0.00010000000000000009,
    0.00010000000000000009,
    0.0005089479667627383,
    0.0002956929820435182,
    0.00010000000000000116,
    0.017058631489895972,
    0.00010000000000000098,
    0.00010000000000000009,
    0.00010000000000000009,
    0.00020388383875815866,
    0.00010000000000000009,
    0.0001890594172502714,
    0.0005148585657384999
  ],
  "vf_stepsize": [
    0.006767863669880935,
    0.00011745932407148548,
    3.3944825169214444e-05,
    0.0003474309117458618,
    0.009141497295826697,
    0.004398105279935409,
    6.738034337646512e-05,
    3.2488991127727204e-05,
    0.01278186812512813,
    1.3780822422992564e-05,
    0.0007556641582422974,
    1.1269460099696378e-05,
    0.005296106917448468,
    0.0042520091319736926,
    1.7541636409667336e-05,
    5.968571610262957e-05,
    0.00013713520363475547,
    0.00013049713284899345,
    7.600112766059942e-06,
    0.013256515756022144,
    0.0033526563054979536,
    3.4386675466853666e-05,
    0.029999999999999995,
    2.1359343951037502e-05,
    0.010910480237976222,
    0.00023622055856651158,
    0.005789923686621623,
    0.028011980366611608,
    1.211688437633881e-05,
    0.005909610351436643
  ],
  "vf_iters": [
    1,
    1,
    1,
    1,
    1,
    1,
    1,
    1,
    1,
    2,
    1,
    1,
    1,
    1,
    1,
    1,
    1,
    1,
    6,
    1,
    1,
    1,
    1,
    1,
    1,
    1,
    1,
    1,
    1,
    1
  ],
  "vf_minibatches": [
    1,
    1,
    1,
    1,
    1,
    1,
    1,
    1,
    1,
    1,
    2,
    2,
    1,
    1,
    1,
    2,
    4,
    1,
    1,
    1,
    1,
    1,
    1,
    1,
    1,
    1,
    1,
    1,
    1,
    4
  ],
  "num_envs": 4,
  "results_dir_name": "results",
  "storage_dir_name": "storage",
  "train_set": "remaining",
  "eval_set": "remaining",
  "OPENAI_LOG_FORMAT": "csv",
  "walltime_hrs": 0.3,
  "num_checkpoints": 100,
  "eval_ntrajs": 10,
  "eval_nsteps": 200,
  "eval_seed": 12345,
  "looping_tree": {
    "method": "fixed",
    "environment": "fixed",
    "total_timesteps": "fixed",
    "rng_seed": "zip",
    "policy_kwargs": "fixed",
    "timesteps_per_batch": "zip",
    "gamma": "zip",
    "lam": "zip",
    "max_kl": "zip",
    "cg_iters": "zip",
    "entcoeff": "zip",
    "cg_damping": "zip",
    "vf_stepsize": "zip",
    "vf_iters": "zip",
    "vf_minibatches": "zip"
  }
}